"run_id","n","replicate","seed","weighted_diameter","hop_diameter","mst_length","weighted_stringy","hop_stringy","difference"
1,800,1,1050,2.11630424351341,132,13.5433540358608,0.15626145767952,0.165206508135169,-0.00894505045564931
2,800,2,1051,2.10397017264374,130,14.2735858694603,0.147403055678208,0.16270337922403,-0.0153003235458218
3,800,3,1052,2.14020208327019,136,13.422048039816,0.159454211229268,0.170212765957447,-0.0107585547281789
4,800,4,1053,1.65647177305198,118,12.5599052537984,0.131885690184728,0.147684605757196,-0.015798915572469
5,800,5,1054,1.88654802574942,125,13.8293009852499,0.136416730517442,0.156445556946183,-0.0200288264287412
6,800,6,1055,1.92938206372129,118,12.7539691083911,0.151276990505795,0.147684605757196,0.00359238474859874
7,800,7,1056,1.90639151943385,115,13.3197797382221,0.143124853180816,0.143929912390488,-0.000805059209671805
8,800,8,1057,1.9521796903806,135,12.7233661871539,0.15343264209055,0.168961201501877,-0.0155285594113269
9,800,9,1058,2.19488600045674,146,13.7824930953432,0.159251739527324,0.182728410513141,-0.0234766709858172
10,800,10,1059,1.82003559192231,130,12.3253220695648,0.147666371852186,0.16270337922403,-0.0150370073718441
11,800,11,1060,1.86098184940872,129,13.3107857007578,0.139810067658347,0.161451814768461,-0.0216417471101131
12,800,12,1061,2.29142252514297,147,14.2185478596924,0.16115728186553,0.183979974968711,-0.022822693103181
13,800,13,1062,2.15883216729918,143,12.5732890743323,0.171699875389513,0.178973717146433,-0.00727384175692025
14,800,14,1063,1.86587796236642,119,13.4773678224538,0.138445280038866,0.148936170212766,-0.0104908901738995
15,800,15,1064,1.70305513260087,112,13.5111395583306,0.126048223042061,0.14017521902378,-0.0141269959817191
16,800,16,1065,1.9247565694288,117,12.9838117472904,0.148242797022259,0.146433041301627,0.00180975572063197
17,800,17,1066,2.41218193503648,133,13.4579190290034,0.179238850362968,0.166458072590738,0.01278077777223
18,800,18,1067,2.30445693034018,141,13.3102908553128,0.173133476600202,0.176470588235294,-0.00333711163509212
19,800,19,1068,1.87235099256293,131,13.7693497830483,0.135979623007908,0.1639549436796,-0.0279753206716915
20,800,20,1069,2.19798683665614,138,14.1422332648416,0.155420066653862,0.172715894868586,-0.0172958282147241
21,800,21,1070,2.08328554815411,133,13.2985754091065,0.156654790762591,0.166458072590738,-0.0098032818281473
22,800,22,1071,1.83402686145459,119,12.5784264997613,0.145807336194984,0.148936170212766,-0.00312883401778208
23,800,23,1072,1.85380333087728,115,13.6770709281799,0.135540960532547,0.143929912390488,-0.00838895185794086
24,800,24,1073,2.08456387260947,120,13.6980607282454,0.152179488320643,0.150187734668335,0.00199175365230742
25,800,25,1074,1.92951959035488,124,13.0621437590015,0.147718446983497,0.155193992490613,-0.00747554550711618
26,800,26,1075,1.87566359579573,131,12.6913578964142,0.147790615559402,0.1639549436796,-0.0161643281201977
27,800,27,1076,2.10264989287065,124,13.8646967886042,0.151654949612665,0.155193992490613,-0.00353904287794835
28,800,28,1077,2.00168568488145,138,13.5208263633553,0.148044626200252,0.172715894868586,-0.0246712686683337
29,800,29,1078,1.97527297899267,127,12.5009168004323,0.15801024921023,0.158948685857322,-0.000938436647091201
30,800,30,1079,1.81448979234459,127,12.4653862455652,0.14556225989308,0.158948685857322,-0.0133864259642414
31,800,31,1080,1.81431701902505,118,13.561026241651,0.133789064831436,0.147684605757196,-0.01389554092576
32,800,32,1081,2.01532045493868,118,13.2868541123567,0.15167777397845,0.147684605757196,0.00399316822125353
33,800,33,1082,2.23493081004541,137,13.9301397096766,0.160438506477642,0.171464330413016,-0.0110258239353746
34,800,34,1083,2.23536207746366,141,12.9586537395743,0.172499560709544,0.176470588235294,-0.00397102752574993
35,800,35,1084,1.87976860440889,114,13.5198021261305,0.139038174292193,0.142678347934919,-0.00364017364272587
36,800,36,1085,1.97347983487232,117,12.8510333965137,0.153565847506683,0.146433041301627,0.00713280620505616
37,800,37,1086,2.0502384064281,130,12.6826067755316,0.161657492242336,0.16270337922403,-0.00104588698169356
38,800,38,1087,2.0875932808973,114,13.3934941269892,0.155866218412013,0.142678347934919,0.013187870477094
39,800,39,1088,1.80137415624224,125,11.7888051352743,0.152803794411037,0.156445556946183,-0.00364176253514575
40,800,40,1089,1.88891307466662,118,13.3676963335717,0.141304307603307,0.147684605757196,-0.00638029815388913
41,800,41,1090,1.91034636368299,122,13.3067738882396,0.143561946699293,0.152690863579474,-0.00912891688018147
42,800,42,1091,1.96626648219778,123,13.4165826720708,0.146554941020186,0.153942428035044,-0.00738748701485822
43,800,43,1092,1.9223264694021,130,12.7426359159448,0.150857835229892,0.16270337922403,-0.0118455439941385
44,800,44,1093,2.00655568065766,114,13.7715768791085,0.145702681564491,0.142678347934919,0.0030243336295725
45,800,45,1094,2.37142936692831,148,14.3049040200071,0.165777370027202,0.18523153942428,-0.0194541693970787
46,800,46,1095,2.6441579388186,160,14.361672907177,0.184112112558784,0.200250312891114,-0.0161382003323302
47,800,47,1096,2.3700451524835,162,12.5692316717504,0.188559270318028,0.202753441802253,-0.0141941714842247
48,800,48,1097,2.33387361998762,147,13.1732093510055,0.177168187174485,0.183979974968711,-0.00681178779422567
49,800,49,1098,1.92791238997908,125,13.3862855054472,0.144021460560853,0.156445556946183,-0.0124240963853298
50,800,50,1099,2.12438467173286,139,13.6783297513664,0.155310239652663,0.173967459324155,-0.0186572196714923
51,800,51,1100,2.60230498459801,166,13.5597192333598,0.191914370778104,0.207759699624531,-0.0158453288464266
52,800,52,1101,2.07197884462732,133,13.7303649195199,0.150904863546757,0.166458072590738,-0.0155532090439819
53,800,53,1102,2.1155252695749,128,14.5550657281443,0.145346321967082,0.160200250312891,-0.0148539283458091
54,800,54,1103,2.2293215369755,124,13.9657222411893,0.15962808786219,0.155193992490613,0.00443409537157627
55,800,55,1104,2.22380003110165,120,13.2798233621635,0.167457048972326,0.150187734668335,0.017269314303991
56,800,56,1105,2.05254040396923,149,13.7828303350316,0.14892009508035,0.18648310387985,-0.0375630087995001
57,800,57,1106,1.96648320695433,118,12.8625027971957,0.152884958546564,0.147684605757196,0.00520035278936751
58,800,58,1107,2.36461405677557,150,13.2886707289085,0.177942106100314,0.187734668335419,-0.00979256223510486
59,800,59,1108,2.0663927078223,128,13.011882738516,0.158808125568611,0.160200250312891,-0.0013921247442801
60,800,60,1109,1.802789492514,120,12.5211197515532,0.143979893834206,0.150187734668335,-0.00620784083412984
61,800,61,1110,1.75099397210957,112,12.6695573093241,0.138204826684902,0.14017521902378,-0.0019703923388778
62,800,62,1111,2.31187006882242,136,14.3665726044411,0.160920083897238,0.170212765957447,-0.00929268206020897
63,800,63,1112,2.13200884828034,124,13.3556361934196,0.159633642112144,0.155193992490613,0.00443964962153051
64,800,64,1113,2.05453365444809,122,13.9349629421284,0.147437324589992,0.152690863579474,-0.00525353898948241
65,800,65,1114,1.90465671566085,118,12.9215633395164,0.147401414644316,0.147684605757196,-0.000283191112880748
66,800,66,1115,1.97761325190133,122,13.3882209928033,0.147712922647779,0.152690863579474,-0.00497794093169504
67,800,67,1116,1.97860741322048,127,14.3399753112322,0.137978439312283,0.158948685857322,-0.0209702465450391
68,800,68,1117,2.19542186920434,147,13.469055900442,0.162997457686124,0.183979974968711,-0.0209825172825865
69,800,69,1118,2.23347671361997,131,14.4477089917485,0.154590372417909,0.1639549436796,-0.00936457126169052
70,800,70,1119,2.04263249619269,132,13.8914118212748,0.147042829229524,0.165206508135169,-0.018163678905645
71,800,71,1120,1.79464133455107,123,12.9542688224099,0.138536675373486,0.153942428035044,-0.0154057526615579
72,800,72,1121,1.81191108916961,126,13.2874722773727,0.136362360827282,0.157697121401752,-0.0213347605744698
73,800,73,1122,2.11208898113557,134,13.5157647033526,0.156268552130955,0.167709637046308,-0.0114410849153533
74,800,74,1123,2.17813681989251,130,13.9155237945306,0.156525679669249,0.16270337922403,-0.00617769955478065
75,800,75,1124,1.84237438326807,127,12.8114224284235,0.143807168451535,0.158948685857322,-0.0151415174057865
76,800,76,1125,2.11672284702313,153,13.0953069471585,0.16163980390566,0.191489361702128,-0.0298495577964677
77,800,77,1126,1.84031300893623,117,13.5714433075422,0.135601863945708,0.146433041301627,-0.0108311773559191
78,800,78,1127,2.22994809261355,131,13.6786497724775,0.163023992112173,0.1639549436796,-0.000930951567426119
79,800,79,1128,1.98335882497214,123,13.8839455086314,0.142852680006496,0.153942428035044,-0.0110897480285483
80,800,80,1129,2.16585939275372,147,14.3555242478819,0.150872887353682,0.183979974968711,-0.0331070876150292
81,800,81,1130,2.13741951762031,143,12.9764586881668,0.164715163742587,0.178973717146433,-0.0142585534038464
82,800,82,1131,3.0974967053981,201,14.6043422553104,0.2120942286375,0.251564455569462,-0.0394702269319616
83,800,83,1132,1.74384898008533,117,13.2150439183185,0.131959378331541,0.146433041301627,-0.0144736629700856
84,800,84,1133,2.07158527760633,129,13.2452712272905,0.156401876719448,0.161451814768461,-0.00504993804901299
85,800,85,1134,2.27643847852359,161,13.8076113719939,0.164868377099671,0.201501877346683,-0.0366335002470123
86,800,86,1135,1.84000249660654,103,13.1019630456688,0.140437161224843,0.128911138923655,0.0115260223011889
87,800,87,1136,1.78927019685668,115,13.1697060793824,0.135862576284663,0.143929912390488,-0.00806733610582505
88,800,88,1137,1.97274082050411,131,13.3253489840521,0.148044214291506,0.1639549436796,-0.0159107293880939
89,800,89,1138,2.10997334218467,124,14.8537402901532,0.142049968625304,0.155193992490613,-0.0131440238653091
90,800,90,1139,2.16945880307144,120,14.3646399736793,0.151027718553796,0.150187734668335,0.000839983885460471
91,800,91,1140,2.16696893456316,127,13.4900237809126,0.160634923240778,0.158948685857322,0.00168623738345619
92,800,92,1141,1.90321507152413,135,12.2126173686494,0.155840063933371,0.168961201501877,-0.013121137568506
93,800,93,1142,1.77888845459894,118,13.3056552028187,0.133694164434841,0.147684605757196,-0.0139904413223554
94,800,94,1143,2.54220239535374,152,13.4190791975949,0.189446858306744,0.190237797246558,-0.000790938939814162
95,800,95,1144,2.00594666933785,134,13.7273730594792,0.146127497274701,0.167709637046308,-0.0215821397716068
96,800,96,1145,2.11185388407016,152,13.3991219696764,0.157611363554232,0.190237797246558,-0.0326264336923267
97,800,97,1146,2.01719027900781,130,13.7901519327661,0.146277596421173,0.16270337922403,-0.0164257828028573
98,800,98,1147,2.17100360917009,119,13.9285921648293,0.155866693738943,0.148936170212766,0.00693052352617748
99,800,99,1148,1.8039968431632,115,13.3753104585037,0.134875137946144,0.143929912390488,-0.00905477444434388
100,800,100,1149,2.10703771829129,133,13.7847291924909,0.152853036782114,0.166458072590738,-0.0136050358086248
101,800,101,1150,2.18931464381426,157,13.3632294616143,0.16383125427151,0.196495619524406,-0.0326643652528953
102,800,102,1151,2.02273915417236,127,13.9114885318294,0.145400626938256,0.158948685857322,-0.0135480589190652
103,800,103,1152,2.07948384554089,124,13.6533338560538,0.152305939887265,0.155193992490613,-0.00288805260334846
104,800,104,1153,2.27088746118494,135,13.3464714063089,0.170148902436602,0.168961201501877,0.00118770093472448
105,800,105,1154,2.06400007202508,142,12.635850593016,0.163344767084053,0.177722152690864,-0.0143773856068106
106,800,106,1155,2.02968328975466,131,12.6602440599972,0.160319444090963,0.1639549436796,-0.00363549958863699
107,800,107,1156,2.44562969880722,163,13.6450287507716,0.179232286239699,0.204005006257822,-0.0247727200181232
108,800,108,1157,2.13365804427986,125,12.6808126466308,0.168258778339948,0.156445556946183,0.0118132213937657
109,800,109,1158,1.94604005715403,125,14.7748541101884,0.131712979542186,0.156445556946183,-0.0247325774039964
110,800,110,1159,2.06195599038149,125,14.5997600792059,0.141232183213632,0.156445556946183,-0.0152133737325504
111,800,111,1160,1.69633391772844,100,13.0457394311951,0.130029725541823,0.125156445556946,0.00487327998487666
112,800,112,1161,2.17490337903584,123,14.6116011941747,0.148847710126589,0.153942428035044,-0.00509471790845506
113,800,113,1162,1.99559783413329,135,13.1601310749152,0.151639662460288,0.168961201501877,-0.0173215390415898
114,800,114,1163,1.83290446966985,125,12.9436358641031,0.141606615707809,0.156445556946183,-0.014838941238374
115,800,115,1164,2.35997622865065,141,14.3773062725774,0.164145924410886,0.176470588235294,-0.0123246638244083
116,800,116,1165,1.68743237481499,104,12.3354367792985,0.136795510771606,0.130162703379224,0.00663280739238167
117,800,117,1166,1.85264231091204,112,13.9490380719483,0.132815058741414,0.14017521902378,-0.00736016028236536
118,800,118,1167,2.36578347596926,135,13.299600894691,0.177883794762115,0.168961201501877,0.00892259326023742
119,800,119,1168,2.23002985856368,148,12.8436913922287,0.173628421180612,0.18523153942428,-0.0116031182436686
120,800,120,1169,1.87039061414908,123,13.9624085401163,0.133959023529152,0.153942428035044,-0.0199834045058914
121,800,121,1170,2.20279223334506,143,13.9074474521154,0.158389398265172,0.178973717146433,-0.0205843188812606
122,800,122,1171,2.03071178394725,139,13.5391232280231,0.149988426114928,0.173967459324155,-0.0239790332092269
123,800,123,1172,2.35858335073066,161,13.6582864467705,0.172685157828736,0.201501877346683,-0.028816719517947
124,800,124,1173,2.01322706005723,127,13.3041910250739,0.151322771618581,0.158948685857322,-0.00762591423874096
125,800,125,1174,2.01325179667278,133,13.2656833472343,0.151763896662928,0.166458072590738,-0.0146941759278108
126,800,126,1175,2.11305794700137,133,13.2909499011013,0.158984719882683,0.166458072590738,-0.00747335270805494
127,800,127,1176,2.71052647477103,146,13.9182638973014,0.194746018236985,0.182728410513141,0.0120176077238439
128,800,128,1177,2.2101179494919,128,13.908431761272,0.15890489937521,0.160200250312891,-0.00129535093768071
129,800,129,1178,2.1588402161654,146,13.4383819241672,0.160647333015815,0.182728410513141,-0.0220810774973263
130,800,130,1179,2.24206063288691,147,13.0848955779688,0.171347231586769,0.183979974968711,-0.0126327433819421
131,800,131,1180,1.92903729242096,126,13.3145342882415,0.144882070274479,0.157697121401752,-0.0128150511272728
132,800,132,1181,1.88548503201406,123,12.9162724801829,0.145977489628444,0.153942428035044,-0.00796493840659973
133,800,133,1182,1.95744068954622,137,12.830575944874,0.152560625334067,0.171464330413016,-0.0189037050789493
134,800,134,1183,1.97504237403003,116,13.8975775586817,0.142114146561912,0.145181476846058,-0.00306733028414594
135,800,135,1184,2.17299276314806,138,13.618555747929,0.159561175455666,0.172715894868586,-0.0131547194129199
136,800,136,1185,2.16387259744811,141,13.8850389409335,0.155842025841854,0.176470588235294,-0.0206285623934399
137,800,137,1186,1.90019633220866,133,12.3500884437548,0.153860949325391,0.166458072590738,-0.0125971232653474
138,800,138,1187,1.85185528333857,126,12.8794910518518,0.143783265649484,0.157697121401752,-0.0139138557522677
139,800,139,1188,2.0584656784364,126,14.1351990047083,0.145626933002553,0.157697121401752,-0.0120701883991994
140,800,140,1189,2.11471734000662,153,12.5871858809672,0.168005570109537,0.191489361702128,-0.0234837915925902
141,800,141,1190,1.96051534875673,112,14.2494957342539,0.13758489320039,0.14017521902378,-0.00259032582338975
142,800,142,1191,1.84837771848592,124,13.8765280744111,0.133201742436886,0.155193992490613,-0.0219922500537275
143,800,143,1192,1.93019847076617,125,13.6283705563126,0.14163090611534,0.156445556946183,-0.0148146508308429
144,800,144,1193,2.34217882931466,149,13.7071570263229,0.170872692624502,0.18648310387985,-0.0156104112553483
145,800,145,1194,2.70878172219628,157,14.3795181928024,0.188377780526204,0.196495619524406,-0.00811783899820157
146,800,146,1195,2.24411766911625,135,13.904778487715,0.161391831671317,0.168961201501877,-0.00756936983056017
147,800,147,1196,2.08170152695325,134,14.1648371308595,0.146962616493348,0.167709637046308,-0.0207470205529596
148,800,148,1197,2.18166017124315,114,13.890940576033,0.157056331736622,0.142678347934919,0.0143779838017033
149,800,149,1198,2.00185868939755,125,14.2890556782732,0.140097339843207,0.156445556946183,-0.0163482171029754
150,800,150,1199,2.30573376597071,140,13.3355497974574,0.172901290234792,0.175219023779725,-0.00231773354493295
151,800,151,1200,2.15004193070813,147,13.3884995992114,0.160588713826811,0.183979974968711,-0.0233912611419002
152,800,152,1201,2.50170466932569,156,13.8461570707518,0.180678628484592,0.195244055068836,-0.0145654265842436
153,800,153,1202,2.52568388701881,147,13.7726307799233,0.183384273300971,0.183979974968711,-0.000595701667740062
154,800,154,1203,2.6480934242791,133,14.1600501328938,0.187011585370562,0.166458072590738,0.0205535127798235
155,800,155,1204,1.90907299624856,125,13.1046554904102,0.145678991534389,0.156445556946183,-0.0107665654117937
156,800,156,1205,2.33092149789011,141,14.1219550255688,0.165056572809488,0.176470588235294,-0.0114140154258057
157,800,157,1206,1.77799111165556,134,11.8037309183433,0.150629586861601,0.167709637046308,-0.0170800501847071
158,800,158,1207,2.27388021317276,144,13.3609909255084,0.170187991732823,0.180225281602002,-0.0100372898691792
159,800,159,1208,1.79587588986387,125,13.2013378496821,0.136037416079547,0.156445556946183,-0.0204081408666359
160,800,160,1209,1.93477721957168,128,13.417762072222,0.144195224893512,0.160200250312891,-0.016005025419379
161,800,161,1210,1.93854074302227,132,12.1494917908085,0.159557352389739,0.165206508135169,-0.00564915574543023
162,800,162,1211,2.17720325802055,127,13.6436625420947,0.159576158623335,0.158948685857322,0.000627472766013076
163,800,163,1212,1.9145338407627,123,13.6143361407029,0.14062630898607,0.153942428035044,-0.0133161190489735
164,800,164,1213,1.95526405033412,138,13.1366085304345,0.148840855370259,0.172715894868586,-0.0238750394983263
165,800,165,1214,2.17656909257696,151,13.1476116404829,0.16554862982681,0.188986232790989,-0.023437602964179
166,800,166,1215,2.6138113143905,139,14.6135489037783,0.178862186837771,0.173967459324155,0.004894727513616
167,800,167,1216,2.30100168954551,133,14.3833540727653,0.1599767118229,0.166458072590738,-0.00648136076783823
168,800,168,1217,2.03290610705131,116,13.7254128584463,0.148112565211494,0.145181476846058,0.0029310883654369
169,800,169,1218,2.37318487885002,145,14.3459152805958,0.165425825570012,0.181476846057572,-0.0160510204875596
170,800,170,1219,1.75610009921303,122,11.5944039273413,0.151461007415129,0.152690863579474,-0.00122985616434576
171,800,171,1220,2.11856214404737,128,13.7473108552607,0.154107386262868,0.160200250312891,-0.00609286405002324
172,800,172,1221,2.52152476720922,141,14.4707004034268,0.174250360861047,0.176470588235294,-0.00222022737424735
173,800,173,1222,2.01676121294558,129,14.328006807626,0.140756578358978,0.161451814768461,-0.0206952364094822
174,800,174,1223,2.41155051173692,158,13.5507579538858,0.177964252622886,0.197747183979975,-0.0197829313570888
175,800,175,1224,2.19190397724325,151,14.1153768984505,0.155284835326208,0.188986232790989,-0.0337013974647807
176,800,176,1225,1.93663110604702,152,12.6913371094328,0.152594725784065,0.190237797246558,-0.0376430714624936
177,800,177,1226,2.13332741903044,125,14.309989979965,0.149079588596306,0.156445556946183,-0.00736596834987702
178,800,178,1227,1.97995815392227,141,13.1628788509292,0.150419841764516,0.176470588235294,-0.0260507464707782
179,800,179,1228,2.0602323279631,136,13.1386733756576,0.156806723864538,0.170212765957447,-0.0134060420929091
180,800,180,1229,1.75147043020976,115,12.9170456177029,0.135593732657362,0.143929912390488,-0.00833617973312592
181,800,181,1230,2.08493358168088,130,14.0774542321936,0.148104447529502,0.16270337922403,-0.0145989316945278
182,800,182,1231,1.9031407333724,140,13.0618452988771,0.145702287067816,0.175219023779725,-0.0295167367119086
183,800,183,1232,2.04768381495697,125,13.8398789322135,0.14795532713735,0.156445556946183,-0.00849022980883274
184,800,184,1233,2.01545188770331,142,12.8533363523236,0.156803792607431,0.177722152690864,-0.0209183600834324
185,800,185,1234,2.14938351782487,126,13.5157658706573,0.15902787443893,0.157697121401752,0.00133075303717831
186,800,186,1235,1.90914340648468,130,12.5642191016619,0.151950820901568,0.16270337922403,-0.0107525583224624
187,800,187,1236,2.1367596962332,152,13.9958320000561,0.152671144968347,0.190237797246558,-0.0375666522782113
188,800,188,1237,1.88303825099545,136,13.6090119655605,0.138367006786439,0.170212765957447,-0.0318457591710073
189,800,189,1238,1.97280962750066,118,14.4208493250132,0.136802596229807,0.147684605757196,-0.0108820095273894
190,800,190,1239,1.96286732580442,122,13.2884352098176,0.147712450323288,0.152690863579474,-0.00497841325618623
191,800,191,1240,2.06105157911339,140,13.1070495646417,0.157247561241654,0.175219023779725,-0.0179714625380704
192,800,192,1241,2.14043474926342,123,13.9914846592772,0.152981245478062,0.153942428035044,-0.000961182556981882
193,800,193,1242,2.41744172088359,129,14.5880260825177,0.165714107392545,0.161451814768461,0.00426229262408442
194,800,194,1243,1.93697968307504,156,12.0833189644357,0.160301957498273,0.195244055068836,-0.0349420975705632
195,800,195,1244,1.97541743504183,134,12.4852951593056,0.15821952223288,0.167709637046308,-0.00949011481342785
196,800,196,1245,1.94575454538628,118,13.8138347266,0.140855496239543,0.147684605757196,-0.00682910951765353
197,800,197,1246,2.19347695287404,135,13.227953930678,0.16582133294152,0.168961201501877,-0.00313986856035739
198,800,198,1247,2.12546323475486,121,14.1724898808214,0.149971053260803,0.151439299123905,-0.00146824586310179
199,800,199,1248,1.9540847401584,119,13.7426035334233,0.142191742300204,0.148936170212766,-0.00674442791256169
200,800,200,1249,2.00282366801309,114,13.7879648981348,0.145258831365608,0.142678347934919,0.00258048343068978
201,800,201,1250,2.29491861757028,140,13.7219716051746,0.1672440873369,0.175219023779725,-0.00797493644282443
202,800,202,1251,2.07591340585715,127,13.9964755170099,0.148316867581006,0.158948685857322,-0.0106318182763152
203,800,203,1252,1.76448376293215,127,13.4583214359623,0.131107268564506,0.158948685857322,-0.027841417292816
204,800,204,1253,2.01932259608394,143,14.0119716586481,0.144114093667727,0.178973717146433,-0.0348596234787064
205,800,205,1254,1.73607462733059,112,12.3641989526795,0.140411411525723,0.14017521902378,0.000236192501943233
206,800,206,1255,2.02637410379189,150,13.484870271652,0.150270196373469,0.187734668335419,-0.0374644719619505
207,800,207,1256,1.8640292801102,119,12.7836546654237,0.14581348830956,0.148936170212766,-0.0031226819032063
208,800,208,1257,1.95049196250744,115,13.1281333489479,0.148573442290922,0.143929912390488,0.00464352990043387
209,800,209,1258,2.11651685312796,135,13.8302560866426,0.153035261232228,0.168961201501877,-0.0159259402696493
210,800,210,1259,2.07466032074353,135,13.265620490785,0.156393764029711,0.168961201501877,-0.0125674374721662
211,800,211,1260,2.08875086100361,132,13.1191095801905,0.159214377182852,0.165206508135169,-0.00599213095231746
212,800,212,1261,1.99699562020744,108,13.5221422716521,0.147683375909597,0.135168961201502,0.0125144147080951
213,800,213,1262,1.87031210370895,120,13.9335892746762,0.134230460424736,0.150187734668335,-0.0159572742435994
214,800,214,1263,2.00071299146562,126,12.9984296438646,0.153919592310905,0.157697121401752,-0.00377752909084672
215,800,215,1264,2.07429777655404,134,13.839332335116,0.149884237644233,0.167709637046308,-0.0178253994020751
216,800,216,1265,2.49878446569835,162,13.3937155170999,0.186563949526038,0.202753441802253,-0.0161894922762146
217,800,217,1266,2.06163497502353,123,13.3326232197704,0.154630858537007,0.153942428035044,0.000688430501962739
218,800,218,1267,2.21639176109434,154,12.3875540569796,0.178920854827313,0.192740926157697,-0.0138200713303842
219,800,219,1268,1.98077730509408,119,13.1546087053705,0.150576679965054,0.148936170212766,0.00164050975228755
220,800,220,1269,2.13762737184416,135,12.713181718597,0.168142595548463,0.168961201501877,-0.000818605953414681
221,800,221,1270,2.39724465396841,163,14.0928815097676,0.170103229230084,0.204005006257822,-0.0339017770277382
222,800,222,1271,2.11878977822479,129,13.9981476178438,0.151362154198453,0.161451814768461,-0.0100896605700074
223,800,223,1272,1.79534015112189,133,11.6074922267553,0.15467080365418,0.166458072590738,-0.011787268936558
224,800,224,1273,2.05650603023985,150,12.5052756003455,0.164451076166849,0.187734668335419,-0.0232835921685706
225,800,225,1274,2.00624457377581,122,14.7127038182732,0.136361378476474,0.152690863579474,-0.0163294851030005
226,800,226,1275,2.03354086647419,134,12.7578639206404,0.159395089893083,0.167709637046308,-0.00831454715322535
227,800,227,1276,2.09109014421928,131,14.5024037367586,0.144189210435446,0.1639549436796,-0.0197657332441539
228,800,228,1277,2.14479265336001,126,13.070089426296,0.164099309760258,0.157697121401752,0.0064021883585054
229,800,229,1278,1.99176288947307,124,13.9585968133751,0.142690767281463,0.155193992490613,-0.0125032252091505
230,800,230,1279,1.94005189254789,125,14.2608541476055,0.136040371247583,0.156445556946183,-0.0204051856985998
231,800,231,1280,1.83614760628911,120,12.5398665701272,0.146424812099933,0.150187734668335,-0.00376292256840238
232,800,232,1281,2.40147662683542,137,14.135870968486,0.169885296221873,0.171464330413016,-0.00157903419114347
233,800,233,1282,1.90727003925654,128,12.5629224911889,0.151817384895451,0.160200250312891,-0.00838286541744032
234,800,234,1283,2.36357740594823,151,14.0775000043161,0.167897524789456,0.188986232790989,-0.0210887080015325
235,800,235,1284,2.00165517248055,125,12.0243195238826,0.16646723072394,0.156445556946183,0.0100216737777577
236,800,236,1285,1.61563154060707,110,12.6416019659471,0.127802753556007,0.137672090112641,-0.00986933655663352
237,800,237,1286,1.85518578234533,117,13.149709272224,0.141081885837888,0.146433041301627,-0.00535115546373868
238,800,238,1287,2.16731706987862,121,13.5720738901315,0.159689454052745,0.151439299123905,0.00825015492884032
239,800,239,1288,1.60512653620103,106,11.8173630831241,0.135827809039163,0.132665832290363,0.00316197674880028
240,800,240,1289,2.06650585596264,117,12.8124022637708,0.161289492276248,0.146433041301627,0.0148564509746208
241,800,241,1290,2.34228451300889,153,13.4440809325421,0.174224219919657,0.191489361702128,-0.0172651417824702
242,800,242,1291,2.16806338824294,137,13.9880867492105,0.1549935618154,0.171464330413016,-0.0164707685976158
243,800,243,1292,2.21607560464059,131,13.5136759081114,0.163987624071288,0.1639549436796,3.26803916884111e-05
244,800,244,1293,1.98899982825987,115,14.4918931581581,0.137249136917642,0.143929912390488,-0.00668077547284646
245,800,245,1294,1.90047161169614,123,13.2246850768385,0.143706379445253,0.153942428035044,-0.0102360485897906
246,800,246,1295,1.88043193409959,131,12.6792188789685,0.148308184601083,0.1639549436796,-0.0156467590785163
247,800,247,1296,2.0256245063239,123,13.3919203862278,0.151257209414644,0.153942428035044,-0.00268521862040014
248,800,248,1297,1.96605792237424,140,12.7563178344543,0.154124250264758,0.175219023779725,-0.0210947735149663
249,800,249,1298,2.525501836103,151,13.8773684941542,0.181987084739218,0.188986232790989,-0.00699914805177049
250,800,250,1299,1.86216284810308,121,13.864323575108,0.134313285319336,0.151439299123905,-0.0171260138045689
251,800,251,1300,1.87878566775667,129,11.9431945534788,0.157310145065787,0.161451814768461,-0.00414166970267399
252,800,252,1301,1.94296685958676,125,13.0101362546135,0.149342545040431,0.156445556946183,-0.00710301190575147
253,800,253,1302,2.01714992494411,118,13.9753668523029,0.14433609838383,0.147684605757196,-0.00334850737336692
254,800,254,1303,2.27290611804644,157,12.6461835053458,0.179730597542384,0.196495619524406,-0.0167650219820219
255,800,255,1304,1.95538684687729,128,13.2884650234581,0.147149188670434,0.160200250312891,-0.0130510616424576
256,800,256,1305,1.83104763598777,129,13.5153621223541,0.135478991936092,0.161451814768461,-0.0259728228323686
257,800,257,1306,1.8215206131687,100,13.809811927089,0.131900464885814,0.125156445556946,0.00674401932886792
258,800,258,1307,2.00545078115201,132,12.6466135000875,0.15857611060369,0.165206508135169,-0.00663039753147851
259,800,259,1308,1.95180548030493,115,13.2834727860327,0.146934880038088,0.143929912390488,0.00300496764760011
260,800,260,1309,2.13159539722539,139,14.0620245386115,0.151585242322147,0.173967459324155,-0.0223822170020085
261,800,261,1310,2.46354702203558,143,12.5052058131914,0.1970017174317,0.178973717146433,0.0180280002852667
262,800,262,1311,1.93508667891078,137,12.9107857616292,0.149881402622437,0.171464330413016,-0.021582927790579
263,800,263,1312,2.15961560085269,155,12.2149885227893,0.17680046091108,0.193992490613267,-0.0171920297021866
264,800,264,1313,2.03803934180793,124,13.7735695950334,0.147967404364285,0.155193992490613,-0.00722658812632862
265,800,265,1314,2.50735320821893,141,14.1698447280961,0.176949942383443,0.176470588235294,0.000479354148149091
266,800,266,1315,2.11377993605173,128,14.4834603962246,0.145944399903405,0.160200250312891,-0.014255850409486
267,800,267,1316,2.15469377278446,152,13.6708515931173,0.157612256859643,0.190237797246558,-0.032625540386915
268,800,268,1317,2.21841897443176,144,13.4604714946357,0.164809900999073,0.180225281602002,-0.0154153806029295
269,800,269,1318,2.42794043611037,145,13.5574225925343,0.179085694167811,0.181476846057572,-0.00239115188976124
270,800,270,1319,1.99395749330244,131,13.2348815196727,0.15065926282291,0.1639549436796,-0.0132956808566896
271,800,271,1320,2.28493862427524,148,13.8146635719002,0.165399512799061,0.18523153942428,-0.0198320266252191
272,800,272,1321,2.08911910578793,130,13.8410512185251,0.150936447875564,0.16270337922403,-0.0117669313484655
273,800,273,1322,2.02648642911988,139,12.541435769366,0.161583288100859,0.173967459324155,-0.0123841712232966
274,800,274,1323,1.95429158541035,136,12.5051082108596,0.15627946215717,0.170212765957447,-0.013933303800277
275,800,275,1324,2.32357498873818,150,13.9531643418745,0.166526741304477,0.187734668335419,-0.021207927030942
276,800,276,1325,1.96544064335467,124,13.8322893063678,0.142090770357865,0.155193992490613,-0.013103222132748
277,800,277,1326,1.76865212570115,103,13.4019954110836,0.131969312885935,0.128911138923655,0.00305817396228017
278,800,278,1327,2.14740236095286,119,13.4631760357629,0.159501915094077,0.148936170212766,0.0105657448813109
279,800,279,1328,2.43377425607868,154,13.1731922602262,0.18475204855447,0.192740926157697,-0.00798887760322725
280,800,280,1329,1.92836107836408,124,13.6273781731766,0.14150638911304,0.155193992490613,-0.013687603377573
281,800,281,1330,2.31113440465821,167,13.4287269134099,0.172103760807759,0.2090112640801,-0.0369075032723415
282,800,282,1331,1.9708942574579,122,13.5631418683389,0.145312515093472,0.152690863579474,-0.00737834848600252
283,800,283,1332,1.94575229393093,107,13.6413464243368,0.142636381586176,0.133917396745932,0.008718984840244
284,800,284,1333,1.82468882349327,132,12.7332906658881,0.143300649562767,0.165206508135169,-0.0219058585724023
285,800,285,1334,2.11515206576003,143,12.6643777662107,0.167015869615275,0.178973717146433,-0.0119578475311576
286,800,286,1335,1.98990451969871,134,12.5812366048786,0.15816446206306,0.167709637046308,-0.00954517498324758
287,800,287,1336,2.69331715558072,160,14.1956010398078,0.189728997597779,0.200250312891114,-0.0105213152933346
288,800,288,1337,2.09068397316406,130,13.3678578001646,0.156396335480043,0.16270337922403,-0.00630704374398694
289,800,289,1338,2.23875689689681,151,13.3504579348029,0.167691393645806,0.188986232790989,-0.0212948391451827
290,800,290,1339,2.37903873191593,147,14.4205316001677,0.164975799636143,0.183979974968711,-0.0190041753325678
291,800,291,1340,2.07016978192195,139,13.7452338594107,0.150610008028681,0.173967459324155,-0.0233574512954738
292,800,292,1341,1.93617535800837,126,13.1334662060022,0.147423028135825,0.157697121401752,-0.0102740932659275
293,800,293,1342,1.97204812227478,134,13.2555762769587,0.14877121002296,0.167709637046308,-0.0189384270233481
294,800,294,1343,2.03219980829596,123,13.8610396567283,0.146612365206639,0.153942428035044,-0.00733006282840462
295,800,295,1344,1.85668436672109,110,13.5484086699368,0.137040770761586,0.137672090112641,-0.000631319351054982
296,800,296,1345,2.19361710583387,131,13.0706166914172,0.167828126064955,0.1639549436796,0.00387318238535542
297,800,297,1346,1.7375202327236,117,13.0250023008818,0.133398842670912,0.146433041301627,-0.0130341986307151
298,800,298,1347,1.90542908057806,122,13.5857056829253,0.140252492218555,0.152690863579474,-0.0124383713609193
299,800,299,1348,2.4511480249895,170,13.0124674644196,0.188369195288423,0.212765957446809,-0.0243967621583856
300,800,300,1349,1.96634625130809,120,13.2725394754435,0.148151471310082,0.150187734668335,-0.0020362633582536
301,800,301,1350,1.85429334624998,118,12.3978758823368,0.149565406513851,0.147684605757196,0.00188080075665498
302,800,302,1351,2.15408526256338,114,14.8175796845167,0.145373624331796,0.142678347934919,0.00269527639687739
303,800,303,1352,2.03375834775956,111,14.0781179377962,0.144462374640252,0.13892365456821,0.00553872007204148
304,800,304,1353,2.02617236102701,135,13.5447214548653,0.149591290435818,0.168961201501877,-0.0193699110660596
305,800,305,1354,2.08488956099975,137,13.5462887055329,0.153908543241677,0.171464330413016,-0.017555787171339
306,800,306,1355,2.63470397209008,142,13.5859171674881,0.193929047233932,0.177722152690864,0.0162068945430684
307,800,307,1356,1.77128504026916,104,13.8407115007192,0.127976443998354,0.130162703379224,-0.00218625938087033
308,800,308,1357,2.11099020956895,123,14.2412381440177,0.148230806073257,0.153942428035044,-0.00571162196178715
309,800,309,1358,2.21475244925627,144,13.9971764926716,0.158228514901976,0.180225281602002,-0.0219967667000263
310,800,310,1359,2.23534881701381,132,14.4079263679951,0.155147157191148,0.165206508135169,-0.0100593509440213
311,800,311,1360,2.10910805143374,136,14.356437606449,0.14691026487562,0.170212765957447,-0.0233025010818267
312,800,312,1361,2.08127548003188,132,13.5084801999379,0.154071771896401,0.165206508135169,-0.0111347362387676
313,800,313,1362,1.8140158130121,109,13.9559588625552,0.129981453146815,0.136420525657071,-0.00643907251025649
314,800,314,1363,1.73607073003878,138,12.3591413210503,0.140468555617361,0.172715894868586,-0.0322473392512246
315,800,315,1364,2.2207427291275,147,14.3224019868264,0.15505379133822,0.183979974968711,-0.0289261836304905
316,800,316,1365,2.15581886242057,144,13.0855863061214,0.164747594183998,0.180225281602002,-0.0154776874180042
317,800,317,1366,2.06758192354805,133,13.5869772835875,0.152173797040612,0.166458072590738,-0.0142842755501268
318,800,318,1367,2.20375131983652,127,14.3959497019518,0.153081343396034,0.158948685857322,-0.00586734246128723
319,800,319,1368,1.95426898444554,128,13.1081815901221,0.149087725937381,0.160200250312891,-0.0111125243755101
320,800,320,1369,2.11493532901521,127,12.950902089241,0.163304093756697,0.158948685857322,0.00435540789937508
321,800,321,1370,2.03779060969971,112,14.293244841748,0.142570188383515,0.14017521902378,0.00239496935973524
322,800,322,1371,2.12658343113369,126,13.2311445916229,0.160725583218257,0.157697121401752,0.00302846181650529
323,800,323,1372,1.83129342916791,128,13.6613963504893,0.134048773799197,0.160200250312891,-0.0261514765136943
324,800,324,1373,2.36708009554786,157,13.9154884602628,0.170103988969364,0.196495619524406,-0.0263916305550413
325,800,325,1374,1.92002424633838,113,13.993522358314,0.137208073648279,0.141426783479349,-0.00421870983107059
326,800,326,1375,2.20146585780241,122,13.8131182587775,0.159375009795743,0.152690863579474,0.00668414621626845
327,800,327,1376,2.30475708796082,146,13.9904837510233,0.164737483633634,0.182728410513141,-0.0179909268795073
328,800,328,1377,2.16034172121078,136,13.8997612847592,0.155422936908963,0.170212765957447,-0.0147898290484841
329,800,329,1378,2.18746777473902,138,14.3023494519905,0.152944646058455,0.172715894868586,-0.0197712488101308
330,800,330,1379,2.17748925444568,142,12.9319102780817,0.168381098199878,0.177722152690864,-0.00934105449098604
331,800,331,1380,2.56714659618845,163,14.0509814841306,0.182702297279933,0.204005006257822,-0.0213027089778898
332,800,332,1381,2.0205561488802,146,12.9165636220578,0.156431401416214,0.182728410513141,-0.0262970090969273
333,800,333,1382,2.22637306794653,140,13.5881869660757,0.16384621977199,0.175219023779725,-0.0113728040077345
334,800,334,1383,2.0945026219306,127,14.7119910021129,0.14236704071052,0.158948685857322,-0.0165816451468021
335,800,335,1384,2.20746013110715,143,12.7725000004579,0.172829135332002,0.178973717146433,-0.00614458181443059
336,800,336,1385,2.02536865762062,127,13.4620753250104,0.150449957285398,0.158948685857322,-0.00849872857192402
337,800,337,1386,1.89014295005519,129,13.1050171829952,0.144230482391721,0.161451814768461,-0.01722133237674
338,800,338,1387,2.40688129283128,161,13.936826052294,0.17269938534069,0.201501877346683,-0.0288024920059934
339,800,339,1388,1.9366833743388,123,13.8742474583547,0.13958835462262,0.153942428035044,-0.0143540734124234
340,800,340,1389,2.0220152100792,124,13.6799808036001,0.147808336803153,0.155193992490613,-0.00738565568746
341,800,341,1390,2.30927159564267,141,13.4531013067808,0.171653475505958,0.176470588235294,-0.0048171127293363
342,800,342,1391,2.00564058630595,119,13.4339867955027,0.1492960069737,0.148936170212766,0.000359836760933541
343,800,343,1392,2.14437905618683,142,13.1776831848843,0.162728077925457,0.177722152690864,-0.0149940747654066
344,800,344,1393,2.28243962024078,143,13.5593003410621,0.168330191295253,0.178973717146433,-0.0106435258511799
345,800,345,1394,1.99390740400275,139,12.6197375139818,0.15799911858655,0.173967459324155,-0.0159683407376047
346,800,346,1395,2.21630460214211,144,13.5715641090413,0.163305023970349,0.180225281602002,-0.0169202576316534
347,800,347,1396,2.39742205333831,135,14.2199526394767,0.168595642624203,0.168961201501877,-0.000365558877674171
348,800,348,1397,2.46119192963799,164,12.7308575411527,0.193324913241874,0.205256570713392,-0.0119316574715178
349,800,349,1398,2.07858809027103,161,13.2159055409462,0.157279278656392,0.201501877346683,-0.0442225986902918
350,800,350,1399,2.41959040821589,168,13.8524741691986,0.174668465622981,0.21026282853567,-0.0355943629126886
351,800,351,1400,1.87608398220277,116,13.3748842866853,0.140269174819734,0.145181476846058,-0.00491230202632392
352,800,352,1401,1.99166432506112,121,13.4562824310077,0.148009997209309,0.151439299123905,-0.00342930191459623
353,800,353,1402,1.90805204011796,119,13.0969228278952,0.145687049178758,0.148936170212766,-0.00324912103400812
354,800,354,1403,2.02098030780867,119,13.219898649483,0.152874115104332,0.148936170212766,0.00393794489156632
355,800,355,1404,2.45530254146108,140,14.0634740842642,0.174587198493746,0.175219023779725,-0.000631825285979021
356,800,356,1405,2.19126405968932,131,14.0240945253533,0.15624994938018,0.1639549436796,-0.0077049942994194
357,800,357,1406,2.57132142184077,140,14.2076693927021,0.180981225756952,0.175219023779725,0.00576220197722768
358,800,358,1407,1.96573875058112,116,14.4163305050759,0.136355000316412,0.145181476846058,-0.00882647652964563
359,800,359,1408,2.03986371577442,135,13.3967368338555,0.152265715231443,0.168961201501877,-0.0166954862704343
360,800,360,1409,2.04270777677746,137,12.893281282729,0.158431956302213,0.171464330413016,-0.0130323741108033
361,800,361,1410,1.78750847968475,115,13.1026140071369,0.136423806632105,0.143929912390488,-0.00750610575838356
362,800,362,1411,1.84381158123353,113,13.5061011006752,0.136516939084763,0.141426783479349,-0.0049098443945863
363,800,363,1412,1.77951536845856,111,13.1054884294629,0.135783979211181,0.13892365456821,-0.00313967535702941
364,800,364,1413,2.25477000201631,129,14.6698496425232,0.153700961970357,0.161451814768461,-0.00775085279810345
365,800,365,1414,2.25157522340132,131,13.1981907861465,0.170597262903994,0.1639549436796,0.00664231922439479
366,800,366,1415,2.0612025449304,139,13.7732083282027,0.149653043489496,0.173967459324155,-0.0243144158346596
367,800,367,1416,2.22375506454417,121,14.4247246672524,0.154162739036027,0.151439299123905,0.00272343991212218
368,800,368,1417,1.76069414557535,107,13.5380804327551,0.130054933143652,0.133917396745932,-0.00386246360227996
369,800,369,1418,1.82153575785967,116,13.0001885492372,0.140116103005795,0.145181476846058,-0.00506537384026287
370,800,370,1419,2.11237542642899,146,13.8753194872104,0.152239768487932,0.182728410513141,-0.0304886420252099
371,800,371,1420,1.9186351098753,129,12.4416209450742,0.154211024298639,0.161451814768461,-0.0072407904698214
372,800,372,1421,2.1926005384789,141,14.4647700981193,0.151582121499738,0.176470588235294,-0.0248884667355558
373,800,373,1422,2.04330543406016,135,13.9343013875006,0.14663852727436,0.168961201501877,-0.0223226742275175
374,800,374,1423,1.82763728587112,119,12.8650419624261,0.142062287181725,0.148936170212766,-0.00687388303104114
375,800,375,1424,1.85704653296491,121,13.5494222144831,0.137057248904672,0.151439299123905,-0.0143820502192328
376,800,376,1425,2.23303459108466,144,13.1082421757741,0.170353473878567,0.180225281602002,-0.00987180772343521
377,800,377,1426,2.05932009766854,136,14.0587636085356,0.146479459717088,0.170212765957447,-0.0237333062403592
378,800,378,1427,1.80000750234799,120,13.4417403738269,0.133911789120171,0.150187734668335,-0.0162759455481646
379,800,379,1428,1.97454015023796,117,13.6869460494924,0.144264479679979,0.146433041301627,-0.00216856162164816
380,800,380,1429,1.75275339250907,123,11.9425061179754,0.146765961448484,0.153942428035044,-0.00717646658655954
381,800,381,1430,2.6500253648859,187,13.3760560749508,0.198117094458701,0.234042553191489,-0.0359254587327884
382,800,382,1431,2.50721036375146,141,13.6270332209553,0.183987983524979,0.176470588235294,0.00751739528968512
383,800,383,1432,2.16826501565278,146,14.1552426101502,0.153177524071399,0.182728410513141,-0.0295508864417421
384,800,384,1433,1.96416960472219,126,13.5446149440272,0.145014798341561,0.157697121401752,-0.0126823230601916
385,800,385,1434,1.96785503895827,128,13.8857407411973,0.141717685475711,0.160200250312891,-0.0184825648371797
386,800,386,1435,2.07987734127895,123,13.5084654775211,0.153968438883009,0.153942428035044,2.60108479656351e-05
387,800,387,1436,1.90044275594071,106,12.2432476854262,0.155223744938437,0.132665832290363,0.022557912648074
388,800,388,1437,1.87458334484,131,12.2932824153303,0.152488430795529,0.1639549436796,-0.0114665128840702
389,800,389,1438,2.0954850589216,129,13.8086507260503,0.151751615743921,0.161451814768461,-0.0097001990245395
390,800,390,1439,2.03264783447234,139,13.5168806939096,0.15037846974474,0.173967459324155,-0.0235889895794151
391,800,391,1440,2.37633542790373,155,13.6841423514816,0.173656146426045,0.193992490613267,-0.0203363441872213
392,800,392,1441,1.68353029135547,106,13.454313715552,0.125129406593921,0.132665832290363,-0.00753642569644231
393,800,393,1442,2.2805075149602,133,13.7453411916696,0.165911306468137,0.166458072590738,-0.000546766122601849
394,800,394,1443,2.22145172928891,140,13.4336013618465,0.165365315632945,0.175219023779725,-0.00985370814677991
395,800,395,1444,2.1750674807558,147,13.4658129274367,0.161525152062976,0.183979974968711,-0.0224548229057345
396,800,396,1445,2.52512535580278,163,12.7811654135086,0.197566127509306,0.204005006257822,-0.00643887874851592
397,800,397,1446,2.23483913447899,141,13.400997418012,0.166766626749379,0.176470588235294,-0.00970396148591549
398,800,398,1447,2.29520913466277,163,13.0338073987697,0.176096597443923,0.204005006257822,-0.0279084088138997
399,800,399,1448,2.22325384270386,126,14.4986154395632,0.153342493424382,0.157697121401752,-0.00435462797737035
400,800,400,1449,2.03418288738804,121,13.9647427748964,0.145665618062424,0.151439299123905,-0.00577368106148121
401,800,401,1450,1.65019932330176,134,10.4552121408379,0.15783508752119,0.167709637046308,-0.00987454952511757
402,800,402,1451,1.85847538848812,130,12.9186427065887,0.143859957326652,0.16270337922403,-0.0188434218973782
403,800,403,1452,1.88828192822939,139,12.9939291772387,0.145320318625184,0.173967459324155,-0.0286471406989715
404,800,404,1453,1.6303705822677,121,11.9122564716115,0.136864966444694,0.151439299123905,-0.0145743326792108
405,800,405,1454,1.88743083566079,114,13.7570681666897,0.137197171140786,0.142678347934919,-0.00548117679413249
406,800,406,1455,2.17849244008415,161,12.9742519299258,0.167908905411289,0.201501877346683,-0.033592971935394
407,800,407,1456,2.14519959090872,156,13.5161561856579,0.158713732028711,0.195244055068836,-0.0365303230401246
408,800,408,1457,2.04102540313138,114,13.0246998339192,0.156704218074654,0.142678347934919,0.0140258701397354
409,800,409,1458,2.16933018168086,119,13.386452059613,0.162054155352018,0.148936170212766,0.0131179851392518
410,800,410,1459,2.26240375604412,141,13.1581268569763,0.171939652249562,0.176470588235294,-0.00453093598573245
411,800,411,1460,1.74940361404813,119,12.390141221944,0.141193194065439,0.148936170212766,-0.007742976147327
412,800,412,1461,2.09403320125547,127,13.7629820432458,0.15214967182807,0.158948685857322,-0.00679901402925118
413,800,413,1462,1.76899984548491,120,12.130945487523,0.145825389068344,0.150187734668335,-0.00436234559999157
414,800,414,1463,2.11349587962032,136,13.5737247584807,0.155704931198036,0.170212765957447,-0.0145078347594105
415,800,415,1464,2.1501519210736,128,14.2191216642921,0.15121552314115,0.160200250312891,-0.00898472717174076
416,800,416,1465,1.84495152999942,139,12.6211567932672,0.146179273438994,0.173967459324155,-0.0277881858851614
417,800,417,1466,2.26739220493359,116,14.3401486119961,0.158114972604735,0.145181476846058,0.0129334957586772
418,800,418,1467,1.65312628238409,109,12.4343698742591,0.132948134815121,0.136420525657071,-0.00347239084195014
419,800,419,1468,1.96043739438831,136,12.7428503825777,0.15384606548223,0.170212765957447,-0.0163667004752171
420,800,420,1469,2.21378261404194,148,12.606228495748,0.175610224325906,0.18523153942428,-0.00962131509837458
421,800,421,1470,1.64972253836277,112,12.7088696151876,0.129808754697686,0.14017521902378,-0.0103664643260932
422,800,422,1471,1.76259859112626,113,12.6580169868252,0.139247608291316,0.141426783479349,-0.00217917518803346
423,800,423,1472,1.86731807101699,109,13.7342674703019,0.135960514461711,0.136420525657071,-0.000460011195360127
424,800,424,1473,2.31378724984876,148,12.9851369705662,0.178187357984247,0.18523153942428,-0.00704418144003305
425,800,425,1474,2.33497526962624,132,13.2235303129234,0.17657729928174,0.165206508135169,0.0113707911465712
426,800,426,1475,2.35905221374636,140,13.9943480857343,0.168571783358109,0.175219023779725,-0.00664724042161605
427,800,427,1476,2.08718301472323,128,14.1773560171065,0.147219482405945,0.160200250312891,-0.0129807679069461
428,800,428,1477,1.72598727631591,110,13.6194346104203,0.126729730395368,0.137672090112641,-0.0109423597172726
429,800,429,1478,1.93769349488486,126,14.1476617107003,0.136962102608046,0.157697121401752,-0.0207350187937062
430,800,430,1479,2.05783416476545,120,13.7130035022996,0.150064438065692,0.150187734668335,-0.000123296602643624
431,800,431,1480,1.78745369748562,113,12.651511276994,0.141283808578347,0.141426783479349,-0.000142974901001736
432,800,432,1481,1.73391718215817,117,13.5038267148768,0.128401912936868,0.146433041301627,-0.0180311283647586
433,800,433,1482,1.69502921026347,107,11.887742023701,0.142586305026137,0.133917396745932,0.008668908280205
434,800,434,1483,2.04962187606954,128,12.6389223385226,0.162167455513389,0.160200250312891,0.00196720520049798
435,800,435,1484,2.16195897993547,139,14.3325991965878,0.15084207339379,0.173967459324155,-0.023125385930365
436,800,436,1485,2.19889044390749,143,12.607681727625,0.174408784375437,0.178973717146433,-0.00456493277099598
437,800,437,1486,1.80354186636675,133,12.9276598405242,0.139510312664107,0.166458072590738,-0.0269477599266314
438,800,438,1487,1.80842029177785,118,13.133172843023,0.137698659219168,0.147684605757196,-0.0099859465380289
439,800,439,1488,2.37110734505869,138,14.3047650889332,0.165756468583541,0.172715894868586,-0.00695942628504448
440,800,440,1489,2.16424360134221,160,12.3659344139667,0.175016584181282,0.200250312891114,-0.025233728709832
441,800,441,1490,2.07130554420572,143,13.4265687372992,0.154269164723493,0.178973717146433,-0.0247045524229399
442,800,442,1491,1.70927420623083,109,13.1341729112737,0.130139462741783,0.136420525657071,-0.00628106291528874
443,800,443,1492,2.13327274375945,128,13.7548187728478,0.155092755418236,0.160200250312891,-0.00510749489465476
444,800,444,1493,2.04594264442256,139,13.2833184312019,0.154023458446703,0.173967459324155,-0.0199440008774517
445,800,445,1494,2.12068302025519,132,13.9958780792021,0.151521970129658,0.165206508135169,-0.0136845380055108
446,800,446,1495,2.18404273478691,131,13.8665483452512,0.157504425788474,0.1639549436796,-0.00645051789112519
447,800,447,1496,1.85054860505763,128,13.2517551296102,0.139645547850692,0.160200250312891,-0.0205547024621995
448,800,448,1497,2.01209452484038,135,12.6471936032035,0.159094150684206,0.168961201501877,-0.00986705081767142
449,800,449,1498,2.19290697777717,134,13.9016772204145,0.157744058001642,0.167709637046308,-0.00996557904466566
450,800,450,1499,2.25970775671979,155,14.5849136903255,0.154934599182353,0.193992490613267,-0.0390578914309136
451,800,451,1500,2.05177814867929,127,13.8264010685712,0.148395677118263,0.158948685857322,-0.0105530087390587
452,800,452,1501,1.72733891568822,116,13.5110042506162,0.127846819055619,0.145181476846058,-0.0173346577904389
453,800,453,1502,1.9824304353997,135,12.5193418461336,0.158349413233088,0.168961201501877,-0.0106117882687894
454,800,454,1503,1.94368542357124,113,13.6132999875438,0.142778417088416,0.141426783479349,0.00135163360906632
455,800,455,1504,1.82511069878231,112,13.7151587435038,0.13307251727194,0.14017521902378,-0.00710270175184013
456,800,456,1505,2.50574658851419,160,14.0410707191512,0.178458369638186,0.200250312891114,-0.0217919432529277
457,800,457,1506,1.74890512481658,108,13.6332400070626,0.128282427648202,0.135168961201502,-0.00688653355330024
458,800,458,1507,2.36433307733216,154,13.9104071641469,0.1699686464553,0.192740926157697,-0.0227722797023966
459,800,459,1508,2.02367398157374,142,12.6410305203435,0.160087737967012,0.177722152690864,-0.0176344147238519
460,800,460,1509,1.88757748561042,142,12.3912171743029,0.152331886291599,0.177722152690864,-0.0253902663992643
461,800,461,1510,2.06381701921564,145,12.7915611258532,0.161342075365956,0.181476846057572,-0.0201347706916159
462,800,462,1511,1.98401192734368,121,13.1969052338593,0.150339181208432,0.151439299123905,-0.00110011791547282
463,800,463,1512,2.4392122451726,142,14.0001927684151,0.17422704712149,0.177722152690864,-0.00349510556937357
464,800,464,1513,2.3008260907198,134,13.5874889436479,0.169334164705646,0.167709637046308,0.00162452765933763
465,800,465,1514,1.80534448890976,110,13.2960847890235,0.135780157659656,0.137672090112641,-0.00189193245298463
466,800,466,1515,2.43620076871929,146,14.4184384804549,0.168964258648515,0.182728410513141,-0.0137641518646263
467,800,467,1516,2.56434021038845,143,14.3927923656605,0.17816835991511,0.178973717146433,-0.00080535723132269
468,800,468,1517,2.52506730723448,158,13.4858835210605,0.187237810803508,0.197747183979975,-0.0105093731764665
469,800,469,1518,2.14705441646641,134,13.9854427188152,0.1535206614216,0.167709637046308,-0.0141889756247077
470,800,470,1519,2.1223765343653,132,13.161266857717,0.161259288889874,0.165206508135169,-0.00394721924529495
471,800,471,1520,2.11764390155299,134,12.4830855145328,0.169641063428399,0.167709637046308,0.00193142638209126
472,800,472,1521,2.00338601318127,118,14.4164251658043,0.138965519547336,0.147684605757196,-0.00871908620986081
473,800,473,1522,2.44416850371997,157,13.8129997454683,0.176946973775327,0.196495619524406,-0.0195486457490785
474,800,474,1523,2.14599254312329,132,14.2339975050969,0.15076527464297,0.165206508135169,-0.0144412334921989
475,800,475,1524,2.53499744130192,153,14.2245657758106,0.178212641514356,0.191489361702128,-0.0132767201877717
476,800,476,1525,1.98250300940428,137,12.0499071110876,0.164524339576037,0.171464330413016,-0.00693999083697883
477,800,477,1526,2.26438578708357,134,14.3784397423385,0.157484805560363,0.167709637046308,-0.0102248314859451
478,800,478,1527,2.00591424444249,125,13.4359197404187,0.149294896307559,0.156445556946183,-0.00715066063862366
479,800,479,1528,1.96821088586913,126,14.0207301389142,0.140378629812324,0.157697121401752,-0.0173184915894284
480,800,480,1529,2.10340479211696,120,13.4569563631888,0.156306131590853,0.150187734668335,0.00611839692251753
481,800,481,1530,2.59618840965373,174,13.6855890056863,0.189702351033268,0.217772215269086,-0.0280698642358185
482,800,482,1531,2.01186615232387,128,12.6414135462166,0.159148828172463,0.160200250312891,-0.00105142214042811
483,800,483,1532,2.16969560435053,158,12.3165192630738,0.17616142661795,0.197747183979975,-0.0215857573620253
484,800,484,1533,2.00923562034322,125,14.011240616876,0.143401692632641,0.156445556946183,-0.0130438643135419
485,800,485,1534,1.7190680196943,108,12.4596558465701,0.13797074661316,0.135168961201502,0.00280178541165851
486,800,486,1535,2.33854430236403,148,13.9039717100443,0.168192538875396,0.18523153942428,-0.0170390005488843
487,800,487,1536,1.88044251323108,138,12.3234481914295,0.152590612953512,0.172715894868586,-0.0201252819150733
488,800,488,1537,2.44465230269463,141,14.0516960461408,0.173975603704154,0.176470588235294,-0.00249498453113969
489,800,489,1538,2.018464988578,119,13.003599779745,0.155223555228303,0.148936170212766,0.00628738501553716
490,800,490,1539,2.23713143102297,158,12.6571145610056,0.176748928062577,0.197747183979975,-0.0209982559173983
491,800,491,1540,2.14588721951322,125,14.1214594684705,0.151959308760148,0.156445556946183,-0.0044862481860351
492,800,492,1541,2.30608324829783,147,13.4593968059338,0.171336299950764,0.183979974968711,-0.0126436750179468
493,800,493,1542,1.9470097326319,119,12.9638867613294,0.150187190653325,0.148936170212766,0.00125102044055914
494,800,494,1543,2.0158801589169,121,13.0694473436795,0.154243718644447,0.151439299123905,0.00280441952054181
495,800,495,1544,1.95120080330421,112,13.9447922021963,0.139923261315927,0.14017521902378,-0.000251957707852551
496,800,496,1545,2.35698793458494,140,13.6325407930595,0.172894251362513,0.175219023779725,-0.00232477241721196
497,800,497,1546,1.77823173530278,129,12.3364490919592,0.144144536409736,0.161451814768461,-0.0173072783587241
498,800,498,1547,2.06586926439237,140,13.8683314784994,0.148963072276947,0.175219023779725,-0.0262559515027777
499,800,499,1548,2.07096620494827,117,13.9397920139605,0.14856507205231,0.146433041301627,0.0021320307506833
500,800,500,1549,2.28245842061335,149,13.491997374321,0.169171276667863,0.18648310387985,-0.0173118272119864
501,800,501,1550,2.04925070685267,133,13.4015961955324,0.152910942618597,0.166458072590738,-0.0135471299721416
502,800,502,1551,2.07370248012427,129,13.6111087936411,0.152353677541176,0.161451814768461,-0.00909813722728414
503,800,503,1552,2.30799326438212,149,14.1364069810086,0.163265903951603,0.18648310387985,-0.0232171999282472
504,800,504,1553,2.06229008695359,158,14.1315721302821,0.14593493688748,0.197747183979975,-0.0518122470924949
505,800,505,1554,1.70223647472551,114,11.4593551668134,0.148545572586425,0.142678347934919,0.00586722465150666
506,800,506,1555,2.14083800602088,138,13.2708568728453,0.161318747277084,0.172715894868586,-0.0113971475915016
507,800,507,1556,2.04502107520764,131,13.9095074981001,0.147023255531295,0.1639549436796,-0.0169316881483049
508,800,508,1557,2.4245017342699,134,15.262772085394,0.158850680643399,0.167709637046308,-0.00885895640290879
509,800,509,1558,2.12024765685809,109,14.1466128014684,0.149876700989371,0.136420525657071,0.0134561753323001
510,800,510,1559,2.18878378506151,137,11.7024735404857,0.187035995209837,0.171464330413016,0.0155716647968203
511,800,511,1560,1.87550890245058,120,13.5101223575088,0.138822495668086,0.150187734668335,-0.0113652390002491
512,800,512,1561,2.24019547544691,141,13.1795127291023,0.169975591775881,0.176470588235294,-0.00649499645941354
513,800,513,1562,1.69086510908829,103,13.4608186064729,0.125613839582921,0.128911138923655,-0.0032972993407332
514,800,514,1563,2.69204535954952,172,13.2912273856058,0.202543021908193,0.215269086357947,-0.0127260644497548
515,800,515,1564,2.01375535316459,119,13.8467444302023,0.145431683477325,0.148936170212766,-0.00350448673544129
516,800,516,1565,2.02308305831153,128,14.0651874473807,0.143836195989573,0.160200250312891,-0.0163640543233183
517,800,517,1566,2.09417651942887,143,13.9879270991146,0.149713142239741,0.178973717146433,-0.0292605749066917
518,800,518,1567,2.05334129717695,126,13.2031421628509,0.155519138690663,0.157697121401752,-0.00217798271108946
519,800,519,1568,1.94617755424237,112,12.9028182162556,0.150833525019401,0.14017521902378,0.0106583059956212
520,800,520,1569,1.82944523759001,135,11.9896789894799,0.1525850057533,0.168961201501877,-0.0163761957485773
521,800,521,1570,2.01658717742652,129,12.950290619444,0.155717523002824,0.161451814768461,-0.00573429176563686
522,800,522,1571,1.79131759487681,110,13.186214849743,0.135847748219552,0.137672090112641,-0.00182434189308839
523,800,523,1572,1.80847876378866,123,11.9003185838951,0.15196893688511,0.153942428035044,-0.00197349114993392
524,800,524,1573,1.96084577007188,114,13.7899410858779,0.142193919311225,0.142678347934919,-0.000484428623693411
525,800,525,1574,2.26400426364241,154,13.2899239898068,0.170354944496211,0.192740926157697,-0.022385981661486
526,800,526,1575,2.19276875921005,150,12.8152422473926,0.171106305825486,0.187734668335419,-0.0166283625099333
527,800,527,1576,1.93690453564061,115,12.7021326109357,0.152486562293726,0.143929912390488,0.00855664990323773
528,800,528,1577,1.7428138061426,116,12.6756339639782,0.137493226066274,0.145181476846058,-0.00768825077978316
529,800,529,1578,2.62955249384379,160,14.3845095273335,0.182804459814713,0.200250312891114,-0.0174458530764011
530,800,530,1579,2.04473628613483,130,13.5650446123399,0.150735684589991,0.16270337922403,-0.0119676946340391
531,800,531,1580,1.97397800119718,130,14.1435171690774,0.139567688687293,0.16270337922403,-0.0231356905367368
532,800,532,1581,1.99811718944234,133,13.2626086581509,0.150657931704434,0.166458072590738,-0.0158001408863043
533,800,533,1582,2.01264899559529,138,12.7380413105517,0.158003019972002,0.172715894868586,-0.0147128748965834
534,800,534,1583,2.100527746356,126,14.1380173595157,0.148573006592203,0.157697121401752,-0.00912411480954939
535,800,535,1584,2.09603143544688,122,13.714184909835,0.152836748901039,0.152690863579474,0.000145885321564593
536,800,536,1585,1.92720933974681,121,13.2897655002867,0.145014548202919,0.151439299123905,-0.00642475092098629
537,800,537,1586,2.15222017118735,118,13.8192377055792,0.155740874933966,0.147684605757196,0.00805626917676963
538,800,538,1587,2.1268456175947,132,12.7948668466589,0.166226475279817,0.165206508135169,0.00101996714464825
539,800,539,1588,2.05550949258136,158,12.3610816390497,0.166288804863794,0.197747183979975,-0.031458379116181
540,800,540,1589,2.13405791808859,132,13.2029782814647,0.161634585212076,0.165206508135169,-0.00357192292309289
541,800,541,1590,1.77274610362306,111,13.4667680811775,0.131638570809044,0.13892365456821,-0.00728508375916612
542,800,542,1591,1.90124556342271,113,13.4900455471667,0.140936926919571,0.141426783479349,-0.00048985655977854
543,800,543,1592,1.94444142429317,120,13.4584632446164,0.14447722514463,0.150187734668335,-0.00571050952370528
544,800,544,1593,2.04255712988382,111,13.6779785921635,0.149331797540176,0.13892365456821,0.0104081429719656
545,800,545,1594,1.95342427432236,116,12.6647683368392,0.154240821653267,0.145181476846058,0.00905934480720982
546,800,546,1595,1.9326083006593,115,13.6939705509391,0.1411284107462,0.143929912390488,-0.00280150164428772
547,800,547,1596,2.1769130101141,147,13.9122445439708,0.156474607906279,0.183979974968711,-0.0275053670624314
548,800,548,1597,2.46828656500863,183,13.2998899692616,0.185586991374611,0.229036295369212,-0.0434493039946002
549,800,549,1598,2.32276093158838,128,14.1265325184805,0.164425412149069,0.160200250312891,0.00422516183617758
550,800,550,1599,1.53996526059105,118,11.4210382080278,0.134835838261063,0.147684605757196,-0.0128487674961337
551,800,551,1600,2.05667672230818,128,13.4930072359917,0.152425377555726,0.160200250312891,-0.00777487275716468
552,800,552,1601,2.0627911902636,138,14.0735623972698,0.146572071237895,0.172715894868586,-0.0261438236306904
553,800,553,1602,2.00240125088914,119,12.5676526480466,0.159329773583484,0.148936170212766,0.0103936033707181
554,800,554,1603,2.0052661342224,131,12.8912731692127,0.155552217992823,0.1639549436796,-0.00840272568677639
555,800,555,1604,2.04950043580906,106,13.5419667290899,0.151344370932951,0.132665832290363,0.0186785386425884
556,800,556,1605,2.06014944346106,122,13.2054367701433,0.156007671637105,0.152690863579474,0.00331680805763032
557,800,557,1606,1.94005645561521,126,14.6328080808753,0.132582648859505,0.157697121401752,-0.0251144725422472
558,800,558,1607,2.03870816834869,127,12.9618875754672,0.157284821094061,0.158948685857322,-0.00166386476326114
559,800,559,1608,1.83330953849948,118,13.6308958591055,0.134496628647839,0.147684605757196,-0.0131879771093575
560,800,560,1609,2.14404156911522,132,13.5019562892117,0.1587948829925,0.165206508135169,-0.00641162514266863
561,800,561,1610,1.63078815420629,120,11.6346458693375,0.140166548472622,0.150187734668335,-0.0100211861957131
562,800,562,1611,1.71870912967116,122,13.1874696591777,0.130328954233843,0.152690863579474,-0.0223619093456317
563,800,563,1612,1.99335870785393,133,13.3497575257382,0.149317971057583,0.166458072590738,-0.0171401015331551
564,800,564,1613,2.25815241551758,125,13.4766294818493,0.167560621782986,0.156445556946183,0.0111150648368029
565,800,565,1614,1.88030694740971,115,13.224617240528,0.142182334143278,0.143929912390488,-0.00174757824720997
566,800,566,1615,1.95740636490845,121,14.1704047101869,0.138133412908193,0.151439299123905,-0.0133058862157116
567,800,567,1616,1.71235102511106,112,12.7292133334242,0.134521354954024,0.14017521902378,-0.00565386406975563
568,800,568,1617,2.66965940078559,159,14.552631212084,0.183448571043895,0.198998748435544,-0.0155501773916495
569,800,569,1618,2.28578650444226,129,12.9250796900979,0.176848929310157,0.161451814768461,0.0153971145416962
570,800,570,1619,1.91644469917672,137,13.1274586672812,0.145987486820526,0.171464330413016,-0.02547684359249
571,800,571,1620,1.92786117271466,134,12.9185068968992,0.14923250713884,0.167709637046308,-0.0184771299074681
572,800,572,1621,1.85014179471871,115,13.6822821992047,0.135221724547258,0.143929912390488,-0.00870818784323027
573,800,573,1622,2.0259284086156,127,13.7652021061231,0.147177527289223,0.158948685857322,-0.0117711585680988
574,800,574,1623,1.87818425511063,115,14.0613387159925,0.133570799555131,0.143929912390488,-0.0103591128353571
575,800,575,1624,1.68922974164114,107,13.316631610162,0.126851128054941,0.133917396745932,-0.0070662686909912
576,800,576,1625,2.45980162743313,157,13.2329609494024,0.1858844469381,0.196495619524406,-0.0106111725863056
577,800,577,1626,2.05448761902857,128,13.2120102282082,0.155501515934506,0.160200250312891,-0.00469873437838519
578,800,578,1627,2.01486393180609,143,12.2361127576697,0.164665361598858,0.178973717146433,-0.0143083555475746
579,800,579,1628,2.31744491515669,150,13.4641724263217,0.172119372938674,0.187734668335419,-0.0156152953967448
580,800,580,1629,2.14054177157383,111,14.033963868743,0.152525814630415,0.13892365456821,0.0136021600622046
581,800,581,1630,2.4320803676425,146,13.1057583524401,0.185573417595456,0.182728410513141,0.00284500708231442
582,800,582,1631,2.18501830174422,149,12.787589611574,0.17087022403085,0.18648310387985,-0.0156128798489995
583,800,583,1632,2.23733438606855,123,14.2543555855675,0.156957946828115,0.153942428035044,0.00301551879307149
584,800,584,1633,1.9936251361648,122,13.968689115737,0.142720989754064,0.152690863579474,-0.0099698738254102
585,800,585,1634,2.06569518308189,137,12.4234191733597,0.166274288443192,0.171464330413016,-0.005190041969824
586,800,586,1635,2.20220337350953,121,14.5326597093711,0.151534778736303,0.151439299123905,9.54796123976698e-05
587,800,587,1636,2.2841396954671,152,13.4965925816999,0.169238248961014,0.190237797246558,-0.0209995482855445
588,800,588,1637,2.01572357536422,124,14.6024189774207,0.138040387587911,0.155193992490613,-0.0171536049027026
589,800,589,1638,2.09535775957861,125,13.9827559603514,0.149852987888802,0.156445556946183,-0.00659256905738095
590,800,590,1639,2.51869279375395,150,14.0792579846172,0.178893859073101,0.187734668335419,-0.00884080926231806
591,800,591,1640,1.78214172944798,128,13.2108503413397,0.13489985000218,0.160200250312891,-0.0253004003107112
592,800,592,1641,1.77733244632764,114,12.874149820326,0.138054354744384,0.142678347934919,-0.00462399319053425
593,800,593,1642,2.19749574716022,134,14.0159531925132,0.156785322908616,0.167709637046308,-0.0109243141376921
594,800,594,1643,2.03081361850103,130,13.4597102192455,0.150880931715547,0.16270337922403,-0.011822447508483
595,800,595,1644,2.18234105689068,129,13.0351672159594,0.167419490731102,0.161451814768461,0.00596767596264139
596,800,596,1645,2.01503520423978,142,13.3158441603476,0.151326132986764,0.177722152690864,-0.0263960197040998
597,800,597,1646,2.3810057254244,147,13.0376262244102,0.182625708425853,0.183979974968711,-0.00135426654285742
598,800,598,1647,2.11259361745812,137,13.6704409244932,0.154537342952341,0.171464330413016,-0.0169269874606755
599,800,599,1648,2.08486415139948,125,13.3751185952947,0.155876311417001,0.156445556946183,-0.000569245529181361
600,800,600,1649,2.05901004617501,123,13.2579584236596,0.155303703660783,0.153942428035044,0.00136127562573943
601,800,601,1650,2.23658013342978,113,15.1264341982144,0.147859046231385,0.141426783479349,0.00643226275203582
602,800,602,1651,2.05537823809989,136,13.0873294276365,0.157051004902463,0.170212765957447,-0.0131617610549842
603,800,603,1652,1.967397576185,121,13.3431822179074,0.147445904886514,0.151439299123905,-0.00399339423739059
604,800,604,1653,2.0061060299683,126,14.3319421638115,0.139974471501411,0.157697121401752,-0.0177226499003415
605,800,605,1654,2.32173575213592,165,13.291369555725,0.174679948699183,0.206508135168961,-0.031828186469778
606,800,606,1655,2.39883704578207,144,13.9211615986018,0.172315868097028,0.180225281602002,-0.00790941350497498
607,800,607,1656,1.92859387333013,136,13.0333164507697,0.147974146151898,0.170212765957447,-0.0222386198055491
608,800,608,1657,1.98475414948077,108,14.5782576196685,0.136144812450221,0.135168961201502,0.000975851248719434
609,800,609,1658,2.16084560935432,130,14.0750510802607,0.153523109581091,0.16270337922403,-0.00918026964293853
610,800,610,1659,2.30169737063583,136,13.2995872952563,0.173065322971097,0.170212765957447,0.00285255701365045
611,800,611,1660,2.07887722839269,112,14.2709657651982,0.145671797031588,0.14017521902378,0.00549657800780809
612,800,612,1661,1.88255366322395,110,13.0149968806355,0.14464495692849,0.137672090112641,0.00697286681584952
613,800,613,1662,2.02652032107396,113,14.6649873140324,0.13818766274246,0.141426783479349,-0.00323912073688901
614,800,614,1663,2.09998737651847,120,14.8688653255652,0.141233868929312,0.150187734668335,-0.00895386573902321
615,800,615,1664,2.16733486493466,157,13.4117613431354,0.161599569921066,0.196495619524406,-0.0348960496033395
616,800,616,1665,2.09958113377454,130,13.4986420172456,0.155540174418445,0.16270337922403,-0.00716320480558491
617,800,617,1666,2.47557461198767,158,13.7813493571288,0.17963223686127,0.197747183979975,-0.0181149471187046
618,800,618,1667,2.19855621852224,130,13.9682858436475,0.157396279194995,0.16270337922403,-0.00530710002903487
619,800,619,1668,2.01608639108584,143,12.9685291620267,0.155459911135425,0.178973717146433,-0.023513806011008
620,800,620,1669,2.08597101317477,135,13.9872660857409,0.149133576239126,0.168961201501877,-0.0198276252627518
621,800,621,1670,2.14601071311448,109,12.8944781185047,0.166428659879982,0.136420525657071,0.0300081342229107
622,800,622,1671,1.86442389454941,114,13.2060641583678,0.141179375792147,0.142678347934919,-0.00149897214277203
623,800,623,1672,2.11636385151458,141,12.5308397502254,0.168892420117056,0.176470588235294,-0.00757816811823786
624,800,624,1673,2.14083765899623,127,13.9629662991753,0.15332255432878,0.158948685857322,-0.00562613152854136
625,800,625,1674,1.80340073181838,130,12.8105041746856,0.140775156639192,0.16270337922403,-0.0219282225848384
626,800,626,1675,1.79698243070322,112,12.7959777888908,0.140433381516442,0.14017521902378,0.000258162492661917
627,800,627,1676,1.9457798931317,129,12.8589620633756,0.151317025708755,0.161451814768461,-0.0101347890597058
628,800,628,1677,2.20873560929336,140,14.0011030482915,0.157754399898006,0.175219023779725,-0.0174646238817185
629,800,629,1678,2.30950491328837,149,14.9711225875142,0.154263977185951,0.18648310387985,-0.032219126693899
630,800,630,1679,2.21239851262036,125,13.459241639736,0.164377650081611,0.156445556946183,0.00793209313542806
631,800,631,1680,2.43316200026325,178,13.4261564117154,0.181225506812964,0.222778473091364,-0.0415529662784004
632,800,632,1681,2.20067607063927,135,14.2512381487571,0.154419991278526,0.168961201501877,-0.0145412102233517
633,800,633,1682,2.2377694902894,141,14.6302878889773,0.152954576647488,0.176470588235294,-0.0235160115878056
634,800,634,1683,1.99541970643674,134,12.9632781399923,0.153928634785732,0.167709637046308,-0.0137810022605762
635,800,635,1684,2.23379747600799,130,14.6191928943154,0.152798960391076,0.16270337922403,-0.00990441883295406
636,800,636,1685,2.02070514446058,122,14.1712305285912,0.142592073453586,0.152690863579474,-0.0100987901258881
637,800,637,1686,2.0398976173238,133,14.277786015724,0.142872124226913,0.166458072590738,-0.0235859483638255
638,800,638,1687,1.84802066762206,134,12.4450478603204,0.148494460476465,0.167709637046308,-0.0192151765698429
639,800,639,1688,1.97631552662443,124,13.3439978744422,0.14810520394414,0.155193992490613,-0.00708878854647377
640,800,640,1689,2.09850187036474,150,13.2876895135191,0.15792827400352,0.187734668335419,-0.0298063943318995
641,800,641,1690,1.74852557976961,111,12.9488537254651,0.135033232812799,0.13892365456821,-0.00389042175541157
642,800,642,1691,1.75162207798922,126,12.628711322325,0.138701569248219,0.157697121401752,-0.0189955521535334
643,800,643,1692,2.17520233020631,122,13.340150216581,0.163056809323082,0.152690863579474,0.0103659457436072
644,800,644,1693,1.8763880548185,118,13.5527602978504,0.138450619178745,0.147684605757196,-0.00923398657845106
645,800,645,1694,1.8744590259042,129,13.0201262859702,0.1439662707361,0.161451814768461,-0.0174855440323604
646,800,646,1695,2.45823390405034,147,14.5364476265538,0.169108297102785,0.183979974968711,-0.0148716778659258
647,800,647,1696,2.384229052777,150,14.4561729136399,0.164928094525447,0.187734668335419,-0.0228065738099725
648,800,648,1697,2.01093599832088,138,12.8820023691337,0.156104302785974,0.172715894868586,-0.0166115920826113
649,800,649,1698,2.21506565090268,131,14.417134004312,0.153641191809702,0.1639549436796,-0.010313751869897
650,800,650,1699,2.07614073865785,128,13.7002061612402,0.151540839183249,0.160200250312891,-0.00865941112964244
651,800,651,1700,1.86727262574936,116,13.1371609389726,0.142136694101838,0.145181476846058,-0.00304478274421979
652,800,652,1701,1.80337665664957,115,13.2256174054024,0.136354818181337,0.143929912390488,-0.00757509420915062
653,800,653,1702,2.48257902625652,123,13.2291607554153,0.187659600798205,0.153942428035044,0.0337171727631614
654,800,654,1703,2.06975073445618,123,12.1170833263202,0.170812618739722,0.153942428035044,0.0168701907046784
655,800,655,1704,1.90605337697077,130,13.4035655026408,0.142204951107617,0.16270337922403,-0.0204984281164134
656,800,656,1705,2.13642156364055,141,13.289043063539,0.160765643803369,0.176470588235294,-0.0157049444319252
657,800,657,1706,2.12843966011766,123,13.0688352114549,0.162863761435454,0.153942428035044,0.00892133340041068
658,800,658,1707,1.76812844089511,117,12.7508643078175,0.138667340363043,0.146433041301627,-0.00776570093858378
659,800,659,1708,1.97629296470662,121,13.1184470334993,0.150649917605336,0.151439299123905,-0.000789381518569165
660,800,660,1709,1.92142101367925,128,12.8106882708127,0.149985775397949,0.160200250312891,-0.0102144749149422
661,800,661,1710,2.09230364230839,126,12.8920548964273,0.162294037616007,0.157697121401752,0.00459691621425445
662,800,662,1711,2.00165573219549,135,13.4691734373333,0.148610138662807,0.168961201501877,-0.0203510628390704
663,800,663,1712,2.09256704098057,108,13.6001723439568,0.153863273792291,0.135168961201502,0.0186943125907892
664,800,664,1713,2.09529325755428,143,13.5107270383385,0.155083679183852,0.178973717146433,-0.0238900379625811
665,800,665,1714,2.05474140566908,134,12.7749344612827,0.160841639688755,0.167709637046308,-0.00686799735755339
666,800,666,1715,1.7140038916587,130,12.6410185203538,0.135590647929114,0.16270337922403,-0.0271127312949161
667,800,667,1716,2.2323775917915,137,13.8536563898044,0.161139956772309,0.171464330413016,-0.0103243736407072
668,800,668,1717,1.88185528653721,110,13.8739581031415,0.135639395228612,0.137672090112641,-0.00203269488402866
669,800,669,1718,2.24337120575067,146,13.3276343069677,0.168324786986227,0.182728410513141,-0.0144036235269146
670,800,670,1719,2.11757285242482,129,13.3536682416732,0.158576116622131,0.161451814768461,-0.00287569814632929
671,800,671,1720,2.13986274849487,142,13.2482357538695,0.161520581928795,0.177722152690864,-0.0162015707620685
672,800,672,1721,2.16100885117837,118,14.4400865593815,0.149653455489461,0.147684605757196,0.00196884973226494
673,800,673,1722,1.87481016688836,126,13.5521337550098,0.138340589074787,0.157697121401752,-0.0193565323269652
674,800,674,1723,1.73731614769253,125,13.2020174143502,0.13159474746671,0.156445556946183,-0.0248508094794723
675,800,675,1724,1.86117377918596,133,12.5605455870285,0.148176189186243,0.166458072590738,-0.0182818834044952
676,800,676,1725,1.82847183425749,106,13.5045103998415,0.135397121415001,0.132665832290363,0.00273128912463849
677,800,677,1726,2.29017265863283,129,14.4625355023632,0.158352085514923,0.161451814768461,-0.00309972925353727
678,800,678,1727,2.29541111715559,120,14.4918635680195,0.158393094606624,0.150187734668335,0.00820535993828839
679,800,679,1728,2.53593605348408,148,13.918264302888,0.182202033119739,0.18523153942428,-0.00302950630454157
680,800,680,1729,2.0799667888194,133,14.4541367355045,0.143901142412073,0.166458072590738,-0.0225569301786659
681,800,681,1730,1.90902022188866,125,13.0954895246356,0.145776927108938,0.156445556946183,-0.0106686298372443
682,800,682,1731,2.13609769926494,157,12.4866102681554,0.171071063594628,0.196495619524406,-0.0254245559297778
683,800,683,1732,2.04160624209777,124,14.0680664366678,0.145123443316731,0.155193992490613,-0.010070549173882
684,800,684,1733,1.81321654573663,128,11.5886988822529,0.156464203976637,0.160200250312891,-0.00373604633625441
685,800,685,1734,2.18040761525715,138,13.7053130385632,0.159092142523272,0.172715894868586,-0.0136237523453134
686,800,686,1735,1.80878114581782,107,13.58400999891,0.133155168905424,0.133917396745932,-0.000762227840508778
687,800,687,1736,1.7669919379963,106,13.0311108996993,0.135597951057041,0.132665832290363,0.00293211876667848
688,800,688,1737,2.21620340128243,117,15.2471490123572,0.145351986754133,0.146433041301627,-0.00108105454749402
689,800,689,1738,2.12590687976651,130,13.3984615935595,0.158667983254765,0.16270337922403,-0.00403539596926528
690,800,690,1739,2.09703660142319,148,13.6030144254531,0.154159698419443,0.18523153942428,-0.0310718410048376
691,800,691,1740,2.07138440358388,151,13.3537500757956,0.155116307541084,0.188986232790989,-0.0338699252499048
692,800,692,1741,2.03403937737029,136,13.1784954727396,0.154345340982042,0.170212765957447,-0.0158674249754049
693,800,693,1742,1.90378471862731,114,13.283316299221,0.143321492595863,0.142678347934919,0.000643144660944783
694,800,694,1743,1.85615428387499,124,12.7760861094314,0.145283482592119,0.155193992490613,-0.0099105098984946
695,800,695,1744,2.06307865515575,137,12.970852614097,0.159054976302294,0.171464330413016,-0.012409354110722
696,800,696,1745,2.29719455486753,155,13.8260270560756,0.166150011536254,0.193992490613267,-0.0278424790770125
697,800,697,1746,2.27464466507943,141,14.4706214622419,0.157190530552862,0.176470588235294,-0.0192800576824325
698,800,698,1747,2.06564687168381,131,13.7013633193168,0.150762141222223,0.1639549436796,-0.0131928024573769
699,800,699,1748,1.82174170465354,109,13.5403769460891,0.134541432037438,0.136420525657071,-0.00187909361963351
700,800,700,1749,2.18160861610153,128,12.9376178666342,0.168625216681337,0.160200250312891,0.00842496636844559
701,800,701,1750,2.15491082193118,137,14.1490254802752,0.152301006520576,0.171464330413016,-0.0191633238924403
702,800,702,1751,1.93545398118245,117,13.3953441839404,0.144487066148166,0.146433041301627,-0.00194597515346079
703,800,703,1752,1.97635340631008,118,13.9111319100035,0.142069920628737,0.147684605757196,-0.00561468512845989
704,800,704,1753,2.37076415753462,139,13.2574142730258,0.178825531790033,0.173967459324155,0.00485807246587799
705,800,705,1754,1.79865086774879,109,13.526652166716,0.132970881898966,0.136420525657071,-0.00344964375810494
706,800,706,1755,2.32665749006745,141,13.6330257579459,0.170663323856141,0.176470588235294,-0.00580726437915269
707,800,707,1756,2.08638817906235,119,13.5236649506645,0.15427683151525,0.148936170212766,0.00534066130248387
708,800,708,1757,1.99463190744778,126,13.7498185275561,0.145066053304655,0.157697121401752,-0.012631068097097
709,800,709,1758,2.26101291044065,145,14.1468560718493,0.159824408968139,0.181476846057572,-0.0216524370894327
710,800,710,1759,2.14285251404579,143,12.8916219077962,0.166220552337942,0.178973717146433,-0.0127531648084913
711,800,711,1760,1.89194466611769,124,13.1024101573877,0.144396690638701,0.155193992490613,-0.010797301851912
712,800,712,1761,1.948613249403,118,13.7458528049527,0.141760084081571,0.147684605757196,-0.00592452167562529
713,800,713,1762,2.00231213293677,128,13.5874320190219,0.147365015709636,0.160200250312891,-0.0128352346032547
714,800,714,1763,2.04159477556178,123,12.714546662504,0.160571574414254,0.153942428035044,0.00662914637921061
715,800,715,1764,2.08876533724202,152,12.9282354820369,0.161566158053374,0.190237797246558,-0.0286716391931838
716,800,716,1765,1.82393003797922,136,11.7791834424733,0.154843503956523,0.170212765957447,-0.0153692620009239
717,800,717,1766,2.34197259189335,158,13.4042261080972,0.174718970942949,0.197747183979975,-0.023028213037026
718,800,718,1767,2.58386511265417,144,13.2144570816176,0.195533202514127,0.180225281602002,0.0153079209121242
719,800,719,1768,1.95658739987032,125,13.1176406326117,0.14915696005622,0.156445556946183,-0.00728859688996256
720,800,720,1769,1.98091946326239,130,13.7209088175105,0.144372321805269,0.16270337922403,-0.0183310574187606
721,800,721,1770,1.81292157070568,113,12.697275604193,0.142780359127355,0.141426783479349,0.00135357564800601
722,800,722,1771,2.0996538530242,138,13.9463365845727,0.150552357623924,0.172715894868586,-0.0221635372446617
723,800,723,1772,2.12747684558259,124,13.8932005797431,0.153130794691364,0.155193992490613,-0.00206319779924904
724,800,724,1773,2.00801370009138,122,13.2239612588663,0.151846610919634,0.152690863579474,-0.000844252659840727
725,800,725,1774,2.05108351741339,123,12.9261017027352,0.158677655845721,0.153942428035044,0.00473522781067695
726,800,726,1775,2.14785419829756,138,14.3472985771155,0.149704432981097,0.172715894868586,-0.0230114618874891
727,800,727,1776,2.31371599282082,152,13.1545321448877,0.175887364699626,0.190237797246558,-0.0143504325469318
728,800,728,1777,2.31116737313895,130,13.8612094215102,0.166736343334688,0.16270337922403,0.00403296411065837
729,800,729,1778,2.1746768782903,132,13.9063030812027,0.156380661746819,0.165206508135169,-0.0088258463883503
730,800,730,1779,2.33213001317523,135,13.808739633765,0.168887970591663,0.168961201501877,-7.32309102143003e-05
731,800,731,1780,2.16646569012164,147,12.6980203072459,0.170614445220676,0.183979974968711,-0.0133655297480347
732,800,732,1781,1.99181984628365,118,13.4183597276973,0.148439890322232,0.147684605757196,0.000755284565035458
733,800,733,1782,1.9869332793991,129,14.1043669017757,0.140873623980169,0.161451814768461,-0.0205781907882912
734,800,734,1783,2.1386321124201,132,13.2719430369033,0.16113933781011,0.165206508135169,-0.0040671703250594
735,800,735,1784,2.50579159518739,146,14.8272153120522,0.168999474442823,0.182728410513141,-0.0137289360703186
736,800,736,1785,1.95691273195552,129,13.0779384016033,0.149634649733143,0.161451814768461,-0.0118171650353175
737,800,737,1786,2.26046625353282,151,13.1305817351958,0.172152787981492,0.188986232790989,-0.0168334448094962
738,800,738,1787,2.1540832186023,126,12.6212184245584,0.170671574339517,0.157697121401752,0.0129744529377644
739,800,739,1788,2.17524600989154,143,13.6975078479883,0.158805969234104,0.178973717146433,-0.0201677479123288
740,800,740,1789,2.14399626394614,141,12.3732513448433,0.173276708295405,0.176470588235294,-0.00319387993988882
741,800,741,1790,2.1138632534156,122,14.1002787102502,0.149916416324375,0.152690863579474,-0.00277444725509887
742,800,742,1791,1.98223534718843,120,13.4856837574329,0.14698812331973,0.150187734668335,-0.00319961134860547
743,800,743,1792,1.67457021794444,109,14.0230116946523,0.119415875448712,0.136420525657071,-0.0170046502083589
744,800,744,1793,2.01823643193302,123,13.4514680977495,0.150038376277358,0.153942428035044,-0.00390405175768585
745,800,745,1794,2.07666572643003,123,14.0309613040143,0.148005947806006,0.153942428035044,-0.00593648022903792
746,800,746,1795,2.20825306239856,148,13.5296905067743,0.163215341939484,0.18523153942428,-0.0220161974847963
747,800,747,1796,2.394549990255,153,13.6898431082301,0.174914348639645,0.191489361702128,-0.0165750130624827
748,800,748,1797,2.14693295537565,137,12.2886523219424,0.174708576589975,0.171464330413016,0.00324424617695915
749,800,749,1798,2.14237899740443,136,13.6130958936082,0.157376324544247,0.170212765957447,-0.0128364414132003
750,800,750,1799,2.15288032604813,153,12.6702919343848,0.169915605512262,0.191489361702128,-0.0215737561898655
751,800,751,1800,2.09516164086431,128,14.0696309604642,0.148913759483226,0.160200250312891,-0.0112864908296652
752,800,752,1801,1.83021685359878,118,12.9569194751966,0.141254011580636,0.147684605757196,-0.00643059417656067
753,800,753,1802,2.0048479246019,134,12.6742901045242,0.158182265678631,0.167709637046308,-0.00952737136767648
754,800,754,1803,2.38067493186507,172,13.9746637632113,0.170356508908091,0.215269086357947,-0.0449125774498569
755,800,755,1804,2.40407045140212,149,13.7198544101879,0.175225653241403,0.18648310387985,-0.0112574506384473
756,800,756,1805,1.72553867091847,116,12.737404004048,0.135470200236256,0.145181476846058,-0.00971127660980131
757,800,757,1806,1.85683148083137,143,12.13831486953,0.152972756168359,0.178973717146433,-0.0260009609780741
758,800,758,1807,1.92725682287133,116,14.015414064343,0.137509802708899,0.145181476846058,-0.00767167413715883
759,800,759,1808,2.04921475687741,127,14.5745710216866,0.140602063266784,0.158948685857322,-0.0183466225905379
760,800,760,1809,2.32660306500036,164,13.122253999796,0.17730209040585,0.205256570713392,-0.0279544803075414
761,800,761,1810,2.00580695601227,142,12.7864655178577,0.156869539374344,0.177722152690864,-0.0208526133165195
762,800,762,1811,2.17092394109421,153,11.0849447914811,0.195844362054252,0.191489361702128,0.00435500035212455
763,800,763,1812,1.88108442504795,110,13.0409583743081,0.144244339338883,0.137672090112641,0.00657224922624247
764,800,764,1813,2.11483851314038,123,13.5208100373651,0.156413595583102,0.153942428035044,0.00247116754805843
765,800,765,1814,2.11873137805621,126,13.7299307833446,0.154314789454465,0.157697121401752,-0.00338233194728704
766,800,766,1815,1.79161543680232,112,13.2519929320553,0.135195924566831,0.14017521902378,-0.00497929445694881
767,800,767,1816,2.11873228061633,118,13.3832832045464,0.158311846819216,0.147684605757196,0.0106272410620194
768,800,768,1817,2.00324799248155,126,13.0901921456084,0.15303426948959,0.157697121401752,-0.00466285191216198
769,800,769,1818,1.95493242867271,133,13.517055750598,0.144627089267293,0.166458072590738,-0.0218309833234451
770,800,770,1819,2.01823117771573,132,13.2096212035773,0.152784939599113,0.165206508135169,-0.0124215685360558
771,800,771,1820,1.96998868256851,123,12.9117517966268,0.152573307913429,0.153942428035044,-0.00136912012161516
772,800,772,1821,1.84308243196488,114,13.7748828995164,0.133800225047981,0.142678347934919,-0.00887812288693751
773,800,773,1822,2.22540883104283,128,14.0152749690274,0.158784528734598,0.160200250312891,-0.00141572157829284
774,800,774,1823,2.13410620733099,151,13.5417386815109,0.157594697218961,0.188986232790989,-0.0313915355720279
775,800,775,1824,2.52056168040891,170,13.1278846095682,0.192000596849534,0.212765957446809,-0.0207653605972744
776,800,776,1825,2.05745804635083,134,13.5049998307147,0.152347876500636,0.167709637046308,-0.0153617605456715
777,800,777,1826,2.02528153817795,123,13.7465231943552,0.147330456548431,0.153942428035044,-0.00661197148661236
778,800,778,1827,1.9083355533505,128,13.3107670271015,0.143367812648589,0.160200250312891,-0.016832437664302
779,800,779,1828,2.61611687233054,164,14.166805423754,0.184665264615268,0.205256570713392,-0.0205913060981235
780,800,780,1829,2.49513251414638,155,13.7806299830824,0.181060845346656,0.193992490613267,-0.0129316452666104
781,800,781,1830,2.24624354179269,136,13.3355058364572,0.168440820268835,0.170212765957447,-0.00177194568861169
782,800,782,1831,2.17612047449199,126,14.4307695132662,0.150797258073555,0.157697121401752,-0.00689986332819675
783,800,783,1832,2.57336506271821,147,13.7260601193787,0.187480241259113,0.183979974968711,0.00350026629040204
784,800,784,1833,2.11269454302656,130,13.7505742572578,0.153644095402885,0.16270337922403,-0.0090592838211454
785,800,785,1834,2.23992608447896,134,14.3592980406043,0.155991335937526,0.167709637046308,-0.011718301108782
786,800,786,1835,2.00824678442683,128,12.7265425012182,0.157799872528975,0.160200250312891,-0.00240037778391572
787,800,787,1836,1.81142188033434,126,12.522380298064,0.144654757100325,0.157697121401752,-0.0130423643014274
788,800,788,1837,1.93866583168715,116,13.5532841584085,0.143040299976622,0.145181476846058,-0.0021411768694358
789,800,789,1838,1.79771818657611,122,13.206162251582,0.136127222453348,0.152690863579474,-0.0165636411261268
790,800,790,1839,2.07405862665418,149,13.1930678087617,0.157208213943747,0.18648310387985,-0.0292748899361024
791,800,791,1840,1.90068134821566,118,13.0957381223726,0.14513739740783,0.147684605757196,-0.00254720834936661
792,800,792,1841,2.41465997963406,135,13.6980983170321,0.176277022090846,0.168961201501877,0.00731582058896899
793,800,793,1842,1.89868797635582,131,12.1599661515863,0.15614253795502,0.1639549436796,-0.00781240572457959
794,800,794,1843,2.19129126886095,145,13.1878961763918,0.166159275107403,0.181476846057572,-0.0153175709501689
795,800,795,1844,2.2557146353743,131,14.1796888686915,0.159080686202846,0.1639549436796,-0.0048742574767538
796,800,796,1845,1.89829926272915,108,12.9788224406072,0.14626128613871,0.135168961201502,0.0110923249372079
797,800,797,1846,2.32143250252274,146,13.4735166669275,0.172295961025602,0.182728410513141,-0.0104324494875399
798,800,798,1847,1.99384464087542,130,12.9573576613038,0.153877410270915,0.16270337922403,-0.00882596895311544
799,800,799,1848,1.82007854596377,125,12.7490186876149,0.142762246299936,0.156445556946183,-0.0136833106462467
800,800,800,1849,2.49019382140593,145,13.5481892174004,0.183802704660169,0.181476846057572,0.00232585860259696
801,800,801,1850,1.79028159053652,107,13.5305547214291,0.132313983232421,0.133917396745932,-0.00160341351351101
802,800,802,1851,2.0085458684894,125,13.0978954702953,0.153348747746887,0.156445556946183,-0.0030968091992962
803,800,803,1852,2.05091473494211,116,13.4726520085166,0.152227989978932,0.145181476846058,0.00704651313287494
804,800,804,1853,1.9369478671278,110,13.1577155019548,0.147210043175051,0.137672090112641,0.0095379530624104
805,800,805,1854,1.81469008547939,112,13.0447760931014,0.139112398137601,0.14017521902378,-0.00106282088617826
806,800,806,1855,2.21518020090908,122,13.0937274924987,0.16917873097467,0.152690863579474,0.016487867395196
807,800,807,1856,1.86521046522068,121,13.4172852144092,0.139015489006493,0.151439299123905,-0.0124238101174122
808,800,808,1857,1.85182667910394,129,13.1482048364632,0.140842548632067,0.161451814768461,-0.0206092661363936
809,800,809,1858,1.80528496277125,121,13.8427341770801,0.130413900872294,0.151439299123905,-0.0210253982516104
810,800,810,1859,2.24697342579223,135,13.8537765288975,0.162192122928017,0.168961201501877,-0.00676907857386047
811,800,811,1860,2.00984186979469,119,12.4896990316857,0.160919960096383,0.148936170212766,0.0119837898836167
812,800,812,1861,2.05155452743859,119,12.9389112837524,0.158556966845793,0.148936170212766,0.00962079663302717
813,800,813,1862,2.05000503264625,140,12.4479389372542,0.164686302124361,0.175219023779725,-0.0105327216553633
814,800,814,1863,2.26017749896991,128,13.6381830737881,0.165724238099858,0.160200250312891,0.00552398778696683
815,800,815,1864,2.02962471703703,128,13.1672542833569,0.154141833472634,0.160200250312891,-0.00605841684025685
816,800,816,1865,2.17637812970123,139,13.9603365619981,0.155897253625361,0.173967459324155,-0.0180702056987938
817,800,817,1866,1.8589920502844,109,12.8822897105545,0.144306027271015,0.136420525657071,0.00788550161394411
818,800,818,1867,1.99127409974959,139,12.4493795841031,0.159949665467048,0.173967459324155,-0.0140177938571071
819,800,819,1868,2.3702865544412,149,14.564533496013,0.162743733267534,0.18648310387985,-0.0237393706123154
820,800,820,1869,2.27342328603645,122,14.6512369427209,0.155169375454401,0.152690863579474,0.00247851187492662
821,800,821,1870,2.02523984734434,120,13.2629280688352,0.152699301152298,0.150187734668335,0.00251156648396247
822,800,822,1871,2.00699283297187,132,13.3756925911931,0.150047769062316,0.165206508135169,-0.0151587390728533
823,800,823,1872,2.06831344177331,122,13.6439838645527,0.151591607136595,0.152690863579474,-0.00109925644287975
824,800,824,1873,2.15239433944635,122,13.8766247748635,0.155109356516237,0.152690863579474,0.00241849293676294
825,800,825,1874,2.45760927770224,149,13.665569028016,0.17983951291482,0.18648310387985,-0.00664359096502978
826,800,826,1875,2.25922459389673,144,13.7542454975097,0.164256526779733,0.180225281602002,-0.015968754822269
827,800,827,1876,2.41693227640798,135,14.3895811824417,0.167964046052789,0.168961201501877,-0.000997155449088488
828,800,828,1877,2.0132521659339,132,12.8400336319681,0.15679492933114,0.165206508135169,-0.00841157880402915
829,800,829,1878,1.89202247765376,123,12.7467997497804,0.148431176043724,0.153942428035044,-0.0055112519913196
830,800,830,1879,2.09932285989046,155,12.1156068383879,0.173274264169651,0.193992490613267,-0.020718226443616
831,800,831,1880,1.85803035872638,102,13.7530345586338,0.135099664790703,0.127659574468085,0.00744009032261767
832,800,832,1881,2.11885864560809,128,12.8368960258637,0.165060045772672,0.160200250312891,0.00485979545978052
833,800,833,1882,1.97144279612724,120,14.3390329474531,0.13748784896107,0.150187734668335,-0.0126998857072656
834,800,834,1883,2.09113899710318,125,14.9670634170291,0.13971605109416,0.156445556946183,-0.0167295058520224
835,800,835,1884,2.50389599470184,148,14.2653996491957,0.175522316673618,0.18523153942428,-0.00970922275066283
836,800,836,1885,2.33693067641806,134,13.2334376360749,0.176592865790782,0.167709637046308,0.00888322874447431
837,800,837,1886,1.77596310069573,116,12.9669530820623,0.136960710003069,0.145181476846058,-0.00822076684298889
838,800,838,1887,1.96978303942486,131,13.1348446968975,0.149966222279744,0.1639549436796,-0.0139887213998554
839,800,839,1888,2.12469238692271,153,12.7824588045843,0.166219380747052,0.191489361702128,-0.0252699809550755
840,800,840,1889,2.45803444276894,187,13.3634469025573,0.183937157882415,0.234042553191489,-0.0501053953090744
841,800,841,1890,1.95790648706717,114,13.9913700908982,0.139936723447895,0.142678347934919,-0.0027416244870237
842,800,842,1891,2.27726156124069,137,13.0389621627465,0.174650523010722,0.171464330413016,0.00318619259770528
843,800,843,1892,1.89829099217805,130,13.0753689383036,0.145180682941734,0.16270337922403,-0.0175226962822965
844,800,844,1893,2.14353645743957,134,13.1485906683052,0.163024046569994,0.167709637046308,-0.00468559047631401
845,800,845,1894,1.80068708325013,128,12.2085646997267,0.147493757664277,0.160200250312891,-0.0127064926486139
846,800,846,1895,1.87454767650917,105,14.0624206669119,0.133301920125308,0.131414267834793,0.00188765229051416
847,800,847,1896,2.34954045523755,142,14.6015168585873,0.160910710715357,0.177722152690864,-0.0168114419755064
848,800,848,1897,1.87140706592762,128,12.2371281374733,0.152928615677144,0.160200250312891,-0.00727163463574737
849,800,849,1898,1.99278601849028,120,13.3454747420867,0.149322977039234,0.150187734668335,-0.000864757629101903
850,800,850,1899,1.84663247147786,114,13.7177324413939,0.13461645205337,0.142678347934919,-0.00806189588154885
851,800,851,1900,1.75285422288857,111,13.7908667692868,0.127102542009346,0.13892365456821,-0.0118211125588644
852,800,852,1901,2.05727385742222,128,14.5532547253954,0.141361770699462,0.160200250312891,-0.0188384796134287
853,800,853,1902,2.03094144812825,126,13.4813482968417,0.150648244033873,0.157697121401752,-0.00704887736787901
854,800,854,1903,2.16017852282628,132,13.6130522635042,0.158684362699289,0.165206508135169,-0.00652214543587981
855,800,855,1904,2.15474767416499,124,13.0899314951927,0.164611073400676,0.155193992490613,0.0094170809100631
856,800,856,1905,1.91074129003169,124,12.8305152974644,0.148921632976759,0.155193992490613,-0.00627235951385383
857,800,857,1906,1.97767918769662,163,11.8064664880747,0.167508135452229,0.204005006257822,-0.036496870805593
858,800,858,1907,2.04584803735452,124,13.0155995291794,0.157184310470523,0.155193992490613,0.00199031797990923
859,800,859,1908,1.90766003665265,122,12.8058703982183,0.148967620109451,0.152690863579474,-0.00372324347002306
860,800,860,1909,1.97660544792732,119,13.4648180321702,0.14679778391396,0.148936170212766,-0.00213838629880558
861,800,861,1910,2.15959372709288,146,13.5617397981818,0.159241642977284,0.182728410513141,-0.0234867675358578
862,800,862,1911,2.38575241828789,154,13.6337976081398,0.174988105798456,0.192740926157697,-0.0177528203592413
863,800,863,1912,1.78490674575293,122,13.4408755105287,0.132796910763347,0.152690863579474,-0.0198939528161274
864,800,864,1913,2.31868248866102,138,12.9783958720682,0.178657093797796,0.172715894868586,0.00594119892920997
865,800,865,1914,1.98058017260636,131,13.7116023118642,0.144445567159764,0.1639549436796,-0.0195093765198352
866,800,866,1915,2.1518749035567,125,12.8796397577239,0.167075705845439,0.156445556946183,0.0106301488992561
867,800,867,1916,2.06218595538486,130,13.6795494382862,0.150749552438711,0.16270337922403,-0.0119538267853189
868,800,868,1917,2.18037982385401,158,13.0991129938703,0.166452478490285,0.197747183979975,-0.03129470548969
869,800,869,1918,2.00401159558514,128,13.0348411509925,0.15374269408972,0.160200250312891,-0.00645755622317062
870,800,870,1919,1.79448041265249,116,12.8482520037858,0.13966728019685,0.145181476846058,-0.00551419664920735
871,800,871,1920,2.09009657507923,143,12.7573522188591,0.163834668763747,0.178973717146433,-0.015139048382686
872,800,872,1921,2.01224033414306,140,13.2945369455656,0.151358437107075,0.175219023779725,-0.02386058667265
873,800,873,1922,2.15124472287478,128,14.0905888434142,0.152672450156705,0.160200250312891,-0.00752780015618598
874,800,874,1923,2.03586497369717,147,13.3968988814446,0.151965390775394,0.183979974968711,-0.0320145841933169
875,800,875,1924,2.32226248107676,131,13.2658297568804,0.175055953802837,0.1639549436796,0.0111010101232374
876,800,876,1925,2.1007439011262,141,13.1756201021241,0.159441748080421,0.176470588235294,-0.017028840154873
877,800,877,1926,1.90195211862528,115,12.6106075166792,0.15082160919763,0.143929912390488,0.00689169680714194
878,800,878,1927,2.30538228989418,154,12.9199756755193,0.178435497696981,0.192740926157697,-0.014305428460716
879,800,879,1928,1.83872636454435,108,13.0361675376326,0.141048077146627,0.135168961201502,0.00587911594512511
880,800,880,1929,2.57566041718698,154,14.0146155834472,0.183783879183181,0.192740926157697,-0.00895704697451608
881,800,881,1930,1.86976127839614,129,12.7868250243346,0.146225609159256,0.161451814768461,-0.015226205609205
882,800,882,1931,2.02554234095456,140,13.1352435613047,0.154206683073744,0.175219023779725,-0.0210123407059804
883,800,883,1932,2.1537222721375,143,13.2756334798205,0.162231224250899,0.178973717146433,-0.0167424928955342
884,800,884,1933,2.27879269629207,137,13.753540744635,0.165687711884736,0.171464330413016,-0.00577661852828013
885,800,885,1934,2.01074129536151,128,13.2933008816132,0.151259744533631,0.160200250312891,-0.0089405057792597
886,800,886,1935,1.98766554696812,126,14.0968757770025,0.1410004300535,0.157697121401752,-0.0166966913482522
887,800,887,1936,2.1584555067248,127,13.4559847659028,0.160408587277409,0.158948685857322,0.0014599014200869
888,800,888,1937,1.95080780990944,134,13.3605551109168,0.14601248179542,0.167709637046308,-0.0216971552508879
889,800,889,1938,1.80041900927955,110,12.9389767639537,0.139146938905964,0.137672090112641,0.00147484879332327
890,800,890,1939,2.57320135063947,126,13.7666979318277,0.186914927848485,0.157697121401752,0.0292178064467326
891,800,891,1940,1.91336133848926,125,14.5026380412837,0.131931951486524,0.156445556946183,-0.0245136054596587
892,800,892,1941,2.21497073606963,127,12.6532351891794,0.175051732063259,0.158948685857322,0.0161030462059371
893,800,893,1942,1.81734833048137,127,13.5275711454768,0.134344023101962,0.158948685857322,-0.02460466275536
894,800,894,1943,2.6365875512492,162,14.0376614978193,0.187822419828174,0.202753441802253,-0.0149310219740793
895,800,895,1944,2.03065035901276,140,12.6898583428424,0.160021515146237,0.175219023779725,-0.0151975086334872
896,800,896,1945,2.17845555817013,143,12.809810689528,0.170061495128184,0.178973717146433,-0.0089122220182492
897,800,897,1946,2.21285385119912,135,13.3872391512705,0.165295758609729,0.168961201501877,-0.0036654428921486
898,800,898,1947,2.17306890917318,133,12.5568502203006,0.173058439899203,0.166458072590738,0.00660036730846417
899,800,899,1948,1.85445885995816,113,13.3149587206867,0.139276350671444,0.141426783479349,-0.00215043280790525
900,800,900,1949,1.72764676691982,110,13.8196117142641,0.125014132281054,0.137672090112641,-0.0126579578315866
901,800,901,1950,1.97736516060831,122,13.3705125305161,0.147890004672243,0.152690863579474,-0.00480085890723139
902,800,902,1951,1.96344413575559,113,13.0115310862859,0.150900314708164,0.141426783479349,0.00947353122881436
903,800,903,1952,1.96633973257287,141,13.2933463795235,0.14791909248688,0.176470588235294,-0.0285514957484138
904,800,904,1953,1.79030221346075,108,12.0943506883578,0.148027972695063,0.135168961201502,0.0128590114935614
905,800,905,1954,1.78295924981526,114,13.0453890355854,0.136673520808898,0.142678347934919,-0.00600482712602021
906,800,906,1955,2.43882858115376,138,13.4570682592519,0.181230304711952,0.172715894868586,0.00851440984336618
907,800,907,1956,1.66473027853346,110,12.6026727485053,0.132093430636045,0.137672090112641,-0.00557865947659597
908,800,908,1957,2.73324088313715,136,13.8006601224003,0.198051459777692,0.170212765957447,0.0278386938202447
909,800,909,1958,1.96965771655559,124,12.6697851297431,0.155461019771495,0.155193992490613,0.000267027280881321
910,800,910,1959,2.09365956638169,146,13.6875384336079,0.15296100000282,0.182728410513141,-0.0297674105103219
911,800,911,1960,2.2231935094167,131,13.1998988476199,0.168425041364432,0.1639549436796,0.00447009768483297
912,800,912,1961,2.06736036510601,129,14.8176100083771,0.139520500535325,0.161451814768461,-0.0219313142331359
913,800,913,1962,1.81097701058312,133,12.4816781579167,0.145090827344757,0.166458072590738,-0.0213672452459818
914,800,914,1963,2.075319924488,136,14.1951097713951,0.146199639024281,0.170212765957447,-0.0240131269331661
915,800,915,1964,2.34627658011263,143,13.6871581706123,0.171421748098909,0.178973717146433,-0.00755196904752375
916,800,916,1965,2.14608219576789,112,13.4723883367129,0.159294858649503,0.14017521902378,0.0191196396257236
917,800,917,1966,1.78640355729336,117,13.8991349936177,0.128526239806552,0.146433041301627,-0.0179068014950748
918,800,918,1967,1.95694976611829,122,13.6039015768454,0.143852096772674,0.152690863579474,-0.00883876680680021
919,800,919,1968,1.75079838233058,126,13.1827960419839,0.132809335497168,0.157697121401752,-0.0248877859045845
920,800,920,1969,2.3739386540669,150,13.7333173214796,0.1728598122723,0.187734668335419,-0.0148748560631189
921,800,921,1970,2.28093867274723,142,14.7712262342109,0.154417692653333,0.177722152690864,-0.0233044600375302
922,800,922,1971,2.32811322790516,152,13.0980715460083,0.177744732858377,0.190237797246558,-0.0124930643881807
923,800,923,1972,1.90074664664335,122,13.2219644702679,0.143756750437315,0.152690863579474,-0.00893411314215903
924,800,924,1973,2.12577555317239,133,13.4286273686793,0.15830177536466,0.166458072590738,-0.00815629722607863
925,800,925,1974,2.41598778318096,144,14.760866536635,0.163675200042268,0.180225281602002,-0.0165500815597344
926,800,926,1975,1.67563556561519,123,12.1725279551603,0.137657154848007,0.153942428035044,-0.0162852731870372
927,800,927,1976,2.02814856133362,128,13.6299663739199,0.1488007017548,0.160200250312891,-0.0113995485580907
928,800,928,1977,1.89053103307787,117,13.6696489610488,0.138301359344696,0.146433041301627,-0.00813168195693062
929,800,929,1978,1.78118473871253,119,12.9473715902234,0.137571145332502,0.148936170212766,-0.0113650248802636
930,800,930,1979,2.26210119197871,127,14.5998662496112,0.154939857208552,0.158948685857322,-0.00400882864877006
931,800,931,1980,2.25272642083836,141,14.2580740090756,0.157996544232022,0.176470588235294,-0.0184740440032718
932,800,932,1981,1.81526395605053,118,13.2626512564224,0.136870367843797,0.147684605757196,-0.0108142379133999
933,800,933,1982,2.56208457743126,150,14.2840823793681,0.17936641006299,0.187734668335419,-0.00836825827242915
934,800,934,1983,1.77580201308776,136,13.1239683318241,0.13530983679545,0.170212765957447,-0.0349029291619971
935,800,935,1984,2.34950995630901,169,13.4460292497956,0.174736341313903,0.211514392991239,-0.0367780516773357
936,800,936,1985,1.9958607598437,141,13.1184128908653,0.152141937934693,0.176470588235294,-0.0243286503006012
937,800,937,1986,2.06060931625705,118,13.2962408305757,0.15497683461919,0.147684605757196,0.00729222886199352
938,800,938,1987,2.06464343434225,131,13.7839169677195,0.149786409710493,0.1639549436796,-0.0141685339691069
939,800,939,1988,2.12822190324263,149,13.0906315430489,0.162575953363588,0.18648310387985,-0.0239071505162618
940,800,940,1989,2.34721388687904,169,13.445539315658,0.174571940312249,0.211514392991239,-0.0369424526789902
941,800,941,1990,2.0931258968318,138,13.7989208215506,0.151687651802658,0.172715894868586,-0.0210282430659282
942,800,942,1991,2.0050337373057,139,12.4472153230566,0.161082915758007,0.173967459324155,-0.0128845435661482
943,800,943,1992,1.86151097699817,123,13.6845073014977,0.136030544321785,0.153942428035044,-0.0179118837132589
944,800,944,1993,1.81897756081311,120,11.9437203952554,0.152295725336613,0.150187734668335,0.00210799066827733
945,800,945,1994,2.20234739049193,142,13.7190149739259,0.160532472242189,0.177722152690864,-0.0171896804486751
946,800,946,1995,1.76331752844368,113,13.324132068635,0.132340141883953,0.141426783479349,-0.00908664159539621
947,800,947,1996,1.99140612882086,127,13.6748518478203,0.145625426219026,0.158948685857322,-0.0133232596382959
948,800,948,1997,2.29470274418485,151,13.7527156142098,0.166854518667853,0.188986232790989,-0.0221317141231353
949,800,949,1998,1.97819205196995,121,12.5092239592169,0.158138670985453,0.151439299123905,0.00669937186154809
950,800,950,1999,2.01515878496788,129,13.4985449698114,0.14928711127567,0.161451814768461,-0.0121647034927905
951,800,951,2000,1.99125554707057,131,13.684988283276,0.14550655841657,0.1639549436796,-0.0184483852630295
952,800,952,2001,2.2380813366439,138,13.5830751000966,0.164769856615751,0.172715894868586,-0.00794603825283446
953,800,953,2002,2.050477365332,128,13.6970883332235,0.149701696845919,0.160200250312891,-0.0104985534669724
954,800,954,2003,2.03453884484404,107,13.8861540189414,0.1465156473181,0.133917396745932,0.012598250572168
955,800,955,2004,1.97228693950688,125,12.9388377752077,0.152431537806743,0.156445556946183,-0.00401401913943994
956,800,956,2005,2.03323256746418,129,14.1698189566392,0.143490370179466,0.161451814768461,-0.0179614445889942
957,800,957,2006,2.09319835149965,129,13.7570086281813,0.152155051150562,0.161451814768461,-0.00929676361789897
958,800,958,2007,2.13601361166804,134,14.1290214751779,0.151179160950433,0.167709637046308,-0.0165304760958754
959,800,959,2008,1.83722669426904,121,13.0303515975499,0.140995941706937,0.151439299123905,-0.0104433574169683
960,800,960,2009,1.83518082952952,111,13.399706935152,0.136956788563429,0.13892365456821,-0.0019668660047813
961,800,961,2010,2.23331042995229,126,12.5881993924177,0.177413016773271,0.157697121401752,0.0197158953715189
962,800,962,2011,2.30711903487456,145,13.7655595118847,0.167600818033053,0.181476846057572,-0.0138760280245185
963,800,963,2012,2.0256533059713,114,13.5745997591654,0.149223796053627,0.142678347934919,0.00654544811870794
964,800,964,2013,2.10167611171986,140,13.1651169563368,0.159639760033294,0.175219023779725,-0.0155792637464303
965,800,965,2014,1.95621379972229,126,12.7647127966277,0.153251689316433,0.157697121401752,-0.00444543208531895
966,800,966,2015,1.95626612083742,135,12.7277670372461,0.153700654255587,0.168961201501877,-0.0152605472462905
967,800,967,2016,2.09002521799026,140,13.5160122449358,0.154633273491844,0.175219023779725,-0.0205857502878811
968,800,968,2017,2.10042615223739,156,14.0758831892428,0.149221624248957,0.195244055068836,-0.0460224308198792
969,800,969,2018,2.13071060890148,117,13.9985947163482,0.152208893255059,0.146433041301627,0.00577585195343214
970,800,970,2019,2.08897098326748,129,13.075109570419,0.159766996369465,0.161451814768461,-0.00168481839899576
971,800,971,2020,2.10406942318587,132,13.4168508897146,0.156822896854198,0.165206508135169,-0.00838361128097065
972,800,972,2021,1.76241334482749,116,12.9277130411178,0.136328315706109,0.145181476846058,-0.00885316113994855
973,800,973,2022,2.01096093778715,147,12.9581518239896,0.155188869917717,0.183979974968711,-0.0287911050509939
974,800,974,2023,1.95224437200936,134,11.9765653153056,0.16300536260713,0.167709637046308,-0.00470427443917792
975,800,975,2024,2.02319644531785,128,14.4738815767605,0.139782575571595,0.160200250312891,-0.0204176747412957
976,800,976,2025,2.26010691329863,149,13.1278383270696,0.172161391463687,0.18648310387985,-0.0143217124161624
977,800,977,2026,1.92463244346426,111,14.0837972995832,0.13665578980757,0.13892365456821,-0.00226786476064067
978,800,978,2027,1.95436559018565,131,12.748827595418,0.153297671927736,0.1639549436796,-0.010657271751864
979,800,979,2028,1.93105748772076,127,13.6595437613095,0.141370570017898,0.158948685857322,-0.0175781158394232
980,800,980,2029,1.75980075405891,101,13.050486874438,0.134845601623172,0.126408010012516,0.00843759161065658
981,800,981,2030,1.99204281525681,132,13.0257881723125,0.152930693245195,0.165206508135169,-0.0122758148899745
982,800,982,2031,2.00439709067465,113,14.284325831505,0.140321434439266,0.141426783479349,-0.00110534904008291
983,800,983,2032,2.21842812078592,131,14.366973804023,0.154411649317877,0.1639549436796,-0.00954329436172205
984,800,984,2033,2.01767616038531,150,13.0801389142939,0.154254948942507,0.187734668335419,-0.0334797193929123
985,800,985,2034,1.97111459333939,133,12.6997707822768,0.155208674796728,0.166458072590738,-0.0112493977940102
986,800,986,2035,1.94228415686917,121,13.581770126875,0.143006702272619,0.151439299123905,-0.00843259685128617
987,800,987,2036,2.03740010465546,131,13.7823513733744,0.147826742292424,0.1639549436796,-0.0161282013871756
988,800,988,2037,2.13357357450505,139,14.216292625712,0.150079463801006,0.173967459324155,-0.0238879955231489
989,800,989,2038,2.4064423291367,147,14.6608763266932,0.164140415314415,0.183979974968711,-0.0198395596542955
990,800,990,2039,2.08926255050213,135,12.9446216525086,0.161400047570895,0.168961201501877,-0.00756115393098242
991,800,991,2040,2.1518065424265,158,13.1015384924838,0.164240752615502,0.197747183979975,-0.0335064313644728
992,800,992,2041,2.07500646586745,136,13.0983322056672,0.158417608691407,0.170212765957447,-0.0117951572660395
993,800,993,2042,1.94714358640424,105,14.1200022345982,0.137899665598718,0.131414267834793,0.00648539776392476
994,800,994,2043,1.78100706780279,117,13.1453984268756,0.135485210106797,0.146433041301627,-0.0109478311948305
995,800,995,2044,2.42943030941828,146,13.3694387604916,0.181715205323169,0.182728410513141,-0.00101320518997217
996,800,996,2045,1.79025118495752,122,12.6133851467303,0.141932650444881,0.152690863579474,-0.0107582131345931
997,800,997,2046,1.91360573936242,123,13.4035571755354,0.142768499011232,0.153942428035044,-0.0111739290238115
998,800,998,2047,2.04039044141454,150,13.1690606299024,0.154938191778199,0.187734668335419,-0.0327964765572206
999,800,999,2048,2.26680704546465,138,14.4046733630783,0.157366084487196,0.172715894868586,-0.0153498103813895
1000,800,1000,2049,1.83530764825017,115,13.1259406914971,0.139822942323598,0.143929912390488,-0.00410697006689059
1001,900,1,2050,2.2125774219289,148,14.5560112443382,0.152004377077512,0.164627363737486,-0.012622986659974
1002,900,2,2051,2.32585283746026,176,13.4911131464715,0.172398883043137,0.195773081201335,-0.0233741981581979
1003,900,3,2052,1.95374707890864,137,13.5021578467089,0.144698877104659,0.152391546162403,-0.00769266905774382
1004,900,4,2053,2.10941067821206,165,13.4168223191448,0.15722133214823,0.183537263626251,-0.0263159314780212
1005,900,5,2054,2.11614592288301,144,13.9816982770446,0.151351136389299,0.160177975528365,-0.00882683913906612
1006,900,6,2055,2.07157680791282,135,14.2068196971359,0.145815661215891,0.150166852057842,-0.00435119084195057
1007,900,7,2056,2.06201596091308,131,14.6725072408265,0.140536032940265,0.145717463848721,-0.00518143090845566
1008,900,8,2057,2.09582384652669,137,14.6531144585148,0.143029241494038,0.152391546162403,-0.00936230466836502
1009,900,9,2058,2.09979059316598,134,14.106147973502,0.148856413324912,0.149054505005562,-0.000198091680649437
1010,900,10,2059,1.77647610549457,121,14.024979887012,0.12666514460671,0.134593993325918,-0.0079288487192079
1011,900,11,2060,2.02586393518413,129,15.0122037174837,0.134947804686712,0.14349276974416,-0.00854496505744773
1012,900,12,2061,2.14662231985286,132,14.3586718863161,0.149500060788951,0.146829810901001,0.00267024988795037
1013,900,13,2062,2.47070436662365,152,14.7363849499805,0.167660140191093,0.169076751946607,-0.00141661175551458
1014,900,14,2063,2.29525727380859,155,14.8180635982509,0.154895898414117,0.172413793103448,-0.0175178946893316
1015,900,15,2064,2.5367260050632,184,14.7082599678584,0.172469483855102,0.204671857619577,-0.0322023737644754
1016,900,16,2065,2.04209703348662,131,13.7685406896255,0.148316156339308,0.145717463848721,0.00259869249058756
1017,900,17,2066,2.04140072725289,150,12.9478949027386,0.15766275078593,0.166852057842047,-0.00918930705611645
1018,900,18,2067,1.99417041068274,129,14.4595099345974,0.137914107718912,0.14349276974416,-0.0055786620252479
1019,900,19,2068,2.0429011371437,131,13.9380147428874,0.146570453169179,0.145717463848721,0.00085298932045838
1020,900,20,2069,2.25905186188731,144,15.1285962560284,0.149323296336045,0.160177975528365,-0.01085467919232
1021,900,21,2070,2.0915576115971,128,15.0700721685736,0.138788825176215,0.14238042269188,-0.00359159751566521
1022,900,22,2071,1.82676418619134,133,13.4154840817367,0.136168339141651,0.147942157953281,-0.0117738188116303
1023,900,23,2072,2.10874110323191,129,15.198660821991,0.138745191298747,0.14349276974416,-0.0047475784454134
1024,900,24,2073,2.05051366073795,139,14.2772329544452,0.143621223193639,0.154616240266963,-0.0109950170733244
1025,900,25,2074,1.99714567925274,125,14.2549015118656,0.140102383561917,0.139043381535039,0.00105900202687836
1026,900,26,2075,2.13200384377716,135,14.4965015531105,0.147070231804976,0.150166852057842,-0.00309662025286597
1027,900,27,2076,1.83385072421662,127,13.9614658002884,0.131350873214096,0.1412680756396,-0.00991720242550356
1028,900,28,2077,1.90899199386503,116,14.3221798706663,0.133289206748122,0.129032258064516,0.00425694868360613
1029,900,29,2078,2.0307638736475,139,14.4100738391382,0.1409266806206,0.154616240266963,-0.0136895596463632
1030,900,30,2079,2.08836458290337,143,14.6718675175808,0.1423380207326,0.159065628476085,-0.016727607743485
1031,900,31,2080,1.84305032676179,126,13.4901324878973,0.13662210718948,0.140155728587319,-0.00353362139783922
1032,900,32,2081,1.8805355466236,120,13.2382065004564,0.142053649530151,0.133481646273637,0.00857200325651386
1033,900,33,2082,1.90489054856896,136,13.8712506045118,0.13732651819796,0.151279199110122,-0.0139526809121619
1034,900,34,2083,2.53395026133499,173,14.4287800449051,0.175617775962268,0.192436040044494,-0.0168182640822258
1035,900,35,2084,2.13766111835526,162,12.7767088879237,0.167309213750321,0.18020022246941,-0.012891008719089
1036,900,36,2085,2.03569061494064,141,13.2790035401738,0.153301458861875,0.156840934371524,-0.00353947550964909
1037,900,37,2086,2.28204406827883,168,14.8548854148704,0.153622461873344,0.186874304783092,-0.0332518429097484
1038,900,38,2087,1.9191451415115,126,14.7589120071,0.130032968594722,0.140155728587319,-0.010122759992597
1039,900,39,2088,1.8515810661587,120,14.2541879420473,0.129897337799011,0.133481646273637,-0.00358430847462682
1040,900,40,2089,2.01320222795298,118,14.2589732877675,0.14118844234599,0.131256952169077,0.00993149017691342
1041,900,41,2090,1.90296196984758,120,14.8397596279882,0.128234015749052,0.133481646273637,-0.00524763052458546
1042,900,42,2091,2.22430666352767,152,14.12159806262,0.157510973875926,0.169076751946607,-0.0115657780706809
1043,900,43,2092,2.16395935157247,153,14.5837925149633,0.148381112070279,0.170189098998888,-0.0218079869286088
1044,900,44,2093,2.01015699521679,150,14.620397215051,0.13748990302038,0.166852057842047,-0.029362154821667
1045,900,45,2094,2.2940891656773,172,13.5525009430734,0.169274230292513,0.191323692992214,-0.0220494626997004
1046,900,46,2095,2.27445472656373,157,14.4912885429913,0.156953242619944,0.174638487208009,-0.0176852445880647
1047,900,47,2096,2.35339324589874,167,14.2807091958432,0.164795264270472,0.185761957730812,-0.0209666934603399
1048,900,48,2097,1.71476993275794,118,14.4496121617524,0.118672384667658,0.131256952169077,-0.0125845675014191
1049,900,49,2098,2.49312226312688,158,14.5603794682649,0.171226462096044,0.175750834260289,-0.00452437216424542
1050,900,50,2099,2.04753832724939,141,13.214962846659,0.154940906834789,0.156840934371524,-0.00190002753673471
1051,900,51,2100,2.25996682046889,141,15.0452299025949,0.150211517876447,0.156840934371524,-0.00662941649507653
1052,900,52,2101,2.03016057640399,127,15.3820482897679,0.131982460213341,0.1412680756396,-0.00928561542625853
1053,900,53,2102,1.94306300488492,162,14.3553105234104,0.135354996446521,0.18020022246941,-0.0448452260228895
1054,900,54,2103,2.10794864724891,143,14.8377824509051,0.142066286132961,0.159065628476085,-0.0169993423431234
1055,900,55,2104,2.0668507486942,148,15.1210552912007,0.136686938106559,0.164627363737486,-0.0279404256309274
1056,900,56,2105,2.17967037647003,133,14.300231717085,0.15242203200567,0.147942157953281,0.00447987405238853
1057,900,57,2106,2.60069241442414,178,13.6658209354398,0.190306343593287,0.197997775305895,-0.00769143171260819
1058,900,58,2107,1.94218860229674,147,14.2137100199162,0.136641918230733,0.163515016685206,-0.0268730984544733
1059,900,59,2108,1.92296561388398,137,13.4394697167844,0.143083444094703,0.152391546162403,-0.00930810206769936
1060,900,60,2109,1.97238218377025,159,13.7930817090309,0.142997933701709,0.17686318131257,-0.0338652476108608
1061,900,61,2110,2.21027510255843,160,14.2120378846553,0.155521334835791,0.17797552836485,-0.0224541935290584
1062,900,62,2111,2.17094508524982,148,14.1869487537242,0.153024101442527,0.164627363737486,-0.0116032622949591
1063,900,63,2112,2.21995240885234,133,13.9150416414586,0.159536167124228,0.147942157953281,0.0115940091709466
1064,900,64,2113,1.92512854853172,130,14.5966826229652,0.131888087057732,0.14460511679644,-0.0127170297387086
1065,900,65,2114,2.07849504807515,135,14.8967121214679,0.13952710041834,0.150166852057842,-0.0106397516395024
1066,900,66,2115,2.1509509719851,144,13.8827376804595,0.154937089606803,0.160177975528365,-0.00524088592156152
1067,900,67,2116,1.95013743690199,120,14.2264061329507,0.137078712548853,0.133481646273637,0.00359706627521558
1068,900,68,2117,2.26103958717045,154,13.9660230713149,0.161895736218168,0.171301446051168,-0.0094057098329996
1069,900,69,2118,2.14806835507459,155,13.0936733016644,0.164053914099227,0.172413793103448,-0.00835987900422111
1070,900,70,2119,2.22964349838613,149,14.2997501056381,0.155921850515907,0.165739710789766,-0.00981786027385903
1071,900,71,2120,1.77007932249366,121,14.0815930372306,0.125701638856748,0.134593993325918,-0.00889235446916967
1072,900,72,2121,2.11235713139079,133,15.0658330975332,0.140208451647899,0.147942157953281,-0.00773370630538245
1073,900,73,2122,2.04764933465981,138,14.8662811047845,0.137737832362177,0.153503893214683,-0.0157660608525058
1074,900,74,2123,2.00631007826026,130,13.1308658575188,0.152793433428568,0.14460511679644,0.00818831663212716
1075,900,75,2124,2.00153574600229,125,15.280171267903,0.130989091084774,0.139043381535039,-0.00805429045026534
1076,900,76,2125,2.13940551605798,143,14.5435770920806,0.147103116551907,0.159065628476085,-0.0119625119241776
1077,900,77,2126,2.13315694606508,135,14.9490655216368,0.142695002773091,0.150166852057842,-0.00747184928475125
1078,900,78,2127,1.79175693994567,127,13.0268743744601,0.137543119588112,0.1412680756396,-0.00372495605148757
1079,900,79,2128,1.87688651574363,139,13.1856333553262,0.142343296310865,0.154616240266963,-0.0122729439560979
1080,900,80,2129,1.66302137075912,137,12.2140304986103,0.136156641409102,0.152391546162403,-0.0162349047533007
1081,900,81,2130,2.02367446273395,148,14.4102605550028,0.140432884957892,0.164627363737486,-0.0241944787795944
1082,900,82,2131,1.99189196675629,130,14.0677995787189,0.141592290650026,0.14460511679644,-0.0030128261464144
1083,900,83,2132,2.26303891386298,140,14.1096326521522,0.160389640868346,0.155728587319244,0.0046610535491026
1084,900,84,2133,2.18397295135003,118,13.2697167325389,0.164583238313948,0.131256952169077,0.0333262861448714
1085,900,85,2134,2.01330954249455,128,14.3321479643037,0.140475073764867,0.14238042269188,-0.00190534892701261
1086,900,86,2135,2.01795588026904,151,13.1861383986058,0.153036152000529,0.167964404894327,-0.0149282528937984
1087,900,87,2136,2.1603492650407,143,14.9007077612911,0.144982996757566,0.159065628476085,-0.0140826317185189
1088,900,88,2137,1.77364712877117,112,13.3372669242824,0.132984301719417,0.124582869855395,0.00840143186402253
1089,900,89,2138,1.94296362859091,120,14.1862667516205,0.136960883550915,0.133481646273637,0.00347923727727764
1090,900,90,2139,1.97732810493386,146,14.2968049327407,0.138305594448284,0.162402669632925,-0.0240970751846417
1091,900,91,2140,2.15698902646037,126,14.1153865496241,0.152811190744033,0.140155728587319,0.0126554621567136
1092,900,92,2141,2.05228104771686,135,13.7903679318412,0.148819890655583,0.150166852057842,-0.00134696140225954
1093,900,93,2142,2.00015386552653,138,13.4947128734827,0.148217593384803,0.153503893214683,-0.00528629982987994
1094,900,94,2143,2.07945888999041,157,14.0959122853846,0.147522121866955,0.174638487208009,-0.0271163653410534
1095,900,95,2144,2.19379137334395,139,14.8764271796456,0.147467624238807,0.154616240266963,-0.00714861602815617
1096,900,96,2145,1.80667423809804,116,13.8982283069765,0.129993132807521,0.129032258064516,0.000960874743004547
1097,900,97,2146,1.95456988604208,140,13.2819535607468,0.147159819306896,0.155728587319244,-0.00856876801234738
1098,900,98,2147,2.00075153339859,133,14.0731966279099,0.142167524997889,0.147942157953281,-0.00577463295539254
1099,900,99,2148,1.84644415627378,126,14.5334714453454,0.127047702485777,0.140155728587319,-0.0131080261015421
1100,900,100,2149,1.92818642602124,143,14.1891786169793,0.135891335085028,0.159065628476085,-0.0231742933910569
1101,900,101,2150,2.31684579686617,157,13.8481540163373,0.167303583866331,0.174638487208009,-0.00733490334167766
1102,900,102,2151,2.21665083065665,141,14.7325617867734,0.150459293009496,0.156840934371524,-0.00638164136202776
1103,900,103,2152,2.41593842932185,152,14.8353014555882,0.162850646247691,0.169076751946607,-0.00622610569891632
1104,900,104,2153,2.22595196254993,168,14.1721636125226,0.157065076540823,0.186874304783092,-0.029809228242269
1105,900,105,2154,1.95348918752443,133,14.7426173144875,0.132506267093072,0.147942157953281,-0.0154358908602089
1106,900,106,2155,2.38687339600717,160,14.1477961407932,0.168709908755679,0.17797552836485,-0.00926561960917108
1107,900,107,2156,1.81191941500671,134,13.7229461019615,0.132035745206907,0.149054505005562,-0.0170187597986545
1108,900,108,2157,1.96215086137696,129,15.0141270937982,0.130686975614283,0.14349276974416,-0.0128057941298771
1109,900,109,2158,2.21045566669515,150,14.10329156205,0.156733316968585,0.166852057842047,-0.0101187408734619
1110,900,110,2159,2.21083234827987,147,14.5090231252144,0.152376374977154,0.163515016685206,-0.0111386417080513
1111,900,111,2160,2.03029820718116,116,14.8431121174313,0.136783862516059,0.129032258064516,0.00775160445154249
1112,900,112,2161,2.29554916100503,151,14.9034162910936,0.154028386255094,0.167964404894327,-0.0139360186392327
1113,900,113,2162,2.37646853626036,139,14.7988307125843,0.160584885550418,0.154616240266963,0.00596864528345448
1114,900,114,2163,2.23492348847448,162,15.211610661372,0.146922212132985,0.18020022246941,-0.033278010336425
1115,900,115,2164,2.03908848752507,143,14.055032507719,0.14507888803567,0.159065628476085,-0.0139867404404145
1116,900,116,2165,1.87523793964228,133,14.6719784772565,0.127810843135379,0.147942157953281,-0.0201313148179027
1117,900,117,2166,1.94926589935054,141,13.9981671228453,0.139251509304336,0.156840934371524,-0.0175894250671882
1118,900,118,2167,2.01963659372288,108,14.6944642336955,0.137442002757182,0.120133481646274,0.0173085211109079
1119,900,119,2168,1.90294989609086,115,14.14631158646,0.134519156068373,0.127919911012236,0.00659924505613751
1120,900,120,2169,2.28769024614334,161,15.1995403055359,0.150510489143552,0.17908787541713,-0.0285773862735783
1121,900,121,2170,2.25065936392821,155,14.8566358447277,0.151491857742944,0.172413793103448,-0.0209219353605043
1122,900,122,2171,2.34735133485807,144,14.0865551580813,0.166637712947967,0.160177975528365,0.00645973741960235
1123,900,123,2172,2.16534396682016,155,14.6800240873218,0.147502752988683,0.172413793103448,-0.0249110401147648
1124,900,124,2173,1.89231560461925,149,14.3350874270803,0.132005864229645,0.165739710789766,-0.0337338465601217
1125,900,125,2174,2.33878206611411,146,15.3583195293925,0.152281117842234,0.162402669632925,-0.0101215517906912
1126,900,126,2175,2.17071646665394,154,13.6506576544655,0.159019185859066,0.171301446051168,-0.0122822601921016
1127,900,127,2176,2.51358863457871,182,14.8028232910087,0.169804677470241,0.202447163515017,-0.0326424860447759
1128,900,128,2177,2.06147660384188,144,13.8473203753078,0.148871879032846,0.160177975528365,-0.0113060964955188
1129,900,129,2178,2.06005031195633,162,13.0589361924622,0.157750239498483,0.18020022246941,-0.0224499829709274
1130,900,130,2179,2.51025859240956,164,13.935874620427,0.180129246335932,0.182424916573971,-0.00229567023803909
1131,900,131,2180,1.97968885165638,131,14.3035007020276,0.138405897472061,0.145717463848721,-0.00731156637666022
1132,900,132,2181,1.67031139776976,120,13.5351066381471,0.123405854303518,0.133481646273637,-0.0100757919701193
1133,900,133,2182,1.86162846354386,124,14.8443006987311,0.12541031748993,0.137931034482759,-0.0125207169928282
1134,900,134,2183,2.16168656185528,136,14.2465921556677,0.151733589214548,0.151279199110122,0.00045439010442555
1135,900,135,2184,2.27731574423121,142,14.4508367398538,0.157590580063134,0.157953281423804,-0.000362701360669765
1136,900,136,2185,1.74493026210045,105,14.6543507467996,0.119072505650346,0.116796440489433,0.00227606516091321
1137,900,137,2186,2.42291341522487,160,13.5950760898745,0.178219923096233,0.17797552836485,0.000244394731383268
1138,900,138,2187,1.9959815152469,121,14.006255485953,0.142506433446732,0.134593993325918,0.00791244012081449
1139,900,139,2188,1.69798673922824,115,13.4911338530934,0.12585945389897,0.127919911012236,-0.00206045711326625
1140,900,140,2189,2.07489085879158,141,14.3553528350851,0.144537782012606,0.156840934371524,-0.0123031523589177
1141,900,141,2190,1.76321916284474,132,13.5047370202642,0.130563013570644,0.146829810901001,-0.016266797330357
1142,900,142,2191,1.79825009496567,129,12.7605898757338,0.140922176206393,0.14349276974416,-0.00257059353776717
1143,900,143,2192,2.32427507383851,154,14.6076224801526,0.159113851483807,0.171301446051168,-0.0121875945673612
1144,900,144,2193,2.21496399670873,140,14.4672904077094,0.15310150928666,0.155728587319244,-0.00262707803258344
1145,900,145,2194,2.05720826225271,137,13.9130565913698,0.147861704489062,0.152391546162403,-0.004529841673341
1146,900,146,2195,2.18569276778434,136,13.7517743618709,0.15893896382161,0.151279199110122,0.0076597647114873
1147,900,147,2196,2.16711765375105,131,14.363887089024,0.150872646124253,0.145717463848721,0.00515518227553236
1148,900,148,2197,2.16859983648269,163,14.7211750778449,0.147311598769475,0.181312569521691,-0.0340009707522159
1149,900,149,2198,2.13532544893197,163,14.1374434695431,0.151040423506003,0.181312569521691,-0.0302721460156881
1150,900,150,2199,2.19587727342673,145,13.8207684168326,0.158882430209331,0.161290322580645,-0.00240789237131456
1151,900,151,2200,2.01372918103568,148,14.4592685598459,0.139269090459244,0.164627363737486,-0.0253582732782422
1152,900,152,2201,2.06340523332887,145,13.769240351973,0.149856141703068,0.161290322580645,-0.0114341808775772
1153,900,153,2202,2.25499153462129,159,14.1686727004206,0.159153336540433,0.17686318131257,-0.0177098447721366
1154,900,154,2203,2.01910131728425,139,14.1106134950335,0.143090966101149,0.154616240266963,-0.0115252741658139
1155,900,155,2204,2.1123747034934,141,14.0322232116637,0.150537421734966,0.156840934371524,-0.00630351263655768
1156,900,156,2205,2.08574533551071,139,14.4667498730077,0.14417511561476,0.154616240266963,-0.0104411246522028
1157,900,157,2206,1.95850367476804,134,13.137374492187,0.149078773382977,0.149054505005562,2.42683774150099e-05
1158,900,158,2207,2.04726224589574,131,13.7939407949724,0.148417502751783,0.145717463848721,0.00270003890306178
1159,900,159,2208,2.40126882542382,158,14.6363340366238,0.164062177005202,0.175750834260289,-0.0116886572550877
1160,900,160,2209,2.39724524870394,167,12.8014083484987,0.187264180896555,0.185761957730812,0.00150222316574339
1161,900,161,2210,1.89567791931187,121,13.5647030470975,0.139750786488282,0.134593993325918,0.00515679316236442
1162,900,162,2211,2.1549329324668,154,14.7386212795506,0.146209939966142,0.171301446051168,-0.0250915060850257
1163,900,163,2212,1.81937713557424,116,13.6843984042688,0.13295265760508,0.129032258064516,0.0039203995405635
1164,900,164,2213,1.74127112246162,120,13.5208355045942,0.128784284216013,0.133481646273637,-0.00469736205762397
1165,900,165,2214,2.5139292397079,207,13.3643578685025,0.188106998064815,0.230255839822024,-0.0421488417572096
1166,900,166,2215,2.31025627786417,157,14.0535846687705,0.16438911013202,0.174638487208009,-0.0102493770759893
1167,900,167,2216,1.86495853608146,139,13.8745848345,0.134415447981127,0.154616240266963,-0.0202007922858367
1168,900,168,2217,1.9760767791202,123,14.2077283905027,0.139084639346085,0.136818687430478,0.00226595191560638
1169,900,169,2218,1.9845757671657,130,14.1392786698178,0.140359053209839,0.14460511679644,-0.00424606358660143
1170,900,170,2219,2.26900602188344,166,14.9761610709557,0.151507853790641,0.184649610678532,-0.0331417568878906
1171,900,171,2220,2.08899900733743,146,14.2408975075784,0.146690123022496,0.162402669632925,-0.0157125466104296
1172,900,172,2221,2.15416852706224,145,14.130011036975,0.152453421403938,0.161290322580645,-0.00883690117670718
1173,900,173,2222,2.05919302326244,134,15.3327197558609,0.134300571330492,0.149054505005562,-0.0147539336750692
1174,900,174,2223,2.2278090610264,157,14.2698723778613,0.156119760712274,0.174638487208009,-0.0185187264957347
1175,900,175,2224,1.9655577002966,141,14.7878341351513,0.132917213050449,0.156840934371524,-0.0239237213210754
1176,900,176,2225,1.9523735059836,129,13.6522644613824,0.143007301939265,0.14349276974416,-0.000485467804895362
1177,900,177,2226,2.15976806667109,164,13.7612102673224,0.156946084298974,0.182424916573971,-0.0254788322749974
1178,900,178,2227,2.05384267293488,149,14.1490846551301,0.145157282113668,0.165739710789766,-0.0205824286760988
1179,900,179,2228,2.18480225760826,133,15.0942650421577,0.144743864739766,0.147942157953281,-0.00319829321351517
1180,900,180,2229,2.21826519634344,159,14.0740408611393,0.157613951688064,0.17686318131257,-0.019249229624506
1181,900,181,2230,1.88815603331922,136,13.6889412561552,0.137932948793262,0.151279199110122,-0.0133462503168604
1182,900,182,2231,1.85220173457898,130,13.3113457486503,0.139144589101127,0.14460511679644,-0.00546052769531344
1183,900,183,2232,2.14414917035663,123,15.4996175051075,0.138335618259616,0.136818687430478,0.00151693082913817
1184,900,184,2233,2.14451397105123,147,13.877621777473,0.154530365896866,0.163515016685206,-0.00898465078833938
1185,900,185,2234,2.13239087132852,156,13.342200083122,0.159823032036974,0.173526140155729,-0.0137031081187543
1186,900,186,2235,1.75741014565136,133,13.5875356287804,0.129339873959845,0.147942157953281,-0.0186022839934367
1187,900,187,2236,1.8737551591181,123,13.1642430186969,0.142336718978588,0.136818687430478,0.00551803154811017
1188,900,188,2237,1.70198838008057,138,13.4910883284277,0.126156492244902,0.153503893214683,-0.0273474009697813
1189,900,189,2238,1.90312701032013,154,13.2092713375691,0.144075094052112,0.171301446051168,-0.0272263519990557
1190,900,190,2239,1.84916473193174,124,14.1242849410018,0.130920945000461,0.137931034482759,-0.00701008948229803
1191,900,191,2240,2.38610483450872,170,13.3175938374501,0.179169365249661,0.189098998887653,-0.00992963363799237
1192,900,192,2241,2.34303967652653,175,14.8301662908577,0.157991463519255,0.194660734149054,-0.0366692706297992
1193,900,193,2242,1.99848569534803,136,15.2892502225844,0.130711818189487,0.151279199110122,-0.0205673809206351
1194,900,194,2243,2.04884185541988,128,14.8783198178004,0.137706534105326,0.14238042269188,-0.00467388858655371
1195,900,195,2244,2.08478221645613,140,14.0797131910523,0.148069934960111,0.155728587319244,-0.00765865235913235
1196,900,196,2245,2.50760412333228,173,14.0756749294126,0.178151608069066,0.192436040044494,-0.0142844319754282
1197,900,197,2246,2.03899551444313,139,13.431176279514,0.151810643536347,0.154616240266963,-0.00280559673061651
1198,900,198,2247,2.12402874661283,140,14.190121272001,0.14968362185909,0.155728587319244,-0.00604496546015362
1199,900,199,2248,2.21531016943048,139,14.1548515664877,0.156505362067896,0.154616240266963,0.00188912180093265
1200,900,200,2249,2.45756186222385,186,14.3845523379921,0.170847295381796,0.206896551724138,-0.0360492563423416
1201,900,201,2250,2.25429401129055,122,14.5037939381649,0.15542788465566,0.135706340378198,0.0197215442774617
1202,900,202,2251,1.98792027839244,132,14.6122918862248,0.136044386046414,0.146829810901001,-0.0107854248545872
1203,900,203,2252,2.02109461402761,136,15.271863198227,0.132341063287042,0.151279199110122,-0.0189381358230807
1204,900,204,2253,2.40868696632066,165,14.3990859801053,0.16728054611582,0.183537263626251,-0.0162567175104311
1205,900,205,2254,1.93189698970617,113,14.83014033671,0.13026828781411,0.125695216907675,0.00457307090643444
1206,900,206,2255,2.00322958400262,125,14.7635648350584,0.135687390300589,0.139043381535039,-0.00335599123444991
1207,900,207,2256,1.93278199615948,142,13.6086251774495,0.142026249599573,0.157953281423804,-0.0159270318242312
1208,900,208,2257,2.25438132270096,157,14.7361141457975,0.152983432429768,0.174638487208009,-0.0216550547782414
1209,900,209,2258,2.39577856224165,172,14.0977525969414,0.169940460067474,0.191323692992214,-0.0213832329247398
1210,900,210,2259,1.83244363922366,123,13.9465271015249,0.13139067711153,0.136818687430478,-0.00542801031894827
1211,900,211,2260,2.13332936982711,151,14.4556053055435,0.147578003462021,0.167964404894327,-0.0203864014323056
1212,900,212,2261,2.10261605434009,126,14.5462012371802,0.144547433385274,0.140155728587319,0.00439170479795498
1213,900,213,2262,2.49177533370206,186,13.574003598628,0.183569667975771,0.206896551724138,-0.0233268837483669
1214,900,214,2263,2.03049491396871,131,14.3085302981395,0.141907999749823,0.145717463848721,-0.00380946409889826
1215,900,215,2264,2.01765048882147,136,13.6873662476021,0.147409695358663,0.151279199110122,-0.00386950375145964
1216,900,216,2265,2.19448317018754,149,14.1394960959753,0.155202360486678,0.165739710789766,-0.0105373503030882
1217,900,217,2266,2.15452767232521,168,13.0103333880407,0.165601265399215,0.186874304783092,-0.0212730393838769
1218,900,218,2267,1.96219941782297,126,13.4732713785423,0.145636450324009,0.140155728587319,0.00548072173668968
1219,900,219,2268,2.081553797212,156,14.2838259602934,0.145728028540698,0.173526140155729,-0.0277981116150307
1220,900,220,2269,2.31966703732089,160,13.8412653090032,0.167590677986068,0.17797552836485,-0.0103848503787816
1221,900,221,2270,1.97142132135375,128,13.954938699432,0.141270511022309,0.14238042269188,-0.00110991166957117
1222,900,222,2271,2.31990659302767,168,14.77939123096,0.156969022388954,0.186874304783092,-0.0299052823941383
1223,900,223,2272,1.88734010826857,128,13.3871131822188,0.140981859388131,0.14238042269188,-0.0013985633037486
1224,900,224,2273,2.16776295950166,133,15.7000898045545,0.138073284069547,0.147942157953281,-0.00986887388373436
1225,900,225,2274,2.01670397695649,135,14.5120546347253,0.138967501688617,0.150166852057842,-0.0111993503692252
1226,900,226,2275,1.95738486828631,131,14.3110120154938,0.136774734460928,0.145717463848721,-0.00894272938779275
1227,900,227,2276,2.03587709269278,152,13.959549920864,0.145841169968521,0.169076751946607,-0.0232355819780864
1228,900,228,2277,1.99567144282014,129,13.9847581311325,0.142703322010084,0.14349276974416,-0.000789447734076548
1229,900,229,2278,2.10925264012423,156,14.0740064780151,0.149868670546591,0.173526140155729,-0.023657469609138
1230,900,230,2279,1.97239030345508,119,13.9312264345486,0.141580521479693,0.132369299221357,0.00921122225833595
1231,900,231,2280,1.91820485575771,136,13.4468936612806,0.142650407155449,0.151279199110122,-0.0086287919546735
1232,900,232,2281,2.26475027596294,150,14.7632538599875,0.15340454736073,0.166852057842047,-0.0134475104813167
1233,900,233,2282,1.90539211331131,132,14.3277645339217,0.13298600132632,0.146829810901001,-0.0138438095746816
1234,900,234,2283,2.25053767206245,148,15.2045305314487,0.148017570644979,0.164627363737486,-0.0166097930925075
1235,900,235,2284,2.17574976949367,144,14.1633997458058,0.153617761875144,0.160177975528365,-0.00656021365322065
1236,900,236,2285,2.05698438241567,148,13.3033050937113,0.154622055791838,0.164627363737486,-0.0100053079456479
1237,900,237,2286,2.20952095155066,141,15.0686518635362,0.146630300544494,0.156840934371524,-0.0102106338270296
1238,900,238,2287,2.34520717500404,140,14.5575759095374,0.161098742646265,0.155728587319244,0.00537015532702151
1239,900,239,2288,2.18581918822501,147,14.2455141669346,0.153439122141238,0.163515016685206,-0.0100758945439677
1240,900,240,2289,1.95088614274972,127,14.0715961657064,0.138640003577148,0.1412680756396,-0.0026280720624518
1241,900,241,2290,1.72661210931822,124,13.5505296637285,0.127420267116195,0.137931034482759,-0.0105107673665633
1242,900,242,2291,2.07844874182338,146,14.1961646964942,0.146409173622553,0.162402669632925,-0.0159934960103727
1243,900,243,2292,1.8051281424033,120,12.9263338112497,0.139647340751197,0.133481646273637,0.0061656944775596
1244,900,244,2293,2.1586889831179,138,14.6423415773941,0.147427853100397,0.153503893214683,-0.00607604011428561
1245,900,245,2294,2.00451665638613,144,14.8589069679223,0.134903372146654,0.160177975528365,-0.0252746033817111
1246,900,246,2295,2.15691633559392,137,14.9077691110797,0.144684044911245,0.152391546162403,-0.00770750125115788
1247,900,247,2296,1.96154425756868,138,13.4987136252839,0.145313421117001,0.153503893214683,-0.00819047209768212
1248,900,248,2297,1.89514575132585,135,13.8133873956695,0.137196307975839,0.150166852057842,-0.0129705440820033
1249,900,249,2298,2.19235452925785,152,13.8791762141358,0.157959989514721,0.169076751946607,-0.0111167624318859
1250,900,250,2299,2.13675420474021,159,13.7252733954862,0.155680265388587,0.17686318131257,-0.0211829159239821
1251,900,251,2300,2.05186323356278,135,14.0499149195868,0.146040972155803,0.150166852057842,-0.00412587990203897
1252,900,252,2301,1.77031540270899,125,13.9575785065811,0.126835425061322,0.139043381535039,-0.0122079564737167
1253,900,253,2302,1.9277772235226,135,13.0602761984316,0.147606160408316,0.150166852057842,-0.00256069164952646
1254,900,254,2303,2.24812734277508,145,13.7891667363731,0.163035764651751,0.161290322580645,0.00174544207110597
1255,900,255,2304,2.06297746690542,126,14.581994988133,0.141474295429693,0.140155728587319,0.00131856684237328
1256,900,256,2305,2.32445612165607,164,13.8625226983873,0.167679157122426,0.182424916573971,-0.0147457594515454
1257,900,257,2306,2.63891384178272,150,14.5344642533118,0.181562512094756,0.166852057842047,0.0147104542527092
1258,900,258,2307,1.96294027408505,140,14.1785932689898,0.138443937056734,0.155728587319244,-0.0172846502625099
1259,900,259,2308,2.1185807886463,145,14.4168580869516,0.146951629534578,0.161290322580645,-0.0143386930460671
1260,900,260,2309,1.94018253888766,136,14.0095454972545,0.138490041612548,0.151279199110122,-0.012789157497574
1261,900,261,2310,1.72986635875624,118,13.8468646463675,0.124928379307156,0.131256952169077,-0.00632857286192082
1262,900,262,2311,2.02288526351604,163,12.3949185536294,0.163202787881467,0.181312569521691,-0.0181097816402241
1263,900,263,2312,2.29521551229053,145,14.6383174433027,0.156795036122177,0.161290322580645,-0.00449528645846817
1264,900,264,2313,2.01180988536588,146,14.1928980779706,0.141747645499442,0.162402669632925,-0.0206550241334836
1265,900,265,2314,2.05739118588088,144,13.9423826808903,0.147563815523496,0.160177975528365,-0.0126141600048686
1266,900,266,2315,2.34727024556126,150,13.5352849063899,0.173418606390261,0.166852057842047,0.00656654854821412
1267,900,267,2316,2.07227230609446,136,14.3411351297952,0.144498485464313,0.151279199110122,-0.00678071364580951
1268,900,268,2317,1.81302588952855,127,14.3451344868029,0.126386120060183,0.1412680756396,-0.0148819555794163
1269,900,269,2318,2.04967405831946,137,13.8546855354882,0.147940857486033,0.152391546162403,-0.00445068867636994
1270,900,270,2319,1.99983628774483,141,13.8895895624062,0.14398094909569,0.156840934371524,-0.012859985275834
1271,900,271,2320,1.81448912621764,127,14.2003891197222,0.127777422922699,0.1412680756396,-0.0134906527169008
1272,900,272,2321,1.97969107842726,138,14.3533545242824,0.137925324360803,0.153503893214683,-0.0155785688538796
1273,900,273,2322,1.87017754741083,130,13.5439710067362,0.138081921947462,0.14460511679644,-0.0065231948489789
1274,900,274,2323,2.44855207455519,148,15.4867024949469,0.158106741919665,0.164627363737486,-0.00652062181782129
1275,900,275,2324,2.30544199265872,160,14.1005994386928,0.16349957338214,0.17797552836485,-0.0144759549827097
1276,900,276,2325,2.02317845258315,134,13.7970930740672,0.146638023076462,0.149054505005562,-0.00241648192910002
1277,900,277,2326,2.24542814108986,170,13.3887467825205,0.167710105924279,0.189098998887653,-0.0213888929633741
1278,900,278,2327,1.72212052140549,119,12.7508721239239,0.135059037897051,0.132369299221357,0.00268973867569397
1279,900,279,2328,2.04486823088488,131,14.2349157958797,0.14365158601618,0.145717463848721,-0.00206587783254131
1280,900,280,2329,1.72379909313877,125,13.5850539189452,0.126889381773805,0.139043381535039,-0.0121539997612337
1281,900,281,2330,2.02934168458638,154,14.5414971342239,0.139555209883462,0.171301446051168,-0.0317462361677055
1282,900,282,2331,2.01522668331683,151,13.7005451854776,0.147090984777229,0.167964404894327,-0.0208734201170983
1283,900,283,2332,1.94554062487118,130,14.5015395699989,0.134160970666601,0.14460511679644,-0.0104441461298395
1284,900,284,2333,1.98486448681236,152,13.994493134272,0.141831823973067,0.169076751946607,-0.0272449279735399
1285,900,285,2334,2.15816725970012,137,13.2015139565999,0.163478769692258,0.152391546162403,0.0110872235298558
1286,900,286,2335,2.28802460973067,162,14.1475069038786,0.16172634692996,0.18020022246941,-0.0184738755394506
1287,900,287,2336,1.87697866072907,141,13.4864422717693,0.139175226713281,0.156840934371524,-0.0176657076582434
1288,900,288,2337,1.55654023357513,103,13.6499562097721,0.114032617369189,0.114571746384872,-0.000539129015682926
1289,900,289,2338,2.0583983596476,131,14.6069043288533,0.14091954827017,0.145717463848721,-0.00479791557855075
1290,900,290,2339,1.9476785212853,129,14.8568787060417,0.131096077434708,0.14349276974416,-0.0123966923094523
1291,900,291,2340,2.33068631711262,155,14.7938578084575,0.157544188087315,0.172413793103448,-0.0148696050161337
1292,900,292,2341,2.17258068803531,149,14.1422332561455,0.1536235931543,0.165739710789766,-0.012116117635466
1293,900,293,2342,2.15864297868729,136,14.4508527376134,0.149378242092846,0.151279199110122,-0.00190095701727622
1294,900,294,2343,2.04640288647858,141,13.6853620478246,0.149532243233847,0.156840934371524,-0.00730869113767643
1295,900,295,2344,2.14271646730326,144,15.0436882893802,0.142432921108574,0.160177975528365,-0.0177450544197909
1296,900,296,2345,1.80362169974298,138,13.399484282852,0.134603814719284,0.153503893214683,-0.0189000784953987
1297,900,297,2346,1.88287364593585,126,13.1309623991012,0.14339189990101,0.140155728587319,0.00323617131369119
1298,900,298,2347,1.75073331187792,127,13.0684272926384,0.133966641331366,0.1412680756396,-0.00730143430823368
1299,900,299,2348,1.78276581511415,144,12.79666044617,0.139314926938437,0.160177975528365,-0.020863048589928
1300,900,300,2349,1.90034121544856,128,12.3085602791401,0.154391835629155,0.14238042269188,0.0120114129372756
1301,900,301,2350,2.32215637804455,138,13.7551507874142,0.168820859468099,0.153503893214683,0.0153169662534157
1302,900,302,2351,2.11422660514058,124,14.3199030911068,0.147642521858518,0.137931034482759,0.00971148737575891
1303,900,303,2352,1.80293039906969,131,12.6983375835605,0.141981608789783,0.145717463848721,-0.00373585505893748
1304,900,304,2353,1.8020877983169,113,13.657033220598,0.131953094732092,0.125695216907675,0.00625787782441725
1305,900,305,2354,1.90731576414749,125,14.4212878314197,0.132256965289328,0.139043381535039,-0.00678641624571055
1306,900,306,2355,1.91822751477468,149,13.6893252310943,0.140125790160757,0.165739710789766,-0.0256139206290096
1307,900,307,2356,2.44078581239113,178,14.946083421113,0.163306047719716,0.197997775305895,-0.0346917275861797
1308,900,308,2357,2.16254232415101,130,14.7225562716097,0.146886334428292,0.14460511679644,0.00228121763185102
1309,900,309,2358,2.20209413542144,146,14.3254274833701,0.15371926164003,0.162402669632925,-0.00868340799289571
1310,900,310,2359,2.31503634762774,151,14.4023595180294,0.160740074897428,0.167964404894327,-0.00722432999689865
1311,900,311,2360,1.92927736821476,132,14.4235308824746,0.133759020862148,0.146829810901001,-0.0130707900388533
1312,900,312,2361,1.86906948718475,134,13.8402360804921,0.135046069757381,0.149054505005562,-0.0140084352481809
1313,900,313,2362,1.95846973244443,126,13.1589624878128,0.148831622117493,0.140155728587319,0.00867589353017406
1314,900,314,2363,1.94883272094654,137,13.6864403168168,0.142391496680987,0.152391546162403,-0.0100000494814159
1315,900,315,2364,1.82595218017072,123,13.8652924407853,0.131692294841154,0.136818687430478,-0.00512639258932457
1316,900,316,2365,1.75716377092193,111,13.7207389836606,0.128066263268652,0.123470522803115,0.00459574046553718
1317,900,317,2366,2.1460456619943,146,15.1435803198882,0.141713228751848,0.162402669632925,-0.0206894408810778
1318,900,318,2367,1.88177646462073,118,15.5480450892873,0.121029779230399,0.131256952169077,-0.0102271729386779
1319,900,319,2368,2.01656790917346,137,14.7238525973847,0.13695925681378,0.152391546162403,-0.0154322893486225
1320,900,320,2369,2.036818974768,146,14.0800021395142,0.144660416567116,0.162402669632925,-0.0177422530658097
1321,900,321,2370,2.30161371858637,166,13.5603627569041,0.169730984328906,0.184649610678532,-0.014918626349626
1322,900,322,2371,2.24977294701001,152,14.2517276730165,0.157859664359825,0.169076751946607,-0.0112170875867821
1323,900,323,2372,2.28083562687601,153,14.4155496527275,0.158220510616775,0.170189098998888,-0.0119685883821129
1324,900,324,2373,2.09776352122925,144,13.4661751572289,0.15578020460421,0.160177975528365,-0.00439777092415519
1325,900,325,2374,2.80194902450286,158,14.829336784392,0.188946347718796,0.175750834260289,0.0131955134585072
1326,900,326,2375,2.06789542412656,127,15.2546452989936,0.135558407527377,0.1412680756396,-0.0057096681122222
1327,900,327,2376,1.77987716369532,132,14.2701999146145,0.124726855569311,0.146829810901001,-0.0221029553316897
1328,900,328,2377,2.00124789791248,138,13.8813657672775,0.144167939341388,0.153503893214683,-0.00933595387329492
1329,900,329,2378,2.23225939372717,142,14.1594042043011,0.157652070773507,0.157953281423804,-0.000301210650297201
1330,900,330,2379,1.65831662974508,116,12.8420115405953,0.129132155387255,0.129032258064516,9.98973227391564e-05
1331,900,331,2380,2.2757972912258,137,13.9809655044576,0.162778263811623,0.152391546162403,0.0103867176492205
1332,900,332,2381,1.8744259101322,133,14.3776783167799,0.130370555581606,0.147942157953281,-0.0175716023716758
1333,900,333,2382,2.11642685673752,135,14.7232596697864,0.143747166334412,0.150166852057842,-0.00641968572343019
1334,900,334,2383,2.14269118445499,135,14.5609337770155,0.147153418679593,0.150166852057842,-0.00301343337824919
1335,900,335,2384,1.88577651448552,127,14.5758542469696,0.129376740637865,0.1412680756396,-0.0118913350017343
1336,900,336,2385,2.13749519539654,151,14.2886476084663,0.149593947164744,0.167964404894327,-0.0183704577295834
1337,900,337,2386,1.953898165404,138,13.6420522011957,0.143226117052444,0.153503893214683,-0.0102777761622392
1338,900,338,2387,1.77549701055291,138,13.0212688650416,0.136353609541049,0.153503893214683,-0.0171502836736337
1339,900,339,2388,2.24788918458626,156,14.5095299656282,0.154925017551314,0.173526140155729,-0.0186011226044148
1340,900,340,2389,1.74945765588429,124,13.791468261856,0.126850718333078,0.137931034482759,-0.0110803161496807
1341,900,341,2390,1.78210052473472,129,13.3197698884483,0.133793642056855,0.14349276974416,-0.0096991276873053
1342,900,342,2391,2.14185722187634,160,14.1774081318028,0.151075373013472,0.17797552836485,-0.0269001553513777
1343,900,343,2392,2.31964786585187,162,14.9456074930209,0.155205993930663,0.18020022246941,-0.0249942285387471
1344,900,344,2393,2.35631782412699,186,14.4019030108846,0.16361156038519,0.206896551724138,-0.0432849913389481
1345,900,345,2394,1.95276596406736,145,13.6550732517639,0.143006626772588,0.161290322580645,-0.0182836958080567
1346,900,346,2395,2.09356075974079,127,15.0690923004389,0.138930780832752,0.1412680756396,-0.00233729480684791
1347,900,347,2396,1.93867337506089,129,14.7971254549624,0.131016891149675,0.14349276974416,-0.0124758785944853
1348,900,348,2397,2.26795168880919,161,14.2798780780843,0.158821502285084,0.17908787541713,-0.0202663731320466
1349,900,349,2398,2.12402917359485,150,14.325529938349,0.148268802811188,0.166852057842047,-0.0185832550308584
1350,900,350,2399,1.88070081992047,127,14.371129237752,0.130866599889729,0.1412680756396,-0.010401475749871
1351,900,351,2400,1.99555962072402,147,14.5199195212046,0.137435997342116,0.163515016685206,-0.0260790193430894
1352,900,352,2401,2.06351310198142,147,14.283219300747,0.144471148872825,0.163515016685206,-0.0190438678123812
1353,900,353,2402,1.65362033133287,116,14.1129851465178,0.117170131915067,0.129032258064516,-0.011862126149449
1354,900,354,2403,1.89273902576384,140,14.3178290739725,0.132194553796185,0.155728587319244,-0.0235340335230583
1355,900,355,2404,1.88024298298579,134,12.7262028579839,0.147745796917436,0.149054505005562,-0.00130870808812558
1356,900,356,2405,2.10397468649559,149,14.664536214482,0.143473660245579,0.165739710789766,-0.022266050544187
1357,900,357,2406,1.91691971832078,136,13.6148865994815,0.140795863727119,0.151279199110122,-0.0104833353830031
1358,900,358,2407,2.08881386516589,145,13.5597298677583,0.154045389217715,0.161290322580645,-0.00724493336293053
1359,900,359,2408,2.0846732826566,141,13.8784774852739,0.150209076238269,0.156840934371524,-0.0066318581332554
1360,900,360,2409,2.11548850235056,129,13.9764895431469,0.151360504067908,0.14349276974416,0.00786773432374818
1361,900,361,2410,2.05066209116051,146,13.753607493295,0.14909994284483,0.162402669632925,-0.013302726788095
1362,900,362,2411,2.20859097807883,119,15.0516106262824,0.146734527813409,0.132369299221357,0.0143652285920515
1363,900,363,2412,1.97518916502142,133,14.0500951954096,0.140581906211336,0.147942157953281,-0.00736025174194527
1364,900,364,2413,1.92656923336939,120,14.170329515584,0.135957969872939,0.133481646273637,0.00247632359930197
1365,900,365,2414,1.86722796651583,130,14.0584903092503,0.13281852641654,0.14460511679644,-0.0117865903799007
1366,900,366,2415,1.97636756465461,114,13.53901787886,0.145975696489812,0.126807563959956,0.0191681325298568
1367,900,367,2416,1.94363739526958,133,14.3490069396842,0.13545448848409,0.147942157953281,-0.0124876694691914
1368,900,368,2417,2.02510676993268,152,14.246220767597,0.142150455406305,0.169076751946607,-0.0269262965403018
1369,900,369,2418,2.19558532270245,154,14.5751877974299,0.150638561452334,0.171301446051168,-0.0206628845988339
1370,900,370,2419,2.56443547904683,176,14.5977314662766,0.17567356167437,0.195773081201335,-0.020099519526965
1371,900,371,2420,2.02367452185345,124,14.6392617635826,0.138236104698097,0.137931034482759,0.000305070215338515
1372,900,372,2421,2.25189771939892,143,14.0733757412367,0.160011198507305,0.159065628476085,0.000945570031220699
1373,900,373,2422,1.95824051930431,143,13.5673641697116,0.144334632343397,0.159065628476085,-0.0147309961326874
1374,900,374,2423,2.24438677929421,140,13.5366247594034,0.165801063351123,0.155728587319244,0.010072476031879
1375,900,375,2424,1.92491160283392,129,13.5521133494948,0.142037743722509,0.14349276974416,-0.00145502602165162
1376,900,376,2425,2.26118055677573,160,14.4142483751497,0.156871208121683,0.17797552836485,-0.0211043202431669
1377,900,377,2426,1.95552035062145,131,14.3520172738669,0.13625404103869,0.145717463848721,-0.00946342281003096
1378,900,378,2427,2.03652178383147,135,14.3558654745258,0.141859909975141,0.150166852057842,-0.00830694208270077
1379,900,379,2428,1.81899591088781,130,14.111824704718,0.128898703672223,0.14460511679644,-0.0157064131242171
1380,900,380,2429,1.99128268097428,119,15.9547981758449,0.124807763722704,0.132369299221357,-0.00756153549865356
1381,900,381,2430,1.97956697090584,129,14.9433250719934,0.132471652819486,0.14349276974416,-0.0110211169246738
1382,900,382,2431,2.25219296581487,149,15.3929783156872,0.146313008413689,0.165739710789766,-0.0194267023760778
1383,900,383,2432,1.91140597123315,138,13.3191333035737,0.14350828448577,0.153503893214683,-0.0099956087289127
1384,900,384,2433,1.80519754388206,118,13.5890879146014,0.132841700283827,0.131256952169077,0.00158474811475073
1385,900,385,2434,2.01805230283605,120,14.2204149375763,0.141912336010921,0.133481646273637,0.00843068973728336
1386,900,386,2435,2.50173675817652,144,15.8580228811488,0.157758427827119,0.160177975528365,-0.00241954770124581
1387,900,387,2436,2.16176821176982,141,14.9921365672579,0.144193471162143,0.156840934371524,-0.0126474632093805
1388,900,388,2437,2.21240679292118,135,13.9549818844687,0.158538850944945,0.150166852057842,0.0083719988871026
1389,900,389,2438,2.06392701483422,134,14.0183479172437,0.14723040311301,0.149054505005562,-0.00182410189255172
1390,900,390,2439,2.05748047973586,131,14.4273804925827,0.142609428010416,0.145717463848721,-0.00310803583830449
1391,900,391,2440,1.94984788391854,127,14.4443689829621,0.134990174109959,0.1412680756396,-0.00627790152964081
1392,900,392,2441,2.05807736221523,138,13.6465919492018,0.150812552311686,0.153503893214683,-0.00269134090299733
1393,900,393,2442,1.92553284978293,154,14.4427249158186,0.133321991591349,0.171301446051168,-0.0379794544598191
1394,900,394,2443,1.9789174960727,134,13.912920412781,0.142235953154363,0.149054505005562,-0.00681855185119865
1395,900,395,2444,2.14440633230698,155,13.9915816607701,0.153264040070575,0.172413793103448,-0.0191497530328734
1396,900,396,2445,2.47389082095596,155,14.6036946764836,0.169401707975973,0.172413793103448,-0.00301208512747508
1397,900,397,2446,2.04596518439458,133,13.6929932010363,0.149416942983638,0.147942157953281,0.0014747850303565
1398,900,398,2447,1.98067381342937,142,12.9690869991561,0.152722686921466,0.157953281423804,-0.00523059450233779
1399,900,399,2448,1.95647411827275,138,14.4798966064605,0.135116580694356,0.153503893214683,-0.0183873125203274
1400,900,400,2449,2.08505074405882,133,13.9697969468952,0.149254191165766,0.147942157953281,0.00131203321248413
1401,900,401,2450,2.28680930552273,173,14.05690376165,0.162682290801592,0.192436040044494,-0.0297537492429023
1402,900,402,2451,2.24306295138706,141,13.8210325895799,0.16229344203111,0.156840934371524,0.00545250765958613
1403,900,403,2452,1.87643576020813,115,14.6584125921706,0.128010843494089,0.127919911012236,9.09324818529067e-05
1404,900,404,2453,1.88497878060466,132,15.2655341730363,0.123479385604083,0.146829810901001,-0.0233504252969176
1405,900,405,2454,2.01754862711997,138,14.037715049444,0.143723435047208,0.153503893214683,-0.00978045816747533
1406,900,406,2455,2.11285693374826,134,14.3840021997194,0.146889363920528,0.149054505005562,-0.00216514108503335
1407,900,407,2456,2.11054576062662,138,14.6210225268098,0.144350079261326,0.153503893214683,-0.0091538139533569
1408,900,408,2457,2.06158676333473,126,14.8719983054664,0.138622041301401,0.140155728587319,-0.00153368728591854
1409,900,409,2458,1.9673422257005,138,14.5596079964582,0.135123296326321,0.153503893214683,-0.0183805968883618
1410,900,410,2459,1.96859668289047,131,13.9192032518818,0.141430270631642,0.145717463848721,-0.00428719321707888
1411,900,411,2460,2.27668040189528,160,13.4730516270664,0.168980307128164,0.17797552836485,-0.00899522123668617
1412,900,412,2461,2.24438060512274,153,14.1036067777494,0.159135222676769,0.170189098998888,-0.0110538763221183
1413,900,413,2462,2.08703344089525,128,14.7167875486443,0.141813111998583,0.14238042269188,-0.00056731069329638
1414,900,414,2463,1.99157864466561,138,14.3907524186612,0.138392947548943,0.153503893214683,-0.0151109456657397
1415,900,415,2464,2.36040456663465,146,14.6293777712324,0.161346887307553,0.162402669632925,-0.00105578232537237
1416,900,416,2465,1.79848864950332,137,12.7590984143491,0.140957345973655,0.152391546162403,-0.0114342001887476
1417,900,417,2466,2.77742412768881,172,15.3524136142789,0.180911236335217,0.191323692992214,-0.0104124566569968
1418,900,418,2467,2.42575658826616,155,14.760451662476,0.164341623395774,0.172413793103448,-0.00807216970767433
1419,900,419,2468,1.94679351550862,160,14.5714543724494,0.133603239988829,0.17797552836485,-0.0443722883760212
1420,900,420,2469,1.8148860882429,120,14.2253168687511,0.127581417341197,0.133481646273637,-0.00590022893244083
1421,900,421,2470,2.12464871119663,141,13.9767684492016,0.152012871853651,0.156840934371524,-0.00482806251787299
1422,900,422,2471,2.12776165679072,132,14.6309205933065,0.145429102920848,0.146829810901001,-0.0014007079801531
1423,900,423,2472,2.56951385628427,185,13.6957126862679,0.187614468494262,0.205784204671858,-0.0181697361775956
1424,900,424,2473,2.23748416939571,160,14.0078521031938,0.159730710526674,0.17797552836485,-0.0182448178381758
1425,900,425,2474,2.24785588893991,151,14.9167339452649,0.150693569865102,0.167964404894327,-0.0172708350292253
1426,900,426,2475,1.931711184106,125,13.8922681015677,0.139049374082265,0.139043381535039,5.99254722635778e-06
1427,900,427,2476,1.97457195353915,117,15.0412653921102,0.13127698382178,0.130144605116796,0.00113237870498376
1428,900,428,2477,2.39948545626159,171,14.6114371226083,0.164219675048176,0.190211345939933,-0.0259916708917571
1429,900,429,2478,2.45298588056039,172,14.1748239767617,0.173052299244198,0.191323692992214,-0.0182713937480159
1430,900,430,2479,2.43551595532342,149,13.7493257788252,0.17713711890326,0.165739710789766,0.011397408113494
1431,900,431,2480,2.57734506863084,151,14.1391181706593,0.18228471093616,0.167964404894327,0.0143203060418333
1432,900,432,2481,2.23203933159119,140,14.9300460409609,0.14949982910083,0.155728587319244,-0.00622875821841348
1433,900,433,2482,2.08724841138421,145,13.8249475878122,0.150976949324877,0.161290322580645,-0.0103133732557681
1434,900,434,2483,1.94557840350935,134,13.8385180211078,0.140591528698505,0.149054505005562,-0.00846297630705711
1435,900,435,2484,2.19580042512697,151,14.0251830692468,0.156561266564979,0.167964404894327,-0.0114031383293483
1436,900,436,2485,1.74368480508085,134,12.8326406241414,0.13587887763338,0.149054505005562,-0.0131756273721818
1437,900,437,2486,2.17998063482876,145,14.4107122465011,0.151275009696905,0.161290322580645,-0.0100153128837402
1438,900,438,2487,2.38774480764984,123,15.3021532756145,0.156039791566782,0.136818687430478,0.0192211041363042
1439,900,439,2488,2.24680140874613,144,14.6855320381229,0.152994212461187,0.160177975528365,-0.00718376306717808
1440,900,440,2489,2.0265640109811,155,13.2504696304694,0.152942806368238,0.172413793103448,-0.0194709867352103
1441,900,441,2490,2.1483791348382,136,13.9930487128555,0.153531884217945,0.151279199110122,0.00225268510782287
1442,900,442,2491,1.96514367291348,137,13.9057500047984,0.141318783397902,0.152391546162403,-0.0110727627645007
1443,900,443,2492,2.1836017145639,132,14.4874224503429,0.150723962254046,0.146829810901001,0.00389415135304455
1444,900,444,2493,1.72020916088902,130,13.0866617772033,0.131447514284016,0.14460511679644,-0.0131576025124247
1445,900,445,2494,1.98473475657442,130,12.5520229280399,0.158120708347395,0.14460511679644,0.0135155915509547
1446,900,446,2495,1.87284865184076,132,14.9813894793385,0.125011678951654,0.146829810901001,-0.021818131949347
1447,900,447,2496,2.02127395259484,130,13.6659263324874,0.147906106283462,0.14460511679644,0.00330098948702154
1448,900,448,2497,1.94932546579131,129,14.2603608289412,0.136695381636851,0.14349276974416,-0.00679738810730932
1449,900,449,2498,2.2523818312933,162,14.0443154874893,0.160376761209881,0.18020022246941,-0.0198234612595294
1450,900,450,2499,2.09646775133734,137,15.3927647847152,0.136198258120537,0.152391546162403,-0.0161932880418661
1451,900,451,2500,2.14401970130359,146,15.1013236875729,0.141975613903828,0.162402669632925,-0.0204270557290974
1452,900,452,2501,1.92879910361998,126,13.5136359647018,0.142729840337425,0.140155728587319,0.00257411175010605
1453,900,453,2502,2.06404428377324,135,15.2843195997833,0.135043255952493,0.150166852057842,-0.0151235961053489
1454,900,454,2503,2.02030688300182,136,14.2391064683409,0.141884386319729,0.151279199110122,-0.00939481279039373
1455,900,455,2504,2.26270574481906,131,15.3463694595321,0.147442413059698,0.145717463848721,0.0017249492109771
1456,900,456,2505,2.29134113339804,164,14.0566778016478,0.163007302702025,0.182424916573971,-0.0194176138719458
1457,900,457,2506,1.7588149403429,126,13.0510403802144,0.134764347446913,0.140155728587319,-0.00539138114040658
1458,900,458,2507,2.06704889612525,144,14.6162895271333,0.141420905236451,0.160177975528365,-0.0187570702919135
1459,900,459,2508,1.78794634229515,121,14.1662004294603,0.126212130853161,0.134593993325918,-0.00838186247275619
1460,900,460,2509,1.85886875454746,124,15.0016504184574,0.123910949975236,0.137931034482759,-0.0140200845075221
1461,900,461,2510,2.23822932008026,138,15.0475296199152,0.148743971709349,0.153503893214683,-0.00475992150533416
1462,900,462,2511,2.05931490426878,167,13.6564304673295,0.150794521979613,0.185761957730812,-0.0349674357511987
1463,900,463,2512,2.21881249682496,120,14.0887174012311,0.157488608340676,0.133481646273637,0.024006962067039
1464,900,464,2513,2.4580174997361,157,14.6205518171748,0.1681207064188,0.174638487208009,-0.00651778078920878
1465,900,465,2514,1.94951432421337,133,14.0769865516075,0.138489464138242,0.147942157953281,-0.00945269381503952
1466,900,466,2515,2.2058510874242,163,13.6805805961589,0.161239581311596,0.181312569521691,-0.0200729882100945
1467,900,467,2516,2.19253109827122,151,14.119267666318,0.155286460324113,0.167964404894327,-0.012677944570214
1468,900,468,2517,2.28676199147926,149,15.5373420513546,0.147178454585152,0.165739710789766,-0.0185612562046145
1469,900,469,2518,2.2613076487401,153,14.5886042132553,0.155005072156627,0.170189098998888,-0.0151840268422611
1470,900,470,2519,1.90282582698539,119,14.5475763783482,0.130800194994505,0.132369299221357,-0.00156910422685252
1471,900,471,2520,2.57974256400659,184,15.34543181459,0.168111435062638,0.204671857619577,-0.0365604225569388
1472,900,472,2521,2.14273389758062,141,14.7295175314807,0.145472103414185,0.156840934371524,-0.011368830957339
1473,900,473,2522,2.2530264345183,145,14.5475663569747,0.154873081808499,0.161290322580645,-0.00641724077214631
1474,900,474,2523,1.8722192654283,116,14.2825580284326,0.131084310086557,0.129032258064516,0.00205205202204109
1475,900,475,2524,1.74494473467902,125,13.4536533436279,0.129700438246053,0.139043381535039,-0.00934294328898566
1476,900,476,2525,2.31942070812559,150,14.443650056368,0.160584111292768,0.166852057842047,-0.00626794654927848
1477,900,477,2526,1.8324198457861,121,13.7620481982125,0.133150227305853,0.134593993325918,-0.00144376602006485
1478,900,478,2527,2.08340242672266,135,13.8415574104009,0.150517919692847,0.150166852057842,0.000351067635005337
1479,900,479,2528,2.03827287940965,135,13.6517327018405,0.149305068003188,0.150166852057842,-0.000861784054653869
1480,900,480,2529,1.95588500955504,118,15.8460370458754,0.123430546318465,0.131256952169077,-0.00782640585061137
1481,900,481,2530,2.00892206715406,144,13.7466663942886,0.146138853561524,0.160177975528365,-0.0140391219668413
1482,900,482,2531,1.88244067148278,147,13.3229328942243,0.141293263760178,0.163515016685206,-0.0222217529250281
1483,900,483,2532,2.32430423348789,167,13.8884305563325,0.167355427530875,0.185761957730812,-0.018406530199937
1484,900,484,2533,2.16198759510189,136,15.1643638195448,0.142570279955654,0.151279199110122,-0.00870891915446875
1485,900,485,2534,1.84321601799004,130,13.5750882036912,0.135779303259985,0.14460511679644,-0.00882581353645531
1486,900,486,2535,2.28168918321261,189,14.3081170752296,0.159468165602496,0.210233592880979,-0.0507654272784833
1487,900,487,2536,2.07196923348459,127,15.1499812311013,0.136763815207312,0.1412680756396,-0.00450426043228733
1488,900,488,2537,2.13469588593561,156,13.1805925462125,0.16195750520708,0.173526140155729,-0.0115686349486482
1489,900,489,2538,1.81551160909267,127,14.1711308255493,0.12811338992224,0.1412680756396,-0.0131546857173594
1490,900,490,2539,2.36105801912841,154,14.1436341694383,0.166934324717632,0.171301446051168,-0.00436712133353626
1491,900,491,2540,2.2002082358562,113,15.501631195334,0.141933981535986,0.125695216907675,0.0162387646283105
1492,900,492,2541,1.98131122843437,130,14.9998775805127,0.132088493242666,0.14460511679644,-0.0125166235537749
1493,900,493,2542,1.95642107048971,130,14.6790044008244,0.133280229167302,0.14460511679644,-0.0113248876291388
1494,900,494,2543,2.24774931703009,152,14.6994500659099,0.152913837385178,0.169076751946607,-0.0161629145614293
1495,900,495,2544,1.91490260624877,131,13.7648663094319,0.139115234627208,0.145717463848721,-0.00660222922151296
1496,900,496,2545,1.97514751067194,149,13.779446112577,0.143340123727407,0.165739710789766,-0.022399587062359
1497,900,497,2546,2.49596990568962,185,14.8924058722263,0.167600180058515,0.205784204671858,-0.0381840246133426
1498,900,498,2547,2.31099506899549,150,14.8079974777524,0.156063983159609,0.166852057842047,-0.0107880746824374
1499,900,499,2548,2.1734634200134,140,14.9098186202641,0.145773967837505,0.155728587319244,-0.00995461948173892
1500,900,500,2549,1.86707408179568,134,13.712711685541,0.136156445538366,0.149054505005562,-0.0128980594671957
1501,900,501,2550,1.88262527855459,118,14.1357671796464,0.133181684066311,0.131256952169077,0.00192473189723402
1502,900,502,2551,2.12604430854148,158,14.0746198741869,0.151055184974528,0.175750834260289,-0.0246956492857609
1503,900,503,2552,1.86250022842425,130,14.1929126979048,0.131227484313294,0.14460511679644,-0.0133776324831466
1504,900,504,2553,2.17291913372218,141,15.0725916259217,0.144163604219543,0.156840934371524,-0.012677330151981
1505,900,505,2554,1.88863065572632,121,14.0877392186819,0.134062011399373,0.134593993325918,-0.000531981926544856
1506,900,506,2555,1.92195996515177,145,13.6291350771685,0.141018483878073,0.161290322580645,-0.0202718387025718
1507,900,507,2556,1.69261701357527,115,13.2989878984188,0.127274122399684,0.127919911012236,-0.000645788612551546
1508,900,508,2557,1.74199242704789,126,12.866491600759,0.1353898546007,0.140155728587319,-0.00476587398661879
1509,900,509,2558,1.9604994856207,147,13.4836433452861,0.145398349349406,0.163515016685206,-0.0181166673357999
1510,900,510,2559,2.16423596698781,152,14.0570043790371,0.153961392387078,0.169076751946607,-0.0151153595595289
1511,900,511,2560,2.05433621401362,148,13.7002437055665,0.149948881068366,0.164627363737486,-0.0146784826691201
1512,900,512,2561,2.75406402414365,201,13.5249064969219,0.20362906203976,0.223581757508343,-0.0199526954685829
1513,900,513,2562,2.04189230240682,137,14.0086540507282,0.145759349542984,0.152391546162403,-0.00663219661941877
1514,900,514,2563,2.10975800031578,146,15.4367139037591,0.136671445326329,0.162402669632925,-0.0257312243065967
1515,900,515,2564,2.14968384491039,124,13.6493432660081,0.157493573354836,0.137931034482759,0.0195625388720775
1516,900,516,2565,2.11013701345492,144,14.7600128535343,0.14296308779634,0.160177975528365,-0.0172148877320252
1517,900,517,2566,2.44982267648639,169,14.3460098775563,0.170766833244624,0.187986651835373,-0.0172198185907485
1518,900,518,2567,2.06657875207482,126,13.5916871593072,0.152047257110364,0.140155728587319,0.0118915285230448
1519,900,519,2568,2.12068617100785,131,14.3154198295794,0.148139991439578,0.145717463848721,0.0024225275908572
1520,900,520,2569,2.42900525003291,159,13.7304695932786,0.176906203646667,0.17686318131257,4.30223340971148e-05
1521,900,521,2570,2.08675207920871,141,14.3434169950462,0.145485004021665,0.156840934371524,-0.0113559303498592
1522,900,522,2571,2.05955018630644,128,14.2947835002199,0.144077046446681,0.14238042269188,0.00169662375480156
1523,900,523,2572,2.25660746849786,136,14.4480190928284,0.156188018163541,0.151279199110122,0.00490881905341833
1524,900,524,2573,1.75489945696431,120,13.336498607785,0.131586221284491,0.133481646273637,-0.00189542498914594
1525,900,525,2574,2.34792424716298,158,14.2685120911391,0.164552844204482,0.175750834260289,-0.0111979900558071
1526,900,526,2575,2.15955175936733,162,13.5762471005847,0.159068389324935,0.18020022246941,-0.0211318331444754
1527,900,527,2576,2.09084795512517,153,12.9655693594113,0.161261561075024,0.170189098998888,-0.00892753792386347
1528,900,528,2577,1.9442877587988,146,14.2236888857664,0.136693636539284,0.162402669632925,-0.0257090330936417
1529,900,529,2578,1.88114472562347,142,13.877854184612,0.135550114635829,0.157953281423804,-0.0224031667879754
1530,900,530,2579,1.89009556424047,154,13.0395582577842,0.144950889199958,0.171301446051168,-0.0263505568512099
1531,900,531,2580,2.2196555923717,125,14.2905435494021,0.155323384635328,0.139043381535039,0.0162800031002893
1532,900,532,2581,1.95899977102756,139,14.8976716482883,0.131497043113623,0.154616240266963,-0.0231191971533401
1533,900,533,2582,2.0480551824,123,15.3078203940323,0.133791430111006,0.136818687430478,-0.00302725731947276
1534,900,534,2583,2.0026942950241,159,12.6840006475285,0.157891374391748,0.17686318131257,-0.0189718069208212
1535,900,535,2584,1.90138977547432,118,13.5902897061035,0.139907964921482,0.131256952169077,0.00865101275240543
1536,900,536,2585,1.78253099873649,142,13.819312560866,0.128988398727178,0.157953281423804,-0.0289648826966261
1537,900,537,2586,1.80404323400559,129,13.2520404870359,0.136133241953979,0.14349276974416,-0.00735952779018095
1538,900,538,2587,2.24308226798901,130,14.4863616597007,0.154840968400575,0.14460511679644,0.0102358516041342
1539,900,539,2588,1.99518073284797,122,14.6380798782917,0.136300713579712,0.135706340378198,0.000594373201513732
1540,900,540,2589,1.94499000000754,139,13.718900721633,0.141774478835651,0.154616240266963,-0.0128417614313127
1541,900,541,2590,2.28124828358696,138,14.9253974155689,0.152843386348115,0.153503893214683,-0.000660506866568128
1542,900,542,2591,1.82122345419422,128,13.8784688514857,0.131226540455092,0.14238042269188,-0.0111538822367883
1543,900,543,2592,2.2986754324067,158,13.9941339813046,0.164259927443714,0.175750834260289,-0.0114909068165748
1544,900,544,2593,2.23869776619644,160,14.8186086709127,0.151073411540367,0.17797552836485,-0.0269021168244832
1545,900,545,2594,1.74579568306151,116,13.5248057788341,0.129081016881856,0.129032258064516,4.87588173396225e-05
1546,900,546,2595,2.09453855097848,124,14.8154138341401,0.141375635836233,0.137931034482759,0.00344460135347399
1547,900,547,2596,2.13153799937134,133,13.9250885218664,0.153071773728706,0.147942157953281,0.00512961577542448
1548,900,548,2597,2.09529448248483,150,14.182043061217,0.147742781025305,0.166852057842047,-0.0191092768167415
1549,900,549,2598,2.36466807495968,147,14.2576292771232,0.165852823705682,0.163515016685206,0.0023378070204759
1550,900,550,2599,2.7256284992819,193,15.0713184314853,0.18084871019564,0.2146829810901,-0.03383427089446
1551,900,551,2600,1.93198339752869,130,12.8252189132469,0.150639409011037,0.14460511679644,0.00603429221459681
1552,900,552,2601,2.28946537090249,151,14.3303068662886,0.159763876116872,0.167964404894327,-0.00820052877745539
1553,900,553,2602,2.18253397204231,136,15.2451092053529,0.143162895236984,0.151279199110122,-0.00811630387313886
1554,900,554,2603,2.07837607033483,132,14.7144159224125,0.141247609235315,0.146829810901001,-0.00558220166568568
1555,900,555,2604,2.29055366553936,160,14.9191628609294,0.153530978037509,0.17797552836485,-0.0244445503273412
1556,900,556,2605,1.96669421777542,125,14.5812889592402,0.134877940028005,0.139043381535039,-0.00416544150703346
1557,900,557,2606,2.11748606147997,147,14.1193577020856,0.149970424020577,0.163515016685206,-0.0135445926646293
1558,900,558,2607,2.15122418302774,136,14.6126082725774,0.147216988432162,0.151279199110122,-0.00406221067796067
1559,900,559,2608,2.11964437546025,153,14.1433270098668,0.149868865648198,0.170189098998888,-0.0203202333506897
1560,900,560,2609,2.09221650808951,148,14.2593121565538,0.146726327688106,0.164627363737486,-0.0179010360493806
1561,900,561,2610,2.14347778660441,158,13.8935756350987,0.154278340068876,0.175750834260289,-0.0214724941914128
1562,900,562,2611,1.84597796574369,118,13.3340349909546,0.138441062063805,0.131256952169077,0.00718410989472798
1563,900,563,2612,2.05410451563068,130,14.8245385516793,0.138561109910433,0.14460511679644,-0.00604400688600792
1564,900,564,2613,1.86994460791144,137,13.9581587589995,0.133967856376887,0.152391546162403,-0.0184236897855154
1565,900,565,2614,1.87686729967164,139,12.9737865704106,0.144666114976195,0.154616240266963,-0.00995012529076789
1566,900,566,2615,2.19678577490415,155,14.9429809400277,0.147011214410347,0.172413793103448,-0.0254025786931013
1567,900,567,2616,1.85397819263069,137,13.5478007905799,0.136847169609978,0.152391546162403,-0.0155443765524245
1568,900,568,2617,2.27904361162994,162,14.7261236774526,0.154761949685335,0.18020022246941,-0.0254382727840757
1569,900,569,2618,2.51360471912621,159,15.5974535315643,0.161154813767483,0.17686318131257,-0.0157083675450869
1570,900,570,2619,1.92471554504647,134,13.7033365951962,0.140455978124422,0.149054505005562,-0.00859852688113996
1571,900,571,2620,2.21521123144729,133,15.1211185442062,0.146497841741745,0.147942157953281,-0.00144431621153598
1572,900,572,2621,2.24260761558546,130,14.2176033021466,0.157734575084597,0.14460511679644,0.013129458288156
1573,900,573,2622,2.06499931675492,129,14.0448236346894,0.147029209512789,0.14349276974416,0.00353643976862927
1574,900,574,2623,1.82167699368343,133,13.2064600685157,0.137938325958091,0.147942157953281,-0.0100038319951907
1575,900,575,2624,2.15698026707632,141,14.1719460515463,0.152200711125412,0.156840934371524,-0.00464022324611169
1576,900,576,2625,2.14370959468983,138,13.9488499373893,0.153683608635269,0.153503893214683,0.000179715420585674
1577,900,577,2626,2.22809918249567,142,15.2269761221581,0.146325781601073,0.157953281423804,-0.0116274998227308
1578,900,578,2627,1.95563422769056,146,13.2949847998502,0.147095634717281,0.162402669632925,-0.0153070349156445
1579,900,579,2628,2.21518492115323,140,14.5531439973998,0.152213495691998,0.155728587319244,-0.00351509162724586
1580,900,580,2629,2.18586484081676,137,14.8327885246147,0.14736708726005,0.152391546162403,-0.00502445890235229
1581,900,581,2630,2.24356839185366,134,14.0579285324847,0.159594522526507,0.149054505005562,0.0105400175209454
1582,900,582,2631,1.92525231139855,127,13.6603518235399,0.14093724204679,0.1412680756396,-0.000330833592810026
1583,900,583,2632,2.12996885203095,136,14.0756042712684,0.151323439547012,0.151279199110122,4.42404368895533e-05
1584,900,584,2633,1.99141041406888,123,14.7537252930427,0.134976785490778,0.136818687430478,-0.00184190193970074
1585,900,585,2634,2.12403763400982,147,14.140129172927,0.15021345335915,0.163515016685206,-0.0133015633260561
1586,900,586,2635,2.05180729231967,119,15.3932869503938,0.133292343534672,0.132369299221357,0.000923044313314692
1587,900,587,2636,2.39261204252765,187,14.0793040517581,0.169938232296993,0.208008898776418,-0.0380706664794255
1588,900,588,2637,2.08677231910265,125,15.3749521780858,0.13572545104088,0.139043381535039,-0.0033179304941591
1589,900,589,2638,1.996940317998,129,13.7996701496056,0.144709279015272,0.14349276974416,0.00121650927111161
1590,900,590,2639,1.91626357708843,137,14.3646037429143,0.133401770865672,0.152391546162403,-0.0189897752967304
1591,900,591,2640,1.99673772735472,129,14.3895521884969,0.138763020641526,0.14349276974416,-0.00472974910263371
1592,900,592,2641,2.64610432287423,164,14.126156032305,0.187319488530558,0.182424916573971,0.00489457195658694
1593,900,593,2642,2.02407792335699,142,13.8879668704933,0.145743285697015,0.157953281423804,-0.0122099957267888
1594,900,594,2643,2.44705943558161,142,14.9443025004776,0.163745309324634,0.157953281423804,0.00579202790083025
1595,900,595,2644,2.27497544332025,152,14.0152852784094,0.162321022949483,0.169076751946607,-0.00675572899712401
1596,900,596,2645,2.10187034320125,138,14.286814116338,0.147119597559376,0.153503893214683,-0.00638429565530738
1597,900,597,2646,2.34372797754158,159,13.9665885717085,0.16780962405445,0.17686318131257,-0.00905355725811949
1598,900,598,2647,2.09185046593019,132,15.1785705073969,0.137816039060515,0.146829810901001,-0.00901377184048657
1599,900,599,2648,1.92689616316237,127,14.3216224242801,0.134544544331486,0.1412680756396,-0.00672353130811323
1600,900,600,2649,1.73438259318411,124,14.0644500427372,0.123316772992467,0.137931034482759,-0.0146142614902914
1601,900,601,2650,1.95668010806014,141,14.8362268355363,0.131885291978242,0.156840934371524,-0.0249556423932818
1602,900,602,2651,2.33481776129328,157,13.8274965478795,0.168853252156577,0.174638487208009,-0.00578523505143214
1603,900,603,2652,2.43267390926937,159,14.3140214309186,0.169950416869905,0.17686318131257,-0.00691276444266442
1604,900,604,2653,1.96336100176467,142,13.7454335134755,0.142837328472752,0.157953281423804,-0.0151159529510523
1605,900,605,2654,2.39032997706285,158,14.2172433947849,0.168128934047767,0.175750834260289,-0.00762190021252174
1606,900,606,2655,2.39937451246517,163,13.9363934309181,0.172166100530867,0.181312569521691,-0.00914646899082375
1607,900,607,2656,1.91866750951746,140,13.6139318929841,0.140934119885397,0.155728587319244,-0.0147944674338465
1608,900,608,2657,2.29739663462924,161,14.4415377709622,0.159082548622256,0.17908787541713,-0.0200053267948742
1609,900,609,2658,2.09926017488428,144,14.8601726656994,0.141267549315214,0.160177975528365,-0.0189104262131506
1610,900,610,2659,1.80066652733453,125,13.2793988617117,0.135598497046908,0.139043381535039,-0.00344488448813063
1611,900,611,2660,1.85623637823254,137,14.0529896800094,0.13208836130244,0.152391546162403,-0.0203031848599629
1612,900,612,2661,2.04258644746055,140,14.3208504269283,0.142630247964867,0.155728587319244,-0.0130983393543771
1613,900,613,2662,2.15563270725914,147,15.4369815273108,0.139640816661304,0.163515016685206,-0.0238742000239021
1614,900,614,2663,2.0578427336435,123,13.3349102642293,0.154319953630556,0.136818687430478,0.0175012662000778
1615,900,615,2664,2.2448336787946,145,14.1767320445074,0.158346343271991,0.161290322580645,-0.00294397930865409
1616,900,616,2665,2.67065676813586,208,13.2186292727362,0.202037345403443,0.231368186874305,-0.0293308414708622
1617,900,617,2666,2.39671829835902,178,14.4495993089672,0.165867457436806,0.197997775305895,-0.0321303178690896
1618,900,618,2667,2.5483142961565,154,14.2550736024519,0.178765425365337,0.171301446051168,0.00746397931416901
1619,900,619,2668,2.37892215369186,160,14.5902040085536,0.163049272806412,0.17797552836485,-0.0149262555584379
1620,900,620,2669,1.93708301206048,137,13.837506500783,0.139987866452013,0.152391546162403,-0.0124036797103895
1621,900,621,2670,2.56976354242553,158,14.3426496987621,0.179169372214906,0.175750834260289,0.00341853795461713
1622,900,622,2671,2.07353843961012,138,15.5260302114203,0.133552389849461,0.153503893214683,-0.0199515033652216
1623,900,623,2672,2.05743377229356,143,13.7443526100448,0.149693028887364,0.159065628476085,-0.00937259958872036
1624,900,624,2673,2.14866957284434,140,14.4570468006915,0.148624376919189,0.155728587319244,-0.00710421040005435
1625,900,625,2674,2.04668912786411,150,14.3370712237225,0.142755036640789,0.166852057842047,-0.024097021201258
1626,900,626,2675,1.79926419631521,135,13.4902169246412,0.133375482867787,0.150166852057842,-0.0167913691900555
1627,900,627,2676,2.00999783683198,143,13.4212569674778,0.149762264570493,0.159065628476085,-0.00930336390559192
1628,900,628,2677,1.80066373935517,127,13.4637056373696,0.133742060904636,0.1412680756396,-0.00752601473496353
1629,900,629,2678,2.05672627378223,144,13.605177084149,0.151172326612233,0.160177975528365,-0.00900564891613234
1630,900,630,2679,2.01502898003605,156,12.9254940868796,0.155895702438289,0.173526140155729,-0.01763043771744
1631,900,631,2680,1.75040243922831,130,13.396386776992,0.130662279939139,0.14460511679644,-0.0139428368573012
1632,900,632,2681,2.57089208320186,125,14.6307172848219,0.175718799916182,0.139043381535039,0.0366754183811436
1633,900,633,2682,2.57233530335269,177,14.9533662321724,0.172023828174439,0.196885428253615,-0.024861600079176
1634,900,634,2683,2.41824530508434,151,15.0856404145,0.160301136619959,0.167964404894327,-0.00766326827436831
1635,900,635,2684,2.27038942212453,154,14.0827407261906,0.161217867052124,0.171301446051168,-0.010083578999044
1636,900,636,2685,1.95853699016009,117,14.8567219200414,0.131828340107656,0.130144605116796,0.00168373499085997
1637,900,637,2686,2.10603030182,133,14.5319774583413,0.144923862417028,0.147942157953281,-0.00301829553625388
1638,900,638,2687,1.92660630423789,116,14.7791806846957,0.1303594796857,0.129032258064516,0.00132722162118423
1639,900,639,2688,1.9468871051608,140,14.1290436059955,0.137793268918404,0.155728587319244,-0.0179353184008393
1640,900,640,2689,2.26054321708724,156,14.4063459484741,0.156913017719575,0.173526140155729,-0.0166131224361531
1641,900,641,2690,2.06681168875075,146,14.4159543795365,0.143369743988965,0.162402669632925,-0.0190329256439603
1642,900,642,2691,1.96145774712569,124,14.4081997771947,0.136134824437282,0.137931034482759,-0.00179621004547703
1643,900,643,2692,1.80707783347241,125,14.831821071781,0.121837893319152,0.139043381535039,-0.0172054882158868
1644,900,644,2693,1.67687823740139,134,13.5866465013409,0.123421054432814,0.149054505005562,-0.025633450572748
1645,900,645,2694,2.15658231613741,128,14.9834234153334,0.143931213605727,0.14238042269188,0.00155079091384736
1646,900,646,2695,2.44025645106989,157,14.878393774531,0.164013433711315,0.174638487208009,-0.0106250534966938
1647,900,647,2696,1.79539112631017,112,13.9950544790754,0.128287541073494,0.124582869855395,0.00370467121809928
1648,900,648,2697,2.75427904930865,200,13.8601716592882,0.198718970948885,0.222469410456062,-0.0237504395071778
1649,900,649,2698,2.29343351760185,135,15.1995822609239,0.150887930880703,0.150166852057842,0.00072107882286096
1650,900,650,2699,2.04396874723586,154,13.6245801237969,0.150020677970533,0.171301446051168,-0.0212807680806349
1651,900,651,2700,2.24027013954725,138,14.2090483499609,0.15766503740227,0.153503893214683,0.0041611441875872
1652,900,652,2701,1.95910786982096,141,12.5483885444722,0.156124259531634,0.156840934371524,-0.00071667483989013
1653,900,653,2702,2.18132137913151,151,14.5630396653348,0.149784758488561,0.167964404894327,-0.0181796464057657
1654,900,654,2703,2.1853620397123,150,13.7166816001059,0.159321481931564,0.166852057842047,-0.00753057591048253
1655,900,655,2704,1.90554809083931,120,13.9546805804768,0.136552612569667,0.133481646273637,0.00307096629602976
1656,900,656,2705,1.89521924464039,133,13.5588097519533,0.139777700204649,0.147942157953281,-0.00816445774863278
1657,900,657,2706,2.34473789502023,143,13.7711499923455,0.170264494709848,0.159065628476085,0.0111988662337636
1658,900,658,2707,1.85678773617531,119,14.5484553488162,0.127627826573794,0.132369299221357,-0.00474147264756275
1659,900,659,2708,2.11297333080689,134,14.5804836381366,0.144917917899528,0.149054505005562,-0.00413658710603337
1660,900,660,2709,2.44977247300533,161,14.9158871822481,0.164239139319911,0.17908787541713,-0.0148487360972188
1661,900,661,2710,2.42687701408875,150,14.3916566166977,0.168630830954722,0.166852057842047,0.0017787731126748
1662,900,662,2711,1.94490079846967,126,14.3338658619736,0.135685712228499,0.140155728587319,-0.0044700163588198
1663,900,663,2712,1.94445226295738,120,14.4078663621821,0.13495768312102,0.133481646273637,0.00147603684738284
1664,900,664,2713,2.3529396958217,173,14.5276188944937,0.16196320353045,0.192436040044494,-0.0304728365140439
1665,900,665,2714,1.87996329171635,129,15.1081776076586,0.124433491618695,0.14349276974416,-0.0190592781254647
1666,900,666,2715,2.02814051573302,128,13.0996258267195,0.154824308920045,0.14238042269188,0.0124438862281647
1667,900,667,2716,1.92381079061589,153,12.6770260463657,0.151755686513511,0.170189098998888,-0.0184334124853769
1668,900,668,2717,2.09518340273576,150,14.1071543982776,0.148519208309761,0.166852057842047,-0.0183328495322857
1669,900,669,2718,1.93090399863045,125,14.1616563014696,0.136347328132096,0.139043381535039,-0.00269605340294271
1670,900,670,2719,2.25458784095648,160,13.941751674882,0.161714818448419,0.17797552836485,-0.0162607099164311
1671,900,671,2720,2.05772067969745,131,14.2642230825444,0.144257466234915,0.145717463848721,-0.0014599976138058
1672,900,672,2721,2.39042135737936,157,14.509500638357,0.164748699280531,0.174638487208009,-0.00988978792747744
1673,900,673,2722,2.11283059303039,147,14.0585116996525,0.150288354711303,0.163515016685206,-0.0132266619739027
1674,900,674,2723,1.82336718500589,121,13.61307166496,0.133942377582514,0.134593993325918,-0.00065161574340375
1675,900,675,2724,1.97056933988729,144,13.692677230433,0.143914101437194,0.160177975528365,-0.0162638740911711
1676,900,676,2725,1.69706270110149,132,13.2088734230765,0.128478988839172,0.146829810901001,-0.0183508220618288
1677,900,677,2726,2.2321459577803,158,14.0653507956624,0.158698207404018,0.175750834260289,-0.0170526268562708
1678,900,678,2727,2.32431394280433,157,14.2623125813842,0.162968938560365,0.174638487208009,-0.0116695486476439
1679,900,679,2728,2.28261648567692,135,14.2460411410009,0.160228126753574,0.150166852057842,0.010061274695732
1680,900,680,2729,1.99768659537081,150,13.7437632471396,0.145352227002788,0.166852057842047,-0.0214998308392585
1681,900,681,2730,2.02135797796522,143,14.08719682556,0.143489013676421,0.159065628476085,-0.0155766147996633
1682,900,682,2731,2.26235941238669,138,14.1544673718566,0.15983359549685,0.153503893214683,0.00632970228216739
1683,900,683,2732,2.45536129140084,175,14.7885962650017,0.166030720387684,0.194660734149054,-0.0286300137613708
1684,900,684,2733,2.38709838966837,148,14.7001502559915,0.162385985727965,0.164627363737486,-0.00224137800952137
1685,900,685,2734,1.92772828711064,128,13.8876901887404,0.138808416728188,0.14238042269188,-0.0035720059636917
1686,900,686,2735,2.18896905799597,139,13.9073280682937,0.157396808879948,0.154616240266963,0.00278056861298503
1687,900,687,2736,2.31541526234857,149,14.4441374984421,0.160301386122799,0.165739710789766,-0.00543832466696759
1688,900,688,2737,2.37050382695934,141,14.7124902145138,0.161121862607653,0.156840934371524,0.00428092823612924
1689,900,689,2738,1.96812133464908,126,14.9227241662231,0.13188753693537,0.140155728587319,-0.00826819165194967
1690,900,690,2739,2.26337857186856,158,14.8745058593106,0.152164958841426,0.175750834260289,-0.023585875418863
1691,900,691,2740,2.08815697179946,147,13.6159869563218,0.153360676570709,0.163515016685206,-0.0101543401144971
1692,900,692,2741,1.99504746993581,138,14.2856289378235,0.13965415723865,0.153503893214683,-0.013849735976033
1693,900,693,2742,2.038822503407,147,13.8940764944863,0.146740411585908,0.163515016685206,-0.0167746050992981
1694,900,694,2743,2.20562393156873,149,14.3377926846009,0.153832879306284,0.165739710789766,-0.0119068314834823
1695,900,695,2744,2.13122407904196,135,14.390681050274,0.148097513355796,0.150166852057842,-0.00206933870204612
1696,900,696,2745,2.10625199166701,162,13.8413307693009,0.152171205700721,0.18020022246941,-0.0280290167686895
1697,900,697,2746,1.97668176298267,155,14.006142811979,0.141129630728318,0.172413793103448,-0.0312841623751306
1698,900,698,2747,2.07580776060497,130,14.7616777631726,0.140621397777947,0.14460511679644,-0.00398371901849334
1699,900,699,2748,1.85505383704046,129,13.7482162440711,0.134930510555539,0.14349276974416,-0.00856225918862155
1700,900,700,2749,2.22352323215456,163,13.2290039647608,0.168079413845332,0.181312569521691,-0.0132331556763589
1701,900,701,2750,2.28047917219884,146,14.5863466900451,0.156343409399094,0.162402669632925,-0.00605926023383116
1702,900,702,2751,1.95201298729667,125,14.3265201090616,0.136251718661394,0.139043381535039,-0.00279166287364455
1703,900,703,2752,1.82506983371128,128,14.1470853538908,0.129006773342846,0.14238042269188,-0.0133736493490343
1704,900,704,2753,2.30169893939632,166,13.9390399537956,0.165126073748685,0.184649610678532,-0.019523536929847
1705,900,705,2754,2.33195469488637,150,14.7370730991388,0.158237302563333,0.166852057842047,-0.00861475527871391
1706,900,706,2755,2.13182113456804,147,14.0623068213917,0.151598252096526,0.163515016685206,-0.0119167645886799
1707,900,707,2756,1.8134357173733,125,13.7035818332065,0.132332972462643,0.139043381535039,-0.00671040907239595
1708,900,708,2757,1.95941048755914,126,14.5886553834917,0.134310560915462,0.140155728587319,-0.0058451676718573
1709,900,709,2758,1.71366904474687,134,12.6652262936703,0.135305047459224,0.149054505005562,-0.0137494575463382
1710,900,710,2759,2.0103866864214,142,12.9984151228351,0.154663985372311,0.157953281423804,-0.00328929605149339
1711,900,711,2760,2.1407636618453,151,13.8596554353011,0.154460092593117,0.167964404894327,-0.0135043123012097
1712,900,712,2761,2.04796602545816,150,14.5484978533687,0.140768211680627,0.166852057842047,-0.0260838461614194
1713,900,713,2762,2.01530723227706,132,14.7046377189948,0.137052491247287,0.146829810901001,-0.0097773196537139
1714,900,714,2763,2.07141944410776,120,14.0381922833988,0.147555995978013,0.133481646273637,0.0140743497043758
1715,900,715,2764,2.11050105606344,137,14.9422395013922,0.141243958502124,0.152391546162403,-0.0111475876602782
1716,900,716,2765,1.98482035216349,140,13.9899455648858,0.141874773061684,0.155728587319244,-0.0138538142575596
1717,900,717,2766,2.08803121142648,148,14.5138251761739,0.143864982944277,0.164627363737486,-0.0207623807932087
1718,900,718,2767,1.98734292108231,143,13.743808139946,0.144599146091552,0.159065628476085,-0.0144664823845325
1719,900,719,2768,2.04912271174989,127,13.3890490852834,0.153044678430688,0.1412680756396,0.0117766027910886
1720,900,720,2769,2.3708486105397,148,15.0648514884565,0.157376168783102,0.164627363737486,-0.00725119495438381
1721,900,721,2770,2.35124547442607,150,13.7519897628757,0.170974929080691,0.166852057842047,0.00412287123864444
1722,900,722,2771,2.24309278590107,150,12.8798539331463,0.174155141630021,0.166852057842047,0.00730308378797404
1723,900,723,2772,2.09267810928849,136,14.7288817011944,0.142079904757385,0.151279199110122,-0.00919929435273761
1724,900,724,2773,1.92715854040267,119,13.9721478783681,0.137928581716941,0.132369299221357,0.00555928249558374
1725,900,725,2774,2.09368233154386,133,14.4356126292387,0.145035918136456,0.147942157953281,-0.0029062398168257
1726,900,726,2775,2.10783792233225,135,14.2557530933263,0.147858756288295,0.150166852057842,-0.00230809576954685
1727,900,727,2776,2.22601700766962,128,13.8763567953712,0.160417971409625,0.14238042269188,0.0180375487177451
1728,900,728,2777,2.25656222087389,136,14.9668546544394,0.150770637717428,0.151279199110122,-0.000508561392693951
1729,900,729,2778,2.03908835939453,157,13.7877814690104,0.147890968824652,0.174638487208009,-0.026747518383357
1730,900,730,2779,2.95610908784122,204,13.3756142557692,0.221007351985064,0.226918798665184,-0.00591144668011942
1731,900,731,2780,1.92334335507456,129,12.892481360728,0.149183334166632,0.14349276974416,0.0056905644224716
1732,900,732,2781,1.90188122250916,132,13.302946643159,0.142966913536198,0.146829810901001,-0.00386289736480297
1733,900,733,2782,2.1223766691424,123,14.9340094997534,0.142117002749827,0.136818687430478,0.00529831531934838
1734,900,734,2783,2.035765951644,137,14.7627294887647,0.137899021532118,0.152391546162403,-0.0144925246302843
1735,900,735,2784,1.77304778594562,117,13.4696202714503,0.131633093599802,0.130144605116796,0.00148848848300606
1736,900,736,2785,1.87337567611697,126,14.3348120123983,0.130687146402526,0.140155728587319,-0.00946858218479368
1737,900,737,2786,2.2918683938292,172,13.3425973188889,0.171770783382981,0.191323692992214,-0.0195529096092325
1738,900,738,2787,1.80485540346948,131,13.1634792927447,0.13711081723388,0.145717463848721,-0.00860664661484115
1739,900,739,2788,1.84807203760095,124,13.779848384093,0.134114105328931,0.137931034482759,-0.00381692915382784
1740,900,740,2789,2.52773331146966,167,14.3172519639136,0.176551569940989,0.185761957730812,-0.00921038778982289
1741,900,741,2790,1.89364231150984,122,14.0537635162411,0.134742719224034,0.135706340378198,-0.000963621154164235
1742,900,742,2791,2.28786956292097,145,14.7997330432715,0.154588569687824,0.161290322580645,-0.0067017528928213
1743,900,743,2792,2.13893092832752,126,14.6324145798833,0.146177578324505,0.140155728587319,0.00602184973718595
1744,900,744,2793,2.10558462144684,131,14.562202051875,0.14459246025746,0.145717463848721,-0.00112500359126086
1745,900,745,2794,2.14465293891735,146,15.4725070767459,0.138610564421109,0.162402669632925,-0.0237921052118168
1746,900,746,2795,2.0961181661028,165,13.8140992874624,0.151737592331136,0.183537263626251,-0.0317996712951158
1747,900,747,2796,1.7635859600643,116,13.1935166301247,0.133670651237708,0.129032258064516,0.00463839317319223
1748,900,748,2797,2.10432661456398,141,14.6890448700153,0.143258233138054,0.156840934371524,-0.0135827012334697
1749,900,749,2798,1.74545021669278,131,13.2274642936875,0.131956524541575,0.145717463848721,-0.0137609393071459
1750,900,750,2799,2.1194323168939,150,14.8738635465096,0.142493731387717,0.166852057842047,-0.0243583264543294
1751,900,751,2800,2.1136984859266,150,13.7151703879532,0.154113906436276,0.166852057842047,-0.0127381514057706
1752,900,752,2801,1.76651579179308,130,13.8869588682168,0.127206813857289,0.14460511679644,-0.0173983029391515
1753,900,753,2802,2.07272695497569,134,14.558690903367,0.142370421127378,0.149054505005562,-0.00668408387818367
1754,900,754,2803,2.28008388071944,140,15.0553190005846,0.151447065361478,0.155728587319244,-0.00428152195776532
1755,900,755,2804,1.93194838433299,127,14.2840544215777,0.135252101911244,0.1412680756396,-0.00601597372835541
1756,900,756,2805,2.18420828743674,166,14.1449716825278,0.15441588265141,0.184649610678532,-0.0302337280271218
1757,900,757,2806,2.05016344207743,147,13.7421026922801,0.149188482140303,0.163515016685206,-0.0143265345449031
1758,900,758,2807,2.13501098631888,143,13.7395050930922,0.155392131801916,0.159065628476085,-0.00367349667416866
1759,900,759,2808,2.01253169191254,127,14.4651764246292,0.13912942592846,0.1412680756396,-0.00213864971114003
1760,900,760,2809,2.18361728626174,143,14.3100839895761,0.152592904964942,0.159065628476085,-0.00647272351114225
1761,900,761,2810,2.33255855142736,159,14.5958590637138,0.159809610468646,0.17686318131257,-0.0170535708439233
1762,900,762,2811,1.74259461395509,115,13.457494037166,0.129488789602471,0.127919911012236,0.00156887859023475
1763,900,763,2812,2.06680951969632,126,15.070971841601,0.137138436818734,0.140155728587319,-0.00301729176858517
1764,900,764,2813,1.99051553405893,118,14.0338350991649,0.141836890628519,0.131256952169077,0.0105799384594425
1765,900,765,2814,2.15800503591456,133,14.0830846374654,0.15323383274809,0.147942157953281,0.00529167479480822
1766,900,766,2815,2.13262496363929,144,15.416550780052,0.138333469922388,0.160177975528365,-0.0218445056059767
1767,900,767,2816,2.38499582193738,161,14.7492638322618,0.161702702525434,0.17908787541713,-0.0173851728916957
1768,900,768,2817,2.05900538834313,133,15.1198831446618,0.13617865750967,0.147942157953281,-0.0117635004436112
1769,900,769,2818,2.03594005317499,128,15.3863386725713,0.132321281657759,0.14238042269188,-0.0100591410341204
1770,900,770,2819,2.05482793998601,137,14.683629094104,0.139940060241041,0.152391546162403,-0.0124514859213621
1771,900,771,2820,2.1604130129438,151,14.4511399525976,0.149497757272461,0.167964404894327,-0.0184666476218659
1772,900,772,2821,1.95107778811852,129,13.8491607516494,0.14088057919944,0.14349276974416,-0.00261219054472009
1773,900,773,2822,2.10466530497969,159,14.5264490136223,0.14488505091685,0.17686318131257,-0.0319781303957198
1774,900,774,2823,2.19230951414554,185,14.0897981893668,0.155595522709474,0.205784204671858,-0.0501886819623831
1775,900,775,2824,2.38351085941594,140,14.5456747689823,0.163863890625316,0.155728587319244,0.00813530330607198
1776,900,776,2825,2.44763342093536,150,14.9712417800119,0.16348900491362,0.166852057842047,-0.0033630529284264
1777,900,777,2826,1.85548420928096,119,13.4100850583656,0.138364835212096,0.132369299221357,0.00599553599073926
1778,900,778,2827,2.25070507659699,151,14.4697145555174,0.155545920962123,0.167964404894327,-0.0124184839322041
1779,900,779,2828,2.50379268825669,171,13.4785875792299,0.185760761173149,0.190211345939933,-0.00445058476678456
1780,900,780,2829,1.87777990001937,141,12.9011322524646,0.145551558054964,0.156840934371524,-0.01128937631656
1781,900,781,2830,2.07670752756942,150,14.2167234228878,0.146074975632296,0.166852057842047,-0.0207770822097506
1782,900,782,2831,1.99326998196984,143,15.0420837148857,0.132512889819732,0.159065628476085,-0.0265527386563524
1783,900,783,2832,2.01028569690116,127,14.2900542397136,0.14067726148403,0.1412680756396,-0.000590814155569913
1784,900,784,2833,1.54971656802252,110,13.0638190637453,0.118626609910978,0.122358175750834,-0.00373156583985593
1785,900,785,2834,1.77372011152233,122,13.9788469248255,0.126886010059408,0.135706340378198,-0.00882033031879012
1786,900,786,2835,1.83354564062944,121,14.604377580373,0.125547674355774,0.134593993325918,-0.00904631897014344
1787,900,787,2836,2.36806603703896,171,14.7659786168675,0.160373118401639,0.190211345939933,-0.0298382275382942
1788,900,788,2837,1.92695070235697,147,14.1569418867139,0.13611348536829,0.163515016685206,-0.0274015313169158
1789,900,789,2838,2.0708166669296,140,13.0092920220604,0.159179812661444,0.155728587319244,0.00345122534220066
1790,900,790,2839,2.0203844789522,119,14.6062311849633,0.138323463004757,0.132369299221357,0.00595416378339991
1791,900,791,2840,2.00480075563517,145,12.8281037046717,0.156281926135744,0.161290322580645,-0.00500839644490067
1792,900,792,2841,1.89493313598786,129,13.5790697872575,0.139548081398481,0.14349276974416,-0.00394468834567951
1793,900,793,2842,2.11642890468074,140,13.2616780548911,0.159589826862081,0.155728587319244,0.00386123954283768
1794,900,794,2843,1.85667608617274,117,13.3444345655009,0.139134863831006,0.130144605116796,0.00899025871420944
1795,900,795,2844,1.98612449908851,145,13.0429280053403,0.152275968883314,0.161290322580645,-0.00901435369733067
1796,900,796,2845,1.86212842655764,128,13.0438035158974,0.142759619484311,0.14238042269188,0.000379196792431397
1797,900,797,2846,2.5830832124734,173,14.4053088151815,0.179314671112857,0.192436040044494,-0.013121368931637
1798,900,798,2847,2.3746474753275,143,14.3285441128954,0.165728454797467,0.159065628476085,0.00666282632138251
1799,900,799,2848,1.75493111842929,135,13.576624887341,0.129261221621112,0.150166852057842,-0.0209056304367304
1800,900,800,2849,2.27463629919357,123,14.2726568673691,0.159370208387337,0.136818687430478,0.0225515209568592
1801,900,801,2850,1.8286888854615,151,13.3148440816097,0.137342117883849,0.167964404894327,-0.030622287010478
1802,900,802,2851,2.22074162782223,136,14.7033657151186,0.151036277737333,0.151279199110122,-0.000242921372789168
1803,900,803,2852,1.92439184265318,131,14.1490787204081,0.136008278749451,0.145717463848721,-0.0097091850992703
1804,900,804,2853,1.71244636790747,138,13.1988739330164,0.129741853479171,0.153503893214683,-0.0237620397355115
1805,900,805,2854,2.11331245944856,123,14.7156226638573,0.143610128346048,0.136818687430478,0.00679144091556935
1806,900,806,2855,2.0429940757833,136,14.9045282221493,0.137072039136888,0.151279199110122,-0.0142071599732342
1807,900,807,2856,2.14667946743998,148,14.231181989924,0.150843371194317,0.164627363737486,-0.0137839925431693
1808,900,808,2857,2.0801182989152,130,14.4805860059184,0.143648765185679,0.14460511679644,-0.00095635161076188
1809,900,809,2858,2.40278626035822,180,13.57603578535,0.176987325191871,0.200222469410456,-0.0232351442185852
1810,900,810,2859,2.33098236672246,165,14.0775929064233,0.165581032369454,0.183537263626251,-0.0179562312567978
1811,900,811,2860,2.34977211882043,158,14.2416294476114,0.164993207235464,0.175750834260289,-0.0107576270248256
1812,900,812,2861,2.10551943764799,128,14.6858921383057,0.143370209846229,0.14238042269188,0.000989787154349553
1813,900,813,2862,1.7629293124308,123,13.2884367785605,0.132666418316043,0.136818687430478,-0.00415226911443503
1814,900,814,2863,2.13975694278876,134,14.0825416835524,0.151943945267201,0.149054505005562,0.00288944026163881
1815,900,815,2864,2.00806752167444,169,13.4270568424885,0.149553811027307,0.187986651835373,-0.0384328408080659
1816,900,816,2865,2.04606914574009,139,14.2163167191291,0.1439239984705,0.154616240266963,-0.0106922417964634
1817,900,817,2866,2.28225366511917,167,13.8058287247768,0.165310877790573,0.185761957730812,-0.0204510799402385
1818,900,818,2867,2.11409190791541,125,15.2526215568188,0.138605150599196,0.139043381535039,-0.000438230935843137
1819,900,819,2868,2.54986093489967,163,13.8963251878518,0.1834917433516,0.181312569521691,0.00217917382990898
1820,900,820,2869,2.08035763526555,141,13.8270385881198,0.150455762599303,0.156840934371524,-0.00638517177222128
1821,900,821,2870,1.8370174828637,123,15.0854381352952,0.121774221364221,0.136818687430478,-0.0150444660662575
1822,900,822,2871,2.04531671413305,121,14.026427834943,0.145818788518463,0.134593993325918,0.0112247951925456
1823,900,823,2872,2.2103407868536,138,15.1304080012768,0.146086000236548,0.153503893214683,-0.00741789297813447
1824,900,824,2873,2.48108047808024,143,15.1982848302368,0.163247399676584,0.159065628476085,0.00418177120049978
1825,900,825,2874,1.90185851605609,130,14.7960070594113,0.12853863264727,0.14460511679644,-0.0160664841491704
1826,900,826,2875,2.20513490220547,159,14.4748033970554,0.152342995045725,0.17686318131257,-0.0245201862668441
1827,900,827,2876,2.30094561392647,166,13.497321586851,0.170474238101286,0.184649610678532,-0.0141753725772456
1828,900,828,2877,2.03222646956388,145,13.4178880123752,0.151456508482525,0.161290322580645,-0.00983381409812056
1829,900,829,2878,2.50413293700505,163,14.6265978529324,0.17120406004073,0.181312569521691,-0.0101085094809611
1830,900,830,2879,2.23688594855838,151,15.0088786223032,0.149037513384536,0.167964404894327,-0.0189268915097914
1831,900,831,2880,2.28009420095792,157,14.0370335912255,0.162434191393771,0.174638487208009,-0.0122042958142377
1832,900,832,2881,2.0109210935743,131,14.7414321656374,0.136412871624631,0.145717463848721,-0.00930459222408986
1833,900,833,2882,1.99064306237991,127,13.4356309600455,0.148161487041407,0.1412680756396,0.00689341140180702
1834,900,834,2883,2.20884522795883,134,14.682708664611,0.150438538175365,0.149054505005562,0.00138403316980304
1835,900,835,2884,1.89095115321372,136,13.8167868638176,0.136858965246515,0.151279199110122,-0.0144202338636073
1836,900,836,2885,3.01772405558721,204,14.4454811195007,0.208904364667607,0.226918798665184,-0.0180144339975763
1837,900,837,2886,2.14011106802848,144,13.6256905963964,0.157064411002733,0.160177975528365,-0.00311356452563183
1838,900,838,2887,2.10679943939957,134,14.6896321265135,0.143420844120186,0.149054505005562,-0.00563366088537551
1839,900,839,2888,2.08848684767771,135,14.2028617779194,0.14704690366871,0.150166852057842,-0.00311994838913215
1840,900,840,2889,1.77231357575913,130,14.7760922710808,0.119944674359393,0.14460511679644,-0.0246604424370475
1841,900,841,2890,2.05669847343363,139,13.1284197563904,0.156660017854206,0.154616240266963,0.00204377758724239
1842,900,842,2891,2.08953878642449,140,14.2102548930954,0.147044426869484,0.155728587319244,-0.00868416044975912
1843,900,843,2892,1.92477502660427,126,13.5712002851423,0.141827913976888,0.140155728587319,0.00167218538956873
1844,900,844,2893,1.85830070917372,142,13.4193603727011,0.138479082278321,0.157953281423804,-0.0194741991454828
1845,900,845,2894,2.00715825435954,122,14.2221241911537,0.14112928753695,0.135706340378198,0.00542294715875219
1846,900,846,2895,2.61424472154543,184,14.6685735979593,0.17822078636938,0.204671857619577,-0.0264510712501973
1847,900,847,2896,1.84042792699701,118,14.0036135182963,0.131425215683967,0.131256952169077,0.000168263514890243
1848,900,848,2897,1.80416934833128,124,13.812459583198,0.130618977558923,0.137931034482759,-0.00731205692383527
1849,900,849,2898,2.11455492589053,146,14.0144984652297,0.150883382030173,0.162402669632925,-0.0115192876027526
1850,900,850,2899,1.81748376034923,143,13.052481101736,0.139244312723617,0.159065628476085,-0.0198213157524672
1851,900,851,2900,2.11041513702988,119,14.5987248597601,0.144561607763909,0.132369299221357,0.0121923085425522
1852,900,852,2901,2.0887413312502,151,13.4658549859787,0.155113903530456,0.167964404894327,-0.0128505013638712
1853,900,853,2902,1.87699456453571,130,14.6982781766574,0.127701662873451,0.14460511679644,-0.0169034539229891
1854,900,854,2903,2.45435162005398,139,14.8831706952591,0.164907845936067,0.154616240266963,0.0102916056691042
1855,900,855,2904,2.38871478179034,156,15.5499075067883,0.153616012233355,0.173526140155729,-0.0199101279223733
1856,900,856,2905,2.28514084171187,146,15.1677033551586,0.150658328964134,0.162402669632925,-0.0117443406687918
1857,900,857,2906,1.93210672964403,139,14.0069656895721,0.137938992103225,0.154616240266963,-0.0166772481637384
1858,900,858,2907,1.845016572139,134,13.6528190569535,0.135138139928641,0.149054505005562,-0.0139163650769203
1859,900,859,2908,1.82808132380612,119,14.3319741747337,0.127552652657503,0.132369299221357,-0.00481664656385394
1860,900,860,2909,2.1720940518141,158,13.608512974006,0.159612887606682,0.175750834260289,-0.0161379466536068
1861,900,861,2910,2.05735204748744,133,13.3152468364357,0.154510995759968,0.147942157953281,0.00656883780668641
1862,900,862,2911,2.18858420202981,149,14.2921722250545,0.153131670089531,0.165739710789766,-0.0126080407002352
1863,900,863,2912,1.88310037768495,129,13.4274394639597,0.140242700981028,0.14349276974416,-0.00325006876313189
1864,900,864,2913,2.17973895342434,157,14.1652206373555,0.153879633027112,0.174638487208009,-0.0207588541808966
1865,900,865,2914,2.04101266592393,130,14.7336912219817,0.138526906473978,0.14460511679644,-0.00607821032246286
1866,900,866,2915,2.02844716009817,123,14.4431214204836,0.140443821044208,0.136818687430478,0.00362513361372993
1867,900,867,2916,2.21457623516876,149,14.3929764176111,0.15386506382787,0.165739710789766,-0.0118746469618964
1868,900,868,2917,2.01905402686048,149,13.660329876488,0.147804192513363,0.165739710789766,-0.0179355182764035
1869,900,869,2918,2.03107820123659,138,13.7223646208807,0.148012260084241,0.153503893214683,-0.00549163313044176
1870,900,870,2919,2.19828710686394,132,14.4940256619887,0.151668498326801,0.146829810901001,0.00483868742579963
1871,900,871,2920,1.72721469595048,118,13.6288316305462,0.126732411315383,0.131256952169077,-0.0045245408536938
1872,900,872,2921,2.30214209202987,140,15.0042249703356,0.15343292283216,0.155728587319244,-0.00229566448708357
1873,900,873,2922,1.8811995226174,125,14.243672294425,0.132072648382518,0.139043381535039,-0.00697073315252142
1874,900,874,2923,2.00106112323203,136,13.4982098590683,0.148246407792192,0.151279199110122,-0.00303279131793047
1875,900,875,2924,2.2146655782812,141,14.919278119027,0.148443212909663,0.156840934371524,-0.00839772146186071
1876,900,876,2925,1.94194586169637,131,14.3424780048907,0.13539821089732,0.145717463848721,-0.0103192529514012
1877,900,877,2926,2.18159970532061,148,14.4068239554463,0.151428219853821,0.164627363737486,-0.0131991438836649
1878,900,878,2927,1.99133656095888,131,14.050201148736,0.141730110471624,0.145717463848721,-0.00398735337709713
1879,900,879,2928,2.07073399818496,126,14.4831419366226,0.142975468116406,0.140155728587319,0.00281973952908635
1880,900,880,2929,2.05831503046191,138,14.2491045333374,0.14445223737718,0.153503893214683,-0.0090516558375027
1881,900,881,2930,2.11366514522508,148,14.125261545277,0.149637239526501,0.164627363737486,-0.014990124210985
1882,900,882,2931,2.33988577511433,141,14.8964390209478,0.157076853859094,0.156840934371524,0.000235919487570208
1883,900,883,2932,2.00741638535278,131,14.2567178467712,0.140804945915894,0.145717463848721,-0.00491251793282668
1884,900,884,2933,2.19414974273856,162,14.3945211610861,0.152429505517014,0.18020022246941,-0.0277707169523964
1885,900,885,2934,1.97355500334118,149,13.1598272172399,0.149968154654473,0.165739710789766,-0.015771556135293
1886,900,886,2935,2.06546468543013,125,14.8737307475223,0.138866617964979,0.139043381535039,-0.000176763570060329
1887,900,887,2936,1.87127062699196,125,14.1897344354062,0.131874957597711,0.139043381535039,-0.00716842393732836
1888,900,888,2937,2.18224416792507,142,14.514541144878,0.150348822339117,0.157953281423804,-0.00760445908468732
1889,900,889,2938,1.64186028193162,125,13.4029618446083,0.122499810188753,0.139043381535039,-0.0165435713462858
1890,900,890,2939,1.64916884980981,124,13.0744747110887,0.126136528331125,0.137931034482759,-0.0117945061516341
1891,900,891,2940,1.84418884819777,139,13.6134187127591,0.135468458519484,0.154616240266963,-0.0191477817474789
1892,900,892,2941,2.20585943839571,143,13.498109929891,0.16341987506791,0.159065628476085,0.00435424659182582
1893,900,893,2942,2.26457962111779,161,14.4022188571061,0.157238245272217,0.17908787541713,-0.0218496301449134
1894,900,894,2943,1.86096062922656,126,13.4110906155272,0.138762810764395,0.140155728587319,-0.00139291782292403
1895,900,895,2944,2.58046749848672,165,15.0433896125896,0.17153497748454,0.183537263626251,-0.0120022861417112
1896,900,896,2945,1.94431015915486,142,13.8410074739693,0.140474612329451,0.157953281423804,-0.0174786690943537
1897,900,897,2946,2.05035665593044,121,14.9403638346776,0.137236059216404,0.134593993325918,0.00264206589048663
1898,900,898,2947,1.98438654884314,141,13.0416631290315,0.15215747632875,0.156840934371524,-0.00468345804277423
1899,900,899,2948,2.2934947392441,176,13.2018815123177,0.17372483892574,0.195773081201335,-0.0220482422755948
1900,900,900,2949,2.02042422624083,131,13.7179510046492,0.147283236800895,0.145717463848721,0.001565772952174
1901,900,901,2950,2.3209424018126,141,14.465026618804,0.160451996596775,0.156840934371524,0.00361106222525082
1902,900,902,2951,1.96856265114472,128,14.4697609495182,0.136046660204865,0.14238042269188,-0.00633376248701506
1903,900,903,2952,1.86787043008387,154,13.008519080967,0.143588245399646,0.171301446051168,-0.0277132006515215
1904,900,904,2953,2.16893090179379,137,14.9554756372651,0.145025872422899,0.152391546162403,-0.00736567373950361
1905,900,905,2954,2.09833324668086,141,14.3313603358698,0.146415497029194,0.156840934371524,-0.01042543734233
1906,900,906,2955,2.25797687922443,133,14.6158635318726,0.154488092633082,0.147942157953281,0.00654593467980102
1907,900,907,2956,1.9174862469788,139,13.7540592427148,0.139412388236909,0.154616240266963,-0.0152038520300543
1908,900,908,2957,1.96071862393353,147,14.0554039675764,0.139499272198551,0.163515016685206,-0.0240157444866552
1909,900,909,2958,1.86166208542744,141,13.2931284620472,0.140046949124324,0.156840934371524,-0.0167939852471994
1910,900,910,2959,2.00711185275699,137,14.4162555415855,0.139225601749859,0.152391546162403,-0.0131659444125433
1911,900,911,2960,1.86135282188528,126,14.8342232587632,0.125476931917261,0.140155728587319,-0.0146787966700581
1912,900,912,2961,2.07940504721979,155,14.1380406136826,0.147078729226974,0.172413793103448,-0.0253350638764744
1913,900,913,2962,2.0018525349934,128,14.4858615859705,0.138193542932385,0.14238042269188,-0.00418687975949528
1914,900,914,2963,2.59394684002215,186,13.6661490925388,0.189808176572459,0.206896551724138,-0.0170883751516791
1915,900,915,2964,2.30847691006551,131,14.6554198293808,0.157516941646225,0.145717463848721,0.0117994777975044
1916,900,916,2965,2.27251394739145,152,14.4289152523012,0.157497213591924,0.169076751946607,-0.0115795383546835
1917,900,917,2966,1.84420378153544,126,14.3220238266918,0.128766981807307,0.140155728587319,-0.011388746780012
1918,900,918,2967,2.0130475553381,147,13.4880287806032,0.149246979531436,0.163515016685206,-0.0142680371537701
1919,900,919,2968,1.92861662375393,127,13.2984034479676,0.145026177864131,0.1412680756396,0.00375810222453193
1920,900,920,2969,2.30864038514223,140,14.56723169956,0.158481750874599,0.155728587319244,0.00275316355535557
1921,900,921,2970,2.03485901890401,153,14.1012865571936,0.14430307551377,0.170189098998888,-0.0258860234851176
1922,900,922,2971,2.15679261529416,144,13.9714027528363,0.154371944854021,0.160177975528365,-0.00580603067434374
1923,900,923,2972,2.13161949967629,148,14.840241632823,0.143637789223166,0.164627363737486,-0.0209895745143198
1924,900,924,2973,2.1231737495164,143,15.5574436073513,0.13647317664151,0.159065628476085,-0.0225924518345741
1925,900,925,2974,2.20165611401945,123,14.9413548656828,0.147353177393317,0.136818687430478,0.0105344899628384
1926,900,926,2975,1.84505007447592,128,14.1505660334633,0.130387015622749,0.14238042269188,-0.0119934070691306
1927,900,927,2976,2.19354184106923,141,14.6724695083132,0.149500521355754,0.156840934371524,-0.00734041301576976
1928,900,928,2977,2.16874666224717,149,14.3195372723647,0.151453683243846,0.165739710789766,-0.0142860275459202
1929,900,929,2978,1.96658998293941,140,14.018735771912,0.140282976648984,0.155728587319244,-0.0154456106702598
1930,900,930,2979,2.0750493258311,156,14.4793760995898,0.143310686286399,0.173526140155729,-0.0302154538693295
1931,900,931,2980,2.07366770049164,123,14.496190648657,0.143049146548287,0.136818687430478,0.00623045911780831
1932,900,932,2981,1.88781916846429,139,14.0897696929639,0.133985097670334,0.154616240266963,-0.0206311425966291
1933,900,933,2982,2.14689385578395,151,14.7849333205267,0.145208220371431,0.167964404894327,-0.022756184522896
1934,900,934,2983,2.13204267196273,152,13.3683062469237,0.159484876586617,0.169076751946607,-0.00959187535999026
1935,900,935,2984,2.22831404874054,148,13.6657915112374,0.163057810951395,0.164627363737486,-0.00156955278609067
1936,900,936,2985,2.44748927398496,154,15.3055229959193,0.159908895281625,0.171301446051168,-0.011392550769543
1937,900,937,2986,1.9105797332989,122,14.7137737247426,0.129849742767628,0.135706340378198,-0.00585659761057031
1938,900,938,2987,2.30290670211283,152,14.240227407804,0.161718393685959,0.169076751946607,-0.00735835826064826
1939,900,939,2988,2.15280408102389,126,14.1908636943977,0.151703527521991,0.140155728587319,0.0115477989346716
1940,900,940,2989,1.88012939390958,134,13.2674076593411,0.141710380971512,0.149054505005562,-0.00734412403404974
1941,900,941,2990,2.19714269957973,136,15.3843375186244,0.142816854929232,0.151279199110122,-0.00846234418089009
1942,900,942,2991,1.78015677280483,123,13.5007929522713,0.131855719815727,0.136818687430478,-0.00496296761475154
1943,900,943,2992,2.30844496741849,135,14.3472916554829,0.160897612096448,0.150166852057842,0.0107307600386057
1944,900,944,2993,2.08945594076723,151,13.5754369430872,0.153914452221828,0.167964404894327,-0.0140499526724991
1945,900,945,2994,2.04826208507489,137,14.0319594443534,0.145971209024491,0.152391546162403,-0.00642033713791176
1946,900,946,2995,2.12051737114636,156,13.4483527413604,0.157678595433083,0.173526140155729,-0.0158475447226453
1947,900,947,2996,1.9981346581921,120,14.4521821302373,0.138258336366489,0.133481646273637,0.00477669009285131
1948,900,948,2997,2.29563578350194,167,13.926341793457,0.164841263954939,0.185761957730812,-0.0209206937758734
1949,900,949,2998,2.12149920700539,136,15.1763583416387,0.139789741336347,0.151279199110122,-0.0114894577737755
1950,900,950,2999,2.01283618211749,129,13.8792510166174,0.14502484173732,0.14349276974416,0.00153207199316011
1951,900,951,3000,2.11161752512597,145,14.8932991950189,0.141783059446775,0.161290322580645,-0.0195072631338697
1952,900,952,3001,1.82444919394149,121,13.995187176149,0.130362614731639,0.134593993325918,-0.00423137859427855
1953,900,953,3002,2.38089720689152,132,14.824229925698,0.160608491559093,0.146829810901001,0.0137786806580923
1954,900,954,3003,2.16409715546132,145,13.7667198372248,0.157197733450613,0.161290322580645,-0.00409258913003252
1955,900,955,3004,2.08050502712565,125,14.9675744011227,0.139000814117857,0.139043381535039,-4.2567417181727e-05
1956,900,956,3005,2.24809434291091,149,14.4780271550542,0.155276289983067,0.165739710789766,-0.0104634208066996
1957,900,957,3006,1.86466756080419,128,13.8682576656361,0.134455791474413,0.14238042269188,-0.00792463121746678
1958,900,958,3007,2.09036957736017,118,14.7396303763587,0.141819674169915,0.131256952169077,0.0105627220008377
1959,900,959,3008,2.14237056741909,133,15.0435488784944,0.142411247819437,0.147942157953281,-0.00553091013384402
1960,900,960,3009,2.14991701946359,158,13.7545428152174,0.156305960026896,0.175750834260289,-0.0194448742333933
1961,900,961,3010,1.80524942890939,128,14.3444864483232,0.125849707859037,0.14238042269188,-0.0165307148328429
1962,900,962,3011,2.0867620326708,125,14.6214365279742,0.142719357887875,0.139043381535039,0.00367597635283567
1963,900,963,3012,2.25298487441575,129,14.9507118463388,0.150694154069157,0.14349276974416,0.00720138432499656
1964,900,964,3013,2.26087843682263,153,14.0289973006944,0.161157521693351,0.170189098998888,-0.0090315773055363
1965,900,965,3014,2.18176226500892,146,14.6456119409564,0.148970372409474,0.162402669632925,-0.013432297223451
1966,900,966,3015,2.29426876460567,137,14.3582614349462,0.159787365274024,0.152391546162403,0.00739581911162088
1967,900,967,3016,1.98059244351712,135,13.5661904199358,0.145994740027134,0.150166852057842,-0.00417211203070797
1968,900,968,3017,1.83008337985394,137,12.2400737101478,0.149515715606899,0.152391546162403,-0.00287583055550386
1969,900,969,3018,2.29704118925226,171,14.2213969123896,0.161520081564639,0.190211345939933,-0.0286912643752944
1970,900,970,3019,2.43893114720501,157,14.9973341602762,0.162624311837038,0.174638487208009,-0.0120141753709711
1971,900,971,3020,1.86380243517665,124,14.4548422187058,0.128939659594813,0.137931034482759,-0.00899137488794607
1972,900,972,3021,2.20472225890419,163,12.9230942966069,0.170603278773805,0.181312569521691,-0.0107092907478861
1973,900,973,3022,2.47900457487796,157,14.0636341333917,0.176270553639616,0.174638487208009,0.00163206643160715
1974,900,974,3023,1.96880164016575,133,14.1409762712982,0.139226712667767,0.147942157953281,-0.00871544528551416
1975,900,975,3024,2.30443778348661,159,13.9168371786749,0.165586314900469,0.17686318131257,-0.011276866412101
1976,900,976,3025,2.23356676044241,144,15.1636364481019,0.147297567314205,0.160177975528365,-0.0128804082141603
1977,900,977,3026,2.04507655811622,139,14.1797558779605,0.144225089325753,0.154616240266963,-0.0103911509412107
1978,900,978,3027,2.03764951387596,123,14.8662782221856,0.137065207809382,0.136818687430478,0.000246520378903936
1979,900,979,3028,2.24195659293877,129,15.9670757411006,0.140411220519721,0.14349276974416,-0.00308154922443871
1980,900,980,3029,1.67326337934107,112,13.5241326120661,0.123724265898443,0.124582869855395,-0.000858603956952142
1981,900,981,3030,2.34637773441543,142,14.9146508702826,0.157320325820739,0.157953281423804,-0.000632955603065477
1982,900,982,3031,2.21100353130409,142,14.4659880055017,0.15284151559252,0.157953281423804,-0.005111765831284
1983,900,983,3032,1.89625304756309,124,14.076443654522,0.134711088546426,0.137931034482759,-0.00321994593633224
1984,900,984,3033,2.14687139792398,134,14.6419088673527,0.146625103145594,0.149054505005562,-0.00242940185996768
1985,900,985,3034,1.75130418043661,123,13.5710886605756,0.129046698038618,0.136818687430478,-0.00777198939186063
1986,900,986,3035,1.74876344054622,124,13.384806469114,0.130652874554561,0.137931034482759,-0.00727815992819777
1987,900,987,3036,1.97668544407871,143,14.0754199886891,0.14043527267159,0.159065628476085,-0.0186303558044942
1988,900,988,3037,2.36138577723865,144,15.5278559668695,0.152074168016302,0.160177975528365,-0.00810380751206252
1989,900,989,3038,2.14356820345448,160,13.2989341476978,0.161183458737974,0.17797552836485,-0.0167920696268763
1990,900,990,3039,2.1973416063887,138,14.3564433032355,0.153056126784096,0.153503893214683,-0.000447766430586582
1991,900,991,3040,1.83122080631216,124,14.4937942638873,0.12634516352111,0.137931034482759,-0.0115858709616489
1992,900,992,3041,1.9650279312952,147,13.7591076332099,0.142816524419962,0.163515016685206,-0.020698492265244
1993,900,993,3042,2.26939460705548,155,15.3900264364974,0.147458785494587,0.172413793103448,-0.0249550076088615
1994,900,994,3043,1.9110570280291,135,14.1235427424002,0.13531003253822,0.150166852057842,-0.0148568195196224
1995,900,995,3044,2.12181445183254,132,14.0938239897383,0.150549237267148,0.146829810901001,0.00371942636614689
1996,900,996,3045,2.02718758133863,142,13.2399548868341,0.153111366214282,0.157953281423804,-0.00484191520952215
1997,900,997,3046,1.94585592379393,118,13.8901963583033,0.140088438896023,0.131256952169077,0.00883148672694634
1998,900,998,3047,2.38988140134322,192,13.3682138707594,0.178773426610915,0.21357063403782,-0.0347972074269049
1999,900,999,3048,2.3746340867996,155,13.8668116042591,0.171245860589196,0.172413793103448,-0.00116793251425243
2000,900,1000,3049,2.12665697912306,144,14.7639221360277,0.144044174679943,0.160177975528365,-0.0161338008484217
2001,1000,1,3050,2.04185819274413,145,15.1787279647306,0.134521034798739,0.145145145145145,-0.0106241103464057
2002,1000,2,3051,2.31284611390827,172,14.3965767661846,0.160652504513489,0.172172172172172,-0.0115196676586832
2003,1000,3,3052,1.98700783085617,170,14.1246782808773,0.140676324893451,0.17017017017017,-0.0294938452767191
2004,1000,4,3053,1.95361149032153,140,15.1548081170765,0.128910341538419,0.14014014014014,-0.0112297986017215
2005,1000,5,3054,2.17274798515459,145,14.3372261440214,0.151545910159241,0.145145145145145,0.00640076501409553
2006,1000,6,3055,2.05556680649609,160,14.1981292951627,0.144777298738674,0.16016016016016,-0.0153828614214858
2007,1000,7,3056,2.18947370541149,168,14.7666200458697,0.148271825144163,0.168168168168168,-0.0198963430240053
2008,1000,8,3057,2.17491186165084,159,13.8988700402584,0.156481199935762,0.159159159159159,-0.00267795922339745
2009,1000,9,3058,2.20045417782539,140,15.1706773001253,0.145046535121225,0.14014014014014,0.00490639498108492
2010,1000,10,3059,2.14464407750558,151,15.276770059632,0.140385963075577,0.151151151151151,-0.0107651880755744
2011,1000,11,3060,2.02537706750028,148,15.4083269749376,0.13144691638454,0.148148148148148,-0.0167012317636077
2012,1000,12,3061,2.13085121258015,142,15.4353591962648,0.138049991936423,0.142142142142142,-0.00409215020571924
2013,1000,13,3062,2.09390963547042,155,15.3843087746347,0.136106838867067,0.155155155155155,-0.019048316288088
2014,1000,14,3063,2.01557185236891,135,14.4347959618793,0.139632860602382,0.135135135135135,0.00449772546724653
2015,1000,15,3064,2.31398839102438,146,15.1711745725019,0.152525328870616,0.146146146146146,0.00637918272446997
2016,1000,16,3065,2.17124746911968,163,14.5291538234728,0.149440737946617,0.163163163163163,-0.0137224252165462
2017,1000,17,3066,2.21190373669126,171,15.3045852801564,0.144525558595774,0.171171171171171,-0.0266456125753969
2018,1000,18,3067,2.31475816262367,173,14.9294074403972,0.155046887953517,0.173173173173173,-0.0181262852196563
2019,1000,19,3068,1.84082906291578,123,14.5211756230469,0.126768597164692,0.123123123123123,0.00364547404156879
2020,1000,20,3069,2.20027464344272,154,15.6567054576609,0.140532415928289,0.154154154154154,-0.0136217382258654
2021,1000,21,3070,2.13615315310759,146,14.921609711142,0.143158358545762,0.146146146146146,-0.00298778760038396
2022,1000,22,3071,1.83306563047538,139,14.4908808969519,0.12649787431908,0.139139139139139,-0.012641264820059
2023,1000,23,3072,1.88244872911412,139,14.3717145005408,0.130982892058097,0.139139139139139,-0.00815624708104226
2024,1000,24,3073,2.16422538684865,144,14.4435377972667,0.149840393484359,0.144144144144144,0.00569624934021498
2025,1000,25,3074,1.8859610988254,157,14.0281723890867,0.134440969679885,0.157157157157157,-0.0227161874772717
2026,1000,26,3075,1.76021040297864,141,14.4212512991753,0.122056704127977,0.141141141141141,-0.0190844370131643
2027,1000,27,3076,2.02626118336674,138,14.6059933959389,0.138728063777581,0.138138138138138,0.000589925639443156
2028,1000,28,3077,2.16730694076331,155,14.3756936422981,0.150761903716866,0.155155155155155,-0.00439325143828895
2029,1000,29,3078,1.74665478315754,111,13.2082139542791,0.132240043143129,0.111111111111111,0.0211289320320176
2030,1000,30,3079,2.3180333566451,147,15.7705150683498,0.14698526627689,0.147147147147147,-0.000161880870256925
2031,1000,31,3080,1.91948191128233,142,14.4750463592886,0.132606270379963,0.142142142142142,-0.00953587176217874
2032,1000,32,3081,2.23808837949111,157,15.5259655140566,0.144151317189571,0.157157157157157,-0.0130058399675864
2033,1000,33,3082,2.44246175701433,167,15.4473111359958,0.158115657509016,0.167167167167167,-0.00905150965815091
2034,1000,34,3083,1.97687885148617,145,14.7493338384729,0.134031738188038,0.145145145145145,-0.0111134069571068
2035,1000,35,3084,2.02326870439776,131,14.6940665752359,0.137692904414058,0.131131131131131,0.00656177328292706
2036,1000,36,3085,2.33650468606465,145,15.8755334322084,0.147176452119986,0.145145145145145,0.00203130697484111
2037,1000,37,3086,1.88811271875525,145,13.9564007206539,0.135286508072318,0.145145145145145,-0.00985863707282716
2038,1000,38,3087,2.05424054387666,154,14.7642075698111,0.139136525557731,0.154154154154154,-0.0150176285964235
2039,1000,39,3088,2.19320851309115,136,15.3275555498453,0.143089255554079,0.136136136136136,0.00695311941794258
2040,1000,40,3089,2.00925125894498,153,13.7157068208631,0.14649272437704,0.153153153153153,-0.00666042877611295
2041,1000,41,3090,2.12211186571314,130,15.7287630859685,0.134919183035204,0.13013013013013,0.00478905290507345
2042,1000,42,3091,2.45558076401971,169,15.7949742284341,0.155465955721483,0.169169169169169,-0.0137032134476862
2043,1000,43,3092,1.73294186693404,149,13.4371781347271,0.128966204775943,0.149149149149149,-0.0201829443732063
2044,1000,44,3093,1.88531569141132,127,14.0355772887659,0.134324057544846,0.127127127127127,0.00719693041771932
2045,1000,45,3094,2.00478452143663,161,15.0061334846119,0.133597673477478,0.161161161161161,-0.0275634876836829
2046,1000,46,3095,2.33669179627033,164,16.039130769457,0.1456869346511,0.164164164164164,-0.0184772295130645
2047,1000,47,3096,1.93952381676088,147,14.970681795242,0.129554808744736,0.147147147147147,-0.0175923384024111
2048,1000,48,3097,2.0280748551807,153,13.210220308216,0.153523166749865,0.153153153153153,0.000370013596712238
2049,1000,49,3098,2.31601322537156,169,15.5470535051007,0.148967984487332,0.169169169169169,-0.0202011846818371
2050,1000,50,3099,2.43707017824892,151,16.1060067715383,0.151314364436726,0.151151151151151,0.000163213285575087
2051,1000,51,3100,2.06949668160422,135,15.3849343265015,0.134514495654322,0.135135135135135,-0.000620639480813173
2052,1000,52,3101,2.14790049093922,162,14.8079985051075,0.145050020784266,0.162162162162162,-0.0171121413778959
2053,1000,53,3102,2.28807093884951,168,14.6401259873721,0.156287653591445,0.168168168168168,-0.0118805145767236
2054,1000,54,3103,2.05288866363494,138,14.3364653896293,0.143193500478853,0.138138138138138,0.00505536234071449
2055,1000,55,3104,1.91858831736576,148,13.8165923033139,0.138861180473972,0.148148148148148,-0.00928696767417622
2056,1000,56,3105,1.88360158348828,147,13.7193352932106,0.137295396841889,0.147147147147147,-0.00985175030525845
2057,1000,57,3106,2.51290907310175,173,15.1575242144178,0.165786248305082,0.173173173173173,-0.00738692486809137
2058,1000,58,3107,2.12458352123981,146,15.5992178252712,0.136198080252327,0.146146146146146,-0.0099480658938195
2059,1000,59,3108,2.09138803157,155,14.4366297129652,0.144866777991249,0.155155155155155,-0.0102883771639066
2060,1000,60,3109,2.04462364862753,151,14.3333869563261,0.142647627867545,0.151151151151151,-0.00850352328360637
2061,1000,61,3110,1.88721460263614,144,14.491177780469,0.13023196811371,0.144144144144144,-0.0139121760304346
2062,1000,62,3111,2.31310126426091,149,14.1896436650456,0.16301334401786,0.149149149149149,0.0138641948687105
2063,1000,63,3112,1.95693945714675,151,14.7585192479028,0.132597276479809,0.151151151151151,-0.0185538746713424
2064,1000,64,3113,2.08117225941593,178,13.5032836912965,0.154123419680306,0.178178178178178,-0.0240547584978723
2065,1000,65,3114,2.06379133612668,150,15.542319519653,0.132785285588619,0.15015015015015,-0.0173648645615312
2066,1000,66,3115,2.02926081387572,142,14.6883547702043,0.138154398203407,0.142142142142142,-0.00398774393873508
2067,1000,67,3116,2.40627837640914,185,14.7029557725177,0.163659499058473,0.185185185185185,-0.021525686126712
2068,1000,68,3117,2.02963001387785,149,14.5350207026255,0.139637228965985,0.149149149149149,-0.00951192018316371
2069,1000,69,3118,2.30702854837216,140,15.9701561542301,0.14445873453536,0.14014014014014,0.00431859439521959
2070,1000,70,3119,2.34107592900054,149,15.9270305656948,0.14698759566915,0.149149149149149,-0.0021615534799995
2071,1000,71,3120,2.30746567965021,164,15.4322410261332,0.149522397670093,0.164164164164164,-0.0146417664940714
2072,1000,72,3121,2.25601786545675,170,14.4325756382683,0.15631429358145,0.17017017017017,-0.0138558765887202
2073,1000,73,3122,2.029056329705,148,14.9532997324161,0.135692881572244,0.148148148148148,-0.0124552665759044
2074,1000,74,3123,1.83732153130995,143,14.4772337681199,0.126911090940307,0.143143143143143,-0.0162320522028357
2075,1000,75,3124,2.01642305565249,139,14.5631155186475,0.138460966890672,0.139139139139139,-0.000678172248466696
2076,1000,76,3125,2.07071247786295,145,15.3720654292582,0.134706197250611,0.145145145145145,-0.0104389478945341
2077,1000,77,3126,2.14789687597373,158,14.7939569319099,0.145187449568737,0.158158158158158,-0.012970708589421
2078,1000,78,3127,1.94594719873647,152,14.5542230001749,0.133703269402502,0.152152152152152,-0.01844888274965
2079,1000,79,3128,1.98756456318352,128,15.6986703162373,0.12660719176501,0.128128128128128,-0.00152093636311862
2080,1000,80,3129,2.18059103126144,163,14.8030044783993,0.147307327674148,0.163163163163163,-0.0158558354890153
2081,1000,81,3130,2.2249760969709,158,14.9796318329196,0.148533430046074,0.158158158158158,-0.00962472811208398
2082,1000,82,3131,1.93555224571512,144,14.4489237289683,0.133958229832342,0.144144144144144,-0.0101859143118019
2083,1000,83,3132,2.15897329768407,164,15.4204688951877,0.140006981133876,0.164164164164164,-0.0241571830302877
2084,1000,84,3133,2.04868279784675,139,15.8183468538414,0.129513078501578,0.139139139139139,-0.00962606063756163
2085,1000,85,3134,2.19105390544939,178,14.7699483823459,0.1483454003176,0.178178178178178,-0.0298327778605786
2086,1000,86,3135,1.76630317825748,135,14.9419223776271,0.11821124040252,0.135135135135135,-0.0169238947326151
2087,1000,87,3136,1.92636165456442,141,15.4512735918362,0.12467332502495,0.141141141141141,-0.0164678161161909
2088,1000,88,3137,1.8194852057386,136,13.9047142437683,0.13085383660826,0.136136136136136,-0.00528229952787637
2089,1000,89,3138,2.16887304544482,156,15.5890814819324,0.139127699599141,0.156156156156156,-0.0170284565570155
2090,1000,90,3139,2.27568931538593,155,15.5477645640906,0.146367621274759,0.155155155155155,-0.00878753388039652
2091,1000,91,3140,2.10987658181748,156,14.2752052511235,0.147800087263293,0.156156156156156,-0.00835606889286303
2092,1000,92,3141,2.32546866181368,185,14.0156009376065,0.165920011005308,0.185185185185185,-0.0192651741798772
2093,1000,93,3142,1.79089674333987,127,14.5044146508319,0.1234725279477,0.127127127127127,-0.00365459917942705
2094,1000,94,3143,2.21280635311161,148,15.5962718693088,0.141880468079432,0.148148148148148,-0.00626768006871656
2095,1000,95,3144,1.98772787499678,133,14.7930610288265,0.134368936295429,0.133133133133133,0.0012358031622958
2096,1000,96,3145,2.03781311810016,141,14.2138897188657,0.1433677310297,0.141141141141141,0.00222658988855914
2097,1000,97,3146,2.29447563663057,170,15.1391404481784,0.151559175006309,0.17017017017017,-0.0186109951638608
2098,1000,98,3147,1.96466399039753,134,15.0103454051484,0.130887327197925,0.134134134134134,-0.00324680693620905
2099,1000,99,3148,1.96807984731592,133,15.358462960326,0.128143021368731,0.133133133133133,-0.00499011176440203
2100,1000,100,3149,1.87625024935033,135,14.4499138282474,0.129845082237276,0.135135135135135,-0.00529005289785939
2101,1000,101,3150,2.47193212512832,178,14.6931212391646,0.168237373454687,0.178178178178178,-0.00994080472349165
2102,1000,102,3151,1.97646077052225,134,15.1043408022513,0.130853825161815,0.134134134134134,-0.0032803089723196
2103,1000,103,3152,1.85378200245461,137,14.6907239183726,0.126187246643185,0.137137137137137,-0.0109498904939525
2104,1000,104,3153,2.57900789869814,187,14.8700220284694,0.173436723480335,0.187187187187187,-0.0137504637068521
2105,1000,105,3154,1.96318080407892,125,14.2910104300747,0.13737172845018,0.125125125125125,0.012246603325055
2106,1000,106,3155,2.19587778213549,166,15.2063702430496,0.144405124105088,0.166166166166166,-0.0217610420610783
2107,1000,107,3156,2.00737596500499,157,14.0216477672644,0.143162629551393,0.157157157157157,-0.0139945276057639
2108,1000,108,3157,2.30905187035218,179,14.4596707226582,0.159689104588938,0.179179179179179,-0.0194900745902409
2109,1000,109,3158,1.87257353767614,135,14.8898281066427,0.125761931183124,0.135135135135135,-0.00937320395201138
2110,1000,110,3159,2.33184206365567,175,14.7959757726881,0.157599748707349,0.175175175175175,-0.0175754264678258
2111,1000,111,3160,2.18202974838465,170,14.1885088169674,0.153788518337829,0.17017017017017,-0.016381651832341
2112,1000,112,3161,1.76219104052748,157,13.0237714470685,0.135305740559823,0.157157157157157,-0.0218514165973342
2113,1000,113,3162,2.24433555874191,158,15.1637043892765,0.148007076709373,0.158158158158158,-0.0101510814487848
2114,1000,114,3163,2.20116681342084,159,15.112486283915,0.145652195943671,0.159159159159159,-0.0135069632154878
2115,1000,115,3164,1.99267315706002,141,15.4195025452922,0.129230703208932,0.141141141141141,-0.0119104379322092
2116,1000,116,3165,2.02053877593446,153,13.5153760948892,0.149499263782865,0.153153153153153,-0.00365388937028829
2117,1000,117,3166,2.03940656837144,150,14.370795448583,0.141913269565919,0.15015015015015,-0.00823688058423119
2118,1000,118,3167,2.16857252648361,153,14.967360354211,0.144886771959993,0.153153153153153,-0.00826638119316045
2119,1000,119,3168,2.36174750015037,158,14.1801971279058,0.166552515373894,0.158158158158158,0.00839435721573545
2120,1000,120,3169,2.00439585723255,189,13.6765024586514,0.146557635133142,0.189189189189189,-0.0426315540560474
2121,1000,121,3170,2.27700403675534,160,15.251083788161,0.149301129571062,0.16016016016016,-0.0108590305890982
2122,1000,122,3171,2.09966288959962,156,15.0038781763189,0.139941344826006,0.156156156156156,-0.0162148113301504
2123,1000,123,3172,2.30833292720334,151,15.3551535257074,0.150329524438734,0.151151151151151,-0.000821626712417506
2124,1000,124,3173,2.29996677043149,151,15.4293635715188,0.149064266958944,0.151151151151151,-0.00208688419220684
2125,1000,125,3174,2.31190548095776,160,15.6103231457278,0.148101064877089,0.16016016016016,-0.012059095283071
2126,1000,126,3175,2.18261421487541,178,14.4518945264682,0.151026165523006,0.178178178178178,-0.0271520126551721
2127,1000,127,3176,2.17289238781182,159,15.1459795158425,0.143463312197076,0.159159159159159,-0.0156958469620831
2128,1000,128,3177,1.86554238870864,145,13.3508494593683,0.139732111757097,0.145145145145145,-0.0054130333880481
2129,1000,129,3178,2.14313362075094,154,14.1204990536292,0.151774637186078,0.154154154154154,-0.00237951696807623
2130,1000,130,3179,2.06411517960591,167,14.0374913953069,0.147043023677008,0.167167167167167,-0.020124143490159
2131,1000,131,3180,2.04199304495185,152,15.1269745059914,0.134990182216746,0.152152152152152,-0.0171619699354059
2132,1000,132,3181,2.19015477354321,156,15.0707960287846,0.145324425422526,0.156156156156156,-0.0108317307336298
2133,1000,133,3182,1.96369275058522,137,15.0832515394084,0.130190280620503,0.137137137137137,-0.00694685651663368
2134,1000,134,3183,2.4313176590031,150,15.6793531106057,0.155064921483178,0.15015015015015,0.00491477133302828
2135,1000,135,3184,2.45324785590653,176,15.5160031518224,0.158110811908309,0.176176176176176,-0.0180653642678668
2136,1000,136,3185,2.28658044344139,178,14.7106856934598,0.155436700306769,0.178178178178178,-0.0227414778714088
2137,1000,137,3186,1.89544400927338,130,15.6701600238926,0.120958816399026,0.13013013013013,-0.00917131373110443
2138,1000,138,3187,2.06960608805977,155,14.9719469088564,0.138232262020347,0.155155155155155,-0.0169228931348077
2139,1000,139,3188,2.37722583391316,155,14.3269078156146,0.165927349048919,0.155155155155155,0.0107721938937638
2140,1000,140,3189,2.0889122461729,134,14.8807390263861,0.140376915586578,0.134134134134134,0.00624278145244397
2141,1000,141,3190,1.85958088531306,127,14.9980972466145,0.123987786899623,0.127127127127127,-0.00313934022750455
2142,1000,142,3191,2.06622210091501,163,14.5964497890572,0.141556483307608,0.163163163163163,-0.0216066798555553
2143,1000,143,3192,2.12364437757213,137,15.2225470587349,0.139506507641476,0.137137137137137,0.00236937050433852
2144,1000,144,3193,2.16213979362328,143,15.265042487275,0.141639946002486,0.143143143143143,-0.00150319714065733
2145,1000,145,3194,2.1161954821486,152,14.4261564329214,0.146691566252485,0.152152152152152,-0.00546058589966725
2146,1000,146,3195,2.613852732223,200,15.291271278147,0.170937568543337,0.2002002002002,-0.0292626316568635
2147,1000,147,3196,1.85585399152046,125,14.5635872719391,0.127431103125003,0.125125125125125,0.0023059779998777
2148,1000,148,3197,2.21241596430952,156,14.2519976552832,0.155235498757563,0.156156156156156,-0.000920657398592761
2149,1000,149,3198,2.04600332462239,152,14.9371590069623,0.136974060707846,0.152152152152152,-0.0151780914443065
2150,1000,150,3199,1.91986303188082,146,13.9754854270797,0.137373620537057,0.146146146146146,-0.00877252560908928
2151,1000,151,3200,2.4043321025207,156,15.4166979471559,0.155956360484072,0.156156156156156,-0.000199795672084446
2152,1000,152,3201,1.98961335649213,147,14.3988016453089,0.13817909333728,0.147147147147147,-0.00896805380986684
2153,1000,153,3202,2.12767200910262,139,15.4520285567938,0.137695319503351,0.139139139139139,-0.00144381963578855
2154,1000,154,3203,2.42883650705292,149,15.3883704553433,0.157835848448109,0.149149149149149,0.00868669929895982
2155,1000,155,3204,2.31957100216742,160,15.8830271463274,0.146040863671492,0.16016016016016,-0.0141192964886677
2156,1000,156,3205,1.91530083463815,135,14.6926004420821,0.130358192355956,0.135135135135135,-0.00477694277917898
2157,1000,157,3206,2.04639651702409,149,15.4012131929806,0.132872423190452,0.149149149149149,-0.0162767259586976
2158,1000,158,3207,1.77221871570639,142,13.1271934876697,0.135003625669952,0.142142142142142,-0.00713851647218972
2159,1000,159,3208,2.0309333333756,133,15.4395695323073,0.131540800352359,0.133133133133133,-0.00159233278077403
2160,1000,160,3209,2.13442801849772,150,14.7414784693953,0.144790634326739,0.15015015015015,-0.00535951582341068
2161,1000,161,3210,1.84956143789112,129,14.3752595911925,0.128662820045651,0.129129129129129,-0.000466309083478417
2162,1000,162,3211,2.2564213397679,162,15.2915150673219,0.147560351595892,0.162162162162162,-0.01460181056627
2163,1000,163,3212,2.11670003674356,152,15.4675943769744,0.136847397543251,0.152152152152152,-0.0153047546089012
2164,1000,164,3213,2.19724828145439,157,14.297110474416,0.153684780248867,0.157157157157157,-0.00347237690829022
2165,1000,165,3214,2.02212596179997,145,14.7523093127996,0.137071825090158,0.145145145145145,-0.00807332005498748
2166,1000,166,3215,2.08402236803951,129,15.8699127472986,0.131319081662516,0.129129129129129,0.00218995253338694
2167,1000,167,3216,2.07128315547383,154,14.5004830039473,0.142842356003589,0.154154154154154,-0.0113117981505647
2168,1000,168,3217,2.26634221959386,151,15.7809343980535,0.143612676057598,0.151151151151151,-0.00753847509355332
2169,1000,169,3218,2.30190120870771,177,15.2025884201548,0.151415084398126,0.177177177177177,-0.0257620927790511
2170,1000,170,3219,2.41024009019869,150,15.9151065939406,0.151443540511149,0.15015015015015,0.00129339036099849
2171,1000,171,3220,1.85959885262272,155,13.5315220467656,0.137427175316705,0.155155155155155,-0.0177279798384498
2172,1000,172,3221,2.08452710713089,139,16.1211546414458,0.129303834216179,0.139139139139139,-0.00983530492296017
2173,1000,173,3222,2.7741993778239,187,16.0908114598089,0.172408917024054,0.187187187187187,-0.0147782701631327
2174,1000,174,3223,2.09061861819647,133,15.3419402893024,0.136268201985782,0.133133133133133,0.00313506885264878
2175,1000,175,3224,2.19122182137259,164,14.0350033820284,0.156125492935642,0.164164164164164,-0.00803867122852223
2176,1000,176,3225,2.03926942224399,139,15.1552466412905,0.13455864299087,0.139139139139139,-0.00458049614826919
2177,1000,177,3226,2.1335600789841,157,15.6122609934619,0.136659262862541,0.157157157157157,-0.0204978942946158
2178,1000,178,3227,1.98419217174045,147,15.9518538325138,0.124386305978819,0.147147147147147,-0.0227608411683281
2179,1000,179,3228,2.07298846602946,148,15.1959994259694,0.136416724423325,0.148148148148148,-0.0117314237248236
2180,1000,180,3229,2.04491953974195,138,14.7554133862186,0.138587749879775,0.138138138138138,0.000449611741637213
2181,1000,181,3230,2.05387426148784,152,14.8491219665014,0.138316209276295,0.152152152152152,-0.0138359428758568
2182,1000,182,3231,1.84003457252815,150,14.2367076657662,0.129245793039125,0.15015015015015,-0.020904357111025
2183,1000,183,3232,2.01665727177626,149,14.7468480731467,0.136751749375414,0.149149149149149,-0.0123973997737354
2184,1000,184,3233,2.01974741916057,160,14.689603037789,0.137495030598496,0.16016016016016,-0.0226651295616641
2185,1000,185,3234,2.2486722231719,170,15.5071585557362,0.145008656169322,0.17017017017017,-0.0251615140008483
2186,1000,186,3235,2.18012116120633,154,14.8751731545801,0.146561061074779,0.154154154154154,-0.0075930930793752
2187,1000,187,3236,1.703779293702,137,14.316703631079,0.119006395438919,0.137137137137137,-0.018130741698218
2188,1000,188,3237,2.17454094895334,158,14.9735600315571,0.145225380228245,0.158158158158158,-0.0129327779299127
2189,1000,189,3238,2.55120807988144,188,15.619130858311,0.163338671211909,0.188188188188188,-0.0248495169762787
2190,1000,190,3239,2.13735495862565,164,12.9833830659032,0.164622344405654,0.164164164164164,0.000458180241489775
2191,1000,191,3240,2.3919199596199,180,15.46803943765,0.154636272377083,0.18018018018018,-0.025543907803097
2192,1000,192,3241,1.77572327084322,134,13.2844112126998,0.133669700704962,0.134134134134134,-0.000464433429172045
2193,1000,193,3242,2.40296553225486,158,15.2430642605597,0.157643206849974,0.158158158158158,-0.000514951308184186
2194,1000,194,3243,2.17890574441289,152,15.3349407701325,0.142087653097213,0.152152152152152,-0.0100644990549396
2195,1000,195,3244,2.31717168106128,160,14.4788887609081,0.160037950379001,0.16016016016016,-0.000122209781159371
2196,1000,196,3245,2.23630429725905,177,13.6983559834723,0.16325348092554,0.177177177177177,-0.0139236962516374
2197,1000,197,3246,1.96834538656049,146,14.2905420897459,0.137737629139546,0.146146146146146,-0.00840851700660011
2198,1000,198,3247,1.88961603287119,140,14.1416049424494,0.133621045175647,0.14014014014014,-0.00651909496449277
2199,1000,199,3248,1.8923371269487,144,12.9892907490311,0.145684407525473,0.144144144144144,0.00154026338132882
2200,1000,200,3249,2.09259310071183,154,15.111132597409,0.138480228879113,0.154154154154154,-0.0156739252750409
2201,1000,201,3250,2.05131495949638,150,14.5083736180723,0.14138834672283,0.15015015015015,-0.00876180342731975
2202,1000,202,3251,2.06215478122092,143,14.7337244290876,0.139961541370339,0.143143143143143,-0.00318160177280397
2203,1000,203,3252,2.29346172359657,147,15.5245730719504,0.147731065644592,0.147147147147147,0.000583918497444824
2204,1000,204,3253,2.05808815723063,154,14.7735919524685,0.139308582763906,0.154154154154154,-0.0148455713902482
2205,1000,205,3254,1.94486245967915,127,14.5053439049817,0.13407903131557,0.127127127127127,0.00695190418844255
2206,1000,206,3255,2.64694581102153,156,15.9565908362598,0.165884169004736,0.156156156156156,0.00972801284857952
2207,1000,207,3256,2.23604176935774,151,15.0869490467775,0.148210334801611,0.151151151151151,-0.00294081634954008
2208,1000,208,3257,1.97691957774703,124,15.7937195465652,0.125171247464437,0.124124124124124,0.00104712334031257
2209,1000,209,3258,1.94082728921074,145,14.2895878984996,0.135821081965178,0.145145145145145,-0.0093240631799669
2210,1000,210,3259,2.30699161346261,171,14.0862227985526,0.16377645352164,0.171171171171171,-0.00739471764953126
2211,1000,211,3260,2.14100923782707,174,13.9413327767962,0.153572780458303,0.174174174174174,-0.0206013937158714
2212,1000,212,3261,1.68425680108852,132,13.3832573443306,0.125848047134953,0.132132132132132,-0.00628408499717961
2213,1000,213,3262,1.96123729890248,131,16.0003868320693,0.122574367700386,0.131131131131131,-0.0085567634307453
2214,1000,214,3263,2.25898874465912,160,14.9551525722883,0.151050865829681,0.16016016016016,-0.00910929433047963
2215,1000,215,3264,2.17051660879824,136,14.685718955447,0.147797776559872,0.136136136136136,0.011661640423736
2216,1000,216,3265,2.09775948786955,153,13.9602204109198,0.150266931761956,0.153153153153153,-0.00288622139119671
2217,1000,217,3266,2.22364173595985,153,14.8384583659365,0.149856654992172,0.153153153153153,-0.0032964981609814
2218,1000,218,3267,1.73799413620592,133,14.6724890823574,0.118452576549927,0.133133133133133,-0.0146805565832057
2219,1000,219,3268,1.76021663189283,134,14.6287288561744,0.120326013914045,0.134134134134134,-0.0138081202200889
2220,1000,220,3269,2.08564878019623,155,14.4749020012472,0.1440872470167,0.155155155155155,-0.0110679081384547
2221,1000,221,3270,2.13715138572929,151,14.8142975108268,0.144262755906407,0.151151151151151,-0.00688839524474447
2222,1000,222,3271,2.03615503940623,138,15.1405545871461,0.134483517607398,0.138138138138138,-0.00365462053074
2223,1000,223,3272,1.94355454976004,159,14.774625425692,0.131546790105443,0.159159159159159,-0.0276123690537166
2224,1000,224,3273,2.00258883891356,160,14.08499278941,0.142178904089979,0.16016016016016,-0.0179812560701815
2225,1000,225,3274,2.31045304354475,163,15.4497556156136,0.149546251800241,0.163163163163163,-0.0136169113629219
2226,1000,226,3275,1.93475806261021,146,14.5527245416435,0.132948167683225,0.146146146146146,-0.0131979784629212
2227,1000,227,3276,1.93090596580536,152,14.8929406929634,0.129652431015029,0.152152152152152,-0.0224997211371228
2228,1000,228,3277,2.01052937398087,133,15.0585344918577,0.133514278900645,0.133133133133133,0.000381145767512053
2229,1000,229,3278,2.08599195683472,153,14.8263753451279,0.140694668000577,0.153153153153153,-0.0124584851525757
2230,1000,230,3279,2.13064460564004,178,14.8996132661002,0.142999993864788,0.178178178178178,-0.0351781843133903
2231,1000,231,3280,1.97502614602493,160,15.2253024718483,0.129719994047854,0.16016016016016,-0.0304401661123062
2232,1000,232,3281,2.00224947083618,144,15.0409538006679,0.133119847143422,0.144144144144144,-0.0110242970007222
2233,1000,233,3282,2.25560210198125,185,14.7736549822042,0.152677323566731,0.185185185185185,-0.0325078616184538
2234,1000,234,3283,2.02936714776819,144,14.4053791376844,0.14087564987855,0.144144144144144,-0.00326849426559442
2235,1000,235,3284,2.01168278496856,163,13.022608676337,0.154476175624008,0.163163163163163,-0.00868698753915534
2236,1000,236,3285,1.92455624438013,132,15.7721377788187,0.122022535649208,0.132132132132132,-0.0101095964829239
2237,1000,237,3286,2.35455083584736,183,14.7778018775296,0.159330247851514,0.183183183183183,-0.0238529353316694
2238,1000,238,3287,2.16862549375428,141,15.4632558225655,0.140243782980659,0.141141141141141,-0.000897358160482392
2239,1000,239,3288,2.00760755762485,140,13.6559522033542,0.147013370267343,0.14014014014014,0.00687323012720253
2240,1000,240,3289,2.16080520765157,161,14.7175103448154,0.146818664096456,0.161161161161161,-0.0143424970647053
2241,1000,241,3290,2.17913868689131,144,15.3753671905058,0.141729212700489,0.144144144144144,-0.00241493144365543
2242,1000,242,3291,1.85263834651953,139,13.9331537463565,0.132966188434115,0.139139139139139,-0.00617295070502458
2243,1000,243,3292,1.888983048346,120,14.9923266616193,0.125996657555618,0.12012012012012,0.00587653743549794
2244,1000,244,3293,2.05961318359366,156,15.5456360633464,0.132488189946105,0.156156156156156,-0.0236679662100512
2245,1000,245,3294,1.98837101897416,145,15.3644849610232,0.129413450826258,0.145145145145145,-0.015731694318887
2246,1000,246,3295,2.10604364575467,150,14.2601152395747,0.147687701703137,0.15015015015015,-0.00246244844701285
2247,1000,247,3296,1.94630118628945,147,13.5809665652362,0.143310947489664,0.147147147147147,-0.00383619965748314
2248,1000,248,3297,2.50334379315431,177,15.2545725412581,0.164104486466839,0.177177177177177,-0.013072690710338
2249,1000,249,3298,2.02721264123461,119,15.5415326744107,0.130438399075815,0.119119119119119,0.0113192799566959
2250,1000,250,3299,2.57689718491748,161,14.6721303007125,0.175632108773758,0.161161161161161,0.0144709476125964
2251,1000,251,3300,2.04986410736655,141,15.5501868972072,0.131822473962335,0.141141141141141,-0.00931866717880597
2252,1000,252,3301,2.11653500919699,132,15.1571770312033,0.139639129690166,0.132132132132132,0.00750699755803372
2253,1000,253,3302,1.72058390217077,124,15.0825249009551,0.114077975237542,0.124124124124124,-0.0100461488865823
2254,1000,254,3303,2.40741553330601,157,15.6570725122876,0.153758982173498,0.157157157157157,-0.00339817498365869
2255,1000,255,3304,2.23850522648465,154,14.841713438868,0.150825255837535,0.154154154154154,-0.00332889831661881
2256,1000,256,3305,2.07778812942764,124,15.1743487238566,0.136927664392015,0.124124124124124,0.0128035402678908
2257,1000,257,3306,2.26564738473164,148,14.8373485014878,0.152698939740106,0.148148148148148,0.00455079159195801
2258,1000,258,3307,2.07728444318997,148,14.1921260368749,0.146368798994079,0.148148148148148,-0.0017793491540696
2259,1000,259,3308,2.03551312454636,167,14.7291113970645,0.138196600573749,0.167167167167167,-0.0289705665934186
2260,1000,260,3309,1.99838799119116,139,15.2594578973545,0.130960615025362,0.139139139139139,-0.00817852411377737
2261,1000,261,3310,2.37402418281411,177,14.4539310350987,0.164247648411303,0.177177177177177,-0.0129295287658746
2262,1000,262,3311,2.18841865876247,174,13.8420705971906,0.15809908231552,0.174174174174174,-0.0160750918586543
2263,1000,263,3312,2.06442306465762,160,15.1108373853564,0.136618706959166,0.16016016016016,-0.0235414532009941
2264,1000,264,3313,2.04641473768585,171,13.4528740120001,0.152117290019993,0.171171171171171,-0.0190538811511781
2265,1000,265,3314,1.95424315168426,156,15.4126480994743,0.126794768755599,0.156156156156156,-0.0293613874005576
2266,1000,266,3315,1.961459877965,136,14.5589195649018,0.134725648371163,0.136136136136136,-0.00141048776497349
2267,1000,267,3316,2.04898351248875,123,15.2558949563721,0.134307657357914,0.123123123123123,0.0111845342347905
2268,1000,268,3317,1.78671675598328,126,14.6079433253554,0.122311314891401,0.126126126126126,-0.00381481123472539
2269,1000,269,3318,1.83760709382904,128,15.0527813469553,0.122077578320815,0.128128128128128,-0.00605054980731327
2270,1000,270,3319,1.95060733929458,150,14.7931827456644,0.13185853056985,0.15015015015015,-0.0182916195802999
2271,1000,271,3320,2.31391345254028,177,14.5362973705171,0.159181763661042,0.177177177177177,-0.0179954135161353
2272,1000,272,3321,2.38032155370442,173,14.6096981629434,0.162927497006198,0.173173173173173,-0.0102456761669754
2273,1000,273,3322,2.35653615911693,172,15.0212844323828,0.156879804102286,0.172172172172172,-0.015292368069886
2274,1000,274,3323,1.65416272191611,141,14.5103928892295,0.113998479196517,0.141141141141141,-0.0271426619446244
2275,1000,275,3324,2.54474911598442,163,14.6040759548165,0.174249238627463,0.163163163163163,0.0110860754642999
2276,1000,276,3325,1.85754092958494,119,13.9330748796062,0.133318807631173,0.119119119119119,0.0141996885120535
2277,1000,277,3326,2.0375006718628,140,14.9327751570398,0.136444877153478,0.14014014014014,-0.00369526298666228
2278,1000,278,3327,2.19438967583757,156,14.9377331743487,0.146902455026162,0.156156156156156,-0.0092537011299938
2279,1000,279,3328,1.89439116746723,140,15.174386084247,0.124841371304889,0.14014014014014,-0.0152987688352508
2280,1000,280,3329,2.1430733887197,175,14.5160364139759,0.147634886521528,0.175175175175175,-0.0275402886536469
2281,1000,281,3330,2.24565197093385,164,14.7009536655389,0.152755530152984,0.164164164164164,-0.0114086340111798
2282,1000,282,3331,1.77897061315638,140,14.3646135776125,0.123843958874671,0.14014014014014,-0.0162961812654691
2283,1000,283,3332,2.46749819344758,176,14.5009999542785,0.170160554529176,0.176176176176176,-0.00601562164700034
2284,1000,284,3333,2.02867108998881,174,13.5692074460392,0.149505496032561,0.174174174174174,-0.0246686781416132
2285,1000,285,3334,2.23930929936188,172,14.609432727327,0.153278319641614,0.172172172172172,-0.0188938525305586
2286,1000,286,3335,2.07662700205029,159,15.9568082597088,0.130140499794924,0.159159159159159,-0.0290186593642348
2287,1000,287,3336,2.18280926643583,156,14.6968729024016,0.148522021040214,0.156156156156156,-0.00763413511594249
2288,1000,288,3337,2.19493766887395,157,15.1299780406601,0.145072098781327,0.157157157157157,-0.0120850583758299
2289,1000,289,3338,2.21814739155148,146,13.3784459033877,0.165800079289463,0.146146146146146,0.019653933143317
2290,1000,290,3339,1.90349974457997,154,14.5021344021606,0.131256523473977,0.154154154154154,-0.0228976306801769
2291,1000,291,3340,1.7804103048844,131,15.3096183027852,0.116293578956211,0.131131131131131,-0.0148375521749203
2292,1000,292,3341,1.63048193873051,141,13.58115710579,0.120054714486397,0.141141141141141,-0.0210864266547443
2293,1000,293,3342,2.11511204808929,166,15.1711383022138,0.139416832537915,0.166166166166166,-0.0267493336282514
2294,1000,294,3343,2.28910286166013,164,15.1636676096859,0.150959709786698,0.164164164164164,-0.0132044543774662
2295,1000,295,3344,2.10258444778772,156,14.0870934744602,0.149256086899664,0.156156156156156,-0.00690006925649186
2296,1000,296,3345,2.33104737090096,151,15.3005580812812,0.152350480192796,0.151151151151151,0.00119932904164521
2297,1000,297,3346,2.1159455507484,154,14.4398196032181,0.146535456043844,0.154154154154154,-0.00761869811031063
2298,1000,298,3347,1.83452934383897,134,15.8943970111412,0.115419876737258,0.134134134134134,-0.0187142573968759
2299,1000,299,3348,2.00642227185567,156,14.4069736451955,0.139267435428729,0.156156156156156,-0.0168887207274274
2300,1000,300,3349,2.23860581315338,175,15.4978756632528,0.144445978390532,0.175175175175175,-0.0307291967846427
2301,1000,301,3350,2.31109698988212,175,13.5130361288141,0.171027219038815,0.175175175175175,-0.00414795613635985
2302,1000,302,3351,1.84541475525073,122,14.8550606922785,0.124228018550605,0.122122122122122,0.0021058964284824
2303,1000,303,3352,1.8176027940592,150,14.2141347451924,0.127872911481577,0.15015015015015,-0.022277238668573
2304,1000,304,3353,2.19340478542049,145,15.5914443144839,0.140680025607563,0.145145145145145,-0.0044651195375818
2305,1000,305,3354,2.05950620664708,140,14.9052388807455,0.138173310949584,0.14014014014014,-0.00196682919055632
2306,1000,306,3355,2.31883728951571,167,15.7496399753235,0.147231129927342,0.167167167167167,-0.0199360372398249
2307,1000,307,3356,1.94181740765866,124,15.0925616555023,0.128660558226093,0.124124124124124,0.00453643410196933
2308,1000,308,3357,2.61334555498819,208,15.9402722188879,0.163946105756687,0.208208208208208,-0.044262102451521
2309,1000,309,3358,1.68227616170418,127,13.9060362540669,0.120974527246194,0.127127127127127,-0.00615259988093306
2310,1000,310,3359,2.1977123587932,172,15.2812167284216,0.143817890803529,0.172172172172172,-0.0283542813686428
2311,1000,311,3360,1.98349531378985,128,13.484592954785,0.147093451054894,0.128128128128128,0.0189653229267663
2312,1000,312,3361,2.10895125752985,152,15.4545323840186,0.136461667368901,0.152152152152152,-0.015690484783251
2313,1000,313,3362,2.30979913036847,176,15.4690949032038,0.149317018534167,0.176176176176176,-0.0268591576420096
2314,1000,314,3363,1.95955249644927,154,15.0491224275302,0.130210416314013,0.154154154154154,-0.023943737840141
2315,1000,315,3364,2.13486964591219,144,15.0590684196929,0.141766381984187,0.144144144144144,-0.00237776215995761
2316,1000,316,3365,1.92281297406499,131,14.5475556949884,0.132174298856775,0.131131131131131,0.00104316772564431
2317,1000,317,3366,2.40721751549907,191,14.1356645400433,0.17029390508525,0.191191191191191,-0.0208972861059407
2318,1000,318,3367,2.34783992952258,158,16.0938724205531,0.14588408980577,0.158158158158158,-0.0122740683523878
2319,1000,319,3368,1.96539838781675,146,15.9624831039303,0.123126106071356,0.146146146146146,-0.0230200400747901
2320,1000,320,3369,1.74293941584455,136,13.5326762155031,0.128794880486968,0.136136136136136,-0.00734125564916852
2321,1000,321,3370,2.02752427811733,135,15.0883078529608,0.134377181184003,0.135135135135135,-0.000757953951132234
2322,1000,322,3371,2.04205097115371,142,14.830767030243,0.137690179273233,0.142142142142142,-0.00445196286890898
2323,1000,323,3372,2.03227784477813,139,15.5484719219349,0.130705953291211,0.139139139139139,-0.00843318584792802
2324,1000,324,3373,2.14834456348823,152,15.1124010598976,0.142157725630317,0.152152152152152,-0.00999442652183549
2325,1000,325,3374,2.06492645986349,132,13.6121427901507,0.151697384585004,0.132132132132132,0.0195652524528724
2326,1000,326,3375,2.21603364757904,143,15.035084627201,0.147390833010003,0.143143143143143,0.00424768986685989
2327,1000,327,3376,2.18388347971439,151,15.3361424729765,0.142401094901314,0.151151151151151,-0.00875005624983727
2328,1000,328,3377,2.25750529726853,166,15.2277592302996,0.14824934273827,0.166166166166166,-0.0179168234278962
2329,1000,329,3378,1.97450394556187,143,13.915984762184,0.141887475396459,0.143143143143143,-0.00125566774668451
2330,1000,330,3379,1.75796435237852,133,14.9878670434129,0.117292497143623,0.133133133133133,-0.0158406359895096
2331,1000,331,3380,2.12117224584673,167,13.1965117856505,0.160737343345021,0.167167167167167,-0.00642982382214591
2332,1000,332,3381,2.13007449761726,143,14.7717058780811,0.144199628343397,0.143143143143143,0.00105648520025345
2333,1000,333,3382,2.15139983142549,159,15.2228497872421,0.141327009166741,0.159159159159159,-0.0178321499924181
2334,1000,334,3383,2.32856343380601,172,14.8290077555978,0.157027595654672,0.172172172172172,-0.0151445765175005
2335,1000,335,3384,2.12602598229929,159,13.7246266494107,0.154905924700733,0.159159159159159,-0.00425323445842604
2336,1000,336,3385,1.99420681616147,142,15.5731019370356,0.128054566407151,0.142142142142142,-0.0140875757349906
2337,1000,337,3386,2.13607513557248,153,15.1766441290358,0.140747527411924,0.153153153153153,-0.0124056257412287
2338,1000,338,3387,2.3850103905741,171,15.0074792132461,0.158921452209576,0.171171171171171,-0.0122497189615953
2339,1000,339,3388,2.34893340074688,152,15.4814639133606,0.151725535381685,0.152152152152152,-0.000426616770466737
2340,1000,340,3389,2.0571698704901,163,14.8121057232973,0.138884363163467,0.163163163163163,-0.0242787999996958
2341,1000,341,3390,2.08486269039215,130,15.5517799311065,0.134059425971044,0.13013013013013,0.00392929584091423
2342,1000,342,3391,2.07588368205512,149,14.4274795282372,0.143884015083316,0.149149149149149,-0.0052651340658327
2343,1000,343,3392,2.2106527267697,146,14.3382220193231,0.154178999585198,0.146146146146146,0.00803285343905166
2344,1000,344,3393,2.29146189242331,158,15.7697263432472,0.145307651036351,0.158158158158158,-0.0128505071218073
2345,1000,345,3394,2.35027553477124,174,15.7986588860532,0.148764243327389,0.174174174174174,-0.0254099308467854
2346,1000,346,3395,2.23291229824869,154,14.6122650500389,0.15281082642576,0.154154154154154,-0.00134332772839393
2347,1000,347,3396,2.01917106354817,146,14.7506144919053,0.136887250673945,0.146146146146146,-0.00925889547220132
2348,1000,348,3397,2.18006303238987,158,15.4378446328772,0.141215505417583,0.158158158158158,-0.0169426527405752
2349,1000,349,3398,2.1454474064608,151,14.5739631393398,0.14721098070226,0.151151151151151,-0.00394017044889144
2350,1000,350,3399,2.09782727050085,146,14.779221195293,0.141944371951682,0.146146146146146,-0.00420177419446371
2351,1000,351,3400,2.12768959965649,148,14.7935060747593,0.143825918541837,0.148148148148148,-0.00432222960631143
2352,1000,352,3401,2.24909427635276,152,14.1399290187413,0.159059799619345,0.152152152152152,0.00690764746719333
2353,1000,353,3402,2.08001443079804,146,15.0625225735161,0.138092037415781,0.146146146146146,-0.00805410873036477
2354,1000,354,3403,2.03997121653526,146,13.9876675440111,0.145840699324362,0.146146146146146,-0.000305446821783961
2355,1000,355,3404,2.04835985030848,144,14.6258304751727,0.140050840448722,0.144144144144144,-0.0040933036954218
2356,1000,356,3405,1.73907126569252,148,13.1414520056019,0.132334788039495,0.148148148148148,-0.0158133601086535
2357,1000,357,3406,2.35975639503009,167,14.8207856033673,0.159219386757335,0.167167167167167,-0.00794778040983191
2358,1000,358,3407,2.45698239127411,183,15.4853535493193,0.158664920594087,0.183183183183183,-0.0245182625890965
2359,1000,359,3408,2.12460520966368,166,14.3126039899441,0.148442953578287,0.166166166166166,-0.0177232125878793
2360,1000,360,3409,1.81772993440799,148,14.8913524601112,0.122066141358018,0.148148148148148,-0.0260820067901306
2361,1000,361,3410,1.79201780251207,143,14.3006477278889,0.125310254235359,0.143143143143143,-0.0178328889077842
2362,1000,362,3411,2.58073580377877,185,15.0118024367889,0.171913786811786,0.185185185185185,-0.0132713983733995
2363,1000,363,3412,2.38077608156234,159,16.2226050513479,0.146756706091697,0.159159159159159,-0.012402453067462
2364,1000,364,3413,2.12855664082996,130,15.5221662467045,0.137130127779804,0.13013013013013,0.00699999764967427
2365,1000,365,3414,2.2395398042843,163,14.6769556681401,0.152588851184293,0.163163163163163,-0.0105743119788699
2366,1000,366,3415,1.93391434868852,123,15.4784635530728,0.124942268465955,0.123123123123123,0.00181914534283141
2367,1000,367,3416,2.4472930129186,158,16.0516499903335,0.152463641706142,0.158158158158158,-0.00569451645201652
2368,1000,368,3417,2.27344269468969,160,14.409031206994,0.157779011095915,0.16016016016016,-0.00238114906424533
2369,1000,369,3418,1.99611097451355,145,14.5008285957062,0.137654959600351,0.145145145145145,-0.00749018554479369
2370,1000,370,3419,1.92381023555315,132,14.8719398210701,0.129358392966838,0.132132132132132,-0.00277373916529441
2371,1000,371,3420,1.8427757762655,139,14.1116067082462,0.130585823029539,0.139139139139139,-0.00855331610960008
2372,1000,372,3421,1.97934081436477,146,15.0945365819145,0.131129617900049,0.146146146146146,-0.0150165282460969
2373,1000,373,3422,2.16235714809744,159,14.985287004646,0.144298680927969,0.159159159159159,-0.0148604782311903
2374,1000,374,3423,2.37036636863646,164,14.5881452770128,0.162485794021503,0.164164164164164,-0.00167837014266142
2375,1000,375,3424,2.33599358920777,176,15.0077186534889,0.155652810606541,0.176176176176176,-0.0205233655696351
2376,1000,376,3425,2.16674735679354,151,15.2260819287745,0.142304984757687,0.151151151151151,-0.00884616639346417
2377,1000,377,3426,2.24579992943178,152,15.8289936200678,0.141878882722183,0.152152152152152,-0.0102732694299694
2378,1000,378,3427,2.05673518820598,124,15.0554481338795,0.136610692017708,0.124124124124124,0.0124865678935836
2379,1000,379,3428,1.97639536166327,150,15.0896019117864,0.130977302994291,0.15015015015015,-0.0191728471558596
2380,1000,380,3429,2.14580722574698,154,14.4496752874251,0.148502107006818,0.154154154154154,-0.00565204714733633
2381,1000,381,3430,2.68049527919924,197,15.2557537927189,0.17570388953698,0.197197197197197,-0.0214933076602171
2382,1000,382,3431,2.16080554885106,163,14.7249281236016,0.146744726406349,0.163163163163163,-0.0164184367568145
2383,1000,383,3432,2.31438182239498,155,14.7653564155787,0.15674405393649,0.155155155155155,0.00158889878133509
2384,1000,384,3433,1.99869334998289,141,14.6663556125473,0.136277436793704,0.141141141141141,-0.00486370434743746
2385,1000,385,3434,1.7731564759451,131,13.8816293351519,0.127734031296673,0.131131131131131,-0.00339709983445857
2386,1000,386,3435,1.96587377587414,172,13.5530256826569,0.145050546048162,0.172172172172172,-0.0271216261240102
2387,1000,387,3436,1.89395758332688,123,15.4555274544709,0.122542410079897,0.123123123123123,-0.000580713043226141
2388,1000,388,3437,1.97364875734788,154,14.6897951964773,0.134355090111888,0.154154154154154,-0.0197990640422661
2389,1000,389,3438,1.80311719229366,143,13.8707572500862,0.129994142337287,0.143143143143143,-0.0131490008058559
2390,1000,390,3439,2.40089241452745,172,14.8147889023818,0.162060521438915,0.172172172172172,-0.010111650733257
2391,1000,391,3440,2.41289300689604,182,14.8632741910753,0.162339264947751,0.182182182182182,-0.019842917234431
2392,1000,392,3441,2.71603795320121,182,15.0899569945421,0.179989774270634,0.182182182182182,-0.00219240791154837
2393,1000,393,3442,2.27381145215487,183,14.7674131731634,0.153974932880393,0.183183183183183,-0.02920825030279
2394,1000,394,3443,1.90062717562969,146,14.39944329811,0.131993101141567,0.146146146146146,-0.014153045004579
2395,1000,395,3444,1.80472570109992,130,13.8436153138153,0.130365201588554,0.13013013013013,0.000235071458423414
2396,1000,396,3445,2.30168954103054,163,15.1617926958364,0.151808535257352,0.163163163163163,-0.0113546279058112
2397,1000,397,3446,1.88688083159609,130,14.2543833895401,0.132371971486377,0.13013013013013,0.00224184135624689
2398,1000,398,3447,2.02065140233241,144,14.4361302208894,0.139971818722477,0.144144144144144,-0.00417232542166684
2399,1000,399,3448,2.11155607622996,142,15.818102242207,0.133489848775648,0.142142142142142,-0.00865229336649423
2400,1000,400,3449,2.06687316133354,131,15.1678214734163,0.136266975778692,0.131131131131131,0.00513584464756081
2401,1000,401,3450,2.48060335653898,172,14.4270254558044,0.17194142785275,0.172172172172172,-0.000230744319422521
2402,1000,402,3451,1.78477359711682,139,12.9190107934827,0.138150948679228,0.139139139139139,-0.000988190459911026
2403,1000,403,3452,2.10856575628711,164,14.437658533182,0.146046240908178,0.164164164164164,-0.0181179232559857
2404,1000,404,3453,1.80806518158386,122,15.053788546883,0.120106986753061,0.122122122122122,-0.00201513536906105
2405,1000,405,3454,2.20143311977858,140,15.5258596040321,0.141791383918406,0.14014014014014,0.00165124377826595
2406,1000,406,3455,1.94778198093734,136,14.3175175597421,0.13604187826625,0.136136136136136,-9.42578698862884e-05
2407,1000,407,3456,1.85415002616533,127,15.3226251721788,0.121007334274018,0.127127127127127,-0.00611979285310867
2408,1000,408,3457,2.03906030937342,157,14.4423466918848,0.141186218062413,0.157157157157157,-0.0159709390947439
2409,1000,409,3458,2.16735120323148,141,15.1438168156235,0.143117896209328,0.141141141141141,0.00197675506818715
2410,1000,410,3459,2.10438200874688,139,15.4970780292456,0.135792179969382,0.139139139139139,-0.00334695916975672
2411,1000,411,3460,2.33293298813256,151,15.4826946065988,0.1506800364801,0.151151151151151,-0.000471114671051126
2412,1000,412,3461,2.1914097145644,155,14.0729910574272,0.155717409726331,0.155155155155155,0.000562254571176257
2413,1000,413,3462,2.4248566938273,150,14.6221581967874,0.165834390600428,0.15015015015015,0.0156842404502781
2414,1000,414,3463,2.21808772939185,155,14.6552608965756,0.151350954789904,0.155155155155155,-0.00380420036525159
2415,1000,415,3464,2.19281215072513,157,14.9367023604791,0.14680697906434,0.157157157157157,-0.0103501780928176
2416,1000,416,3465,2.53055474219847,164,15.1977489246075,0.166508524042078,0.164164164164164,0.00234435987791365
2417,1000,417,3466,2.29663199657393,173,14.69786672927,0.156256145118007,0.173173173173173,-0.0169170280551664
2418,1000,418,3467,2.33226556767114,176,14.9118964622442,0.156403015107855,0.176176176176176,-0.0197731610683216
2419,1000,419,3468,2.27031197595377,166,14.5335775991749,0.15621150129495,0.166166166166166,-0.00995466487121596
2420,1000,420,3469,1.96194063881534,157,14.4641285993201,0.135641813839208,0.157157157157157,-0.0215153433179496
2421,1000,421,3470,2.06573965739978,146,15.1713212513059,0.136160827602406,0.146146146146146,-0.0099853185437401
2422,1000,422,3471,1.99124913706251,143,15.4679153746194,0.128734162867859,0.143143143143143,-0.0144089802752839
2423,1000,423,3472,2.19405688151845,164,15.2599985323449,0.143778315369294,0.164164164164164,-0.0203858487948701
2424,1000,424,3473,2.28725730647299,156,15.3195464083164,0.14930320033701,0.156156156156156,-0.00685295581914575
2425,1000,425,3474,2.46977821953534,172,15.4113246951179,0.160257360635438,0.172172172172172,-0.011914811536734
2426,1000,426,3475,2.03840775090647,140,14.8663763557403,0.137115306523193,0.14014014014014,-0.00302483361694736
2427,1000,427,3476,1.9844497825364,139,14.7074083686704,0.134928583798873,0.139139139139139,-0.00421055534026574
2428,1000,428,3477,2.2456603196697,156,15.3614224397899,0.146188305703571,0.156156156156156,-0.0099678504525848
2429,1000,429,3478,2.09541159345021,175,14.0385822894598,0.1492609118389,0.175175175175175,-0.025914263336275
2430,1000,430,3479,2.08662906561403,127,15.5812824175701,0.133918955429564,0.127127127127127,0.0067918283024373
2431,1000,431,3480,1.94524479676345,126,15.1306018597715,0.12856361001312,0.126126126126126,0.00243748388699369
2432,1000,432,3481,2.56572748687825,191,14.8866006290645,0.172351469002866,0.191191191191191,-0.0188397221883254
2433,1000,433,3482,2.04510821608877,152,15.4770321467816,0.132138267640288,0.152152152152152,-0.0200138845118641
2434,1000,434,3483,1.97063388663072,135,13.82571049185,0.142534004873918,0.135135135135135,0.00739886973878279
2435,1000,435,3484,2.17448007773907,164,14.2304348917379,0.152804892772572,0.164164164164164,-0.0113592713915926
2436,1000,436,3485,2.14781198171093,138,14.5906329354793,0.147204853360967,0.138138138138138,0.00906671522282895
2437,1000,437,3486,1.90302883975097,138,14.5323185352109,0.130951495120345,0.138138138138138,-0.00718664301779362
2438,1000,438,3487,2.23318117375964,174,14.3200419339495,0.155947949318869,0.174174174174174,-0.0182262248553049
2439,1000,439,3488,2.32792534571185,167,15.3037519496563,0.152114680986066,0.167167167167167,-0.0150524861811014
2440,1000,440,3489,2.07396449184572,146,14.7110579152772,0.140979969203435,0.146146146146146,-0.00516617694271151
2441,1000,441,3490,1.87771291285263,118,15.1547700914164,0.123902434779672,0.118118118118118,0.00578431666155348
2442,1000,442,3491,2.14715355550869,168,15.3010836831462,0.140326894484849,0.168168168168168,-0.0278412736833196
2443,1000,443,3492,2.20066699505483,152,14.5017943348818,0.151751358779202,0.152152152152152,-0.000400793372950653
2444,1000,444,3493,2.09244078497425,136,15.4161812937109,0.135730162036163,0.136136136136136,-0.000405974099972811
2445,1000,445,3494,2.01013137128096,148,15.2064938328878,0.13218901039065,0.148148148148148,-0.0159591377574984
2446,1000,446,3495,1.91112535781101,129,14.5123630226014,0.131689467444733,0.129129129129129,0.00256033831560357
2447,1000,447,3496,2.13989604491899,172,13.3155651114284,0.16070636334333,0.172172172172172,-0.0114658088288419
2448,1000,448,3497,1.88434732009001,137,14.2520652661248,0.132215737502188,0.137137137137137,-0.00492139963494947
2449,1000,449,3498,2.1988984232087,169,14.1828345806241,0.155039418298845,0.169169169169169,-0.0141297508703242
2450,1000,450,3499,1.89145794583108,132,14.9756150072448,0.126302522127875,0.132132132132132,-0.00582961000425664
2451,1000,451,3500,2.35290033037823,185,14.577018990132,0.161411625516235,0.185185185185185,-0.0237735596689502
2452,1000,452,3501,1.8347089791946,134,14.5739400212997,0.125889702888387,0.134134134134134,-0.00824443124574692
2453,1000,453,3502,2.07760672909477,161,14.4090637374532,0.144187489690568,0.161161161161161,-0.0169736714705929
2454,1000,454,3503,2.64817109560225,189,14.3483286839249,0.184563035454374,0.189189189189189,-0.00462615373481512
2455,1000,455,3504,2.00950565980741,149,13.960711017209,0.143940065612013,0.149149149149149,-0.00520908353713659
2456,1000,456,3505,1.81440953255959,137,15.4082911898631,0.117755402607738,0.137137137137137,-0.0193817345293992
2457,1000,457,3506,1.88114896884539,138,14.4044299243693,0.130595169591743,0.138138138138138,-0.00754296854639516
2458,1000,458,3507,2.01525453038235,140,14.2584982439804,0.141337081640638,0.14014014014014,0.00119694150049751
2459,1000,459,3508,1.9276574848096,141,15.5348879231921,0.124085702731836,0.141141141141141,-0.0170554384093054
2460,1000,460,3509,2.21919499449865,165,15.0070266918991,0.147877060530357,0.165165165165165,-0.017288104634808
2461,1000,461,3510,1.86915774794111,138,14.0750286638971,0.132799569547987,0.138138138138138,-0.00533856859015161
2462,1000,462,3511,2.45912426129045,183,14.7129567567073,0.167140045468385,0.183183183183183,-0.0160431377147983
2463,1000,463,3512,1.86975753335887,130,14.8921376294582,0.125553334241304,0.13013013013013,-0.00457679588882609
2464,1000,464,3513,1.99158320954185,151,15.0432305866257,0.132390658912885,0.151151151151151,-0.0187604922382659
2465,1000,465,3514,1.93646081607852,168,13.7500208453827,0.140833300389416,0.168168168168168,-0.0273348677787518
2466,1000,466,3515,2.03623762035979,144,14.5979063415208,0.139488332965126,0.144144144144144,-0.00465581117901767
2467,1000,467,3516,2.15927141907474,149,13.8916851250857,0.155436248347978,0.149149149149149,0.00628709919882875
2468,1000,468,3517,2.24237001623916,143,16.1951945230454,0.13845897392886,0.143143143143143,-0.00468416921428333
2469,1000,469,3518,1.99597337595921,130,15.4072604756473,0.129547584342722,0.13013013013013,-0.000582545787407934
2470,1000,470,3519,1.81599545243935,134,14.8253946652548,0.122492216459867,0.134134134134134,-0.0116419176742671
2471,1000,471,3520,2.19008146542471,151,14.9732011697671,0.146266749547637,0.151151151151151,-0.00488440160351397
2472,1000,472,3521,2.01109350970504,171,14.3044030525851,0.140592620489786,0.171171171171171,-0.0305785506813847
2473,1000,473,3522,2.05669709778107,156,14.310147075674,0.143722988094041,0.156156156156156,-0.0124331680621154
2474,1000,474,3523,2.21456279519833,183,14.8722715680963,0.148905483944293,0.183183183183183,-0.0342776992388905
2475,1000,475,3524,2.0196284180215,144,15.6321721706443,0.12919691492486,0.144144144144144,-0.014947229219284
2476,1000,476,3525,2.10300035133347,142,15.5177583829069,0.135522173979069,0.142142142142142,-0.0066199681630732
2477,1000,477,3526,2.08231278070428,153,15.1466502085499,0.137476785430013,0.153153153153153,-0.0156763677231399
2478,1000,478,3527,2.16370476362791,163,13.7778766183195,0.157041961077731,0.163163163163163,-0.00612120208543177
2479,1000,479,3528,1.94237611623689,152,14.8576916909362,0.130732024640262,0.152152152152152,-0.0214201275118902
2480,1000,480,3529,1.82810347716344,134,14.8254703794734,0.123308295141484,0.134134134134134,-0.0108258389926503
2481,1000,481,3530,2.18988546726549,157,15.1760340085063,0.144298929881024,0.157157157157157,-0.0128582272761328
2482,1000,482,3531,2.1730534179299,137,14.8399736242398,0.146432431280094,0.137137137137137,0.00929529414295641
2483,1000,483,3532,1.94464190841879,148,15.0410162567314,0.129289263120668,0.148148148148148,-0.0188588850274802
2484,1000,484,3533,2.30842031431707,153,16.1248151632757,0.143159489950279,0.153153153153153,-0.00999366320287431
2485,1000,485,3534,1.97982877554121,141,15.7531472108438,0.125678300916174,0.141141141141141,-0.0154628402249673
2486,1000,486,3535,1.87776140714187,143,14.5520294740777,0.129037768270523,0.143143143143143,-0.01410537487262
2487,1000,487,3536,2.1763965325369,174,14.8525669411662,0.146533359597571,0.174174174174174,-0.0276408145766034
2488,1000,488,3537,2.24426741661389,167,14.7822570518831,0.151821701431447,0.167167167167167,-0.0153454657357205
2489,1000,489,3538,2.04390257163657,148,15.1997885066102,0.134469145458681,0.148148148148148,-0.0136790026894667
2490,1000,490,3539,1.98657187756775,136,14.9801823169473,0.132613331102139,0.136136136136136,-0.00352280503399693
2491,1000,491,3540,2.12166291983077,154,15.0448762190314,0.141022291505923,0.154154154154154,-0.0131318626482315
2492,1000,492,3541,2.09128217395165,162,15.1798899300736,0.137766623050969,0.162162162162162,-0.024395539111193
2493,1000,493,3542,2.37806951715302,160,15.3318120394075,0.155106879150399,0.16016016016016,-0.00505328100976135
2494,1000,494,3543,1.90439170113908,119,15.6150648906417,0.12195861589281,0.119119119119119,0.00283949677369115
2495,1000,495,3544,2.26372743992262,134,14.959636493694,0.151322356053027,0.134134134134134,0.0171882219188932
2496,1000,496,3545,2.43001279287471,169,14.6982039858274,0.165327192030933,0.169169169169169,-0.00384197713823642
2497,1000,497,3546,2.28421587155645,191,14.4525596085009,0.158049226810515,0.191191191191191,-0.033141964380676
2498,1000,498,3547,2.26341368493513,184,14.5619839655412,0.15543305708145,0.184184184184184,-0.0287511271027342
2499,1000,499,3548,1.79885500407964,156,14.0871855711639,0.127694420932585,0.156156156156156,-0.0284617352235716
2500,1000,500,3549,2.14742745137835,146,14.8182837316992,0.14491742028023,0.146146146146146,-0.00122872586591632
2501,1000,501,3550,2.24017401596182,168,15.1328602582328,0.148033747601884,0.168168168168168,-0.020134420566284
2502,1000,502,3551,1.97327645952806,129,15.3568884817338,0.128494549001588,0.129129129129129,-0.000634580127541307
2503,1000,503,3552,1.77563504103188,128,14.1079618358487,0.125860493648341,0.128128128128128,-0.0022676344797867
2504,1000,504,3553,2.43002270074049,165,15.0619326760013,0.161335384576,0.165165165165165,-0.00382978058916525
2505,1000,505,3554,1.82082240096364,158,13.7578860983372,0.132347541471775,0.158158158158158,-0.025810616686383
2506,1000,506,3555,1.75985669446635,139,13.8734237306172,0.126850929420005,0.139139139139139,-0.0122882097191337
2507,1000,507,3556,1.89048987866055,129,14.3229267065488,0.131990473552879,0.129129129129129,0.00286134442375016
2508,1000,508,3557,2.35784811135922,153,15.1695873339685,0.155432580956201,0.153153153153153,0.00227942780304774
2509,1000,509,3558,1.96620758826753,157,13.8365309925264,0.142102640418292,0.157157157157157,-0.0150545167388655
2510,1000,510,3559,2.1143695244257,157,14.5028346619279,0.145790086814975,0.157157157157157,-0.0113670703421818
2511,1000,511,3560,1.99303244264551,133,15.6321151723822,0.127496018335809,0.133133133133133,-0.00563711479732415
2512,1000,512,3561,2.0243137582288,146,15.9955649101699,0.126554689977955,0.146146146146146,-0.0195914561681916
2513,1000,513,3562,1.94212130587876,140,14.4005469779292,0.134864412362622,0.14014014014014,-0.00527572777751767
2514,1000,514,3563,1.85612956242929,137,14.9987027337501,0.123752673506398,0.137137137137137,-0.0133844636307391
2515,1000,515,3564,1.90101030533161,157,14.3591262201586,0.132390388954365,0.157157157157157,-0.0247667682027925
2516,1000,516,3565,1.95204237698825,151,13.3348512158044,0.14638651345991,0.151151151151151,-0.00476463769124083
2517,1000,517,3566,2.04939281399472,156,14.4431616806245,0.141893642078658,0.156156156156156,-0.0142625140774986
2518,1000,518,3567,2.42511468827766,174,15.3363957350643,0.158128071951939,0.174174174174174,-0.016046102222235
2519,1000,519,3568,1.85372852591225,134,14.4109095036987,0.128633694177072,0.134134134134134,-0.00550043995706187
2520,1000,520,3569,2.24021737191532,142,15.1724475242145,0.147650362167346,0.142142142142142,0.00550822002520374
2521,1000,521,3570,1.974465389752,132,15.2671368725858,0.129327810854792,0.132132132132132,-0.00280432127733968
2522,1000,522,3571,2.20453616383011,166,14.6478783039976,0.150502080784523,0.166166166166166,-0.0156640853816435
2523,1000,523,3572,2.23831839592854,188,14.2000863112348,0.157627097953456,0.188188188188188,-0.0305610902347319
2524,1000,524,3573,1.98292058647016,156,13.6854400725978,0.144892716343155,0.156156156156156,-0.0112634398130013
2525,1000,525,3574,2.01334779623589,162,14.115779671473,0.14263100183582,0.162162162162162,-0.0195311603263426
2526,1000,526,3575,1.9269414269414,148,13.9993402027383,0.137645160345806,0.148148148148148,-0.0105029878023425
2527,1000,527,3576,1.76386306163352,150,13.3833676665734,0.131795158406877,0.15015015015015,-0.0183549917432727
2528,1000,528,3577,1.76407906134561,156,14.0852551500316,0.125242960993976,0.156156156156156,-0.0309131951621797
2529,1000,529,3578,1.8494816571189,133,14.3373925441589,0.128997071916845,0.133133133133133,-0.00413606121628832
2530,1000,530,3579,2.03560717481433,134,15.3389847242352,0.132708077582092,0.134134134134134,-0.00142605655204181
2531,1000,531,3580,2.20002291363565,159,15.0519827535468,0.146161668509568,0.159159159159159,-0.0129974906495909
2532,1000,532,3581,2.35750418943541,167,15.6701201617676,0.150445827160108,0.167167167167167,-0.0167213400070595
2533,1000,533,3582,1.86464085126853,138,14.770148735046,0.126243877750817,0.138138138138138,-0.0118942603873214
2534,1000,534,3583,2.19327253317814,156,15.1065774090067,0.145186594805419,0.156156156156156,-0.0109695613507374
2535,1000,535,3584,1.87259650866561,135,14.5782443748353,0.128451441786643,0.135135135135135,-0.0066836933484925
2536,1000,536,3585,2.22254927744497,157,14.8221784488607,0.149947545505081,0.157157157157157,-0.00720961165207643
2537,1000,537,3586,2.27852989483106,156,16.3193232619049,0.139621592039295,0.156156156156156,-0.0165345641168612
2538,1000,538,3587,1.7184976364276,112,14.1614408033729,0.121350479819701,0.112112112112112,0.00923836770758901
2539,1000,539,3588,1.9148256319998,140,15.2058809585798,0.125926648854855,0.14014014014014,-0.0142134912852853
2540,1000,540,3589,1.94627749132841,153,14.991879770401,0.129822111778872,0.153153153153153,-0.0233310413742808
2541,1000,541,3590,2.0129965792051,161,14.1828599413315,0.141931640552894,0.161161161161161,-0.0192295206082668
2542,1000,542,3591,1.94174502383531,124,14.5474856224175,0.133476332215315,0.124124124124124,0.00935220809119056
2543,1000,543,3592,2.04485575619137,152,14.4550181017007,0.141463382598655,0.152152152152152,-0.0106887695534971
2544,1000,544,3593,1.89394342481773,150,13.1561161632438,0.143959159475129,0.15015015015015,-0.00619099067502121
2545,1000,545,3594,2.21265156692396,159,15.0751376738877,0.146774882909135,0.159159159159159,-0.012384276250024
2546,1000,546,3595,2.18358083719993,144,15.6962768280182,0.139114572272463,0.144144144144144,-0.00502957187168143
2547,1000,547,3596,1.84415920957991,128,13.9717990075776,0.131991535848729,0.128128128128128,0.00386340772060048
2548,1000,548,3597,2.53611612796344,190,15.2230935249285,0.166596633188283,0.19019019019019,-0.0235935570019069
2549,1000,549,3598,1.8755948139938,142,13.9927469916238,0.134040500776335,0.142142142142142,-0.00810164136580749
2550,1000,550,3599,2.4149076620074,173,15.5843686746906,0.154957041405808,0.173173173173173,-0.0182161317673653
2551,1000,551,3600,2.27733290345501,164,14.6970727758634,0.154951461300172,0.164164164164164,-0.00921270286399203
2552,1000,552,3601,2.03657157327748,128,14.9715902713548,0.136029074825408,0.128128128128128,0.00790094669728025
2553,1000,553,3602,1.624968684094,137,13.5982469614044,0.119498394808251,0.137137137137137,-0.0176387423288858
2554,1000,554,3603,2.17257105372889,159,15.3592749887495,0.141450104599356,0.159159159159159,-0.017709054559803
2555,1000,555,3604,2.39971882147776,173,15.6834105618897,0.153010010928938,0.173173173173173,-0.020163162244235
2556,1000,556,3605,1.91776486293605,171,14.2259551447965,0.134807458860681,0.171171171171171,-0.0363637123104897
2557,1000,557,3606,1.99288784432039,123,14.615023293275,0.136358855154025,0.123123123123123,0.0132357320309023
2558,1000,558,3607,2.39154583367312,169,15.2609642548593,0.156710008210106,0.169169169169169,-0.0124591609590635
2559,1000,559,3608,2.12563943614966,141,15.7420548076854,0.135029350495712,0.141141141141141,-0.00611179064542913
2560,1000,560,3609,2.20574841196684,176,14.5787384993376,0.151298990105835,0.176176176176176,-0.0248771860703409
2561,1000,561,3610,2.13184238055498,160,15.1507974677416,0.140708262063036,0.16016016016016,-0.0194518980971238
2562,1000,562,3611,2.24503945380314,168,14.9257256361911,0.150414090981244,0.168168168168168,-0.0177540771869243
2563,1000,563,3612,2.08622373635176,152,14.4276459824571,0.14459903846327,0.152152152152152,-0.00755311368888226
2564,1000,564,3613,2.26352189441001,174,14.3541406768178,0.157691215752514,0.174174174174174,-0.0164829584216602
2565,1000,565,3614,2.38474238666692,140,15.9939585486489,0.149102698960563,0.14014014014014,0.00896255882042263
2566,1000,566,3615,2.53632310752932,158,15.7209441988158,0.161334018838409,0.158158158158158,0.00317586068025122
2567,1000,567,3616,1.80428022536926,137,13.4869508093221,0.133779699420432,0.137137137137137,-0.00335743771670513
2568,1000,568,3617,2.01723161143735,157,15.1504930784298,0.133146267979181,0.157157157157157,-0.0240108891779759
2569,1000,569,3618,1.92085758652467,133,14.7133605060978,0.130551928346253,0.133133133133133,-0.00258120478687979
2570,1000,570,3619,1.97896438149798,141,15.0699590911963,0.131318497251534,0.141141141141141,-0.00982264388960727
2571,1000,571,3620,2.31075048521961,143,15.2631034421661,0.151394537419952,0.143143143143143,0.00825139427680852
2572,1000,572,3621,2.015534324337,132,14.8563732460409,0.135667991841422,0.132132132132132,0.00353585970929018
2573,1000,573,3622,2.14794034249484,144,15.4949308717043,0.138622131346016,0.144144144144144,-0.00552201279812792
2574,1000,574,3623,2.49342411487095,177,15.3624447343875,0.162306466059379,0.177177177177177,-0.014870711117798
2575,1000,575,3624,2.22726527923811,154,14.9848883894161,0.148634091983711,0.154154154154154,-0.00552006217044326
2576,1000,576,3625,2.41199011618566,157,16.4182137975708,0.146909410848489,0.157157157157157,-0.0102477463086685
2577,1000,577,3626,2.11901677444075,170,14.1738324626882,0.149502033413964,0.17017017017017,-0.0206681367562057
2578,1000,578,3627,2.14498711970008,161,14.0192191038947,0.153003323780294,0.161161161161161,-0.00815783738086737
2579,1000,579,3628,1.78712420520798,156,13.8372217369494,0.12915339792784,0.156156156156156,-0.0270027582283162
2580,1000,580,3629,1.72496743384698,126,13.8292560119746,0.12473320562967,0.126126126126126,-0.00139292049645579
2581,1000,581,3630,2.19599255836018,172,13.8992612788527,0.157993472768321,0.172172172172172,-0.0141786994038516
2582,1000,582,3631,2.01933820180159,144,14.6191097552205,0.138130039079875,0.144144144144144,-0.00601410506426939
2583,1000,583,3632,2.31197157069306,159,14.7568807806054,0.156670749399265,0.159159159159159,-0.00248840975989373
2584,1000,584,3633,1.89157976695534,131,15.2788346281429,0.123803929618502,0.131131131131131,-0.00732720151262906
2585,1000,585,3634,2.01782511399719,158,15.0643255173098,0.133947259150673,0.158158158158158,-0.024210899007485
2586,1000,586,3635,1.94076778051657,122,14.4996957541803,0.13384886230851,0.122122122122122,0.0117267401863878
2587,1000,587,3636,2.05961641459134,154,14.8538650460825,0.138658619032933,0.154154154154154,-0.0154955351212216
2588,1000,588,3637,2.38717492399534,154,15.0703150486884,0.158402456503595,0.154154154154154,0.00424830234944062
2589,1000,589,3638,2.00511866399106,133,15.4451390587299,0.129821988417627,0.133133133133133,-0.00331114471550653
2590,1000,590,3639,1.83052568804943,134,14.2787355767999,0.128199424816275,0.134134134134134,-0.00593470931785933
2591,1000,591,3640,1.94085640850552,147,14.1236374385932,0.137419019494374,0.147147147147147,-0.0097281276527732
2592,1000,592,3641,2.07947588529753,135,14.4702678504816,0.143706799817691,0.135135135135135,0.00857166468255582
2593,1000,593,3642,2.10753766131436,148,15.1298494902042,0.139296670642949,0.148148148148148,-0.00885147750519946
2594,1000,594,3643,1.87190825022123,131,14.1465098382049,0.132322973767412,0.131131131131131,0.00119184263628111
2595,1000,595,3644,1.96868095752765,145,14.579463842327,0.135031094340533,0.145145145145145,-0.0101140508046121
2596,1000,596,3645,1.95405993536001,153,15.022097325718,0.13007903576917,0.153153153153153,-0.0230741173839835
2597,1000,597,3646,1.81830719371447,139,14.346560577627,0.126741680270744,0.139139139139139,-0.0123974588683947
2598,1000,598,3647,1.98767272467261,132,15.6686184625312,0.126856922926918,0.132132132132132,-0.00527520920521365
2599,1000,599,3648,2.25310398376139,135,15.6012434872132,0.144418230867817,0.135135135135135,0.00928309573268213
2600,1000,600,3649,2.10209966022195,171,14.660750225925,0.143382816556328,0.171171171171171,-0.0277883546148429
2601,1000,601,3650,2.41924847878449,176,14.1361441470849,0.171139205543781,0.176176176176176,-0.00503697063239492
2602,1000,602,3651,2.51536321625951,183,14.9259672395121,0.16852262743823,0.183183183183183,-0.0146605557449537
2603,1000,603,3652,2.34003229683516,172,14.0185961045432,0.166923440791392,0.172172172172172,-0.00524873138078016
2604,1000,604,3653,1.89172541036892,148,14.4819017458083,0.130626864038521,0.148148148148148,-0.0175212841096269
2605,1000,605,3654,1.92559128341833,135,15.6874543643761,0.122747211796904,0.135135135135135,-0.0123879233382311
2606,1000,606,3655,1.89494282320101,132,14.6575656151469,0.129280869208104,0.132132132132132,-0.00285126292402826
2607,1000,607,3656,1.99978144252656,154,15.246475700802,0.131163521443934,0.154154154154154,-0.02299063271022
2608,1000,608,3657,1.84602195545103,139,13.9584770136283,0.13225095786945,0.139139139139139,-0.00688818126968949
2609,1000,609,3658,1.9957897384426,151,15.3355758675085,0.130141166897494,0.151151151151151,-0.0210099842536569
2610,1000,610,3659,1.76595688420486,138,13.7845089632775,0.128111700526253,0.138138138138138,-0.0100264376118848
2611,1000,611,3660,1.86252882568272,138,14.2571693155617,0.130638051948347,0.138138138138138,-0.007500086189791
2612,1000,612,3661,2.04724706437373,142,14.4472648708518,0.141704819747866,0.142142142142142,-0.000437322394275685
2613,1000,613,3662,1.83233077394344,124,14.7964216878014,0.123836074194483,0.124124124124124,-0.00028804992964114
2614,1000,614,3663,1.9667578028753,126,14.710004712196,0.133702051179132,0.126126126126126,0.00757592505300594
2615,1000,615,3664,2.01554632007407,136,14.9216716620441,0.13507510188694,0.136136136136136,-0.00106103424919637
2616,1000,616,3665,2.20962923481327,155,15.0507850333248,0.14681156032199,0.155155155155155,-0.00834359483316474
2617,1000,617,3666,1.79135778506983,160,13.4926160818756,0.13276578642715,0.16016016016016,-0.0273943737330103
2618,1000,618,3667,2.17785800133542,142,15.3082142354307,0.142267280026352,0.142142142142142,0.000125137884210175
2619,1000,619,3668,2.32052405037753,164,14.1830011331757,0.163613048366016,0.164164164164164,-0.000551115798148399
2620,1000,620,3669,1.92873264530034,135,14.4601988115074,0.133382166486221,0.135135135135135,-0.00175296864891417
2621,1000,621,3670,2.04839490191899,156,15.0737018381123,0.135891960974035,0.156156156156156,-0.0202641951821216
2622,1000,622,3671,1.74579906519198,131,14.5305185599561,0.120147058619307,0.131131131131131,-0.0109840725118242
2623,1000,623,3672,2.13811578142686,186,14.3413572288587,0.149087408346847,0.186186186186186,-0.037098777839339
2624,1000,624,3673,2.06864538981023,146,14.0425234613803,0.147312938126784,0.146146146146146,0.00116679198063827
2625,1000,625,3674,2.40367935599781,172,14.4153100798767,0.166744894329625,0.172172172172172,-0.0054272778425476
2626,1000,626,3675,1.80083688090155,126,14.8896233629071,0.120945764510591,0.126126126126126,-0.00518036161553526
2627,1000,627,3676,1.7784536489391,125,14.798683164858,0.120176479834527,0.125125125125125,-0.00494864529059839
2628,1000,628,3677,2.00108551625629,137,14.6492864401715,0.136599521377976,0.137137137137137,-0.000537615759161614
2629,1000,629,3678,1.97199961907155,149,14.7994352578667,0.133248302027155,0.149149149149149,-0.0159008471219939
2630,1000,630,3679,1.81860239320686,147,14.4590974787888,0.125775650650029,0.147147147147147,-0.0213714964971177
2631,1000,631,3680,1.99999957249251,138,15.0127138124018,0.133220388897331,0.138138138138138,-0.0049177492408071
2632,1000,632,3681,2.30511210790953,171,15.1348843986853,0.152304573142941,0.171171171171171,-0.01886659802823
2633,1000,633,3682,1.96539277273505,132,15.2416346983301,0.128948948825705,0.132132132132132,-0.0031831833064275
2634,1000,634,3683,2.59229604253406,188,16.0739801464919,0.161272815998832,0.188188188188188,-0.026915372189356
2635,1000,635,3684,2.13108692855875,150,14.8735961034522,0.14327987083528,0.15015015015015,-0.00687027931487025
2636,1000,636,3685,1.73067682590374,124,13.9862340904474,0.1237414456752,0.124124124124124,-0.000382678448923687
2637,1000,637,3686,2.25583210300014,177,14.4761930902076,0.155830478976278,0.177177177177177,-0.0213466982008989
2638,1000,638,3687,2.35263966903985,180,14.9329472188349,0.157546908494558,0.18018018018018,-0.0226332716856222
2639,1000,639,3688,1.89351152088608,124,14.6425575994987,0.129315627274767,0.124124124124124,0.00519150315064312
2640,1000,640,3689,1.7921560604252,138,14.3916671254425,0.124527342440885,0.138138138138138,-0.0136107956972536
2641,1000,641,3690,2.45602388172588,149,14.7943974890817,0.166010402487728,0.149149149149149,0.0168612533385792
2642,1000,642,3691,2.16951519671989,152,14.1672944096128,0.153135463553848,0.152152152152152,0.000983311401695414
2643,1000,643,3692,1.86832562140608,149,13.7821955235125,0.135560812369749,0.149149149149149,-0.0135883367793998
2644,1000,644,3693,1.78284131480167,136,14.299527193137,0.124678340110248,0.136136136136136,-0.0114577960258882
2645,1000,645,3694,1.6757292402354,123,13.7707008658445,0.121688014035053,0.123123123123123,-0.00143510908807015
2646,1000,646,3695,2.22200416853155,132,14.3655405605793,0.154675987246103,0.132132132132132,0.0225438551139711
2647,1000,647,3696,1.8399108528789,145,14.254867685879,0.129072460960233,0.145145145145145,-0.0160726841849122
2648,1000,648,3697,1.99095932279415,143,14.4090404355964,0.13817431713743,0.143143143143143,-0.00496882600571311
2649,1000,649,3698,2.20618560889479,130,15.9716734561112,0.138131149184661,0.13013013013013,0.00800101905453082
2650,1000,650,3699,2.21070339747968,147,15.6939493862899,0.140863420867849,0.147147147147147,-0.00628372627929802
2651,1000,651,3700,2.17495232833785,161,15.3765867464622,0.141445716412862,0.161161161161161,-0.0197154447482996
2652,1000,652,3701,2.23392629871041,172,15.1758171927692,0.147203031661109,0.172172172172172,-0.0249691405110629
2653,1000,653,3702,2.1466272587897,147,15.4995720019465,0.138495905468882,0.147147147147147,-0.0086512416782655
2654,1000,654,3703,2.32443340346663,170,14.8579927931526,0.156443298622265,0.17017017017017,-0.0137268715479056
2655,1000,655,3704,2.30228897524988,154,15.528675343919,0.148260487405415,0.154154154154154,-0.00589366674873953
2656,1000,656,3705,1.97289927598801,154,13.6824881044632,0.1441915579188,0.154154154154154,-0.00996259623535378
2657,1000,657,3706,2.30054718585783,176,14.15288586975,0.162549688242379,0.176176176176176,-0.0136264879337973
2658,1000,658,3707,2.0120744043551,156,14.4257977436431,0.139477513833975,0.156156156156156,-0.0166786423221813
2659,1000,659,3708,2.06984919564695,143,15.0887363249586,0.137178432379601,0.143143143143143,-0.00596471076354244
2660,1000,660,3709,1.93603833247656,142,14.3701609489449,0.134726280335692,0.142142142142142,-0.00741586180645024
2661,1000,661,3710,1.94194684080125,151,13.7220271738843,0.141520404834728,0.151151151151151,-0.00963074631642297
2662,1000,662,3711,1.95529176469015,129,14.5406142466506,0.134471056829016,0.129129129129129,0.00534192769988698
2663,1000,663,3712,1.77997913107339,141,13.805639549749,0.128931305547938,0.141141141141141,-0.012209835593203
2664,1000,664,3713,1.96955042319427,156,14.0652284372245,0.140029750102155,0.156156156156156,-0.0161264060540008
2665,1000,665,3714,2.15824347760657,148,15.4374889173409,0.139805345879939,0.148148148148148,-0.00834280226820924
2666,1000,666,3715,1.88620119256813,134,14.7915868084093,0.127518515558844,0.134134134134134,-0.00661561857529014
2667,1000,667,3716,1.95020855138798,143,15.078356951622,0.129338266605911,0.143143143143143,-0.0138048765372318
2668,1000,668,3717,1.91906152497724,141,14.3438406086721,0.133789936554162,0.141141141141141,-0.00735120458697955
2669,1000,669,3718,2.07912511284674,143,15.8872078593411,0.130867873779614,0.143143143143143,-0.012275269363529
2670,1000,670,3719,1.94762270407745,143,14.8297077201895,0.131332507749017,0.143143143143143,-0.0118106353941264
2671,1000,671,3720,1.9473316301882,139,14.490170639284,0.134389834230719,0.139139139139139,-0.00474930490842015
2672,1000,672,3721,2.43182789262095,176,15.3429184463221,0.158498391367249,0.176176176176176,-0.0176777848089271
2673,1000,673,3722,1.96351170415782,141,15.1681219542293,0.129449889055667,0.141141141141141,-0.0116912520854737
2674,1000,674,3723,2.16026657497225,170,14.1988091640694,0.152144208011393,0.17017017017017,-0.0180259621587776
2675,1000,675,3724,2.16138497071654,160,15.4729974087316,0.139687541697437,0.16016016016016,-0.0204726184627227
2676,1000,676,3725,2.4886732607803,184,16.0795719577198,0.15477235758042,0.184184184184184,-0.0294118266037645
2677,1000,677,3726,2.29786620443417,185,14.9393482490382,0.153813015543172,0.185185185185185,-0.0313721696420135
2678,1000,678,3727,2.61599708725834,178,15.5900997088146,0.167798611690678,0.178178178178178,-0.0103795664874997
2679,1000,679,3728,2.2116169619292,151,14.5934531893745,0.151548569980645,0.151151151151151,0.000397418829494178
2680,1000,680,3729,2.02457191785339,156,14.7173115652363,0.137563977556582,0.156156156156156,-0.0185921785995738
2681,1000,681,3730,2.12125984517582,167,14.7766226589015,0.143555120418396,0.167167167167167,-0.0236120467487707
2682,1000,682,3731,2.36416055889445,162,15.0910131601321,0.156660161501956,0.162162162162162,-0.0055020006602057
2683,1000,683,3732,2.14531234575482,173,14.0719313658868,0.152453297985483,0.173173173173173,-0.0207198751876899
2684,1000,684,3733,1.98882335002115,158,14.3318299644916,0.138769672466715,0.158158158158158,-0.0193884856914428
2685,1000,685,3734,2.50396333323394,161,16.036818848524,0.156138406057033,0.161161161161161,-0.00502275510412767
2686,1000,686,3735,1.9887434823499,142,15.1449369551595,0.131314081282616,0.142142142142142,-0.0108280608595262
2687,1000,687,3736,2.05115555583087,137,15.4504697511818,0.132756840980448,0.137137137137137,-0.00438029615668917
2688,1000,688,3737,2.12858296932891,134,15.7042548111706,0.135541800290634,0.134134134134134,0.00140766615649962
2689,1000,689,3738,1.83853263136513,148,15.2349054833556,0.120678965378141,0.148148148148148,-0.0274691827700069
2690,1000,690,3739,1.97329606537649,158,13.3807289234025,0.147472987209633,0.158158158158158,-0.0106851709485253
2691,1000,691,3740,1.99873672432816,145,14.4134997768718,0.1386711593485,0.145145145145145,-0.00647398579664507
2692,1000,692,3741,2.05695472685681,162,15.117184169531,0.136067319402157,0.162162162162162,-0.0260948427600048
2693,1000,693,3742,1.9748075832937,143,14.4001339579919,0.137138139759993,0.143143143143143,-0.00600500338315063
2694,1000,694,3743,1.94351296351271,121,15.7964614467784,0.123034704326713,0.121121121121121,0.00191358320559228
2695,1000,695,3744,2.14914902495532,150,15.4278948346969,0.139302804950547,0.15015015015015,-0.0108473451996036
2696,1000,696,3745,2.3678847738396,203,13.6388974633023,0.173612623763085,0.203203203203203,-0.0295905794401187
2697,1000,697,3746,1.98581622924631,150,14.6253903117389,0.135778682614194,0.15015015015015,-0.0143714675359561
2698,1000,698,3747,2.13068913275162,159,14.7105488004598,0.144840900339831,0.159159159159159,-0.0143182588193277
2699,1000,699,3748,1.92375633202416,143,14.6134284089179,0.13164305310109,0.143143143143143,-0.011500090042053
2700,1000,700,3749,2.38110042565094,190,15.382395709271,0.154793861154921,0.19019019019019,-0.0353963290352692
2701,1000,701,3750,1.99604866203301,148,13.9645710287795,0.142936625687919,0.148148148148148,-0.00521152246022943
2702,1000,702,3751,2.09092654263615,153,15.9513357933187,0.13108159528006,0.153153153153153,-0.0220715578730926
2703,1000,703,3752,2.45194439404988,165,15.4988523138105,0.158201674834015,0.165165165165165,-0.00696349033115001
2704,1000,704,3753,2.14074397869408,152,14.6764781477501,0.145862240051253,0.152152152152152,-0.00628991210089963
2705,1000,705,3754,1.99588298744215,133,14.8864293912639,0.134073990141211,0.133133133133133,0.000940857008077806
2706,1000,706,3755,2.05680105428506,156,13.8183582535247,0.148845544206413,0.156156156156156,-0.00731061194974333
2707,1000,707,3756,2.06987372519877,140,15.5918153019682,0.132753863813246,0.14014014014014,-0.00738627632689401
2708,1000,708,3757,2.01659046799235,138,14.6354718393971,0.137787868414595,0.138138138138138,-0.000350269723543323
2709,1000,709,3758,2.17851607427153,166,14.9278881865274,0.145935985522565,0.166166166166166,-0.0202301806436011
2710,1000,710,3759,2.05331283393727,127,15.2702668980394,0.134464763952548,0.127127127127127,0.00733763682542077
2711,1000,711,3760,1.99391286005342,149,13.9199403257772,0.143241480450965,0.149149149149149,-0.00590766869818371
2712,1000,712,3761,2.0407241075613,140,14.3980102202573,0.141736536948008,0.14014014014014,0.00159639680786819
2713,1000,713,3762,2.46145761058598,160,14.8602051117752,0.165640890692385,0.16016016016016,0.00548073053222492
2714,1000,714,3763,1.86116543085839,143,14.0558968513645,0.132411716629645,0.143143143143143,-0.0107314265134985
2715,1000,715,3764,2.22316319907102,149,15.6487712671474,0.142066310582369,0.149149149149149,-0.0070828385667798
2716,1000,716,3765,2.0101963227467,144,14.2960234010061,0.14061227142404,0.144144144144144,-0.00353187272010416
2717,1000,717,3766,2.48257518794694,184,15.2181734002885,0.163132271045083,0.184184184184184,-0.0210519131391008
2718,1000,718,3767,1.9192552332008,151,14.7597561262986,0.130032990841977,0.151151151151151,-0.0211181603091742
2719,1000,719,3768,2.18565361748685,126,15.7106559731114,0.13911918262532,0.126126126126126,0.0129930564991936
2720,1000,720,3769,1.87781180630322,130,15.7544211916027,0.119192687783676,0.13013013013013,-0.0109374423464543
2721,1000,721,3770,2.05103149811585,150,14.1370317843689,0.145082187647314,0.15015015015015,-0.00506796250283612
2722,1000,722,3771,2.47125162528781,164,15.1296645794319,0.163338163401677,0.164164164164164,-0.000826000762486845
2723,1000,723,3772,2.03472828059008,149,14.503659433487,0.140290682494389,0.149149149149149,-0.00885846665476014
2724,1000,724,3773,2.14901518701461,154,15.6549678585629,0.137273688865426,0.154154154154154,-0.0168804652887285
2725,1000,725,3774,1.97045482393183,127,14.9717719660417,0.131611330202005,0.127127127127127,0.00448420307487782
2726,1000,726,3775,1.77206683420157,128,14.519514599446,0.122047250413535,0.128128128128128,-0.00608087771459284
2727,1000,727,3776,1.98753763581995,144,14.4187859810902,0.137843618625489,0.144144144144144,-0.00630052551865504
2728,1000,728,3777,2.33882170972015,187,14.551019863697,0.160732493779025,0.187187187187187,-0.0264546934081618
2729,1000,729,3778,2.15113725788885,155,14.6212370340755,0.147124162810268,0.155155155155155,-0.00803099234488683
2730,1000,730,3779,1.96900350430295,139,15.7352893500597,0.125132970897385,0.139139139139139,-0.0140061682417544
2731,1000,731,3780,1.74419931486258,124,14.0407013178824,0.124224515241353,0.124124124124124,0.000100391117229343
2732,1000,732,3781,2.24793042223676,154,14.7373956408759,0.15253240647227,0.154154154154154,-0.00162174768188367
2733,1000,733,3782,2.20762738317748,176,14.865927227478,0.148502501687007,0.176176176176176,-0.0276736744891694
2734,1000,734,3783,2.38549073689546,157,15.8401520370585,0.150597717200854,0.157157157157157,-0.00655943995630329
2735,1000,735,3784,2.2027522844542,146,14.173567358523,0.15541269383601,0.146146146146146,0.00926654768986362
2736,1000,736,3785,1.87929756186928,135,14.5861991350137,0.128840799750093,0.135135135135135,-0.00629433538504207
2737,1000,737,3786,2.15792749039175,150,14.7801897590293,0.146001338654902,0.15015015015015,-0.00414881149524846
2738,1000,738,3787,2.41307764163942,169,15.8088126455529,0.152641295443414,0.169169169169169,-0.0165278737257555
2739,1000,739,3788,2.07859968970631,138,15.8806893685704,0.130888504992742,0.138138138138138,-0.00724963314539623
2740,1000,740,3789,1.89191166340582,139,14.1394201611896,0.133804048669464,0.139139139139139,-0.0053350904696749
2741,1000,741,3790,1.91564712366314,138,14.4554309133052,0.132520928303834,0.138138138138138,-0.00561720983430386
2742,1000,742,3791,2.00986453216036,141,15.292940014614,0.131424338959005,0.141141141141141,-0.00971680218213641
2743,1000,743,3792,2.03245862870462,144,15.0421144910391,0.135117880529057,0.144144144144144,-0.00902626361508724
2744,1000,744,3793,2.08177338621347,136,15.6019043862637,0.133430723242114,0.136136136136136,-0.00270541289402251
2745,1000,745,3794,2.2996187257281,177,14.719657730543,0.156227730822602,0.177177177177177,-0.0209494463545752
2746,1000,746,3795,1.87139409658832,144,14.443898424064,0.129562950503066,0.144144144144144,-0.0145811936410781
2747,1000,747,3796,2.04465348554398,132,14.2441273327302,0.143543611888794,0.132132132132132,0.0114114797566614
2748,1000,748,3797,1.96535219693417,149,15.1987110161668,0.129310452369522,0.149149149149149,-0.0198386967796272
2749,1000,749,3798,1.86294462552388,137,14.3493670708958,0.129827651374422,0.137137137137137,-0.00730948576271487
2750,1000,750,3799,1.88017089991729,130,14.3036180244163,0.131447225220069,0.13013013013013,0.00131709508993899
2751,1000,751,3800,2.07529424110005,134,15.5391509819974,0.133552614522141,0.134134134134134,-0.000581519611993209
2752,1000,752,3801,2.10209951190084,143,15.7190363464333,0.133729540766525,0.143143143143143,-0.00941360237661765
2753,1000,753,3802,2.60697444892307,189,15.7610032968667,0.165406630518334,0.189189189189189,-0.023782558670855
2754,1000,754,3803,2.09067510784825,157,14.3841043479886,0.145346213936539,0.157157157157157,-0.011810943220618
2755,1000,755,3804,2.3697073598132,148,15.4785211781053,0.153096496270277,0.148148148148148,0.0049483481221288
2756,1000,756,3805,1.9054425058123,141,13.6190698235665,0.13990988595382,0.141141141141141,-0.00123125518732142
2757,1000,757,3806,2.36471441601551,170,15.0291527209508,0.157341831567063,0.17017017017017,-0.0128283386031069
2758,1000,758,3807,1.73570517862356,113,13.2819457013522,0.130681544530546,0.113113113113113,0.0175684314174332
2759,1000,759,3808,2.04910592163235,122,15.1998978810002,0.134810505812261,0.122122122122122,0.0126883836901388
2760,1000,760,3809,2.12160385425843,167,13.5679051789241,0.156369301397687,0.167167167167167,-0.0107978657694802
2761,1000,761,3810,2.16126187156676,144,15.1791942434557,0.142383175081811,0.144144144144144,-0.00176096906233317
2762,1000,762,3811,2.0392559643447,140,14.8786251925621,0.137059435126045,0.14014014014014,-0.00308070501409474
2763,1000,763,3812,2.36087593151487,170,16.1257681333784,0.146403936357496,0.17017017017017,-0.0237662338126739
2764,1000,764,3813,2.0581086210849,158,14.8859861821426,0.138258130559992,0.158158158158158,-0.0199000275981665
2765,1000,765,3814,1.90396533179285,147,13.5020325707637,0.141013237956155,0.147147147147147,-0.00613390919099191
2766,1000,766,3815,2.35528676557142,158,15.4069895356961,0.15287131597737,0.158158158158158,-0.00528684218078851
2767,1000,767,3816,1.83489472583301,137,14.7730059780557,0.124205915069596,0.137137137137137,-0.0129312220675415
2768,1000,768,3817,2.01524056643134,133,15.0728830844944,0.133699741126795,0.133133133133133,0.000566607993661372
2769,1000,769,3818,1.92267542798656,152,14.9382679760735,0.128708055784385,0.152152152152152,-0.023444096367767
2770,1000,770,3819,1.89700137813491,132,15.215015628298,0.124679555018447,0.132132132132132,-0.00745257711368463
2771,1000,771,3820,2.31559229344786,153,15.4100438395034,0.150265133413305,0.153153153153153,-0.00288801973984773
2772,1000,772,3821,2.09294507916053,132,15.6157428158132,0.134027891202275,0.132132132132132,0.00189575907014319
2773,1000,773,3822,2.09854752077413,150,14.9475701668454,0.140393889933284,0.15015015015015,-0.00975626021686604
2774,1000,774,3823,1.990842399435,141,15.0663813560488,0.132138059722995,0.141141141141141,-0.00900308141814626
2775,1000,775,3824,2.14717876024382,147,15.2262077133901,0.141018617416835,0.147147147147147,-0.00612852973031211
2776,1000,776,3825,2.05657101462219,150,14.8490515023677,0.138498476774376,0.15015015015015,-0.0116516733757737
2777,1000,777,3826,1.84169695904974,135,14.5488570820606,0.126587054135039,0.135135135135135,-0.00854808100009635
2778,1000,778,3827,1.78259617813939,128,14.8346585219383,0.120164287941187,0.128128128128128,-0.00796384018694096
2779,1000,779,3828,2.11475808937304,150,15.7283175385905,0.134455454894291,0.15015015015015,-0.0156946952558596
2780,1000,780,3829,2.42187957335566,172,15.1837787821497,0.159504403225557,0.172172172172172,-0.0126677689466151
2781,1000,781,3830,2.17220690898605,166,14.910689952407,0.145681180141191,0.166166166166166,-0.0204849860249753
2782,1000,782,3831,1.97846022233946,145,13.5938280372405,0.145541065910165,0.145145145145145,0.000395920765019542
2783,1000,783,3832,2.0797208429919,149,15.0573207854839,0.138120245468694,0.149149149149149,-0.0110289036804553
2784,1000,784,3833,2.41414049121977,168,14.6741571236742,0.16451646734278,0.168168168168168,-0.00365170082538827
2785,1000,785,3834,1.99676580609324,161,15.4076912903027,0.12959539287693,0.161161161161161,-0.0315657682842309
2786,1000,786,3835,1.70377907718048,120,14.4078023817433,0.118253917706382,0.12012012012012,-0.00186620241373843
2787,1000,787,3836,2.01432164025691,151,15.0454956253088,0.133882039543352,0.151151151151151,-0.0172691116077995
2788,1000,788,3837,1.92746076274754,153,14.8078921300018,0.130164424877352,0.153153153153153,-0.0229887282758015
2789,1000,789,3838,2.57616473711438,202,14.5699161262474,0.176813971665455,0.202202202202202,-0.0253882305367467
2790,1000,790,3839,2.60204005874771,194,16.50010391296,0.157698404353923,0.194194194194194,-0.0364957898402708
2791,1000,791,3840,2.12896746749391,146,14.8070613999813,0.143780552398911,0.146146146146146,-0.00236559374723469
2792,1000,792,3841,2.19374466111986,160,15.4513460589802,0.14197757611188,0.16016016016016,-0.0181825840482804
2793,1000,793,3842,2.28928155457436,160,14.8671975254959,0.153982050124003,0.16016016016016,-0.0061781100361567
2794,1000,794,3843,1.91862050283798,141,14.9193287272221,0.128599653370277,0.141141141141141,-0.0125414877708645
2795,1000,795,3844,2.56369142379414,150,14.7541642464784,0.173760531668614,0.15015015015015,0.023610381518464
2796,1000,796,3845,1.81729226637097,128,15.442187389393,0.11768360404817,0.128128128128128,-0.0104445240799584
2797,1000,797,3846,2.04076665888782,165,14.9209234881899,0.136772141516784,0.165165165165165,-0.0283930236483808
2798,1000,798,3847,1.99205090274499,134,15.1600095180007,0.131401692088627,0.134134134134134,-0.00273244204550702
2799,1000,799,3848,1.80843170829356,123,15.0376037012274,0.120260630897325,0.123123123123123,-0.00286249222579764
2800,1000,800,3849,1.90356724294245,150,14.7241073052659,0.129282353318741,0.15015015015015,-0.0208677968314089
2801,1000,801,3850,1.74096237060595,119,14.3971332929519,0.120924237845199,0.119119119119119,0.00180511872607945
2802,1000,802,3851,2.01821709135728,131,14.140997996262,0.142720979940084,0.131131131131131,0.011589848808953
2803,1000,803,3852,2.11096220516696,146,16.2522673825857,0.129887243144231,0.146146146146146,-0.0162589030019154
2804,1000,804,3853,2.15541574761355,169,14.3511858398027,0.150190776683802,0.169169169169169,-0.0189783924853671
2805,1000,805,3854,1.91438797144067,181,13.5257351810728,0.141536703610726,0.181181181181181,-0.0396444775704553
2806,1000,806,3855,1.91831068051535,131,14.607448525842,0.131324144467918,0.131131131131131,0.000193013336786424
2807,1000,807,3856,1.86941691068125,131,14.2725432491684,0.130979943661419,0.131131131131131,-0.000151187469711794
2808,1000,808,3857,2.19893025911748,147,14.5431141598375,0.151200783748923,0.147147147147147,0.00405363660177546
2809,1000,809,3858,2.29673184140187,167,15.4530460692638,0.14862647992554,0.167167167167167,-0.0185406872416275
2810,1000,810,3859,2.2956610753613,163,14.3979858540549,0.159443209531615,0.163163163163163,-0.00371995363154851
2811,1000,811,3860,1.90461419624934,126,14.9388205053156,0.127494282133695,0.126126126126126,0.00136815600756937
2812,1000,812,3861,1.85463313845665,148,13.8251646162563,0.134149081760363,0.148148148148148,-0.0139990663877851
2813,1000,813,3862,1.93172119814227,129,14.8328545120603,0.130232599299861,0.129129129129129,0.00110347017073148
2814,1000,814,3863,2.25762067822647,165,15.4108723710916,0.146495319918514,0.165165165165165,-0.0186698452466507
2815,1000,815,3864,1.84072446666896,135,14.9178200490597,0.123390982101636,0.135135135135135,-0.0117441530334989
2816,1000,816,3865,1.75776128696396,124,13.8831896799114,0.126610766509039,0.124124124124124,0.00248664238491456
2817,1000,817,3866,2.37913755883429,161,15.7699105590613,0.150865634267485,0.161161161161161,-0.0102955268936761
2818,1000,818,3867,2.03965647196871,123,16.0566222195432,0.127028988044955,0.123123123123123,0.0039058649218314
2819,1000,819,3868,2.38031182425366,185,14.6986561126667,0.161940779211945,0.185185185185185,-0.0232444059732405
2820,1000,820,3869,2.28414886291036,172,14.7564776632104,0.154789572080945,0.172172172172172,-0.0173826000912267
2821,1000,821,3870,2.12592891423856,137,15.2452819582385,0.139448317194928,0.137137137137137,0.00231118005779099
2822,1000,822,3871,2.1120742553573,131,14.988999049858,0.140908292030168,0.131131131131131,0.00977716089903694
2823,1000,823,3872,1.86162871065519,127,14.7130368054857,0.126529195520064,0.127127127127127,-0.00059793160706334
2824,1000,824,3873,2.33143587653116,155,15.4378060118465,0.151021192696818,0.155155155155155,-0.00413396245833733
2825,1000,825,3874,2.03347301382018,144,14.9315011198549,0.136186777035847,0.144144144144144,-0.00795736710829736
2826,1000,826,3875,1.9357779139256,133,14.3667238822038,0.13474038547671,0.133133133133133,0.0016072523435767
2827,1000,827,3876,2.00063799262122,152,15.4123836117516,0.129807176035755,0.152152152152152,-0.0223449761163976
2828,1000,828,3877,2.18757724473996,136,15.0881918345636,0.144986043969081,0.136136136136136,0.00884990783294468
2829,1000,829,3878,2.12601798624581,204,13.3320534443898,0.159466656439218,0.204204204204204,-0.0447375477649861
2830,1000,830,3879,2.17767275625243,139,15.0959200591219,0.144255715963238,0.139139139139139,0.00511657682409855
2831,1000,831,3880,2.00219541819186,164,13.8558870373675,0.144501424758459,0.164164164164164,-0.0196627394057052
2832,1000,832,3881,2.14362604031577,170,13.5334785967322,0.15839431266647,0.17017017017017,-0.0117758575037006
2833,1000,833,3882,2.02563794656447,137,15.3201397562392,0.132220591900248,0.137137137137137,-0.0049165452368892
2834,1000,834,3883,1.90336928638934,144,13.8717128206429,0.137212275873884,0.144144144144144,-0.00693186827025988
2835,1000,835,3884,2.06267771073419,135,14.1414883130019,0.145860015938898,0.135135135135135,0.0107248808037625
2836,1000,836,3885,2.00757618118841,152,14.5534904064293,0.137944652803119,0.152152152152152,-0.0142074993490335
2837,1000,837,3886,2.04765373654303,159,14.6239146543006,0.140020903085676,0.159159159159159,-0.019138256073483
2838,1000,838,3887,1.97917961423808,157,15.175439674566,0.130419919071945,0.157157157157157,-0.0267372380852124
2839,1000,839,3888,1.99786181668987,139,14.9652770977265,0.133499821195652,0.139139139139139,-0.00563931794348696
2840,1000,840,3889,2.00616306532509,158,15.0151060141864,0.133609650403377,0.158158158158158,-0.024548507754781
2841,1000,841,3890,2.31754298471797,148,16.1576087822157,0.14343353747176,0.148148148148148,-0.00471461067638848
2842,1000,842,3891,2.10073602768635,149,14.5882662151537,0.144001761189701,0.149149149149149,-0.00514738795944861
2843,1000,843,3892,2.2988322186851,162,14.7626162258926,0.155719838781225,0.162162162162162,-0.006442323380937
2844,1000,844,3893,1.87659908951474,135,14.8956971594721,0.12598262903871,0.135135135135135,-0.00915250609642557
2845,1000,845,3894,2.11320935990731,150,15.9087684765428,0.132832994774121,0.15015015015015,-0.0173171553760289
2846,1000,846,3895,2.19408586863736,172,14.4418767342881,0.151925259369382,0.172172172172172,-0.0202469128027906
2847,1000,847,3896,2.11528023906834,138,15.2579479965816,0.138634647302655,0.138138138138138,0.000496509164516823
2848,1000,848,3897,2.15800754622615,148,14.8826125542514,0.145001930162435,0.148148148148148,-0.00314621798571277
2849,1000,849,3898,1.84159261742582,139,14.0613834550527,0.130968095942514,0.139139139139139,-0.0081710431966247
2850,1000,850,3899,2.00295976056539,147,13.8072245901656,0.145066066499131,0.147147147147147,-0.00208108064801626
2851,1000,851,3900,1.99857507145971,142,14.909926734931,0.134043252323798,0.142142142142142,-0.00809888981834367
2852,1000,852,3901,2.02405847968522,141,14.822054561514,0.136557214203,0.141141141141141,-0.00458392693814122
2853,1000,853,3902,1.93530267335836,133,14.6144979197348,0.132423480025613,0.133133133133133,-0.000709653107519859
2854,1000,854,3903,2.1438682258295,176,13.2845855350207,0.161380136412827,0.176176176176176,-0.0147960397633496
2855,1000,855,3904,2.25391539244837,173,14.7110695977129,0.153212203740698,0.173173173173173,-0.0199609694324756
2856,1000,856,3905,2.01062915669067,160,13.9574366886946,0.14405432756283,0.16016016016016,-0.0161058325973302
2857,1000,857,3906,2.17967550667063,161,15.7156159723359,0.138694882243718,0.161161161161161,-0.022466278917443
2858,1000,858,3907,2.24121849554372,160,14.8076495720077,0.151355452102304,0.16016016016016,-0.00880470805785566
2859,1000,859,3908,2.29996441700306,144,16.1653702678544,0.142277249385165,0.144144144144144,-0.00186689475897878
2860,1000,860,3909,2.50757542738687,189,14.2346503556972,0.176159959305445,0.189189189189189,-0.0130292298837438
2861,1000,861,3910,2.19868114936032,155,14.3406715212309,0.153317865631692,0.155155155155155,-0.00183728952346293
2862,1000,862,3911,1.92582463078085,140,14.769415275004,0.130392747100838,0.14014014014014,-0.00974739303930167
2863,1000,863,3912,1.97598944314173,129,14.7611992254944,0.133863747311868,0.129129129129129,0.00473461818273882
2864,1000,864,3913,2.22959493355362,152,15.1290101448626,0.147372161972588,0.152152152152152,-0.00477999017956449
2865,1000,865,3914,2.15828204834573,166,14.4965959639674,0.148881989517424,0.166166166166166,-0.017284176648742
2866,1000,866,3915,2.03835701843273,143,16.0767906757444,0.126788801294034,0.143143143143143,-0.0163543418491092
2867,1000,867,3916,2.51418242579275,162,14.7993936559638,0.169884150948278,0.162162162162162,0.00772198878611588
2868,1000,868,3917,2.30878454117449,150,15.0740615595711,0.153162737995358,0.15015015015015,0.00301258784520753
2869,1000,869,3918,1.94863190444938,124,15.1567512327854,0.128565275930261,0.124124124124124,0.00444115180613658
2870,1000,870,3919,2.12581045460336,136,15.3054306173641,0.138892560931387,0.136136136136136,0.00275642479525043
2871,1000,871,3920,1.98070798758463,144,15.2214988573398,0.130125686448383,0.144144144144144,-0.0140184576957608
2872,1000,872,3921,2.46838137353832,184,14.8631977422898,0.16607337238844,0.184184184184184,-0.0181108117957442
2873,1000,873,3922,1.98365068740168,141,15.0015973096933,0.132229298417438,0.141141141141141,-0.00891184272370268
2874,1000,874,3923,2.05330695363359,144,15.1884329495152,0.135188861185256,0.144144144144144,-0.00895528295888787
2875,1000,875,3924,2.03673754606993,144,14.5615698105679,0.139870740075826,0.144144144144144,-0.00427340406831839
2876,1000,876,3925,2.18005503650229,171,15.345456897591,0.142065176100721,0.171171171171171,-0.0291059950704501
2877,1000,877,3926,1.90791802379227,129,14.9187736254951,0.127887055041292,0.129129129129129,-0.0012420740878375
2878,1000,878,3927,2.05206095972384,152,14.2508068507992,0.143996124655129,0.152152152152152,-0.0081560274970234
2879,1000,879,3928,2.13046025880582,139,15.0064099788168,0.14197001560088,0.139139139139139,0.00283087646174113
2880,1000,880,3929,2.1808480139024,152,15.4311799020208,0.141327366264248,0.152152152152152,-0.010824785887904
2881,1000,881,3930,2.37449688561439,166,15.4694292321416,0.153496088962402,0.166166166166166,-0.0126700772037638
2882,1000,882,3931,2.07687984129124,134,14.4579406134899,0.143649769826377,0.134134134134134,0.0095156356922424
2883,1000,883,3932,1.98814784428463,165,13.7824230527825,0.144252417493689,0.165165165165165,-0.0209127476714759
2884,1000,884,3933,2.03341128876823,144,15.263840302371,0.133217542144514,0.144144144144144,-0.0109266019996302
2885,1000,885,3934,2.40678420177816,170,15.258413934249,0.157734887266093,0.17017017017017,-0.0124352829040771
2886,1000,886,3935,1.80399421545219,149,14.2607694093235,0.12650048280514,0.149149149149149,-0.0226486663440092
2887,1000,887,3936,2.18040889691171,156,15.5141705060417,0.140543053594944,0.156156156156156,-0.0156131025612126
2888,1000,888,3937,2.26113156133057,157,15.5243772303392,0.145650387631115,0.157157157157157,-0.0115067695260417
2889,1000,889,3938,1.92518316514619,137,14.8526810838914,0.129618562081304,0.137137137137137,-0.00751857505583298
2890,1000,890,3939,2.00129185431883,142,14.6738185118984,0.136385212390085,0.142142142142142,-0.00575692975205666
2891,1000,891,3940,2.11960555694047,138,15.0631180506428,0.140714927003444,0.138138138138138,0.00257678886530624
2892,1000,892,3941,2.0161160863829,169,14.5291452210917,0.138763571820877,0.169169169169169,-0.0304055973482921
2893,1000,893,3942,2.11027985052564,130,14.9397172716333,0.141252997774765,0.13013013013013,0.0111228676446345
2894,1000,894,3943,2.22697561319203,135,15.9502573964825,0.139620042350109,0.135135135135135,0.00448490721497424
2895,1000,895,3944,1.98275738101975,130,14.8927074769317,0.133136126126897,0.13013013013013,0.00300599599676654
2896,1000,896,3945,2.44207858806877,164,15.2529206147611,0.160105638110084,0.164164164164164,-0.00405852605408041
2897,1000,897,3946,2.28828251729953,146,15.7922058645412,0.144899486298965,0.146146146146146,-0.0012466598471812
2898,1000,898,3947,2.10086222128429,141,15.0293475544136,0.139783993528537,0.141141141141141,-0.00135714761260372
2899,1000,899,3948,2.24650499499274,161,14.5373753898766,0.154533052545175,0.161161161161161,-0.00662810861598612
2900,1000,900,3949,2.11347098613502,158,14.4276237487448,0.14648780859141,0.158158158158158,-0.0116703495667478
2901,1000,901,3950,2.01368169276404,156,14.0690075063094,0.143128908834612,0.156156156156156,-0.0130272473215439
2902,1000,902,3951,2.5999743304781,180,15.569139187018,0.166995381006423,0.18018018018018,-0.0131847991737572
2903,1000,903,3952,2.38997411323427,169,14.1805728815349,0.168538614991102,0.169169169169169,-0.000630554178067372
2904,1000,904,3953,2.49700574457297,175,15.3503056100231,0.162668145378326,0.175175175175175,-0.0125070297968489
2905,1000,905,3954,2.24772527341101,144,15.8788326530843,0.141554818450361,0.144144144144144,-0.00258932569378323
2906,1000,906,3955,2.22754924111992,161,15.5672132611516,0.143092357235115,0.161161161161161,-0.0180688039260463
2907,1000,907,3956,2.0407510895942,122,15.1755964883904,0.13447584028446,0.122122122122122,0.0123537181623381
2908,1000,908,3957,1.85960054817214,139,14.0532754641416,0.132325062076603,0.139139139139139,-0.00681407706253628
2909,1000,909,3958,2.12052511947256,135,15.3229574548407,0.138388762464564,0.135135135135135,0.0032536273294288
2910,1000,910,3959,2.13181370026915,140,15.3971174278128,0.138455377135613,0.14014014014014,-0.00168476300452675
2911,1000,911,3960,2.12606609549126,148,14.5415949897122,0.146205838974018,0.148148148148148,-0.00194230917412977
2912,1000,912,3961,2.23267177001011,170,14.4333267018327,0.154688646362215,0.17017017017017,-0.0154815238079551
2913,1000,913,3962,2.05514844360324,158,14.814929004583,0.138721450704723,0.158158158158158,-0.0194367074534352
2914,1000,914,3963,1.9607774072684,144,14.7070885352571,0.133321928576676,0.144144144144144,-0.0108222155674678
2915,1000,915,3964,2.23527458038208,142,15.2209519722238,0.146855110275702,0.142142142142142,0.00471296813355943
2916,1000,916,3965,2.20294166243812,173,14.7782351578958,0.149066626623621,0.173173173173173,-0.0241065465495522
2917,1000,917,3966,1.97378352999309,153,14.7152120480985,0.134132183997182,0.153153153153153,-0.0190209691559716
2918,1000,918,3967,2.05681771787687,141,15.1944086448724,0.135366750095337,0.141141141141141,-0.0057743910458046
2919,1000,919,3968,2.00587674981154,147,14.6608572180832,0.136818517496878,0.147147147147147,-0.0103286296502692
2920,1000,920,3969,2.1702435122609,144,13.6754080042282,0.15869680170346,0.144144144144144,0.0145526575593157
2921,1000,921,3970,2.38018412042227,167,15.3426551721052,0.15513508540228,0.167167167167167,-0.0120320817648875
2922,1000,922,3971,1.96588121713612,168,13.4076842822428,0.146623471716122,0.168168168168168,-0.0215446964520462
2923,1000,923,3972,1.99599382474507,145,14.9649178482093,0.13337820126984,0.145145145145145,-0.0117669438753052
2924,1000,924,3973,2.23781531257905,168,13.7489487348892,0.162762648674396,0.168168168168168,-0.00540551949377199
2925,1000,925,3974,1.96754414657096,137,14.873975426883,0.132280986763959,0.137137137137137,-0.00485615037317805
2926,1000,926,3975,2.12792324466735,147,15.4630973498168,0.137613001879766,0.147147147147147,-0.00953414526738094
2927,1000,927,3976,2.33263909235081,181,14.3952580790488,0.162042186360367,0.181181181181181,-0.0191389948208142
2928,1000,928,3977,2.13378176845563,144,16.020020381903,0.133194697484034,0.144144144144144,-0.01094944666011
2929,1000,929,3978,1.83996755520122,124,14.140875530057,0.130116947235006,0.124124124124124,0.00599282311088209
2930,1000,930,3979,2.140336005314,144,15.0837291709375,0.141897005777449,0.144144144144144,-0.00224713836669505
2931,1000,931,3980,1.99494429182069,147,14.2112296868047,0.140378020465958,0.147147147147147,-0.00676912668118948
2932,1000,932,3981,1.82485462000963,132,15.6176204078091,0.116845881277609,0.132132132132132,-0.0152862508545228
2933,1000,933,3982,1.86340872245798,123,16.1523655133209,0.115364447450203,0.123123123123123,-0.00775867567292005
2934,1000,934,3983,2.22899958809091,160,15.5799907487046,0.14306809445803,0.16016016016016,-0.0170920657021301
2935,1000,935,3984,2.16359429801926,158,15.1443984648536,0.142864327232305,0.158158158158158,-0.0152938309258536
2936,1000,936,3985,2.13503795648772,152,13.6334487208446,0.156602925657644,0.152152152152152,0.0044507735054915
2937,1000,937,3986,2.29771906926212,168,14.1505087356452,0.162377135139612,0.168168168168168,-0.00579103302855596
2938,1000,938,3987,1.95636772530648,135,15.4557885434918,0.126578318524568,0.135135135135135,-0.00855681661056676
2939,1000,939,3988,2.08052284346615,131,15.8805504428449,0.131010751230197,0.131131131131131,-0.000120379900934192
2940,1000,940,3989,2.00942212665321,133,14.9229455185479,0.134653183860766,0.133133133133133,0.00152005072763256
2941,1000,941,3990,2.25407367126105,164,15.5464188910275,0.144989896841257,0.164164164164164,-0.0191742673229072
2942,1000,942,3991,2.1851591009784,149,15.0957861249498,0.144752918655018,0.149149149149149,-0.00439623049413154
2943,1000,943,3992,2.43255230822221,143,16.8774489568876,0.144130331215103,0.143143143143143,0.000987188071960132
2944,1000,944,3993,1.95934044241441,147,13.6010348394248,0.14405818862657,0.147147147147147,-0.00308895852057678
2945,1000,945,3994,1.94049889931553,141,15.5447980325369,0.124832686488036,0.141141141141141,-0.0163084546531047
2946,1000,946,3995,1.9453995338701,162,13.5254163640538,0.143832875935734,0.162162162162162,-0.0183292862264279
2947,1000,947,3996,2.24494825716406,156,15.4340990559711,0.145453793514143,0.156156156156156,-0.0107023626420129
2948,1000,948,3997,2.20697128813637,149,15.5626752960805,0.141811818736089,0.149149149149149,-0.00733733041306064
2949,1000,949,3998,2.23057369549938,153,15.7108324854124,0.141976798337738,0.153153153153153,-0.0111763548154156
2950,1000,950,3999,2.78508805885364,228,15.3268917260702,0.181712516055447,0.228228228228228,-0.0465157121727809
2951,1000,951,4000,2.14921876324186,145,14.6498569806413,0.14670578464226,0.145145145145145,0.00156063949711469
2952,1000,952,4001,2.10372146123442,151,14.8643350636558,0.141528124347664,0.151151151151151,-0.00962302680348712
2953,1000,953,4002,2.21212135727044,131,14.9871699345172,0.14760100585606,0.131131131131131,0.0164698747249288
2954,1000,954,4003,1.94709229001784,134,14.9154584143438,0.130541900619385,0.134134134134134,-0.00359223351474924
2955,1000,955,4004,1.85500684311571,133,14.618222073372,0.126896884847215,0.133133133133133,-0.00623624828591782
2956,1000,956,4005,1.70697745821748,138,14.8319427383426,0.115087921274447,0.138138138138138,-0.0230502168636906
2957,1000,957,4006,2.42759581884332,154,15.7482374130246,0.154150318869054,0.154154154154154,-3.83528509967368e-06
2958,1000,958,4007,1.78695266708688,120,14.3459043864303,0.124561869294009,0.12012012012012,0.00444174917388897
2959,1000,959,4008,1.83353028069202,140,15.2377352959671,0.120328266968733,0.14014014014014,-0.0198118731714071
2960,1000,960,4009,1.86153393231761,141,12.8013898388186,0.145416548965077,0.141141141141141,0.00427540782393615
2961,1000,961,4010,1.9317624214763,129,14.8841001998443,0.129786980438126,0.129129129129129,0.00065785130899676
2962,1000,962,4011,2.15046190730726,163,14.9489508831127,0.143853700779535,0.163163163163163,-0.0193094623836281
2963,1000,963,4012,2.30143048037703,151,15.2157408218309,0.151253265110499,0.151151151151151,0.000102113959347977
2964,1000,964,4013,2.33796939867629,183,15.1340169641567,0.154484391302952,0.183183183183183,-0.0286987918802314
2965,1000,965,4014,2.07117923314221,146,14.0374992077864,0.147546169191828,0.146146146146146,0.00140002304568218
2966,1000,966,4015,2.09677644227306,143,15.5317639119339,0.134999247616813,0.143143143143143,-0.00814389552632969
2967,1000,967,4016,2.35111938796649,178,14.8602948585464,0.158214854439064,0.178178178178178,-0.0199633237391141
2968,1000,968,4017,2.05401617314185,146,14.5869008535854,0.140812376375136,0.146146146146146,-0.00533376977101052
2969,1000,969,4018,2.05672608408026,148,14.9542211332264,0.137534818146461,0.148148148148148,-0.0106133300016874
2970,1000,970,4019,2.09735199890417,143,15.3111292343773,0.136982189020722,0.143143143143143,-0.0061609541224214
2971,1000,971,4020,2.11109555141152,161,15.4378090791277,0.136748390953077,0.161161161161161,-0.0244127702080837
2972,1000,972,4021,2.58581003255992,218,15.1332059460481,0.170869942679606,0.218218218218218,-0.0473482755386117
2973,1000,973,4022,1.96566994214492,145,15.2684105230085,0.128740967449283,0.145145145145145,-0.0164041776958623
2974,1000,974,4023,1.99412095085613,146,14.5457858936322,0.137092692374161,0.146146146146146,-0.00905345377198524
2975,1000,975,4024,2.57726350078114,166,14.3873822107991,0.179133595189168,0.166166166166166,0.0129674290230023
2976,1000,976,4025,1.93605223418901,124,14.2114600279212,0.136231761577294,0.124124124124124,0.0121076374531703
2977,1000,977,4026,2.2441242101065,175,15.5361657122528,0.14444517725095,0.175175175175175,-0.0307299979242247
2978,1000,978,4027,2.13177264742978,158,15.5103854144916,0.13744162962179,0.158158158158158,-0.020716528536368
2979,1000,979,4028,1.89685290185939,139,15.4206983230834,0.123006939252548,0.139139139139139,-0.0161321998865913
2980,1000,980,4029,1.78748012060883,140,14.6055893146897,0.122383293278763,0.14014014014014,-0.0177568468613771
2981,1000,981,4030,1.96513543303182,163,13.7639451365679,0.142774140228943,0.163163163163163,-0.0203890229342204
2982,1000,982,4031,1.86491864552421,126,14.8653405544815,0.125454148775756,0.126126126126126,-0.000671977350369751
2983,1000,983,4032,2.06079104080718,140,14.8639307100468,0.13864374646299,0.14014014014014,-0.00149639367714974
2984,1000,984,4033,1.76581349317852,137,13.9029619146393,0.127009877752682,0.137137137137137,-0.0101272593844554
2985,1000,985,4034,1.82875895062879,130,14.0271825674035,0.130372506513067,0.13013013013013,0.000242376382937115
2986,1000,986,4035,2.28235703502293,165,15.1354472175488,0.150795480451786,0.165165165165165,-0.0143696847133789
2987,1000,987,4036,1.75212564023428,136,15.0156738534199,0.116686447597237,0.136136136136136,-0.0194496885388991
2988,1000,988,4037,2.23258443336675,145,15.2635005453641,0.146269489540186,0.145145145145145,0.00112434439504053
2989,1000,989,4038,2.24147383893724,136,14.4179703749843,0.155463895447191,0.136136136136136,0.0193277593110544
2990,1000,990,4039,1.87209635817501,126,14.1728708311879,0.132090130536955,0.126126126126126,0.005964004410829
2991,1000,991,4040,2.15764063727706,138,14.6784406713437,0.146993858924631,0.138138138138138,0.00885572078649322
2992,1000,992,4041,2.20743215371744,165,14.7905592975977,0.149246023040925,0.165165165165165,-0.0159191421242404
2993,1000,993,4042,2.11010778965587,143,14.8027716874651,0.14254815477852,0.143143143143143,-0.000594988364623378
2994,1000,994,4043,1.93284006340309,146,14.1542222891727,0.136555723367551,0.146146146146146,-0.00959042277859526
2995,1000,995,4044,1.82008143365905,148,13.9963386949731,0.130039824937413,0.148148148148148,-0.0181083232107347
2996,1000,996,4045,1.86133921612247,139,14.1939493204684,0.131136104131239,0.139139139139139,-0.00800303500790001
2997,1000,997,4046,2.03614094552778,146,15.7587479855684,0.129207025037296,0.146146146146146,-0.0169391211088498
2998,1000,998,4047,1.98665872232025,151,14.6758641421299,0.135369113742145,0.151151151151151,-0.0157820374090058
2999,1000,999,4048,1.81151982386706,143,14.2950876894618,0.126723239704398,0.143143143143143,-0.016419903438745
3000,1000,1000,4049,2.25857064808409,161,15.0745175744026,0.149827059933199,0.161161161161161,-0.0113341012279619
