"run_id","n","replicate","seed","weighted_diameter","hop_diameter","mst_length","weighted_stringy","hop_stringy","difference"
1,550,1,1050,1.88810730953502,103,11.7580028394463,0.160580613503571,0.187613843351548,-0.0270332298479768
2,550,2,1051,1.79932596722495,79,11.9826980547587,0.15016033609479,0.143897996357013,0.00626233973777693
3,550,3,1052,1.90501012653606,101,11.3542046838077,0.167780146614127,0.183970856102004,-0.0161907094878765
4,550,4,1053,2.13802714217336,109,11.1387414446062,0.191945127086926,0.198542805100182,-0.0065976780132557
5,550,5,1054,1.98619680126558,105,11.3716808752668,0.174661672540031,0.191256830601093,-0.0165951580610618
6,550,6,1055,2.24819256280527,112,10.4564865240132,0.215004586640295,0.204007285974499,0.0109973006657956
7,550,7,1056,1.95226128243734,117,10.3636635695082,0.188375594146191,0.213114754098361,-0.0247391599521693
8,550,8,1057,1.97435047710528,106,11.4493607762056,0.1724419830676,0.193078324225865,-0.0206363411582656
9,550,9,1058,2.32908160008641,113,12.1853797127154,0.191137383897525,0.205828779599271,-0.014691395701746
10,550,10,1059,2.12988431214421,103,11.1206729448352,0.191524768573775,0.187613843351548,0.00391092522222702
11,550,11,1060,2.39556093251831,101,11.4342478150793,0.209507522598826,0.183970856102004,0.0255366664968225
12,550,12,1061,2.47136449461233,127,11.8160761189319,0.209152722929119,0.231329690346084,-0.022176967416965
13,550,13,1062,2.15693907209555,101,11.849699859558,0.182024785240089,0.183970856102004,-0.00194607086191503
14,550,14,1063,2.48469884821664,117,10.9746869884473,0.226402707506119,0.213114754098361,0.0132879534077587
15,550,15,1064,2.18322029664594,103,11.7521800980931,0.18577151459755,0.187613843351548,-0.00184232875399828
16,550,16,1065,2.15865730288889,125,10.8804031970078,0.198398649737772,0.227686703096539,-0.0292880533587672
17,550,17,1066,1.8433401491288,101,11.3223393619613,0.162805590805882,0.183970856102004,-0.0211652652961218
18,550,18,1067,2.6319710468588,123,11.7689963111015,0.223635981972065,0.224043715846995,-0.000407733874929345
19,550,19,1068,2.02664189814393,100,11.7565808636692,0.172383614049452,0.182149362477231,-0.00976574842777905
20,550,20,1069,1.97691933861125,106,11.3562661104492,0.174081808173925,0.193078324225865,-0.0189965160519402
21,550,21,1070,1.66267437287651,83,11.2769770811052,0.147439722624102,0.151183970856102,-0.00374424823200042
22,550,22,1071,2.09325690116268,115,10.9342633612063,0.19144013931376,0.209471766848816,-0.0180316275350557
23,550,23,1072,2.02732470406175,87,11.9846163684758,0.169160584012885,0.158469945355191,0.010690638657694
24,550,24,1073,2.07582592446114,110,11.7330356429121,0.176921470933665,0.200364298724954,-0.0234428277912893
25,550,25,1074,2.11687876065671,107,11.1695601882159,0.189522123072497,0.194899817850638,-0.00537769477814024
26,550,26,1075,1.99758876974477,113,10.832731962923,0.184403045933554,0.205828779599271,-0.0214257336657175
27,550,27,1076,2.09451767524338,88,12.4828797084702,0.167791224794239,0.160291438979964,0.00749978581427588
28,550,28,1077,2.32861939577611,117,11.5669946803192,0.201315852573026,0.213114754098361,-0.0117989015253348
29,550,29,1078,1.98415539706545,112,9.95355049980128,0.19934147087565,0.204007285974499,-0.00466581509884945
30,550,30,1079,1.83747207988359,108,10.2388432055385,0.179460906178312,0.19672131147541,-0.0172604052970974
31,550,31,1080,1.90382139176108,102,11.2440097863948,0.169318724185451,0.185792349726776,-0.0164736255413254
32,550,32,1081,1.8562939390824,92,10.9673450362699,0.169256454770365,0.167577413479053,0.00167904129131172
33,550,33,1082,1.82106631797597,80,12.0009237525785,0.15174384535063,0.145719489981785,0.00602435536884485
34,550,34,1083,1.86163919486885,85,11.0769061238538,0.168064906757661,0.154826958105647,0.013237948652014
35,550,35,1084,1.89542130622319,90,11.5750508829815,0.163750580916234,0.163934426229508,-0.000183845313273728
36,550,36,1085,2.1620370438526,105,11.6298396408315,0.185904286784991,0.191256830601093,-0.00535254381610165
37,550,37,1086,1.79050192509608,95,10.992133004508,0.162889397750352,0.17304189435337,-0.0101524966030178
38,550,38,1087,2.08342617016078,95,11.8708898481145,0.175507160526109,0.17304189435337,0.00246526617273896
39,550,39,1088,1.98612824850688,106,10.8138163557119,0.183665801524158,0.193078324225865,-0.00941252270170714
40,550,40,1089,2.07274417326232,97,11.9920025693692,0.17284387334578,0.176684881602914,-0.00384100825713479
41,550,41,1090,2.24551818684794,111,12.1918107464024,0.184182500332083,0.202185792349727,-0.0180032920176442
42,550,42,1091,2.25061215775044,116,11.4912075845856,0.195855147614722,0.211293260473588,-0.0154381128588659
43,550,43,1092,2.04480672515866,96,11.0936129452566,0.184322883378853,0.174863387978142,0.00945949540071123
44,550,44,1093,1.93281763779152,99,11.9889890522266,0.161216064955247,0.180327868852459,-0.0191118038972116
45,550,45,1094,2.23661258384659,103,11.9298079856986,0.187481021197309,0.187613843351548,-0.000132822154239043
46,550,46,1095,2.03611552063883,107,11.6470145146474,0.174818664309055,0.194899817850638,-0.020081153541583
47,550,47,1096,1.95359340848719,120,10.6994938171526,0.182587460853086,0.218579234972678,-0.0359917741195918
48,550,48,1097,2.00312187054922,110,11.8031182022918,0.169711243776265,0.200364298724954,-0.0306530549486892
49,550,49,1098,1.91015513289298,103,11.3172809405238,0.168782160921118,0.187613843351548,-0.0188316824304305
50,550,50,1099,1.94140892669726,97,11.4093709494744,0.17015915560066,0.176684881602914,-0.00652572600225482
51,550,51,1100,1.87156728181295,98,11.9379816872803,0.156774179324388,0.178506375227687,-0.0217321959032983
52,550,52,1101,1.92449796014812,88,11.6370108539369,0.165377345119261,0.160291438979964,0.00508590613929785
53,550,53,1102,2.13091094753112,100,11.7021264452519,0.182096045321382,0.182149362477231,-5.33171558494416e-05
54,550,54,1103,2.30576451729806,117,10.5253813393452,0.21906707633279,0.213114754098361,0.00595232223442904
55,550,55,1104,2.03837652287504,95,11.4267953807264,0.178385667631117,0.17304189435337,0.00534377327774754
56,550,56,1105,1.98038806894863,98,11.3848264429251,0.173949781217729,0.178506375227687,-0.00455659400995778
57,550,57,1106,1.85710667639781,91,11.2544567382123,0.16501077924911,0.16575591985428,-0.000745140605170974
58,550,58,1107,2.07740116681529,125,10.8827717881998,0.190888976378961,0.227686703096539,-0.0367977267175778
59,550,59,1108,2.55311798003635,131,11.9665282436802,0.213354945398196,0.238615664845173,-0.0252607194469772
60,550,60,1109,1.93708066363541,116,10.47620685501,0.184902865172909,0.211293260473588,-0.0263903953006797
61,550,61,1110,1.84988247220545,106,10.9600562449461,0.168784030926709,0.193078324225865,-0.0242942932991561
62,550,62,1111,2.35868554376233,111,11.7428120359839,0.200862070902143,0.202185792349727,-0.00132372144758403
63,550,63,1112,2.01748718123159,102,11.5294174592906,0.174986046637236,0.185792349726776,-0.01080630308954
64,550,64,1113,1.86389537071253,98,11.3189694127238,0.164670059856978,0.178506375227687,-0.0138363153707088
65,550,65,1114,1.97891221894728,108,11.517233128144,0.171821842705565,0.19672131147541,-0.0248994687698447
66,550,66,1115,1.95620560460638,93,11.5040498010474,0.170044952728583,0.169398907103825,0.000646045624758118
67,550,67,1116,2.06712396625378,108,11.7930097933646,0.175283833599194,0.19672131147541,-0.0214374778762163
68,550,68,1117,2.91531737485048,143,11.613613698319,0.251025860733808,0.260473588342441,-0.0094477276086325
69,550,69,1118,2.17073862833126,96,11.9316486127748,0.18193115627015,0.174863387978142,0.00706776829200831
70,550,70,1119,2.06012579611261,117,10.8031121928163,0.190697436011312,0.213114754098361,-0.0224173180870489
71,550,71,1120,2.0433588950243,108,10.9171881069046,0.187168973825043,0.19672131147541,-0.00955233765036728
72,550,72,1121,2.08303651299817,95,11.6611588405501,0.178630318091089,0.17304189435337,0.00558842373771895
73,550,73,1122,1.79883318179898,88,10.9860575896257,0.163737825614318,0.160291438979964,0.00344638663435418
74,550,74,1123,2.14018428233832,95,12.1975259713331,0.175460522680438,0.17304189435337,0.0024186283270683
75,550,75,1124,2.22900740393359,101,11.2809502620509,0.197590393730568,0.183970856102004,0.0136195376285648
76,550,76,1125,2.07207764071567,111,10.9661127746658,0.188952793327335,0.202185792349727,-0.0132329990223915
77,550,77,1126,1.75135576598137,90,11.5732253991375,0.151328234401439,0.163934426229508,-0.012606191828069
78,550,78,1127,1.94580627018739,96,11.677264698656,0.166632025598541,0.174863387978142,-0.00823136237960137
79,550,79,1128,1.84623992266697,92,11.5655070369977,0.159633288602126,0.167577413479053,-0.0079441248769265
80,550,80,1129,1.95730469082128,99,12.134938940273,0.161294976468769,0.180327868852459,-0.0190328923836901
81,550,81,1130,2.12403110004607,100,11.2337336510709,0.189076149214521,0.182149362477231,0.00692678673728925
82,550,82,1131,2.08456663485551,101,11.8358270024887,0.176123445739548,0.183970856102004,-0.00784741036245518
83,550,83,1132,1.7099384368097,84,11.1664919058137,0.153131211774707,0.153005464480874,0.000125747293832273
84,550,84,1133,1.70234330491745,93,11.7668164598011,0.144673226673769,0.169398907103825,-0.0247256804300558
85,550,85,1134,2.37241351590069,119,11.7704177502881,0.201557291018206,0.216757741347905,-0.0152004503296989
86,550,86,1135,1.96772698605067,107,10.9194035513603,0.180204621689758,0.194899817850638,-0.0146951961608799
87,550,87,1136,1.93878646098808,99,11.0211958559311,0.175914345986758,0.180327868852459,-0.00441352286570146
88,550,88,1137,2.13376413035555,95,10.7285054630131,0.198887360193065,0.17304189435337,0.0258454658396949
89,550,89,1138,2.33661545310968,108,11.879228662814,0.196697573506947,0.19672131147541,-2.37379684633054e-05
90,550,90,1139,2.12264569435515,113,11.527316452933,0.184140489507864,0.205828779599271,-0.0216882900914073
91,550,91,1140,1.71975425289176,92,10.9318735319984,0.157315600830718,0.167577413479053,-0.0102618126483346
92,550,92,1141,1.9649861570379,103,11.5534928683488,0.170077238063742,0.187613843351548,-0.0175366052878065
93,550,93,1142,1.98568366216795,90,11.3675755533389,0.174679609812201,0.163934426229508,0.0107451835826928
94,550,94,1143,2.10033113289995,108,11.7246967500584,0.179137352348963,0.19672131147541,-0.017583959126447
95,550,95,1144,2.17838337799285,109,11.8984110774209,0.183081872345685,0.198542805100182,-0.0154609327544972
96,550,96,1145,2.36854325747442,121,11.8449707263635,0.199961934241232,0.22040072859745,-0.0204387943562174
97,550,97,1146,1.81004306483815,86,11.4625240285084,0.157909641919738,0.156648451730419,0.00126119018931936
98,550,98,1147,2.18617564509806,103,11.834464471164,0.184729579477376,0.187613843351548,-0.00288426387417232
99,550,99,1148,1.87062274372578,94,11.3855040012605,0.164298633026582,0.171220400728597,-0.00692176770201522
100,550,100,1149,2.1679900975197,108,11.8811975007095,0.182472355786547,0.19672131147541,-0.0142489556888633
101,550,101,1150,2.09724180537984,115,11.5306369514616,0.181884297823981,0.209471766848816,-0.0275874690248346
102,550,102,1151,2.36838961151069,124,12.1035472250945,0.195677314052221,0.225865209471767,-0.0301878954195463
103,550,103,1152,2.07134262918702,95,11.0800962469866,0.1869426567256,0.17304189435337,0.0139007623722303
104,550,104,1153,1.9364338513609,84,11.8037122588266,0.164052952910036,0.153005464480874,0.0110474884291618
105,550,105,1154,2.2332206786366,127,10.6354176033342,0.209979594777406,0.231329690346084,-0.0213500955686776
106,550,106,1155,1.83876560775188,88,11.2592446521383,0.16331163098074,0.160291438979964,0.00302019200077619
107,550,107,1156,2.42398388014788,110,11.971351021485,0.202482065374037,0.200364298724954,0.00211776664908259
108,550,108,1157,1.91165439389291,97,10.9030833635265,0.175331539726447,0.176684881602914,-0.00135334187646746
109,550,109,1158,2.04194604788589,89,12.3472323869866,0.165376821613724,0.162112932604736,0.00326388900898814
110,550,110,1159,2.09243754468249,114,12.1847038708369,0.171726581693182,0.207650273224044,-0.0359236915308621
111,550,111,1160,2.32710018317513,115,12.0920387724131,0.192448951493953,0.209471766848816,-0.0170228153548629
112,550,112,1161,2.29372897968891,113,12.3653207504031,0.18549692531139,0.205828779599271,-0.020331854287881
113,550,113,1162,1.79300777340536,97,10.2526287978275,0.174882735809696,0.176684881602914,-0.00180214579321797
114,550,114,1163,1.92999188417846,104,11.1028614419276,0.17382833193705,0.189435336976321,-0.015607005039271
115,550,115,1164,2.11733042692333,102,11.7012047685617,0.180949779856181,0.185792349726776,-0.0048425698705945
116,550,116,1165,2.30931886012591,128,10.7000071604943,0.215824048104583,0.233151183970856,-0.0173271358662734
117,550,117,1166,2.04817301862689,105,11.6737347964186,0.175451391893471,0.191256830601093,-0.0158054387076218
118,550,118,1167,1.80159594853469,102,11.1036031433154,0.162253272679263,0.185792349726776,-0.0235390770475125
119,550,119,1168,2.01801218043126,97,11.0122981121948,0.183250776529247,0.176684881602914,0.0065658949263325
120,550,120,1169,2.18571154377453,123,11.3555885990815,0.192478930061919,0.224043715846995,-0.031564785785076
121,550,121,1170,1.97317419802542,100,11.5937867132084,0.17019238380308,0.182149362477231,-0.0119569786741509
122,550,122,1171,1.81345232990649,102,10.7076405736794,0.169360590452033,0.185792349726776,-0.0164317592747427
123,550,123,1172,1.92145757119253,84,11.3817557670937,0.168819082970287,0.153005464480874,0.0158136184894123
124,550,124,1173,1.90461301950914,95,11.6261554481276,0.163821396334064,0.17304189435337,-0.00922049801930563
125,550,125,1174,2.61720846139048,126,11.6828394643964,0.224021606165733,0.229508196721311,-0.00548659055557868
126,550,126,1175,2.07269225321282,110,11.2118060704136,0.184866937600924,0.200364298724954,-0.0154973611240309
127,550,127,1176,2.12214060669921,92,12.1613298335179,0.174499058552821,0.167577413479053,0.00692164507376836
128,550,128,1177,1.86212866308646,92,11.88446694031,0.156685922257939,0.167577413479053,-0.0108914912211134
129,550,129,1178,2.26859468261873,98,11.5827214845692,0.195860246285039,0.178506375227687,0.0173538710573523
130,550,130,1179,1.83162654177283,103,10.9412215059321,0.167406037870613,0.187613843351548,-0.0202078054809351
131,550,131,1180,2.16504180247694,121,11.4401366555792,0.189249645144848,0.22040072859745,-0.0311510834526016
132,550,132,1181,2.23078684328846,118,11.5915734937069,0.192449010007103,0.214936247723133,-0.02248723771603
133,550,133,1182,2.32229284304861,129,11.0771997248684,0.209646201271883,0.234972677595628,-0.0253264763237451
134,550,134,1183,2.24045930797348,117,11.650752237056,0.192301686825642,0.213114754098361,-0.0208130672727191
135,550,135,1184,1.89878800624395,104,11.4302867984218,0.166119016935439,0.189435336976321,-0.0233163200408816
136,550,136,1185,2.29189821111406,123,11.90899453621,0.192451025495512,0.224043715846995,-0.031592690351483
137,550,137,1186,1.99926847481367,111,11.2478575834547,0.177746602851243,0.202185792349727,-0.0244391894984839
138,550,138,1187,1.74266736362132,94,11.1389901217145,0.156447518543367,0.171220400728597,-0.01477288218523
139,550,139,1188,2.08762775663261,110,11.972299800279,0.174371490144605,0.200364298724954,-0.0259928085803499
140,550,140,1189,2.12576292767855,105,11.6377186465655,0.182661481363952,0.191256830601093,-0.0085953492371407
141,550,141,1190,2.28378919631057,122,11.9065330952174,0.191809755035067,0.222222222222222,-0.030412467187155
142,550,142,1191,2.17566861146215,101,11.2372339116719,0.19361246980917,0.183970856102004,0.00964161370716587
143,550,143,1192,1.9051988268956,92,11.5790736574673,0.164538104105328,0.167577413479053,-0.00303930937372529
144,550,144,1193,2.20203049194203,101,11.7732695610441,0.187036445613053,0.183970856102004,0.00306558951104963
145,550,145,1194,2.02216142331359,102,12.3203215263961,0.164132195655863,0.185792349726776,-0.0216601540709128
146,550,146,1195,2.14002867826927,105,12.2330661336563,0.17493804536718,0.191256830601093,-0.0163187852339132
147,550,147,1196,1.96017637337094,108,11.4238883823745,0.171585742766467,0.19672131147541,-0.0251355687089432
148,550,148,1197,2.02398827938839,103,11.6103736562974,0.174325851975538,0.187613843351548,-0.0132879913760107
149,550,149,1198,2.06199080544901,94,12.3565459232254,0.166874369120685,0.171220400728597,-0.00434603160791244
150,550,150,1199,1.82295363044073,89,12.1853121681941,0.14960253830829,0.162112932604736,-0.0125103942964463
151,550,151,1200,1.91878452260766,94,11.6053769732752,0.165335820372421,0.171220400728597,-0.00588458035617689
152,550,152,1201,1.89413184377684,94,11.6442456374422,0.162666771446854,0.171220400728597,-0.00855362928174308
153,550,153,1202,2.04330616896122,110,11.681852173837,0.174912859583814,0.200364298724954,-0.0254514391411401
154,550,154,1203,2.14818185447628,92,12.2761217146197,0.174988640909123,0.167577413479053,0.00741122743007017
155,550,155,1204,1.74318292843987,104,11.0491084499507,0.1577668403144,0.189435336976321,-0.0316684966619202
156,550,156,1205,2.19738708420862,108,12.3079717447021,0.178533647118135,0.19672131147541,-0.0181876643572746
157,550,157,1206,1.8524645500596,103,10.2726881091085,0.180329095012344,0.187613843351548,-0.0072847483392042
158,550,158,1207,1.77318461561897,87,11.4256557432809,0.155193247150102,0.158469945355191,-0.00327669820508905
159,550,159,1208,2.01067837326491,95,11.0114381766323,0.182599070258763,0.17304189435337,0.00955717590539373
160,550,160,1209,1.98138942639461,99,11.1893483614146,0.177078178495831,0.180327868852459,-0.00324969035662842
161,550,161,1210,2.10903616339873,120,11.4112021344772,0.184821558547858,0.218579234972678,-0.0337576764248197
162,550,162,1211,2.14149188453112,112,11.4885845286797,0.186401717216352,0.204007285974499,-0.017605568758147
163,550,163,1212,2.28141267884821,95,11.2496944216915,0.202797746616942,0.17304189435337,0.0297558522635719
164,550,164,1213,1.92433050212324,101,10.9505896441009,0.175728482635624,0.183970856102004,-0.00824237346637968
165,550,165,1214,2.25934664158768,113,11.248694364617,0.200854123007778,0.205828779599271,-0.0049746565914929
166,550,166,1215,2.08802645635934,98,11.9116536567326,0.175292744108553,0.178506375227687,-0.0032136311191335
167,550,167,1216,2.35208188441334,121,11.8443648800386,0.198582356102296,0.22040072859745,-0.0218183724951544
168,550,168,1217,2.04899548302193,98,11.1818794053875,0.183242495177932,0.178506375227687,0.00473611995024492
169,550,169,1218,1.96480955710673,103,11.9230392698568,0.1647909993951,0.187613843351548,-0.0228228439564482
170,550,170,1219,1.91615214391856,96,9.79451999101471,0.195635125118576,0.174863387978142,0.0207717371404343
171,550,171,1220,2.05480278830346,100,11.9939669882826,0.171319696836825,0.182149362477231,-0.0108296656404062
172,550,172,1221,2.33848625331167,117,11.7275532256665,0.199401035178739,0.213114754098361,-0.0137137189196212
173,550,173,1222,2.0258075404162,97,12.3304040454818,0.164293686804084,0.176684881602914,-0.0123911947988307
174,550,174,1223,1.77396056150021,82,11.3308305643315,0.156560505554155,0.14936247723133,0.00719802832282523
175,550,175,1224,2.14655082666867,104,11.4373409934325,0.18767918416538,0.189435336976321,-0.0017561528109406
176,550,176,1225,1.83980879758549,103,10.8948930755202,0.168868917283765,0.187613843351548,-0.0187449260677829
177,550,177,1226,1.73701065542694,103,11.4900778272431,0.15117483811193,0.187613843351548,-0.0364390052396186
178,550,178,1227,1.88294991464423,96,10.9607170953029,0.171790759516196,0.174863387978142,-0.00307262846194636
179,550,179,1228,1.95899266877403,90,11.1984657629456,0.17493402312807,0.163934426229508,0.0109995968985618
180,550,180,1229,1.98505475260067,112,11.0316026443014,0.179942553825223,0.204007285974499,-0.024064732149276
181,550,181,1230,1.94367329629012,110,11.2068058140339,0.173436867609157,0.200364298724954,-0.0269274311157974
182,550,182,1231,2.04908475618391,101,11.9275529547271,0.171794228368679,0.183970856102004,-0.0121766277333243
183,550,183,1232,1.89840674574344,113,11.3716975244218,0.16694136839873,0.205828779599271,-0.038887411200541
184,550,184,1233,2.14851997036889,112,10.7199739953335,0.200422125212632,0.204007285974499,-0.00358516076186707
185,550,185,1234,2.15910913077604,120,11.7371212202858,0.183955596117074,0.218579234972678,-0.0346236388556033
186,550,186,1235,1.99485588484882,104,10.7049588335171,0.18634876750791,0.189435336976321,-0.0030865694684106
187,550,187,1236,2.23891722723359,116,11.8324084948861,0.189219061208141,0.211293260473588,-0.0220741992654471
188,550,188,1237,1.817532202007,96,11.4316825373997,0.158990786882053,0.174863387978142,-0.0158726010960895
189,550,189,1238,2.29972332715299,114,12.2499778223133,0.187732856378242,0.207650273224044,-0.0199174168458014
190,550,190,1239,1.86159808178773,94,11.8862526892678,0.156617744082505,0.171220400728597,-0.0146026566460924
191,550,191,1240,1.77834579182631,90,10.9694816197648,0.162117577973975,0.163934426229508,-0.00181684825553294
192,550,192,1241,2.12039644105114,85,11.7089845999199,0.181091402329254,0.154826958105647,0.0262644442236073
193,550,193,1242,2.35655948025045,110,12.0577880590533,0.195438787670603,0.200364298724954,-0.00492551105435135
194,550,194,1243,2.47537749453283,135,10.2872295079512,0.24062625341639,0.245901639344262,-0.00527538592787227
195,550,195,1244,1.88436903315084,91,10.7939842866377,0.174575854764174,0.16575591985428,0.0088199349098933
196,550,196,1245,2.46504505853211,113,12.0190356105825,0.205095079039594,0.205828779599271,-0.000733700559677225
197,550,197,1246,2.22844513522053,104,11.5763692513484,0.192499486396476,0.189435336976321,0.00306414942015507
198,550,198,1247,1.96001786938246,102,11.968988879747,0.163758015741752,0.185792349726776,-0.0220343339850239
199,550,199,1248,2.08543757906337,118,11.3508762950205,0.183724808980452,0.214936247723133,-0.0312114387426814
200,550,200,1249,1.87692835996048,91,10.6972839127904,0.175458403765117,0.16575591985428,0.00970248391083689
201,550,201,1250,2.22765777084583,111,12.353062328936,0.180332431872195,0.202185792349727,-0.0218533604775319
202,550,202,1251,2.42510824314382,114,12.3228173057338,0.196798198250933,0.207650273224044,-0.0108520749731107
203,550,203,1252,1.71170525246505,85,11.5092160132204,0.148724748106113,0.154826958105647,-0.00610220999953406
204,550,204,1253,1.80429204069435,102,10.7323415303118,0.168117277632138,0.185792349726776,-0.0176750720946384
205,550,205,1254,2.21910391894596,108,12.349694235125,0.179688976641574,0.19672131147541,-0.0170323348338362
206,550,206,1255,2.29209890900019,126,11.6959163923025,0.195974289839204,0.229508196721311,-0.033533906882107
207,550,207,1256,1.85850730631556,89,11.2240742326057,0.165582235808512,0.162112932604736,0.00346930320377592
208,550,208,1257,2.33634436722796,100,11.8220021006474,0.197626793443051,0.182149362477231,0.0154774309658201
209,550,209,1258,2.05868291669935,92,11.6632680571416,0.176509954723949,0.167577413479053,0.00893254124489576
210,550,210,1259,1.9051357920171,100,12.1291838332797,0.157070402939218,0.182149362477231,-0.025078959538013
211,550,211,1260,2.2212393358611,109,10.6352663130503,0.208856014553717,0.198542805100182,0.0103132094535353
212,550,212,1261,2.05250446177831,98,11.9174273903116,0.172227142197394,0.178506375227687,-0.00627923303029251
213,550,213,1262,1.79537633176194,91,11.4535695850901,0.156752558093252,0.16575591985428,-0.00900336176102828
214,550,214,1263,1.88052296783771,108,10.362043926201,0.181481856401197,0.19672131147541,-0.0152394550742124
215,550,215,1264,1.88641729320284,88,11.6923744995311,0.161337399283481,0.160291438979964,0.00104596030351709
216,550,216,1265,2.09635790918242,100,11.6278070225241,0.180288329959518,0.182149362477231,-0.00186103251771286
217,550,217,1266,2.24366553040756,131,10.9727201950048,0.204476692245279,0.238615664845173,-0.0341389725998937
218,550,218,1267,1.85740996944835,99,10.4767534235696,0.177288697591157,0.180327868852459,-0.00303917126130204
219,550,219,1268,1.7952388665033,95,11.2179340338135,0.160032931294838,0.17304189435337,-0.013008963058532
220,550,220,1269,2.02890143566949,108,11.6770337287858,0.173751440887587,0.19672131147541,-0.022969870587823
221,550,221,1270,2.14590405185005,110,11.8948026569477,0.180406864555809,0.200364298724954,-0.0199574341691453
222,550,222,1271,2.05635852209277,118,11.5728667628685,0.177687911234803,0.214936247723133,-0.0372483364883304
223,550,223,1272,1.7984863838375,99,10.5664026528497,0.170208011460974,0.180327868852459,-0.0101198573914852
224,550,224,1273,1.82945717896275,106,10.7077778665784,0.170853112733403,0.193078324225865,-0.0222252114924626
225,550,225,1274,2.15238923913094,95,12.2259200315094,0.176051310133198,0.17304189435337,0.00300941577982777
226,550,226,1275,1.8885869135103,110,10.4763587492792,0.180271309785018,0.200364298724954,-0.0200929889399364
227,550,227,1276,2.28703185511688,123,12.503276842177,0.182914597827835,0.224043715846995,-0.04112911801916
228,550,228,1277,2.12542430361292,110,11.2689346989928,0.188609159639809,0.200364298724954,-0.0117551390851452
229,550,229,1278,2.04803181642067,102,11.5086679477311,0.177955591882762,0.185792349726776,-0.0078367578440135
230,550,230,1279,2.14350375919342,113,11.351563028427,0.188828952790517,0.205828779599271,-0.0169998268087541
231,550,231,1280,2.0241327633713,101,11.6184014354257,0.174217836646572,0.183970856102004,-0.00975301945543175
232,550,232,1281,1.69909861513881,92,11.2607589615838,0.150886687206014,0.167577413479053,-0.0166907262730392
233,550,233,1282,1.8948442485576,92,10.7722661743106,0.175900244005887,0.167577413479053,0.00832283052683383
234,550,234,1283,2.03649504779296,104,11.5532465628137,0.176270370126765,0.189435336976321,-0.0131649668495553
235,550,235,1284,1.68304360066051,91,10.5887178934086,0.15894687322893,0.16575591985428,-0.0068090466253507
236,550,236,1285,1.88160593755593,113,10.9935175280997,0.171155950108461,0.205828779599271,-0.0346728294908102
237,550,237,1286,1.72508188428339,87,11.6584487283809,0.14796838966096,0.158469945355191,-0.0105015556942311
238,550,238,1287,2.06119026011601,102,11.5932477874343,0.17779230616895,0.185792349726776,-0.00800004355782638
239,550,239,1288,2.1957356246751,129,10.1024824361553,0.217346146212231,0.234972677595628,-0.0176265313833978
240,550,240,1289,2.14148349569007,112,11.7118349508876,0.182847820573818,0.204007285974499,-0.021159465400681
241,550,241,1290,2.35898001585627,108,11.6454529740373,0.202566617298224,0.19672131147541,0.0058453058228137
242,550,242,1291,2.33296562059245,117,11.6347509485598,0.20051702274566,0.213114754098361,-0.012597731352701
243,550,243,1292,2.38601615905088,107,12.8558427580149,0.185597802023779,0.194899817850638,-0.009302015826859
244,550,244,1293,2.1353520467056,102,12.1827645274451,0.175276477017604,0.185792349726776,-0.0105158727091723
245,550,245,1294,2.09921529242982,115,11.8062334806195,0.177805673238276,0.209471766848816,-0.0316660936105402
246,550,246,1295,2.12543765734674,121,10.4444835736408,0.203498587781861,0.22040072859745,-0.0169021408155894
247,550,247,1296,1.76654786674479,103,11.4532049778907,0.154240482917658,0.187613843351548,-0.0333733604338899
248,550,248,1297,1.75092729033103,96,10.7915831854552,0.16224934379331,0.174863387978142,-0.0126140441848316
249,550,249,1298,2.19547872984068,110,11.7638578717871,0.186629144432799,0.200364298724954,-0.0137351542921551
250,550,250,1299,1.8616970164878,96,11.4341947394907,0.162818375836996,0.174863387978142,-0.0120450121411462
251,550,251,1300,1.96603929917545,102,10.8676286232986,0.180907847270429,0.185792349726776,-0.0048845024563467
252,550,252,1301,1.91121136529348,90,11.2302924763463,0.170183578862167,0.163934426229508,0.0062491526326591
253,550,253,1302,2.0672912390959,111,11.6137117572541,0.178004352295436,0.202185792349727,-0.024181440054291
254,550,254,1303,2.05112691007648,115,10.4558167032505,0.196170893990407,0.209471766848816,-0.0133008728584087
255,550,255,1304,1.96228955465458,118,11.1979090437949,0.175237139985697,0.214936247723133,-0.0396991077374362
256,550,256,1305,1.99537907199219,88,12.1282367990692,0.164523426203661,0.160291438979964,0.00423198722369766
257,550,257,1306,1.96426787095827,89,11.6330968327978,0.168851673736636,0.162112932604736,0.00673874113190046
258,550,258,1307,1.80684865431204,95,10.6534234633263,0.169602631542057,0.17304189435337,-0.00343926281131285
259,550,259,1308,1.69851260241149,89,11.2669163373871,0.150752215739395,0.162112932604736,-0.0113607168653411
260,550,260,1309,2.25660997179981,119,12.1732052429757,0.185375168393052,0.216757741347905,-0.0313825729548531
261,550,261,1310,2.35006471584237,125,10.5054663539896,0.223699228254623,0.227686703096539,-0.00398747484191625
262,550,262,1311,1.85232567203447,105,10.775161790941,0.171906993878438,0.191256830601093,-0.0193498367226549
263,550,263,1312,1.87617255034727,116,10.1099268633897,0.185577262397547,0.211293260473588,-0.0257159980760416
264,550,264,1313,2.21214108493023,104,12.2284946244956,0.180900523969562,0.189435336976321,-0.00853481300675832
265,550,265,1314,2.49768851504251,98,11.57937589207,0.215701479796767,0.178506375227687,0.0371951045690802
266,550,266,1315,2.29343102293674,111,12.2788052928111,0.186779655532079,0.202185792349727,-0.0154061368176473
267,550,267,1316,2.21885180875053,121,11.0132970298691,0.201470259335856,0.22040072859745,-0.018930469261594
268,550,268,1317,1.69757222561697,84,11.2978199036356,0.150256619427142,0.153005464480874,-0.00274884505373232
269,550,269,1318,2.05667696304968,103,11.5126608448577,0.178644797303164,0.187613843351548,-0.00896904604838469
270,550,270,1319,1.98257218509863,99,10.4902606415791,0.188991699333049,0.180327868852459,0.00866383048058961
271,550,271,1320,1.92747362965987,86,12.4566898150714,0.154734015077409,0.156648451730419,-0.00191443665300972
272,550,272,1321,1.87344610839665,101,11.4034550588231,0.164287586414182,0.183970856102004,-0.0196832696878212
273,550,273,1322,1.92945711029216,102,10.0150197448258,0.192656346113447,0.185792349726776,0.00686399638667121
274,550,274,1323,2.50623224540988,137,10.7986260305302,0.232088067345251,0.249544626593807,-0.0174565592485564
275,550,275,1324,1.96597427914948,102,11.9068999573108,0.165112185892044,0.185792349726776,-0.0206801638347316
276,550,276,1325,1.96504027589544,94,11.9384660726118,0.164597383277192,0.171220400728597,-0.00662301745140528
277,550,277,1326,1.79097178894699,106,10.9966433639862,0.162865315320891,0.193078324225865,-0.0302130089049746
278,550,278,1327,2.2988234911128,119,11.2163972633139,0.204952039157145,0.216757741347905,-0.0118057021907604
279,550,279,1328,1.81520644877121,102,10.5467699059281,0.172110178278463,0.185792349726776,-0.0136821714483129
280,550,280,1329,2.09143408853631,123,11.4055268629278,0.18337023038666,0.224043715846995,-0.040673485460334
281,550,281,1330,2.05907213571318,103,11.837623235849,0.173943036933081,0.187613843351548,-0.0136708064184673
282,550,282,1331,2.24692974381033,124,12.3642469848405,0.181727989303775,0.225865209471767,-0.0441372201679921
283,550,283,1332,2.17112022359623,100,11.8638538774701,0.183002947104673,0.182149362477231,0.000853584627441922
284,550,284,1333,1.7810556037309,106,11.2108888891318,0.158868366402017,0.193078324225865,-0.034209957823848
285,550,285,1334,2.05999583326774,105,11.5782841942075,0.177918921207543,0.191256830601093,-0.0133379093935501
286,550,286,1335,1.97450233654699,94,11.7018750749138,0.16873384170541,0.171220400728597,-0.00248655902318698
287,550,287,1336,1.75248553569069,87,11.2529101235314,0.155736206585885,0.158469945355191,-0.00273373876930605
288,550,288,1337,2.00367148558181,108,11.5705847399747,0.173169423206366,0.19672131147541,-0.0235518882690433
289,550,289,1338,1.97170072151696,103,11.7912690153932,0.167217007681103,0.187613843351548,-0.0203968356704455
290,550,290,1339,2.12559404968686,112,11.8851298682238,0.17884483158824,0.204007285974499,-0.0251624543862589
291,550,291,1340,2.17875471378659,110,11.4884902110438,0.189646739803302,0.200364298724954,-0.0107175589216528
292,550,292,1341,1.72254634913925,86,10.9934183518961,0.156688874561219,0.156648451730419,4.042283079983e-05
293,550,293,1342,1.99468131220465,105,11.3555757101594,0.175656555256824,0.191256830601093,-0.0156002753442693
294,550,294,1343,1.95036364731467,89,12.1418685690107,0.160631260026362,0.162112932604736,-0.0014816725783742
295,550,295,1344,1.90752817260755,87,11.8353582359568,0.161171984369034,0.158469945355191,0.00270203901384272
296,550,296,1345,1.89716608025782,103,11.8894709600696,0.159566904753744,0.187613843351548,-0.0280469385978047
297,550,297,1346,2.19724058115476,108,11.9434372178046,0.183970538889696,0.19672131147541,-0.0127507725857137
298,550,298,1347,2.19903616662612,109,11.723139197091,0.187580828791302,0.198542805100182,-0.0109619763088802
299,550,299,1348,1.79896467610782,94,11.3125725235618,0.159023482268153,0.171220400728597,-0.0121969184604444
300,550,300,1349,1.76641534406163,82,11.9124004851268,0.148283744008362,0.14936247723133,-0.00107873322296789
301,550,301,1350,1.99825837122137,113,10.8671775627945,0.18388016204527,0.205828779599271,-0.0219486175540015
302,550,302,1351,2.51046330377551,126,12.0947128307411,0.207567003773308,0.229508196721311,-0.0219411929480035
303,550,303,1352,2.02377687371677,99,11.3861104329689,0.177740843603348,0.180327868852459,-0.00258702524911111
304,550,304,1353,1.9621401705842,108,11.6100092484515,0.169004186697431,0.19672131147541,-0.0277171247779789
305,550,305,1354,2.30435168985442,117,12.6268793622161,0.182495739743093,0.213114754098361,-0.0306190143552674
306,550,306,1355,1.90074145489713,111,11.7837844240516,0.161301444977012,0.202185792349727,-0.0408843473727149
307,550,307,1356,2.10416164388107,109,11.4670809057816,0.183495840063375,0.198542805100182,-0.0150469650368074
308,550,308,1357,2.23791492620228,121,11.3011801695636,0.198024887013964,0.22040072859745,-0.0223758415834861
309,550,309,1358,2.23092219507954,112,11.6177593732529,0.192026889471966,0.204007285974499,-0.0119803965025327
310,550,310,1359,2.11845088393478,95,12.5758745909489,0.168453563099259,0.17304189435337,-0.00458833125411093
311,550,311,1360,2.22232254241252,115,11.8308046123706,0.187842045847736,0.209471766848816,-0.0216297210010796
312,550,312,1361,1.91751219943532,103,11.6590173499798,0.164466021610187,0.187613843351548,-0.0231478217413616
313,550,313,1362,2.21074768975032,98,11.9456652889579,0.1850669373596,0.178506375227687,0.00656056213191336
314,550,314,1363,2.18997789576819,117,11.2222243680281,0.195146507853417,0.213114754098361,-0.0179682462449441
315,550,315,1364,2.06643575586112,93,12.411944152428,0.16648767755347,0.169398907103825,-0.00291122955035464
316,550,316,1365,2.00849348201106,97,11.3590293887894,0.176819111322427,0.176684881602914,0.000134229719512158
317,550,317,1366,1.84144523706899,105,11.4921653971306,0.160234835945606,0.191256830601093,-0.0310219946554871
318,550,318,1367,2.26496524879382,113,11.6697617884828,0.19408838756496,0.205828779599271,-0.0117403920343109
319,550,319,1368,2.16909096004273,116,11.8349649410947,0.183278190585168,0.211293260473588,-0.0280150698884203
320,550,320,1369,1.8177112866354,88,11.1243783079521,0.16339890970231,0.160291438979964,0.00310747072234635
321,550,321,1370,2.29214901901674,95,12.0545990611266,0.190147263081392,0.17304189435337,0.0171053687280219
322,550,322,1371,2.1386026967737,116,11.0905517596032,0.192831046022746,0.211293260473588,-0.0184622144508422
323,550,323,1372,1.96415655117918,99,11.8641481578579,0.165553946650461,0.180327868852459,-0.0147739222019976
324,550,324,1373,2.24607230627224,113,11.6048192721253,0.193546513185888,0.205828779599271,-0.0122822664133837
325,550,325,1374,1.93549564754656,101,11.711053386156,0.165270841462868,0.183970856102004,-0.018700014639136
326,550,326,1375,2.20768953483476,131,11.2077468246283,0.196978890528068,0.238615664845173,-0.0416367743171046
327,550,327,1376,1.86332412314872,108,11.4052115542809,0.163374797063657,0.19672131147541,-0.0333465144117525
328,550,328,1377,1.89895280512568,106,11.4351927900543,0.16606215915986,0.193078324225865,-0.0270161650660052
329,550,329,1378,1.67873087327661,82,11.5603355325508,0.14521471877263,0.14936247723133,-0.00414775845869966
330,550,330,1379,1.98916242336636,124,10.5194226124404,0.189094258939075,0.225865209471767,-0.0367709505326919
331,550,331,1380,1.72244291816329,80,11.2291622419683,0.153390153338934,0.145719489981785,0.0076706633571493
332,550,332,1381,1.80987517053881,95,10.7244481975286,0.168761612458149,0.17304189435337,-0.00428028189522084
333,550,333,1382,1.90490282476597,102,11.5142546670514,0.165438656678052,0.185792349726776,-0.0203536930487244
334,550,334,1383,2.32931059150126,124,11.8230096333661,0.197015029483494,0.225865209471767,-0.0288501799882726
335,550,335,1384,1.93486750638892,84,11.5305276636077,0.167803899599122,0.153005464480874,0.0147984351182479
336,550,336,1385,2.34664730668454,113,11.4148381786219,0.205578674875955,0.205828779599271,-0.000250104723316075
337,550,337,1386,1.95441291351248,102,11.0804863757891,0.176383314525152,0.185792349726776,-0.00940903520162376
338,550,338,1387,1.76005039033079,90,11.4308972234301,0.153973074547742,0.163934426229508,-0.00996135168176573
339,550,339,1388,2.17286444386351,127,11.3232232532096,0.191894515834757,0.231329690346084,-0.0394351745113267
340,550,340,1389,2.01684704960229,103,11.6087341863015,0.173735311467655,0.187613843351548,-0.0138785318838937
341,550,341,1390,1.84078118484476,92,10.9867380317372,0.167545742833527,0.167577413479053,-3.16706455259497e-05
342,550,342,1391,2.03205921235608,90,10.8890883817217,0.186614263850322,0.163934426229508,0.0226798376208135
343,550,343,1392,1.98013767003805,114,11.1963182303501,0.176856144073367,0.207650273224044,-0.0307941291506772
344,550,344,1393,1.98540873027067,97,10.857628729152,0.182858410413315,0.176684881602914,0.00617352881040042
345,550,345,1394,2.19700184416612,107,11.8202336833622,0.185867885781189,0.194899817850638,-0.00903193206944869
346,550,346,1395,2.3824196112373,113,11.3389026379278,0.210110244995691,0.205828779599271,0.00428146539641922
347,550,347,1396,2.24358990563544,96,12.4497703985337,0.180211347985959,0.174863387978142,0.00534796000781704
348,550,348,1397,1.70375070297336,86,10.8595583347657,0.156889502358396,0.156648451730419,0.000241050627977163
349,550,349,1398,1.96725740967254,92,11.766102147591,0.167197036452324,0.167577413479053,-0.000380377026728385
350,550,350,1399,1.84507803077371,92,11.5536259700318,0.159696880923749,0.167577413479053,-0.00788053255530369
351,550,351,1400,1.90628897201394,93,11.5199085262108,0.165477787230397,0.169398907103825,-0.00392111987342814
352,550,352,1401,2.60079909110862,103,12.2271807069182,0.212706359172159,0.187613843351548,0.0250925158206105
353,550,353,1402,2.13584847038597,104,12.1119136773932,0.176342775161328,0.189435336976321,-0.0130925618149922
354,550,354,1403,2.31242576253042,112,11.760739657079,0.196622476983285,0.204007285974499,-0.0073848089912143
355,550,355,1404,2.02556414371,83,12.8837237396758,0.157218843297006,0.151183970856102,0.00603487244090367
356,550,356,1405,2.19920518409901,122,11.6442666065646,0.188865925043247,0.222222222222222,-0.033356297178975
357,550,357,1406,2.18800776661281,101,12.0520103518905,0.181547119752482,0.183970856102004,-0.00242373634952206
358,550,358,1407,2.74546080972215,123,11.819601477499,0.232280319683256,0.224043715846995,0.00823660383626143
359,550,359,1408,1.72065704684064,109,10.5951987527613,0.162399695087571,0.198542805100182,-0.0361431100126115
360,550,360,1409,1.87788429486739,99,10.3675129924724,0.181131607573665,0.180327868852459,0.000803738721205649
361,550,361,1410,2.05425155861776,115,10.8434741502513,0.189445885161276,0.209471766848816,-0.0200258816875405
362,550,362,1411,2.07289486749255,102,11.6505367907891,0.177922691865268,0.185792349726776,-0.00786965786150751
363,550,363,1412,2.1438384392608,100,12.0911310984822,0.177306690482408,0.182149362477231,-0.00484267199482333
364,550,364,1413,2.24449876574099,108,11.8902967512415,0.18876726230627,0.19672131147541,-0.00795404916914019
365,550,365,1414,2.09222398432767,105,11.4245033554105,0.183134786628323,0.191256830601093,-0.00812204397277028
366,550,366,1415,2.14475042372904,121,11.1028966374758,0.193170349482479,0.22040072859745,-0.0272303791149711
367,550,367,1416,2.17547747196565,98,12.1426856821311,0.179159498064504,0.178506375227687,0.000653122836817344
368,550,368,1417,1.89739082043081,98,11.2109242304628,0.169244817057557,0.178506375227687,-0.00926155817012966
369,550,369,1418,2.02619224814295,97,11.9411211090939,0.169681910905323,0.176684881602914,-0.00700297069759104
370,550,370,1419,2.33044159604679,118,12.0862278944587,0.192817942570423,0.214936247723133,-0.0221183051527096
371,550,371,1420,2.18650144896783,119,10.8144882417883,0.202182609114961,0.216757741347905,-0.014575132232944
372,550,372,1421,2.3132999535622,107,11.4717349485022,0.201652144505328,0.194899817850638,0.0067523266546908
373,550,373,1422,2.06214521800744,93,11.4824692902921,0.179590745324344,0.169398907103825,0.0101918382205185
374,550,374,1423,1.62873297469383,87,9.91141765641778,0.164328961925967,0.158469945355191,0.0058590165707755
375,550,375,1424,1.84688291695789,95,11.0554837340397,0.167055821471778,0.17304189435337,-0.00598607288159156
376,550,376,1425,2.62810161720466,140,12.1893077108018,0.215607127127959,0.255009107468124,-0.039401980340165
377,550,377,1426,2.27260691517395,111,11.344529607751,0.200326235970261,0.202185792349727,-0.00185955637946536
378,550,378,1427,2.13299047148025,97,11.4375491796609,0.186490168302252,0.176684881602914,0.00980528669933783
379,550,379,1428,2.12079532229953,114,11.5540441370449,0.183554372576766,0.207650273224044,-0.0240959006472778
380,550,380,1429,2.21922837339221,113,10.6097789760545,0.209168200242516,0.205828779599271,0.00333942064324499
381,550,381,1430,2.13697313702706,101,12.2723104798115,0.174129650691487,0.183970856102004,-0.00984120541051672
382,550,382,1431,1.95467608907491,93,12.3248729141305,0.158596044169662,0.169398907103825,-0.0108028629341632
383,550,383,1432,1.92267986972028,106,11.4987836828885,0.167207238847483,0.193078324225865,-0.0258710853783824
384,550,384,1433,2.30261512584524,128,11.5295454224747,0.199714302816892,0.233151183970856,-0.0334368811539636
385,550,385,1434,2.14249620053324,112,11.4976447333385,0.186342181396584,0.204007285974499,-0.017665104577915
386,550,386,1435,2.04572255915353,113,11.6175928973975,0.17608833234394,0.205828779599271,-0.0297404472553309
387,550,387,1436,1.85086355638789,125,10.2692607945257,0.18023337739894,0.227686703096539,-0.0474533256975994
388,550,388,1437,2.04877595285216,104,10.1897571049138,0.201062295377402,0.189435336976321,0.011626958401081
389,550,389,1438,2.1166620728234,102,11.0210755709292,0.19205585327866,0.185792349726776,0.00626350355188396
390,550,390,1439,2.29094447365828,132,12.0002285337786,0.190908403719952,0.240437158469945,-0.0495287547499938
391,550,391,1440,2.14692691306334,97,11.353823163294,0.189092861689459,0.176684881602914,0.0124079800865451
392,550,392,1441,1.95407204047729,109,11.3005321130826,0.172918586569482,0.198542805100182,-0.0256242185307003
393,550,393,1442,2.05516966982908,106,11.353347129179,0.181018834925529,0.193078324225865,-0.0120594893003362
394,550,394,1443,2.1911216549613,107,11.6277920584878,0.18843832465699,0.194899817850638,-0.00646149319364775
395,550,395,1444,1.78438058339071,92,11.6062364239476,0.15374325648829,0.167577413479053,-0.0138341569907632
396,550,396,1445,1.97590935461295,110,11.1373233097584,0.177413306560085,0.200364298724954,-0.0229509921648698
397,550,397,1446,1.8395957074635,110,11.8622463300816,0.155079877476363,0.200364298724954,-0.045284421248591
398,550,398,1447,1.87341063621227,104,10.9459143854775,0.17115158864186,0.189435336976321,-0.0182837483344604
399,550,399,1448,1.88988774835447,102,12.0455177708343,0.156895517844026,0.185792349726776,-0.02889683188275
400,550,400,1449,2.002716023833,96,11.5712623706194,0.173076710188345,0.174863387978142,-0.00178667778979663
401,550,401,1450,1.94369729567879,112,9.72264537604642,0.199914449257551,0.204007285974499,-0.00409283671694821
402,550,402,1451,1.87836525817416,90,11.6292618895724,0.161520591419343,0.163934426229508,-0.00241383481016566
403,550,403,1452,2.4745916206015,130,12.2195558167008,0.202510766980531,0.236794171220401,-0.0342834042398693
404,550,404,1453,1.89865828239844,116,9.81174778689845,0.193508671812142,0.211293260473588,-0.0177845886614464
405,550,405,1454,2.18035204954762,104,12.7777034143415,0.170637240421501,0.189435336976321,-0.0187980965548193
406,550,406,1455,2.18682036926669,133,10.9771747540488,0.199215227803502,0.242258652094718,-0.0430434242912157
407,550,407,1456,2.30157798416212,124,12.0494781562831,0.191010594343621,0.225865209471767,-0.034854615128146
408,550,408,1457,1.72495065338964,86,10.7218108882775,0.160882398632454,0.156648451730419,0.00423394690203513
409,550,409,1458,2.07837642035778,121,11.1405181088139,0.186560122254409,0.22040072859745,-0.0338406063430413
410,550,410,1459,1.84195132784418,96,10.9939047347076,0.167542958784167,0.174863387978142,-0.00732042919397519
411,550,411,1460,1.80500880719731,89,11.0646559740736,0.163132844927737,0.162112932604736,0.00101991232300083
412,550,412,1461,2.02098033387264,86,11.6518365047393,0.173447364546407,0.156648451730419,0.0167989128159877
413,550,413,1462,2.13358549924093,117,10.6511789159399,0.200314492515747,0.213114754098361,-0.0128002615826135
414,550,414,1463,2.0339559977096,102,11.8290017250682,0.171946546714861,0.185792349726776,-0.0138458030119154
415,550,415,1464,1.87019100930329,94,12.3623589627468,0.151281079520421,0.171220400728597,-0.0199393212081765
416,550,416,1465,2.10067094657192,105,10.9547217369446,0.191759407223228,0.191256830601093,0.00050257662213557
417,550,417,1466,2.66526625502441,112,12.1974917667953,0.218509371105291,0.204007285974499,0.0145020851307923
418,550,418,1467,2.09167017958258,110,10.6530632166941,0.19634448205515,0.200364298724954,-0.00401981666980397
419,550,419,1468,1.95204296456942,103,10.8308577432325,0.180229766731921,0.187613843351548,-0.00738407661962748
420,550,420,1469,2.42347111760959,118,11.3218526706883,0.214052521976711,0.214936247723133,-0.000883725746422426
421,550,421,1470,1.90807321118231,91,10.8871044078401,0.175259935029948,0.16575591985428,0.00950401517566721
422,550,422,1471,2.19921762713806,114,11.3909306023428,0.193067423892981,0.207650273224044,-0.0145828493310624
423,550,423,1472,2.09483726518329,95,11.6828159008753,0.17930927637286,0.17304189435337,0.00626738201949043
424,550,424,1473,1.66086377704255,94,11.0314047267127,0.150557777380857,0.171220400728597,-0.0206626233477404
425,550,425,1474,2.25554768609207,127,11.0959516924028,0.203276631749975,0.231329690346084,-0.028053058596109
426,550,426,1475,2.28288947185243,111,11.6402464959705,0.196120371904728,0.202185792349727,-0.00606542044499869
427,550,427,1476,2.21081144703716,100,12.3036147782089,0.179687960562026,0.182149362477231,-0.00246140191520575
428,550,428,1477,2.35305681324214,106,11.8042432043983,0.199339912986999,0.193078324225865,0.00626158876113361
429,550,429,1478,2.69879970487426,117,13.0029976506475,0.207552118164065,0.213114754098361,-0.00556263593429515
430,550,430,1479,2.41108076874314,127,12.130883662998,0.198755575910556,0.231329690346084,-0.0325741144355274
431,550,431,1480,2.05049384638128,123,10.6190809747072,0.193095226532805,0.224043715846995,-0.0309484893141894
432,550,432,1481,2.2920109610747,110,11.053987900819,0.207346975737588,0.200364298724954,0.00698267701263391
433,550,433,1482,1.95533891043861,108,9.79094194001936,0.199708967984621,0.19672131147541,0.00298765650921157
434,550,434,1483,2.02963665149138,92,11.0036956077297,0.184450454087956,0.167577413479053,0.0168730406089032
435,550,435,1484,2.0948330482364,100,11.8053722830675,0.177447436472719,0.182149362477231,-0.00470192600451272
436,550,436,1485,1.88060717887447,106,9.91749517814084,0.18962521736532,0.193078324225865,-0.0034531068605454
437,550,437,1486,2.01793275609344,106,11.3372740574766,0.177991000822871,0.193078324225865,-0.0150873234029942
438,550,438,1487,2.25526018246497,109,11.5177716400156,0.19580698879544,0.198542805100182,-0.00273581630474187
439,550,439,1488,2.02729957048839,95,11.4358556826177,0.177275721795776,0.17304189435337,0.00423382744240675
440,550,440,1489,1.80365484539386,100,10.6888891930743,0.16874109299987,0.182149362477231,-0.0134082694773613
441,550,441,1490,2.05952515301764,98,11.700027185979,0.176027381841105,0.178506375227687,-0.00247899338658128
442,550,442,1491,1.73667478520749,91,10.9339168541702,0.158833728879612,0.16575591985428,-0.00692219097466873
443,550,443,1492,2.11152775454957,95,11.8266539789198,0.178539742374574,0.17304189435337,0.00549784802120448
444,550,444,1493,1.97317485303721,106,10.9843642417224,0.179634870950692,0.193078324225865,-0.0134434532751728
445,550,445,1494,2.09612952637002,103,11.7660847660697,0.178150129634856,0.187613843351548,-0.00946371371669202
446,550,446,1495,1.91900691429105,96,11.6281200203904,0.165031570961255,0.174863387978142,-0.00983181701688662
447,550,447,1496,1.73543832507277,89,11.325398989815,0.153234188626243,0.162112932604736,-0.00887874397849253
448,550,448,1497,2.18651225297301,100,11.0927566641339,0.197111711648975,0.182149362477231,0.0149623491717435
449,550,449,1498,1.94918426721873,87,11.9877462589104,0.162598058477415,0.158469945355191,0.0041281131222238
450,550,450,1499,2.09903801084744,99,12.1262964673112,0.173098028446344,0.180327868852459,-0.00722984040611463
451,550,451,1500,1.88239570087559,109,11.5014025512508,0.163666621743527,0.198542805100182,-0.0348761833566551
452,550,452,1501,2.18927965817215,103,11.2751274002278,0.194168950865063,0.187613843351548,0.00655510751351504
453,550,453,1502,1.94186936762252,125,10.5244831737843,0.184509712786616,0.227686703096539,-0.0431769903099228
454,550,454,1503,2.22802222623233,120,11.1478264468414,0.199861581704441,0.218579234972678,-0.0187176532682362
455,550,455,1504,2.16208174548164,99,11.638312138435,0.185772792460297,0.180327868852459,0.00544492360783799
456,550,456,1505,2.51154682868661,113,12.1161682331127,0.207288870570708,0.205828779599271,0.0014600909714366
457,550,457,1506,1.89215583794785,111,10.8405867887347,0.174543673218329,0.202185792349727,-0.0276421191313974
458,550,458,1507,1.88620050771301,96,10.9906111850383,0.171619255376873,0.174863387978142,-0.00324413260126949
459,550,459,1508,1.81941019601842,92,11.5976903260825,0.156876942293129,0.167577413479053,-0.0107004711859243
460,550,460,1509,2.28320885272093,134,10.7524064323654,0.212343987095608,0.24408014571949,-0.0317361586238817
461,550,461,1510,2.23511313020364,105,11.6627963697339,0.191644701608954,0.191256830601093,0.000387871007861279
462,550,462,1511,2.21467913792068,127,11.0267677698784,0.200845722349434,0.231329690346084,-0.0304839679966499
463,550,463,1512,2.02203525792394,101,11.9460928847956,0.169263312902705,0.183970856102004,-0.0147075431992982
464,550,464,1513,2.26463376122004,128,11.6713778847008,0.194033111050975,0.233151183970856,-0.0391180729198812
465,550,465,1514,1.99440074847959,97,11.4673125146641,0.173920501942299,0.176684881602914,-0.00276437966061513
466,550,466,1515,2.36724790237025,106,12.4729994028347,0.189789787196836,0.193078324225865,-0.00328853702902962
467,550,467,1516,2.15762708427291,97,11.8232108836527,0.182490789135475,0.176684881602914,0.00580590753256052
468,550,468,1517,1.95577300547221,106,11.044646308109,0.177078826330209,0.193078324225865,-0.015999497895656
469,550,469,1518,1.89565274402311,98,11.9007661962186,0.159288293944086,0.178506375227687,-0.0192180812836008
470,550,470,1519,2.18192563464111,102,11.3959265943797,0.1914653991995,0.185792349726776,0.00567304947272385
471,550,471,1520,2.1996307281202,110,11.0836176061153,0.198457832658046,0.200364298724954,-0.00190646606690864
472,550,472,1521,2.14618578425875,121,11.9539435364353,0.179537888707373,0.22040072859745,-0.0408628398900772
473,550,473,1522,2.12533897192426,103,11.7551837309929,0.180800149156388,0.187613843351548,-0.00681369419516073
474,550,474,1523,2.0450169629241,100,11.6191878982849,0.176003433357504,0.182149362477231,-0.00614592911972772
475,550,475,1524,2.44099006145236,131,11.7903579692015,0.207032735378235,0.238615664845173,-0.0315829294669379
476,550,476,1525,1.66727833210567,91,10.5652661657914,0.157807508674419,0.16575591985428,-0.00794841117986156
477,550,477,1526,2.05870269717436,114,11.607627304072,0.177357753074321,0.207650273224044,-0.0302925201497224
478,550,478,1527,2.29623140845424,126,11.3784198616718,0.201805825094316,0.229508196721311,-0.0277023716269953
479,550,479,1528,2.0855663787273,108,12.1758892925339,0.171286575347408,0.19672131147541,-0.0254347361280021
480,550,480,1529,2.00412885456523,96,11.1818314748565,0.179230822703036,0.174863387978142,0.00436743472489376
481,550,481,1530,1.99888441961727,105,10.6715977751283,0.187308823077642,0.191256830601093,-0.0039480075234504
482,550,482,1531,2.08562428426113,110,10.1703817595771,0.205068436324641,0.200364298724954,0.00470413759968674
483,550,483,1532,1.87988854143971,95,10.8934274881674,0.17257089593534,0.17304189435337,-0.000470998418029694
484,550,484,1533,1.96687971604464,98,12.2205852426324,0.160948078753466,0.178506375227687,-0.0175582964742206
485,550,485,1534,1.73493904585954,110,10.1628377545566,0.170714035563706,0.200364298724954,-0.0296502631612484
486,550,486,1535,2.2876170841438,103,12.1113003918769,0.188882862295953,0.187613843351548,0.00126901894440504
487,550,487,1536,2.21439833090916,109,10.7814235106534,0.205390162877941,0.198542805100182,0.00684735777775897
488,550,488,1537,2.03412049458529,99,11.6088265021587,0.175221887777119,0.180327868852459,-0.00510598107534033
489,550,489,1538,2.08622582193045,95,11.7563523482566,0.177455196997376,0.17304189435337,0.0044133026440065
490,550,490,1539,1.88128343011801,106,10.4369056843662,0.180252987524459,0.193078324225865,-0.0128253367014059
491,550,491,1540,2.17695414719507,105,12.162008934158,0.178996262786892,0.191256830601093,-0.0122605678142013
492,550,492,1541,1.88612154487939,102,11.5934323963428,0.162688794862372,0.185792349726776,-0.0231035548644044
493,550,493,1542,1.9715922751964,98,10.9371660490392,0.180265369141909,0.178506375227687,0.00175899391422191
494,550,494,1543,2.1168109847242,108,11.32988052569,0.186834360691132,0.19672131147541,-0.00988695078427784
495,550,495,1544,1.92572759278614,99,11.4149910505889,0.168701629659779,0.180327868852459,-0.0116262391926804
496,550,496,1545,1.79350798447696,88,11.441409736694,0.156755856642818,0.160291438979964,-0.00353558233714513
497,550,497,1546,2.16068551763851,95,10.9722103613359,0.196923449923306,0.17304189435337,0.0238815555699361
498,550,498,1547,2.21987049190006,125,11.3192993560536,0.196113771892856,0.227686703096539,-0.0315729312036829
499,550,499,1548,1.86217184638444,96,11.4416233614615,0.162754164121216,0.174863387978142,-0.0121092238569262
500,550,500,1549,2.02904276338376,111,11.1953065115658,0.181240483347872,0.202185792349727,-0.0209453090018548
501,550,501,1550,2.01137951956,102,11.1816898355574,0.179881533930934,0.185792349726776,-0.00591081579584163
502,550,502,1551,2.54037377358205,135,11.103221081197,0.228796108354908,0.245901639344262,-0.0171055309893544
503,550,503,1552,1.89751081513423,92,11.6334946285994,0.163107550715626,0.167577413479053,-0.00446986276342712
504,550,504,1553,1.88078261263374,94,11.7661751053085,0.15984655980389,0.171220400728597,-0.0113738409247072
505,550,505,1554,2.1166633936901,113,10.3909135624712,0.203703301058612,0.205828779599271,-0.00212547854065942
506,550,506,1555,2.02367182866929,120,11.2252261821067,0.180278935661454,0.218579234972678,-0.0383002993112233
507,550,507,1556,2.47338021829865,106,12.0090466516496,0.20595974768396,0.193078324225865,0.0128814234580947
508,550,508,1557,2.20247708928996,101,13.0699977004962,0.168513961498734,0.183970856102004,-0.0154568946032697
509,550,509,1558,2.09722199970961,104,11.3392370714683,0.184952654794265,0.189435336976321,-0.00448268218205555
510,550,510,1559,1.94468339695609,111,11.125449291839,0.17479594270252,0.202185792349727,-0.0273898496472063
511,550,511,1560,2.15591018073285,115,11.6353828026829,0.185289149252205,0.209471766848816,-0.0241826175966106
512,550,512,1561,1.88518903144353,94,10.9228092547683,0.172591957569942,0.171220400728597,0.00137155684134432
513,550,513,1562,1.99691215384905,101,12.0493562942087,0.165727704044143,0.183970856102004,-0.0182431520578605
514,550,514,1563,1.97423862800783,91,11.7052733656775,0.168662325631519,0.16575591985428,0.00290640577723819
515,550,515,1564,2.17613457996401,106,11.5423033787134,0.188535555561404,0.193078324225865,-0.00454276866446121
516,550,516,1565,2.14339947634335,104,12.0389605890637,0.178038582358216,0.189435336976321,-0.0113967546181043
517,550,517,1566,2.23358452049824,104,11.4832197900878,0.194508557819842,0.189435336976321,0.00507322084352155
518,550,518,1567,2.2993534444168,90,12.1520155702351,0.189215807956071,0.163934426229508,0.0252813817265633
519,550,519,1568,1.87582356459822,108,10.4245149949767,0.179943485668363,0.19672131147541,-0.0167778258070468
520,550,520,1569,2.38268554819049,152,10.4256952802775,0.228539726525276,0.276867030965392,-0.0483273044401161
521,550,521,1570,2.21032885757098,111,11.4496163471974,0.193048290051397,0.202185792349727,-0.0091375022983301
522,550,522,1571,1.98550655563329,102,10.6705446931693,0.186073589748825,0.185792349726776,0.000281240022049156
523,550,523,1572,2.03707088910276,121,10.5030277054879,0.193950825059557,0.22040072859745,-0.0264499035378928
524,550,524,1573,2.06276249622952,110,11.5053191036362,0.179287725759609,0.200364298724954,-0.0210765729653457
525,550,525,1574,2.03919362073086,105,11.2862229861785,0.180679898246573,0.191256830601093,-0.0105769323545195
526,550,526,1575,2.04365292372272,111,11.250452311275,0.181650734315332,0.202185792349727,-0.0205350580343952
527,550,527,1576,2.116031447629,124,10.9905658270704,0.192531620384556,0.225865209471767,-0.0333335890872106
528,550,528,1577,2.04085083240103,116,11.199139260898,0.182232829225252,0.211293260473588,-0.0290604312483365
529,550,529,1578,2.18581862846215,124,11.7605459794315,0.185860302088442,0.225865209471767,-0.0400049073833248
530,550,530,1579,2.14445104557552,103,12.1586178762489,0.176372928847823,0.187613843351548,-0.0112409145037249
531,550,531,1580,1.96299786304683,89,11.7735777108585,0.166729087050268,0.162112932604736,0.00461615444553198
532,550,532,1581,2.13630449404221,100,12.0915290234251,0.176677779121526,0.182149362477231,-0.00547158335570555
533,550,533,1582,1.78917791432829,100,10.3876577040651,0.172240746210584,0.182149362477231,-0.00990861626664757
534,550,534,1583,1.99848678855299,97,12.0336307430442,0.166075129877836,0.176684881602914,-0.0106097517250779
535,550,535,1584,2.0596991251957,105,11.3538173824109,0.181410274255999,0.191256830601093,-0.0098465563450936
536,550,536,1585,1.88810849580463,91,11.7405237580713,0.160819784083876,0.16575591985428,-0.00493613577040497
537,550,537,1586,2.11991110472545,120,11.4179452609666,0.185664850923098,0.218579234972678,-0.0329143840495792
538,550,538,1587,2.16562651872995,121,11.1753007318943,0.193786867189109,0.22040072859745,-0.0266138614083412
539,550,539,1588,1.78577536935525,103,10.8570416836602,0.164480843068222,0.187613843351548,-0.0231330002833265
540,550,540,1589,1.82209970367401,90,11.3522924951472,0.160504999712869,0.163934426229508,-0.00342942651663883
541,550,541,1590,1.90828221608913,99,11.636476122714,0.163991417673623,0.180327868852459,-0.0163364511788363
542,550,542,1591,1.91303812022594,102,11.7429710105224,0.162909209135554,0.185792349726776,-0.022883140591222
543,550,543,1592,2.21268945353467,98,11.2609803676875,0.196491724635612,0.178506375227687,0.017985349407925
544,550,544,1593,1.93795785686411,91,11.2850221981664,0.171728315889267,0.16575591985428,0.00597239603498675
545,550,545,1594,1.61239704019899,102,10.7789832620315,0.149587117912928,0.185792349726776,-0.0362052318138478
546,550,546,1595,2.16107242527428,123,11.9398970399296,0.180995901224875,0.224043715846995,-0.0430478146221194
547,550,547,1596,2.17769018058457,110,11.3950696921022,0.191108105472484,0.200364298724954,-0.00925619325247024
548,550,548,1597,1.93367612040043,90,11.7198350864174,0.164991751687824,0.163934426229508,0.00105732545831577
549,550,549,1598,2.11482550081833,112,11.2719687371171,0.1876181126953,0.204007285974499,-0.0163891732791996
550,550,550,1599,1.736704317479,108,9.2941251291077,0.186860440692791,0.19672131147541,-0.0098608707826193
551,550,551,1600,2.03751021674189,111,11.495286398547,0.177247451355317,0.202185792349727,-0.0249383409944102
552,550,552,1601,1.78887970235641,93,11.4645368210978,0.15603593326722,0.169398907103825,-0.0133629738366049
553,550,553,1602,2.82175632408773,159,10.9589815431234,0.2574834452439,0.289617486338798,-0.0321340410948974
554,550,554,1603,2.00284309376678,110,11.2426656029225,0.178146639285095,0.200364298724954,-0.0222176594398596
555,550,555,1604,1.87621403924865,101,11.3451415021792,0.165375992788477,0.183970856102004,-0.0185948633135262
556,550,556,1605,1.67517413299159,90,11.3932131063403,0.147032634021334,0.163934426229508,-0.0169017922081746
557,550,557,1606,2.40145619227225,114,12.2323528150773,0.196320056212921,0.207650273224044,-0.0113302170111227
558,550,558,1607,2.24293972207029,125,10.3958512679121,0.215753348549085,0.227686703096539,-0.0119333545474538
559,550,559,1608,1.98835577604632,94,11.8719687508712,0.167483238692017,0.171220400728597,-0.00373716203658084
560,550,560,1609,2.38209104798509,119,12.2083628895081,0.195119613460398,0.216757741347905,-0.0216381278875068
561,550,561,1610,2.08296386763427,113,10.2106635190899,0.203998874680373,0.205828779599271,-0.00182990491889831
562,550,562,1611,2.39708565038818,129,11.5233779029574,0.208019356006105,0.234972677595628,-0.026953321589523
563,550,563,1612,2.22803647274499,108,12.009950687633,0.185515871854433,0.19672131147541,-0.0112054396209769
564,550,564,1613,1.90640191319847,89,11.7954594464524,0.161621675005787,0.162112932604736,-0.000491257598948636
565,550,565,1614,2.1061926463236,100,10.881098016104,0.193564348304412,0.182149362477231,0.0114149858271808
566,550,566,1615,2.21380320135522,106,12.2315454433024,0.180991291052875,0.193078324225865,-0.01208703317299
567,550,567,1616,2.21250770275696,122,11.0164137701808,0.200837382192904,0.222222222222222,-0.0213848400293186
568,550,568,1617,2.17064694268777,98,12.5675308231808,0.172718648812384,0.178506375227687,-0.00578772641530292
569,550,569,1618,1.93491779037171,116,11.4384242585785,0.169159470450711,0.211293260473588,-0.0421337900228778
570,550,570,1619,2.00356475713085,118,11.0066365877743,0.182032425723615,0.214936247723133,-0.0329038219995178
571,550,571,1620,1.97289178202422,112,10.4906028624929,0.188062765113139,0.204007285974499,-0.0159445208613603
572,550,572,1621,1.87923734515335,109,11.5145230044362,0.163205835311575,0.198542805100182,-0.0353369697886075
573,550,573,1622,2.01265261470999,114,11.4117166519511,0.176367208904183,0.207650273224044,-0.0312830643198609
574,550,574,1623,2.08694858294249,112,11.5502607887969,0.180684109311775,0.204007285974499,-0.0233231766627242
575,550,575,1624,1.97198749493532,93,11.4528329943417,0.172183379947092,0.169398907103825,0.00278447284326663
576,550,576,1625,2.15316463483218,109,11.5458164126336,0.186488729586603,0.198542805100182,-0.0120540755135794
577,550,577,1626,2.34594290426105,116,11.2194557645804,0.209095962717474,0.211293260473588,-0.0021972977561141
578,550,578,1627,1.91846612414988,92,11.2999949262127,0.169775839429768,0.167577413479053,0.00219842595071509
579,550,579,1628,2.13596639651125,121,11.1590526899005,0.191411086215625,0.22040072859745,-0.0289896423818248
580,550,580,1629,2.13001050701116,96,12.1900855810956,0.174733023229499,0.174863387978142,-0.000130364748642947
581,550,581,1630,1.60942190593465,85,11.2389886786457,0.143199886747158,0.154826958105647,-0.011627071358489
582,550,582,1631,2.23674370431682,116,11.1340621142776,0.200891972881,0.211293260473588,-0.0104012875925887
583,550,583,1632,2.58850260757657,126,11.7581140130115,0.220146071445824,0.229508196721311,-0.00936212527548785
584,550,584,1633,2.06427716724994,104,11.653810424648,0.177133237287263,0.189435336976321,-0.0123020996890578
585,550,585,1634,2.46369616400557,113,10.8995488030999,0.226036527613406,0.205828779599271,0.0202077480141347
586,550,586,1635,2.25911034795852,117,11.479412702066,0.196796683470745,0.213114754098361,-0.0163180706276159
587,550,587,1636,2.33714336532181,131,11.8646150577048,0.196984339901031,0.238615664845173,-0.0416313249441416
588,550,588,1637,2.23166665906213,96,12.3645014471067,0.180489821494934,0.174863387978142,0.0056264335167919
589,550,589,1638,1.83497527458133,96,11.3908423286331,0.161092149433828,0.174863387978142,-0.0137712385443144
590,550,590,1639,2.17808304299456,97,11.7551988443745,0.185286788580092,0.176684881602914,0.00860190697717772
591,550,591,1640,2.05553139624977,108,10.4489596770361,0.196721153089265,0.19672131147541,-1.58386145199252e-07
592,550,592,1641,2.05095802617228,115,11.7707589134202,0.174241783495704,0.209471766848816,-0.0352299833531124
593,550,593,1642,1.93726283130439,102,11.8890399285943,0.162945270849422,0.185792349726776,-0.0228470788773537
594,550,594,1643,2.04605019194967,110,11.1448548102954,0.183586975943336,0.200364298724954,-0.0167773227816185
595,550,595,1644,2.23519909318262,110,12.0905878280913,0.184871002548722,0.200364298724954,-0.0154932961762329
596,550,596,1645,1.97041936545999,99,10.8543230989337,0.181533140989102,0.180327868852459,0.0012052721366429
597,550,597,1646,2.02381396497567,103,10.93581851573,0.185062870425715,0.187613843351548,-0.00255097292583314
598,550,598,1647,1.87514126547728,103,11.5242776600399,0.16271226022081,0.187613843351548,-0.0249015831307379
599,550,599,1648,2.10702330551544,107,11.0583677211433,0.190536556447375,0.194899817850638,-0.00436326140326271
600,550,600,1649,1.79182939238018,85,11.1417219883975,0.16082158523127,0.154826958105647,0.0059946271256234
601,550,601,1650,2.36590173138673,109,12.2250058337332,0.193529701626673,0.198542805100182,-0.005013103473509
602,550,602,1651,2.31145968844486,115,11.7475455818871,0.196761074245906,0.209471766848816,-0.0127106926029098
603,550,603,1652,1.80482562145659,84,11.4715597468471,0.157330446886496,0.153005464480874,0.00432498240562215
604,550,604,1653,2.57105303795637,125,11.8465893705163,0.217028965683168,0.227686703096539,-0.0106577374133709
605,550,605,1654,2.0730022771022,120,10.4569164941945,0.198242213969395,0.218579234972678,-0.0203370210032821
606,550,606,1655,1.77973271791418,94,11.6106032621148,0.153285120310796,0.171220400728597,-0.0179352804178018
607,550,607,1656,2.12598113597009,114,11.4743177602677,0.185281703050944,0.207650273224044,-0.0223685701730999
608,550,608,1657,1.91569200381661,91,11.6093030519018,0.165013523658752,0.16575591985428,-0.000742396195528655
609,550,609,1658,2.16816266154135,97,12.8007942195308,0.169377198348621,0.176684881602914,-0.00730768325429332
610,550,610,1659,1.74239143157764,91,11.2532662608996,0.154834284658467,0.16575591985428,-0.0109216351958139
611,550,611,1660,2.47505089755512,136,11.4549753568199,0.216067762736962,0.247723132969035,-0.0316553702320723
612,550,612,1661,1.88309658449998,89,11.1830787003297,0.168388029357646,0.162112932604736,0.00627509675290988
613,550,613,1662,2.3458959733715,112,12.6169376885339,0.185932278599063,0.204007285974499,-0.0180750073754363
614,550,614,1663,2.10591375786391,94,12.7434128712793,0.165255083480042,0.171220400728597,-0.00596531724855509
615,550,615,1664,1.99927267054025,89,11.7451911823833,0.170220530214865,0.162112932604736,0.00810759761012952
616,550,616,1665,2.17007566107799,107,11.743110300004,0.184795646607973,0.194899817850638,-0.0101041712426646
617,550,617,1666,2.09380098851146,105,11.7784274944644,0.177765749247554,0.191256830601093,-0.0134910813535393
618,550,618,1667,2.54531413093133,135,11.6503492131451,0.218475350769696,0.245901639344262,-0.0274262885745667
619,550,619,1668,2.40982880728319,119,11.9506813110046,0.201647817774551,0.216757741347905,-0.015109923573354
620,550,620,1669,2.45639083174983,106,12.5214369108788,0.196174835942007,0.193078324225865,0.00309651171614175
621,550,621,1670,1.76895752063795,100,11.0068038285168,0.160714913084476,0.182149362477231,-0.0214344493927557
622,550,622,1671,1.96658852357275,107,11.4035999972469,0.172453306328486,0.194899817850638,-0.0224465115221515
623,550,623,1672,1.89529977388739,90,11.8787405159765,0.159553933461066,0.163934426229508,-0.00438049276844185
624,550,624,1673,2.28593759373075,113,11.5090056305036,0.198621641792587,0.205828779599271,-0.00720713780668408
625,550,625,1674,2.08561710736651,116,10.705173967023,0.194823280199949,0.211293260473588,-0.0164699802736395
626,550,626,1675,1.55969041927342,90,10.484014547674,0.14876843333067,0.163934426229508,-0.0151659928988379
627,550,627,1676,1.93806823589257,98,10.1932604587614,0.190132317694947,0.178506375227687,0.0116259424672608
628,550,628,1677,2.19199513668027,110,11.9636952468534,0.1832205762059,0.200364298724954,-0.017143722519054
629,550,629,1678,2.1009476749932,101,12.6179176461843,0.166505102815323,0.183970856102004,-0.0174657532866805
630,550,630,1679,1.83004107879025,92,11.0385653680244,0.165786134137627,0.167577413479053,-0.00179127934142626
631,550,631,1680,2.03821823168525,115,11.9422265101636,0.17067321826048,0.209471766848816,-0.038798548588336
632,550,632,1681,1.74873589778087,100,11.7174302812841,0.149242270344383,0.182149362477231,-0.0329070921328482
633,550,633,1682,2.20329552464944,104,11.4563642405403,0.192320659363526,0.189435336976321,0.00288532238720576
634,550,634,1683,2.10505206784197,112,10.7352252614806,0.196088299646134,0.204007285974499,-0.00791898632836485
635,550,635,1684,1.93451503121732,97,11.4702264278458,0.168655348121199,0.176684881602914,-0.00802953348171559
636,550,636,1685,1.95154793326155,113,12.0093738939378,0.162502054686354,0.205828779599271,-0.0433267249129178
637,550,637,1686,1.88601940267487,98,11.32517202822,0.166533399932054,0.178506375227687,-0.0119729752956324
638,550,638,1687,1.82261337584347,103,10.5515183992606,0.172734701004852,0.187613843351548,-0.0148791423466966
639,550,639,1688,1.67032126304374,85,11.7166133325214,0.142560073942825,0.154826958105647,-0.0122668841628216
640,550,640,1689,1.81549412935848,97,11.5513383227313,0.157167427585933,0.176684881602914,-0.0195174540169819
641,550,641,1690,2.23227619514935,116,11.5847653127425,0.192690670452683,0.211293260473588,-0.0186025900209053
642,550,642,1691,1.72573718314649,82,10.8867239935661,0.158517583817351,0.14936247723133,0.00915510658602164
643,550,643,1692,1.87933892327406,95,11.1046718606004,0.169238582361177,0.17304189435337,-0.00380331199219258
644,550,644,1693,2.16834647270706,119,11.3724495941295,0.190666615381296,0.216757741347905,-0.0260911259666093
645,550,645,1694,2.21670034303556,108,10.8332920628834,0.204619272716771,0.19672131147541,0.00789796124136102
646,550,646,1695,2.31923766751713,113,11.6576204414244,0.198946061005375,0.205828779599271,-0.00688271859389655
647,550,647,1696,2.18312356227184,111,11.7103870446482,0.186426251664291,0.202185792349727,-0.0157595406854357
648,550,648,1697,1.78634138804464,93,11.3681887043036,0.157135092890251,0.169398907103825,-0.0122638142135744
649,550,649,1698,2.5944283055778,128,12.5449912346177,0.206809893849786,0.233151183970856,-0.0263412901210697
650,550,650,1699,2.06269969984695,96,11.3611541979616,0.181557231237741,0.174863387978142,0.00669384325959929
651,550,651,1700,1.72273671836133,93,11.3598517677671,0.151651337850154,0.169398907103825,-0.0177475692536708
652,550,652,1701,2.04151095588809,104,11.7131952425078,0.174291550138201,0.189435336976321,-0.0151437868381193
653,550,653,1702,2.15338248021745,100,11.4958620337761,0.187318051825133,0.182149362477231,0.00516868934790135
654,550,654,1703,1.61542799130492,86,10.8128444279899,0.149398985813877,0.156648451730419,-0.00724946591654238
655,550,655,1704,2.06637926858639,101,10.955309258312,0.188618980976606,0.183970856102004,0.00464812487460234
656,550,656,1705,1.91473666102613,101,11.8525541269492,0.16154633343311,0.183970856102004,-0.0224245226688933
657,550,657,1706,1.96662571579538,89,11.9294078339919,0.164855267181967,0.162112932604736,0.00274233457723128
658,550,658,1707,1.81646521263486,86,10.8110271591678,0.168019669721622,0.156648451730419,0.0113712179912031
659,550,659,1708,1.69105740861174,84,10.6705446436593,0.158479015372155,0.153005464480874,0.00547355089128029
660,550,660,1709,2.11284365368601,102,10.9160147330194,0.193554489010989,0.185792349726776,0.00776213928421318
661,550,661,1710,2.05931237218429,128,10.6724481050424,0.19295595086673,0.233151183970856,-0.0401952331041261
662,550,662,1711,1.99815731492361,108,11.8423326218857,0.168730044892578,0.19672131147541,-0.0279912665828315
663,550,663,1712,2.46306938307831,127,11.5122785039721,0.213951511182472,0.231329690346084,-0.0173781791636121
664,550,664,1713,2.0263592397115,103,11.4377009398766,0.177164908434243,0.187613843351548,-0.0104489349173052
665,550,665,1714,2.24715220601321,115,11.2187457924693,0.200303335825796,0.209471766848816,-0.00916843102302023
666,550,666,1715,2.10915301226318,118,11.2260851520887,0.187879655613583,0.214936247723133,-0.0270565921095502
667,550,667,1716,1.70993228891028,93,11.5965746432595,0.147451496800753,0.169398907103825,-0.0219474103030717
668,550,668,1717,2.17939959684169,116,11.6686659215914,0.186773673313329,0.211293260473588,-0.0245195871602592
669,550,669,1718,1.970315798582,121,10.8359860405996,0.181830780438415,0.22040072859745,-0.0385699481590353
670,550,670,1719,1.77560203072188,100,11.1725751936389,0.158925046370046,0.182149362477231,-0.0232243161071858
671,550,671,1720,1.95942408317182,113,11.2681490347277,0.173890501193497,0.205828779599271,-0.0319382784057744
672,550,672,1721,2.01192014960658,104,12.3556416445223,0.162834129338685,0.189435336976321,-0.026601207637636
673,550,673,1722,2.09143114681863,99,11.6927669436555,0.178865375226984,0.180327868852459,-0.00146249362547476
674,550,674,1723,1.98975956956468,103,10.9806448778114,0.181206075936887,0.187613843351548,-0.00640776741466101
675,550,675,1724,2.36348921791181,117,10.5754383829697,0.223488533744179,0.213114754098361,0.010373779645818
676,550,676,1725,1.96103672191413,93,11.4198815320652,0.17172128418389,0.169398907103825,0.00232237708006527
677,550,677,1726,2.42047366556852,136,11.6797977917387,0.20723592212192,0.247723132969035,-0.040487210847115
678,550,678,1727,2.58072940861302,127,12.4016767915997,0.20809519970405,0.231329690346084,-0.0232344906420338
679,550,679,1728,1.98630121785899,95,12.0084258678533,0.165408958652635,0.17304189435337,-0.00763293570073445
680,550,680,1729,2.20658591078795,108,12.6056605331929,0.175047226202675,0.19672131147541,-0.0216740852727347
681,550,681,1730,1.70676211550511,94,10.4389707881224,0.163499079568945,0.171220400728597,-0.00772132115965293
682,550,682,1731,1.96826673251906,99,10.9530038080079,0.179701090862402,0.180327868852459,-0.000626777990056976
683,550,683,1732,1.92408201135073,108,11.5523180322426,0.166553760550966,0.19672131147541,-0.0301675509244443
684,550,684,1733,2.11182821217804,96,11.0536865453811,0.19105193579607,0.174863387978142,0.0161885478179275
685,550,685,1734,2.06127845921957,114,11.5491213151972,0.178479245560195,0.207650273224044,-0.0291710276638483
686,550,686,1735,2.30044553261339,97,12.1843173498135,0.188803809566615,0.176684881602914,0.0121189279637003
687,550,687,1736,1.94351098117088,95,11.6318020791547,0.167085974120368,0.17304189435337,-0.00595592023300195
688,550,688,1737,2.24428991337835,108,12.4728962443385,0.179933342618564,0.19672131147541,-0.0167879688568457
689,550,689,1738,2.53018688230113,137,11.5739046124804,0.21861134742486,0.249544626593807,-0.0309332791689471
690,550,690,1739,2.12020480756066,113,11.4696733629884,0.184853111371277,0.205828779599271,-0.0209756682279941
691,550,691,1740,1.86125912797853,99,11.3462314718702,0.16404205507291,0.180327868852459,-0.0162858137795485
692,550,692,1741,1.92054774374675,90,11.4982424607199,0.167029678692869,0.163934426229508,0.00309525246336123
693,550,693,1742,1.78099201891077,100,10.6092013858557,0.167872392476705,0.182149362477231,-0.0142769700005263
694,550,694,1743,2.37055980938182,106,11.4667739963661,0.206732932046369,0.193078324225865,0.0136546078205035
695,550,695,1744,1.75711862636727,97,10.8725357038867,0.161610747871736,0.176684881602914,-0.0150741337311787
696,550,696,1745,2.11892451874779,100,11.5005912295752,0.184244833717653,0.182149362477231,0.0020954712404217
697,550,697,1746,2.0274459354297,111,11.7426471435993,0.172656634456978,0.202185792349727,-0.0295291578927485
698,550,698,1747,1.81712395861266,81,11.4836531641279,0.15823570536673,0.147540983606557,0.0106947217601723
699,550,699,1748,1.79955485670414,96,11.035627362287,0.163067743919472,0.174863387978142,-0.0117956440586699
700,550,700,1749,2.27371264879081,121,11.7091017067183,0.194183354602362,0.22040072859745,-0.0262173739950875
701,550,701,1750,1.871654159756,92,11.3309639112402,0.165180489004943,0.167577413479053,-0.0023969244741103
702,550,702,1751,1.9524219509842,105,11.5038284273425,0.169719321121276,0.191256830601093,-0.0215375094798171
703,550,703,1752,2.08981118403354,107,11.7573686444753,0.177744803895004,0.194899817850638,-0.0171550139556335
704,550,704,1753,1.97821279854322,93,10.2247488744427,0.19347299604471,0.169398907103825,0.0240740889408853
705,550,705,1754,1.80609745089383,114,11.6543979614395,0.154971321287432,0.207650273224044,-0.052678951936612
706,550,706,1755,2.1817902582825,110,11.83210254043,0.184395820677465,0.200364298724954,-0.0159684780474899
707,550,707,1756,1.6298068314328,92,10.7791353579572,0.151200145216626,0.167577413479053,-0.0163772682624264
708,550,708,1757,1.9452245364105,106,11.6974484130841,0.166294773673435,0.193078324225865,-0.0267835505524302
709,550,709,1758,2.40012048852469,117,12.3659001582562,0.194091854034761,0.213114754098361,-0.0190229000635994
710,550,710,1759,2.03563257141065,106,10.9926269795073,0.185181629032398,0.193078324225865,-0.00789669519346703
711,550,711,1760,1.89558694404893,91,11.6596010390657,0.162577341857387,0.16575591985428,-0.00317857799689353
712,550,712,1761,2.09453481996492,95,11.5287192826682,0.18167974851411,0.17304189435337,0.00863785416074023
713,550,713,1762,1.92006913717245,99,11.8244126579759,0.162381776813016,0.180327868852459,-0.0179460920394431
714,550,714,1763,1.9999167914152,104,11.5387325561046,0.173322050900395,0.189435336976321,-0.0161132860759258
715,550,715,1764,1.81853685554794,87,11.4050678972084,0.159449892971971,0.158469945355191,0.000979947616780219
716,550,716,1765,2.11608858484255,107,9.95247085210547,0.212619420472343,0.194899817850638,0.0177196026217053
717,550,717,1766,2.05317715559767,111,10.9595722078284,0.187340994398586,0.202185792349727,-0.014844797951141
718,550,718,1767,2.08991552778058,108,12.0289481379946,0.173740505304813,0.19672131147541,-0.0229808061705968
719,550,719,1768,1.87730189969818,99,11.0336978935948,0.170142586628911,0.180327868852459,-0.0101852822235483
720,550,720,1769,1.9868459515294,95,10.8252769025907,0.183537656302714,0.17304189435337,0.0104957619493445
721,550,721,1770,1.77175090488508,80,10.5170032483173,0.168465375834942,0.145719489981785,0.0227458858531566
722,550,722,1771,2.17056278452942,99,11.9479239437598,0.181668614124638,0.180327868852459,0.00134074527217917
723,550,723,1772,2.25893728818493,117,12.0285540927661,0.187797907442877,0.213114754098361,-0.0253168466554832
724,550,724,1773,1.86962587246441,100,11.4361456970714,0.163483915122138,0.182149362477231,-0.0186654473550937
725,550,725,1774,1.79094106330058,94,11.323594627831,0.158160118068766,0.171220400728597,-0.0130602826598319
726,550,726,1775,1.8778543077977,95,11.4376336826213,0.164182064219365,0.17304189435337,-0.00885983013400521
727,550,727,1776,1.78276842275908,91,11.2198128557154,0.15889466657645,0.16575591985428,-0.00686125327783035
728,550,728,1777,2.22047127019853,114,11.5571590398275,0.192129507134625,0.207650273224044,-0.015520766089419
729,550,729,1778,2.12505819314618,107,11.546558770714,0.18404255634467,0.194899817850638,-0.0108572615059677
730,550,730,1779,2.66281605263452,136,11.8143517550026,0.225388248788766,0.247723132969035,-0.022334884180269
731,550,731,1780,2.08104917438224,111,11.0298857492807,0.188673683634298,0.202185792349727,-0.0135121087154292
732,550,732,1781,1.82725767986335,100,11.9672982807101,0.152687568823171,0.182149362477231,-0.0294617936540602
733,550,733,1782,2.02357689119773,103,11.9583675025704,0.169218489962177,0.187613843351548,-0.0183953533893715
734,550,734,1783,1.9769822370543,116,10.8667241769265,0.181929917872771,0.211293260473588,-0.0293633426008177
735,550,735,1784,2.21167234115946,103,12.4224874008926,0.178037801109023,0.187613843351548,-0.00957604224252495
736,550,736,1785,2.00377732799133,101,10.6246150251326,0.188597640785231,0.183970856102004,0.00462678468322719
737,550,737,1786,1.98800434276171,106,11.3299727401896,0.175464177041651,0.193078324225865,-0.0176141471842144
738,550,738,1787,1.8957516355127,85,11.0949568568177,0.170866066446017,0.154826958105647,0.0160391083403704
739,550,739,1788,1.5829063302459,94,10.9176144550186,0.144986465382854,0.171220400728597,-0.0262339353457434
740,550,740,1789,1.81571435643717,91,10.05029329764,0.180662822732102,0.16575591985428,0.0149069028778213
741,550,741,1790,1.88212436578687,96,11.8235903111483,0.159183827945412,0.174863387978142,-0.0156795600327305
742,550,742,1791,2.14876378100281,114,11.2186183221813,0.19153550992588,0.207650273224044,-0.0161147632981636
743,550,743,1792,2.60202851096601,117,12.2533025143937,0.212353241741111,0.213114754098361,-0.000761512357249278
744,550,744,1793,2.05977689476625,105,11.7191406442119,0.175761769339596,0.191256830601093,-0.015495061261497
745,550,745,1794,2.15210578830279,115,12.1972688842241,0.17644161235851,0.209471766848816,-0.0330301544903056
746,550,746,1795,2.21326649814003,111,11.6475859187072,0.190019332210745,0.202185792349727,-0.0121664601389815
747,550,747,1796,1.94980217153558,91,11.4615587428836,0.170116666962615,0.16575591985428,0.00436074710833412
748,550,748,1797,1.85088452575085,95,10.4930439557562,0.176391572698551,0.17304189435337,0.00334967834518082
749,550,749,1798,1.725980802091,98,11.003821980395,0.156852846689641,0.178506375227687,-0.0216535285380453
750,550,750,1799,1.80822073542379,105,10.1518476074711,0.17811740338705,0.191256830601093,-0.0131394272140431
751,550,751,1800,2.12269939292111,103,11.7381251554473,0.180838026925964,0.187613843351548,-0.00677581642558436
752,550,752,1801,2.03858356621572,102,11.4461318209938,0.178102401588341,0.185792349726776,-0.00768994813843521
753,550,753,1802,1.79188443886786,97,10.373987060727,0.17272861710532,0.176684881602914,-0.00395626449759443
754,550,754,1803,2.25826965014342,102,11.9912799124063,0.188325989105383,0.185792349726776,0.00253363937860665
755,550,755,1804,2.10446040942716,112,11.4420928649408,0.183922682176033,0.204007285974499,-0.0200846037984663
756,550,756,1805,1.97002351488824,89,11.131017299282,0.176985037568429,0.162112932604736,0.0148721049636927
757,550,757,1806,1.94167523428233,97,10.6704752622191,0.181967080806345,0.176684881602914,0.00528219920343084
758,550,758,1807,2.01237754097042,117,11.6191809422797,0.173194440379856,0.213114754098361,-0.0399203137185048
759,550,759,1808,2.44980754460132,115,12.4926334592229,0.196100169959978,0.209471766848816,-0.0133715968888382
760,550,760,1809,2.61146339021217,136,11.6709468231784,0.223757629074776,0.247723132969035,-0.0239655038942591
761,550,761,1810,2.02578512700673,105,10.8958012351832,0.185923465680095,0.191256830601093,-0.00533336492099745
762,550,762,1811,1.89435719798582,108,9.98062434339587,0.18980347649687,0.19672131147541,-0.00691783497854029
763,550,763,1812,2.36484800615399,129,11.2517642074743,0.210175752224088,0.234972677595628,-0.0247969253715402
764,550,764,1813,2.16102773735085,108,11.6062015861602,0.186195950613831,0.19672131147541,-0.0105253608615787
765,550,765,1814,2.01024007417082,93,11.6231904276634,0.172950799238944,0.169398907103825,0.00355189213511908
766,550,766,1815,2.2667084842457,100,11.9578184546276,0.189558696918375,0.182149362477231,0.00740933444114397
767,550,767,1816,1.8043885074784,87,11.852957851242,0.152231074312758,0.158469945355191,-0.0062388710424337
768,550,768,1817,1.98759733587614,104,11.9047260835577,0.166958678589113,0.189435336976321,-0.0224766583872071
769,550,769,1818,1.85046893639503,87,10.934828482106,0.169227065556919,0.158469945355191,0.0107571202017281
770,550,770,1819,1.97589147163987,113,11.2759446030945,0.175230682766712,0.205828779599271,-0.0305980968325592
771,550,771,1820,1.96912245452181,102,10.4529949793055,0.188378781241187,0.185792349726776,0.00258643151441104
772,550,772,1821,2.34886252799753,111,12.0531047178395,0.194876140462054,0.202185792349727,-0.00730965188767299
773,550,773,1822,1.96831477811952,104,11.2113131618063,0.175565051989182,0.189435336976321,-0.0138702849871386
774,550,774,1823,1.92891211213836,97,11.2975206352932,0.170737648941528,0.176684881602914,-0.00594723266138641
775,550,775,1824,2.2972026613544,119,11.8816721982937,0.193340013342927,0.216757741347905,-0.0234177280049785
776,550,776,1825,2.36373562034837,134,11.480143799924,0.205897736260413,0.24408014571949,-0.0381824094590774
777,550,777,1826,1.91014721683341,97,11.3641128611642,0.168085906939658,0.176684881602914,-0.00859897466325657
778,550,778,1827,2.3476367679366,119,11.2132741458916,0.209362291280175,0.216757741347905,-0.00739545006773079
779,550,779,1828,2.01289554250682,93,11.8195068812671,0.17030283604277,0.169398907103825,0.000903928938944615
780,550,780,1829,2.21514131873632,117,11.6153438922326,0.190708199368735,0.213114754098361,-0.0224065547296252
781,550,781,1830,1.97225988745017,108,11.0691837234056,0.178175729731531,0.19672131147541,-0.0185455817438793
782,550,782,1831,2.40126581486745,115,12.1684988074992,0.197334597541942,0.209471766848816,-0.0121371693068742
783,550,783,1832,2.3460294331376,131,11.8007556959058,0.198803321888236,0.238615664845173,-0.0398123429569374
784,550,784,1833,2.33597177850186,130,10.6241120962199,0.219874541735398,0.236794171220401,-0.0169196294850024
785,550,785,1834,2.35830505657208,109,12.8423210023784,0.183635423544958,0.198542805100182,-0.0149073815552237
786,550,786,1835,1.79451780399317,99,10.5851043253035,0.169532368207596,0.180327868852459,-0.0107955006448634
787,550,787,1836,1.78388977355917,84,10.6256803988538,0.167884757172971,0.153005464480874,0.0148792926920967
788,550,788,1837,1.84080897511559,89,11.8364927862376,0.155519798673465,0.162112932604736,-0.00659313393127117
789,550,789,1838,2.52423896746418,123,11.8756550341531,0.212555767257027,0.224043715846995,-0.0114879485899674
790,550,790,1839,1.88183697550918,96,11.667826625424,0.16128427649145,0.174863387978142,-0.0135791114866926
791,550,791,1840,2.15279598946761,128,11.460249897627,0.187848956933598,0.233151183970856,-0.0453022270372581
792,550,792,1841,1.97569044885357,97,11.3842202536467,0.173546400617178,0.176684881602914,-0.00313848098573599
793,550,793,1842,2.1249447636801,99,11.5285581771695,0.184320079842093,0.180327868852459,0.00399221098963365
794,550,794,1843,1.91978684820574,89,11.7726791980128,0.163071363443744,0.162112932604736,0.000958430839007651
795,550,795,1844,1.55506737514527,77,11.9691940019049,0.129922480569517,0.140255009107468,-0.0103325285379512
796,550,796,1845,2.35137602243582,117,11.4026659091158,0.206212831383231,0.213114754098361,-0.0069019227151294
797,550,797,1846,1.89103228301456,99,11.8422518518196,0.159685193886837,0.180327868852459,-0.0206426749656221
798,550,798,1847,2.15374109084672,107,11.5230391503242,0.186907382917823,0.194899817850638,-0.00799243493281435
799,550,799,1848,2.17675572286443,97,11.4392262860523,0.190288719571753,0.176684881602914,0.013603837968839
800,550,800,1849,2.22339970523863,121,11.3079810770679,0.19662216359272,0.22040072859745,-0.0237785650047296
801,550,801,1850,2.40865626079767,129,11.4282376029213,0.210763579170071,0.234972677595628,-0.0242090984255578
802,550,802,1851,1.81838118763664,94,11.2664430511557,0.161397983319155,0.171220400728597,-0.00982241740944223
803,550,803,1852,1.89780463421519,97,10.7049668839038,0.17728262542024,0.176684881602914,0.000597743817325108
804,550,804,1853,2.34602407021626,118,10.9900402199854,0.213468196954366,0.214936247723133,-0.00146805076876655
805,550,805,1854,1.76412499457124,97,11.2380636860547,0.156977664823197,0.176684881602914,-0.0197072167797172
806,550,806,1855,1.90345766280641,97,10.8239662157008,0.175855839243598,0.176684881602914,-0.000829042359316384
807,550,807,1856,1.87115667309143,111,11.6949705120063,0.159996698680895,0.202185792349727,-0.0421890936688321
808,550,808,1857,2.11670590778424,102,11.2132857894847,0.188767676800781,0.185792349726776,0.0029753270740053
809,550,809,1858,2.19900352362248,122,11.1352682120641,0.197480966039062,0.222222222222222,-0.0247412561831605
810,550,810,1859,1.75346328984863,90,11.5436522118099,0.151898485650385,0.163934426229508,-0.0120359405791235
811,550,811,1860,2.17324883465933,112,11.2081819048729,0.193898426444567,0.204007285974499,-0.0101088595299316
812,550,812,1861,2.08355228290814,114,10.7637767031649,0.193570745693332,0.207650273224044,-0.0140795275307114
813,550,813,1862,2.02439512023083,101,11.1264583540657,0.18194424998599,0.183970856102004,-0.00202660611601369
814,550,814,1863,2.0753397714772,108,11.7684603454371,0.176347602877539,0.19672131147541,-0.0203737085978711
815,550,815,1864,1.81224507547268,100,10.9961725515077,0.16480689685287,0.182149362477231,-0.0173424656243615
816,550,816,1865,2.11591991337775,108,11.8958269588949,0.177870771043421,0.19672131147541,-0.0188505404319889
817,550,817,1866,1.90809102914847,108,10.973804536259,0.173876892270485,0.19672131147541,-0.0228444192049249
818,550,818,1867,1.83437077011238,99,11.2158220106362,0.163552057831589,0.180327868852459,-0.0167758110208704
819,550,819,1868,1.83126736965695,97,12.0524119933282,0.151941982291236,0.176684881602914,-0.0247428993116782
820,550,820,1869,2.29987474960252,94,12.4449339768162,0.184804094090574,0.171220400728597,0.0135836933619761
821,550,821,1870,2.12507742086294,133,11.3253923622665,0.187638304518543,0.242258652094718,-0.0546203475761745
822,550,822,1871,1.89511067193265,93,11.6712120833503,0.162374795213956,0.169398907103825,-0.00702411188986882
823,550,823,1872,1.8509878882195,106,11.0587121661864,0.167378249872455,0.193078324225865,-0.0257000743534098
824,550,824,1873,1.89566656847138,101,11.500778099775,0.164829418672853,0.183970856102004,-0.0191414374291508
825,550,825,1874,1.9233070010699,111,10.7625678479381,0.17870335669367,0.202185792349727,-0.0234824356560572
826,550,826,1875,2.0137182349359,98,11.8844278288517,0.16944174881076,0.178506375227687,-0.00906462641692637
827,550,827,1876,1.88477644456823,101,11.2030266899253,0.168238146416556,0.183970856102004,-0.0157327096854475
828,550,828,1877,1.94917062305049,95,10.4865288428465,0.185873767407806,0.17304189435337,0.012831873054436
829,550,829,1878,2.50067901401755,122,11.097391420051,0.225339354030468,0.222222222222222,0.00311713180824627
830,550,830,1879,1.99868102930057,96,10.6329569059659,0.187970387445016,0.174863387978142,0.0131069994668735
831,550,831,1880,2.21127672944676,125,11.6657158157771,0.189553454272918,0.227686703096539,-0.0381332488236212
832,550,832,1881,1.81594507183906,92,11.2277975361842,0.161736535236474,0.167577413479053,-0.00584087824257867
833,550,833,1882,1.90916695816231,93,11.0104274201996,0.173396262043358,0.169398907103825,0.00399735493953268
834,550,834,1883,2.27498550623699,115,12.1314411943337,0.187528049618671,0.209471766848816,-0.0219437172301453
835,550,835,1884,1.91823405050311,93,12.1719123207122,0.157595125561246,0.169398907103825,-0.0118037815425795
836,550,836,1885,2.90616350480159,135,11.9221591769856,0.243761508436461,0.245901639344262,-0.00214013090780132
837,550,837,1886,1.98315858349021,110,11.0954021701275,0.178736971682697,0.200364298724954,-0.0216273270422576
838,550,838,1887,1.97742515828778,107,11.3237221894487,0.174626781300792,0.194899817850638,-0.0202730365498454
839,550,839,1888,1.76763238861165,96,10.6084927168073,0.166624273193037,0.174863387978142,-0.00823911478510528
840,550,840,1889,1.78440364499046,88,10.7315794866272,0.166275956602105,0.160291438979964,0.00598451762214097
841,550,841,1890,1.83628935994179,91,11.97283108684,0.153371357753485,0.16575591985428,-0.0123845621007953
842,550,842,1891,1.87014790137755,90,10.8752697162615,0.171963358166756,0.163934426229508,0.00802893193724799
843,550,843,1892,2.11620185702153,113,11.4739916598671,0.18443466927237,0.205828779599271,-0.0213941103269017
844,550,844,1893,1.91650681698762,83,10.6437761542684,0.180058917926327,0.151183970856102,0.0288749470702255
845,550,845,1894,2.32713900573438,108,12.4144395974709,0.187454213092992,0.19672131147541,-0.00926709838241777
846,550,846,1895,2.27931075581908,107,12.1866698015573,0.187033110187971,0.194899817850638,-0.00786670766266689
847,550,847,1896,2.28947386833452,115,12.2683189988218,0.186616753978633,0.209471766848816,-0.0228550128701827
848,550,848,1897,1.85015788030278,107,10.4203311103703,0.177552695850663,0.194899817850638,-0.0173471219999744
849,550,849,1898,2.15636187626112,116,11.5072620124683,0.187391394575415,0.211293260473588,-0.0239018658981738
850,550,850,1899,2.03181898676075,95,11.2261855481438,0.18098925748619,0.17304189435337,0.00794736313282041
851,550,851,1900,2.06409451448236,102,12.0786157963844,0.17088833267635,0.185792349726776,-0.0149040170504257
852,550,852,1901,2.13532364973611,103,12.1844095117248,0.175250482814234,0.187613843351548,-0.0123633605373146
853,550,853,1902,1.7468661270913,92,11.6304939838381,0.150197070693538,0.167577413479053,-0.0173803427855149
854,550,854,1903,1.93771862871698,89,11.2771642147547,0.171826763521075,0.162112932604736,0.00971383091633929
855,550,855,1904,1.94359785241037,111,10.8504542398244,0.179125943435326,0.202185792349727,-0.0230598489144009
856,550,856,1905,2.28345972561223,113,10.9290301066143,0.208935258054626,0.205828779599271,0.00310647845535467
857,550,857,1906,2.0390260427592,114,10.3619033290874,0.196781033175183,0.207650273224044,-0.0108692400488606
858,550,858,1907,2.07076444925383,104,10.7463283642623,0.192695065613323,0.189435336976321,0.00325972863700208
859,550,859,1908,2.1810524410743,117,11.233059981909,0.194163695786092,0.213114754098361,-0.0189510583122686
860,550,860,1909,2.02821005209613,85,11.2555439037207,0.180196538652003,0.154826958105647,0.025369580546356
861,550,861,1910,1.80275353426835,89,10.9617354709072,0.164458770151216,0.162112932604736,0.00234583754648002
862,550,862,1911,2.03318025566903,106,11.5992552724222,0.175285413409517,0.193078324225865,-0.0177929108163485
863,550,863,1912,1.71061291702215,85,11.3738861674382,0.15039828004604,0.154826958105647,-0.00442867805960706
864,550,864,1913,1.89262664655034,103,10.8878728806601,0.173828870643061,0.187613843351548,-0.0137849727084876
865,550,865,1914,2.05615091075771,106,11.5846459425619,0.17748931827113,0.193078324225865,-0.0155890059547357
866,550,866,1915,1.76120465895472,90,11.3685048848778,0.154919637787855,0.163934426229508,-0.00901478844165346
867,550,867,1916,2.34211266547714,109,12.6089426544457,0.185750124309698,0.198542805100182,-0.0127926807904842
868,550,868,1917,2.22356711110668,121,11.0752269117387,0.200769440556555,0.22040072859745,-0.0196312880408945
869,550,869,1918,1.99407137652456,110,11.275854174531,0.176844374329407,0.200364298724954,-0.0235199243955475
870,550,870,1919,2.06053963368199,91,11.8242692788457,0.174263591693435,0.16575591985428,0.00850767183915468
871,550,871,1920,1.89958994775218,128,10.2261650276372,0.18575780291227,0.233151183970856,-0.0473933810585862
872,550,872,1921,2.06558460925771,85,12.1580853706364,0.169893905684065,0.154826958105647,0.0150669475784181
873,550,873,1922,2.18733770084224,100,12.3555828576424,0.177032336397573,0.182149362477231,-0.00511702607965836
874,550,874,1923,1.95602862034884,105,11.5949010184868,0.16869731076015,0.191256830601093,-0.0225595198409432
875,550,875,1924,2.1259003524877,106,11.5166898099951,0.184593002638889,0.193078324225865,-0.00848532158697618
876,550,876,1925,2.26438103037879,110,11.3112056569175,0.200189183988002,0.200364298724954,-0.000175114736952253
877,550,877,1926,2.10327936713758,115,10.764610237664,0.195388343906635,0.209471766848816,-0.0140834229421815
878,550,878,1927,2.14800737240891,126,10.6318607407509,0.202034942404372,0.229508196721311,-0.0274732543169392
879,550,879,1928,1.82255934097629,98,12.1040321802746,0.150574561751945,0.178506375227687,-0.0279318134757418
880,550,880,1929,1.98215276210296,93,12.2367141698323,0.161984069791354,0.169398907103825,-0.0074148373124712
881,550,881,1930,1.94668829708,91,11.6557681612089,0.167015015240154,0.16575591985428,0.0012590953858736
882,550,882,1931,1.86707557206049,112,10.9775126446009,0.170081842080936,0.204007285974499,-0.0339254438935628
883,550,883,1932,1.85351977533903,92,11.6377091001043,0.159268440153949,0.167577413479053,-0.00830897332510402
884,550,884,1933,1.95943930585716,95,11.5317895024755,0.169916326120637,0.17304189435337,-0.00312556823273288
885,550,885,1934,1.88819808736465,110,10.9350513734656,0.172673910974615,0.200364298724954,-0.0276903877503394
886,550,886,1935,2.30878302484691,102,12.1272848736993,0.190379219165043,0.185792349726776,0.00458686943826661
887,550,887,1936,1.9346816106584,94,11.6310457462849,0.166337718280952,0.171220400728597,-0.00488268244764556
888,550,888,1937,2.5659004774162,137,11.4996153719906,0.223129243406341,0.249544626593807,-0.0264153831874663
889,550,889,1938,1.80387346538944,87,11.0738493443172,0.162894889509685,0.158469945355191,0.00442494415449379
890,550,890,1939,2.05687003699835,93,11.9248942943229,0.172485389491257,0.169398907103825,0.00308648238743223
891,550,891,1940,1.98823073494108,104,11.5332624087978,0.1723910082393,0.189435336976321,-0.0170443287370208
892,550,892,1941,2.13678581986733,96,11.1254891399816,0.192062190972654,0.174863387978142,0.0171988029945115
893,550,893,1942,1.80541849406251,90,11.6305680905984,0.155230465098428,0.163934426229508,-0.00870396113108063
894,550,894,1943,2.05486923939489,104,11.3860136862944,0.180473104636119,0.189435336976321,-0.00896223234020194
895,550,895,1944,2.01116065579633,108,10.5721859477613,0.190231298024246,0.19672131147541,-0.00649001345116373
896,550,896,1945,1.98156274089585,113,10.6504328081391,0.186054668067718,0.205828779599271,-0.0197741115315536
897,550,897,1946,2.29225435461794,97,11.4326903679911,0.200499994387648,0.176684881602914,0.023815112784734
898,550,898,1947,1.5468858114656,88,11.0406427076403,0.140108311846296,0.160291438979964,-0.0201831271336679
899,550,899,1948,1.73004213990858,84,11.2777400839039,0.153403264043812,0.153005464480874,0.000397799562937617
900,550,900,1949,1.89749853143136,80,11.1960100743684,0.169479887819626,0.145719489981785,0.0237603978378408
901,550,901,1950,1.96177731204832,98,11.7774535373943,0.166570583854951,0.178506375227687,-0.0119357913727362
902,550,902,1951,1.95149037899384,110,10.5562100913056,0.184866572578083,0.200364298724954,-0.0154977261468717
903,550,903,1952,1.83848903691988,94,11.3871858603924,0.161452448344998,0.171220400728597,-0.00976795238359987
904,550,904,1953,1.79518119340326,113,10.1099846781699,0.177565174483353,0.205828779599271,-0.0282636051159182
905,550,905,1954,1.96605607873141,97,10.9316987941918,0.179849089857471,0.176684881602914,0.00316420825455682
906,550,906,1955,1.99709508836976,105,11.6078883864949,0.17204637242147,0.191256830601093,-0.0192104581796229
907,550,907,1956,1.74453257803402,97,10.3946219909713,0.167830304897024,0.176684881602914,-0.00885457670589065
908,550,908,1957,1.92195011603653,92,11.3583133667022,0.169210872599349,0.167577413479053,0.001633459120296
909,550,909,1958,2.05070105791761,100,10.8140443692812,0.189633127800263,0.182149362477231,0.00748376532303177
910,550,910,1959,1.98237615843047,107,11.6705489135689,0.169861432663689,0.194899817850638,-0.0250383851869489
911,550,911,1960,2.27869272989457,111,11.6667679256492,0.195314824501214,0.202185792349727,-0.00687096784851277
912,550,912,1961,1.93564916632183,92,12.1728484771514,0.159013658138854,0.167577413479053,-0.00856375534019879
913,550,913,1962,1.65912557610746,90,11.2083107982332,0.148026371321626,0.163934426229508,-0.0159080549078822
914,550,914,1963,2.28854289481851,109,11.5186438501666,0.198681626464682,0.198542805100182,0.000138821364500247
915,550,915,1964,2.0611743881945,107,12.1393193640168,0.169793241810922,0.194899817850638,-0.0251065760397159
916,550,916,1965,2.10478662907994,112,11.8702240810279,0.177316503438551,0.204007285974499,-0.0266907825359485
917,550,917,1966,1.86647357820969,101,11.4709251909499,0.162713429574301,0.183970856102004,-0.0212574265277029
918,550,918,1967,2.2298288973733,101,11.0617237700959,0.201580598441753,0.183970856102004,0.0176097423397492
919,550,919,1968,2.00777037081993,104,11.2122543052132,0.179069285815824,0.189435336976321,-0.0103660511604969
920,550,920,1969,2.03554927917427,110,11.6137378566557,0.175270813264286,0.200364298724954,-0.0250934854606684
921,550,921,1970,2.2231705699839,110,12.5589449982136,0.177018895321233,0.200364298724954,-0.0233454034037215
922,550,922,1971,2.04829442000446,106,11.1675292581835,0.183415182772276,0.193078324225865,-0.00966314145358904
923,550,923,1972,2.18992760789975,147,10.8411583776238,0.202001255919274,0.26775956284153,-0.0657583069222563
924,550,924,1973,1.95525337080842,105,11.589148301774,0.168714155682098,0.191256830601093,-0.0225426749189954
925,550,925,1974,2.4141858137236,113,12.9656397109892,0.186198742795346,0.205828779599271,-0.0196300368039255
926,550,926,1975,1.92981524409005,122,10.6155173300121,0.181791916879462,0.222222222222222,-0.0404303053427604
927,550,927,1976,1.99746775186151,117,11.3031815548596,0.176717302307043,0.213114754098361,-0.0363974517913181
928,550,928,1977,2.11789847345247,102,11.9277089293281,0.177561213641367,0.185792349726776,-0.00823113608540865
929,550,929,1978,2.13019081777591,110,10.9276579140609,0.194935715825707,0.200364298724954,-0.00542858289924733
930,550,930,1979,2.58516699488915,148,12.1378475294043,0.212983973363193,0.269581056466302,-0.0565970831031093
931,550,931,1980,2.26618699787608,113,12.2846447203275,0.184473141020203,0.205828779599271,-0.0213556385790681
932,550,932,1981,2.34105863230178,120,11.1410353100513,0.210129361154588,0.218579234972678,-0.0084498738180897
933,550,933,1982,2.0249690185097,93,12.3339644281261,0.164178276199013,0.169398907103825,-0.00522063090481167
934,550,934,1983,1.71534483766217,94,11.1545958606168,0.153779200886917,0.171220400728597,-0.0174411998416802
935,550,935,1984,2.47062761059404,121,11.9941677660666,0.205985747304939,0.22040072859745,-0.0144149812925111
936,550,936,1985,2.16010194929806,110,11.4929973075396,0.187949400099571,0.200364298724954,-0.0124148986253834
937,550,937,1986,2.58979294734795,122,12.525443582957,0.206762573332876,0.222222222222222,-0.0154596488893465
938,550,938,1987,2.20073626465957,90,11.6946700082367,0.188182844245247,0.163934426229508,0.024248418015739
939,550,939,1988,2.07290707686974,109,10.5818099897788,0.195893432113409,0.198542805100182,-0.00264937298677279
940,550,940,1989,1.92566090868503,89,11.2799101647589,0.170715979166327,0.162112932604736,0.00860304656159144
941,550,941,1990,2.00371117636161,106,11.2661790182525,0.177851885108108,0.193078324225865,-0.0152264391177575
942,550,942,1991,1.96354453523477,111,10.5776152505388,0.185632062494875,0.202185792349727,-0.0165537298548513
943,550,943,1992,1.95780727859869,81,11.5975569535906,0.168812042608038,0.147540983606557,0.021271059001481
944,550,944,1993,1.67775489171253,84,10.6741460417636,0.157179308316389,0.153005464480874,0.00417384383551503
945,550,945,1994,1.71689262746802,90,11.5960327720793,0.148058621531488,0.163934426229508,-0.0158758046980206
946,550,946,1995,1.72949751853694,105,11.1066739895611,0.155716960825756,0.191256830601093,-0.0355398697753365
947,550,947,1996,2.32406813205768,112,11.3204136321468,0.205298870481019,0.204007285974499,0.00129158450652017
948,550,948,1997,2.01258137738997,103,10.9742677005987,0.183390949838063,0.187613843351548,-0.00422289351348565
949,550,949,1998,1.93123970107126,95,11.1479862225066,0.173236642253135,0.17304189435337,0.000194747899765202
950,550,950,1999,1.79935759856126,88,11.7597036555793,0.153010454281947,0.160291438979964,-0.00728098469801644
951,550,951,2000,2.12009557111163,114,11.7156894343231,0.180962083622706,0.207650273224044,-0.0266881896013376
952,550,952,2001,2.1947823191256,114,11.220849508906,0.195598587912939,0.207650273224044,-0.0120516853111051
953,550,953,2002,1.9896978142261,86,11.4482397303374,0.173799453985357,0.156648451730419,0.0171510022549379
954,550,954,2003,1.84948739462731,91,11.1310244510196,0.166156080490678,0.16575591985428,0.00040016063639714
955,550,955,2004,1.87024170257293,94,11.3461898322274,0.164834339124201,0.171220400728597,-0.00638606160439664
956,550,956,2005,1.97220718371523,97,11.8378024041553,0.166602475390444,0.176684881602914,-0.0100824062124704
957,550,957,2006,2.16589072640949,112,11.9592319719646,0.181106172326691,0.204007285974499,-0.0229011136478084
958,550,958,2007,2.0239620167282,120,11.0976149638274,0.182378107667755,0.218579234972678,-0.0362011273049224
959,550,959,2008,1.9935747874913,92,11.2302805569648,0.177517807981647,0.167577413479053,0.00994039450259451
960,550,960,2009,1.9893824649862,101,11.1128050278082,0.179017130239221,0.183970856102004,-0.00495372586278264
961,550,961,2010,2.01859817646434,94,11.6181756772968,0.173744848806935,0.171220400728597,0.00252444807833793
962,550,962,2011,1.86836825608386,95,11.9919237408683,0.155802212927396,0.17304189435337,-0.0172396814259734
963,550,963,2012,2.44660319279856,105,12.3629739731591,0.197897625450827,0.191256830601093,0.0066407948497344
964,550,964,2013,2.2177887320704,120,11.3588441484261,0.195247747313947,0.218579234972678,-0.0233314876587309
965,550,965,2014,2.00547815933114,94,11.8492319051614,0.169249633679426,0.171220400728597,-0.00197076704917096
966,550,966,2015,1.73195293243417,103,10.4123998661671,0.166335614718543,0.187613843351548,-0.0212782286330057
967,550,967,2016,1.97489683443499,98,11.693350077518,0.168890593486292,0.178506375227687,-0.0096157817413946
968,550,968,2017,1.96460511423887,84,11.4596460544783,0.17143680571802,0.153005464480874,0.0184313412371455
969,550,969,2018,1.88597751502039,99,11.2853431938908,0.167117426791357,0.180327868852459,-0.0132104420611018
970,550,970,2019,2.14560316028193,129,11.4326149970694,0.187673875209821,0.234972677595628,-0.0472988023858072
971,550,971,2020,2.07040039446683,104,11.2895103421504,0.183391514044397,0.189435336976321,-0.00604382293192396
972,550,972,2021,2.1469426005374,102,11.5864455254181,0.185297777116155,0.185792349726776,-0.000494572610620636
973,550,973,2022,2.1775439787662,122,11.0889711844552,0.1963702441412,0.222222222222222,-0.025851978081022
974,550,974,2023,1.90759792937644,117,10.6292844898936,0.179466259576569,0.213114754098361,-0.0336484945217919
975,550,975,2024,2.16960199404426,95,11.535909567906,0.188073769239688,0.17304189435337,0.015031874886318
976,550,976,2025,2.2218734631462,99,11.8889382502478,0.186885777045725,0.180327868852459,0.00655790819326627
977,550,977,2026,1.99130443969917,113,11.4263797555239,0.174272558964839,0.205828779599271,-0.0315562206344329
978,550,978,2027,2.15608252213395,114,10.9470701747235,0.196955211551699,0.207650273224044,-0.0106950616723451
979,550,979,2028,1.98185735339931,98,11.8357852608615,0.167446207388782,0.178506375227687,-0.0110601678389045
980,550,980,2029,1.99782622961602,115,10.6144587856094,0.188217437173959,0.209471766848816,-0.021254329674857
981,550,981,2030,2.17359205023339,116,11.1582424930468,0.194796989901218,0.211293260473588,-0.0164962705723703
982,550,982,2031,2.1610053396711,103,12.5249011666176,0.172536717928824,0.187613843351548,-0.015077125422724
983,550,983,2032,2.08690473652118,99,12.1016144546503,0.172448456719693,0.180327868852459,-0.00787941213276558
984,550,984,2033,1.96741504580621,91,11.3791652473038,0.172896254079127,0.16575591985428,0.00714033422484692
985,550,985,2034,2.01580778252859,94,11.808496317584,0.170708253473971,0.171220400728597,-0.000512147254626644
986,550,986,2035,1.80616001724788,95,11.346840633653,0.159177349498598,0.17304189435337,-0.0138645448547721
987,550,987,2036,2.01136942795292,94,11.3372285015726,0.177412797816849,0.171220400728597,0.00619239708825112
988,550,988,2037,2.44956392145457,131,11.5878750197104,0.211390260706814,0.238615664845173,-0.027225404138359
989,550,989,2038,2.18888648607899,91,13.1393593472541,0.166590046609574,0.16575591985428,0.000834126755293291
990,550,990,2039,2.32472071390272,124,11.4196836261901,0.203571376405837,0.225865209471767,-0.0222938330659294
991,550,991,2040,1.81985577400601,93,10.9856565788581,0.165657442588212,0.169398907103825,-0.00374146451561316
992,550,992,2041,1.97420196816225,123,10.701336873041,0.184481807421248,0.224043715846995,-0.0395619084257468
993,550,993,2042,2.08729755024558,101,11.8992587007052,0.175414082737933,0.183970856102004,-0.00855677336407032
994,550,994,2043,1.82619273560317,104,11.2638172573565,0.162129116078341,0.189435336976321,-0.0273062208979794
995,550,995,2044,1.90414178307356,98,11.2505788368935,0.169248339190282,0.178506375227687,-0.00925803603740502
996,550,996,2045,1.82615162875086,91,11.4923386108781,0.15890165531864,0.16575591985428,-0.00685426453564009
997,550,997,2046,2.18820742383265,100,12.0922316277039,0.180959767493981,0.182149362477231,-0.00118959498325052
998,550,998,2047,2.01577376931301,109,11.1847296960983,0.180225523913752,0.198542805100182,-0.01831728118643
999,550,999,2048,1.6979402968689,88,10.9854926219271,0.154562053364799,0.160291438979964,-0.00572938561516417
1000,550,1000,2049,2.2403092557831,116,11.6196270746432,0.192803886165331,0.211293260473588,-0.0184893743082576
1001,600,1,2050,1.99431647797456,114,11.6550563091525,0.171111698225641,0.190317195325543,-0.0192054970999016
1002,600,2,2051,1.86167274544622,101,11.7921154086976,0.157874366127141,0.168614357262103,-0.0107399911349625
1003,600,3,2052,2.21347003805787,137,11.5079225298973,0.192343147280261,0.228714524207012,-0.0363713769267511
1004,600,4,2053,1.79476912119973,94,11.193266744961,0.160343638912,0.156928213689482,0.0034154252225172
1005,600,5,2054,2.16206067970025,111,12.1284943692681,0.178262908311077,0.185308848080134,-0.00704593976905665
1006,600,6,2055,1.85860906833127,103,11.1349814548517,0.166916224860119,0.17195325542571,-0.00503703056559077
1007,600,7,2056,2.01833284209045,108,11.8172154835749,0.170795975151321,0.180300500834725,-0.00950452568340396
1008,600,8,2057,2.1974329649751,110,11.8067163854299,0.186117197469641,0.183639398998331,0.00247779847131008
1009,600,9,2058,2.02332037384151,106,11.162371457701,0.181262591153568,0.176961602671119,0.0043009884824492
1010,600,10,2059,1.92642803223508,115,11.2370579322366,0.171435267474113,0.191986644407346,-0.020551376933233
1011,600,11,2060,1.86458656139571,107,12.5834112468176,0.148178146992316,0.178631051752922,-0.0304529047606053
1012,600,12,2061,2.13521765098772,122,11.3490800362648,0.188140152696505,0.203672787979967,-0.0155326352834617
1013,600,13,2062,1.87993010648188,94,12.5802268214013,0.149435310918541,0.156928213689482,-0.00749290277094145
1014,600,14,2063,2.0193190547938,106,12.3698155035313,0.163245689009454,0.176961602671119,-0.0137159136616648
1015,600,15,2064,2.30041582823912,122,12.0170658347727,0.191429077602505,0.203672787979967,-0.0122437103774621
1016,600,16,2065,2.2433605485449,110,12.4375410815561,0.180370101600841,0.183639398998331,-0.00326929739748946
1017,600,17,2066,2.26565872753478,129,11.4323451089187,0.198179700310769,0.215358931552588,-0.017179231241819
1018,600,18,2067,1.84052997007033,107,12.144380232866,0.151554046791895,0.178631051752922,-0.027077004961027
1019,600,19,2068,2.01090436022895,114,11.5899544796116,0.173504077498011,0.190317195325543,-0.0168131178275316
1020,600,20,2069,2.44786385942519,132,12.4773663262761,0.196184338538673,0.220367278797997,-0.0241829402593242
1021,600,21,2070,2.07718977752748,117,11.9763078453963,0.173441581858298,0.195325542570952,-0.0218839607126537
1022,600,22,2071,1.85256136630923,89,11.2389462489813,0.164834080105787,0.148580968280467,0.01625311182532
1023,600,23,2072,2.41067806090814,105,13.3165008992965,0.181029391965535,0.175292153589316,0.00573723837621973
1024,600,24,2073,1.81766021637922,99,11.7565859107603,0.154607828342036,0.165275459098498,-0.0106676307564612
1025,600,25,2074,1.97138791468653,103,11.9825378195215,0.164521735243333,0.17195325542571,-0.0074315201823765
1026,600,26,2075,1.83874103053907,107,11.2766275089446,0.163057707553129,0.178631051752922,-0.0155733441997922
1027,600,27,2076,1.76719627475899,104,11.5955000716955,0.152403627599701,0.173622704507513,-0.0212190769078112
1028,600,28,2077,2.13428497133873,112,12.4272315616804,0.171742592929533,0.186978297161937,-0.0152357042324035
1029,600,29,2078,1.86761387807737,98,12.1950504464089,0.153145235953273,0.163606010016695,-0.0104607740634212
1030,600,30,2079,1.93590691950073,110,11.7002964975952,0.165457936890627,0.183639398998331,-0.0181814621077035
1031,600,31,2080,1.75057943081157,93,11.0309117582188,0.15869761894408,0.155258764607679,0.00343885433640015
1032,600,32,2081,1.88699405222436,101,11.2583395799911,0.167608557089361,0.168614357262103,-0.00100580017274221
1033,600,33,2082,1.99807962518971,100,11.5015458928059,0.173722701610006,0.1669449081803,0.0067777934297053
1034,600,34,2083,1.79060556589817,103,11.558167078698,0.154921239129542,0.17195325542571,-0.0170320162961674
1035,600,35,2084,2.00329951469466,126,11.4803889977561,0.174497529228863,0.210350584307179,-0.0358530550783152
1036,600,36,2085,1.99309786075736,106,12.1837310588685,0.1635868233735,0.176961602671119,-0.0133747792976181
1037,600,37,2086,2.23583498404653,117,12.3738587321634,0.180690197976393,0.195325542570952,-0.0146353445945585
1038,600,38,2087,2.1134904583803,99,12.6425153830942,0.16717325582269,0.165275459098498,0.00189779672419288
1039,600,39,2088,2.054330252455,122,11.8443211486412,0.173444322107956,0.203672787979967,-0.0302284658720103
1040,600,40,2089,1.74753657841378,101,11.6188442043561,0.150405371453264,0.168614357262103,-0.0182089858088397
1041,600,41,2090,2.22649560238904,103,11.93529524235,0.186547174341256,0.17195325542571,0.0145939189155469
1042,600,42,2091,2.00669554856557,110,12.6420729072832,0.158731527913393,0.183639398998331,-0.0249078710849378
1043,600,43,2092,2.29135543083287,122,12.0419951716252,0.190280381130864,0.203672787979967,-0.0133924068491026
1044,600,44,2093,1.78934826278846,99,11.5471529550477,0.154960124781777,0.165275459098498,-0.0103153343167202
1045,600,45,2094,2.06311662250008,125,10.8733518355556,0.18974062954109,0.208681135225376,-0.0189405056842858
1046,600,46,2095,2.12804609509847,108,11.8068150365411,0.180238793316601,0.180300500834725,-6.1707518123788e-05
1047,600,47,2096,2.26017634965362,109,11.9300304472939,0.189452689130923,0.181969949916528,0.00748273921439563
1048,600,48,2097,1.88571153201845,103,11.6285182606133,0.162162666795261,0.17195325542571,-0.00979058863044832
1049,600,49,2098,2.03656993937491,115,12.5503826842681,0.162271541084381,0.191986644407346,-0.0297151033229643
1050,600,50,2099,2.05062590153977,112,11.2584662780234,0.182140786400241,0.186978297161937,-0.00483751076169589
1051,600,51,2100,2.00453962573967,102,12.3411121535133,0.162427794254265,0.170283806343907,-0.00785601208964176
1052,600,52,2101,2.08606418503892,107,12.3064385295652,0.169509982927012,0.178631051752922,-0.00912106882590924
1053,600,53,2102,2.08946693157159,97,12.9485375676035,0.161367020844062,0.161936560934891,-0.000569540090829102
1054,600,54,2103,2.0240884649232,103,12.6291496983164,0.16027115944259,0.17195325542571,-0.0116820959831195
1055,600,55,2104,2.26623448357601,119,12.3540510359651,0.183440595880538,0.198664440734558,-0.0152238448540197
1056,600,56,2105,2.56032066087403,121,12.5177552679492,0.204535126791427,0.202003338898164,0.00253178789326292
1057,600,57,2106,2.15948642645713,121,11.0281511342981,0.195815817189975,0.202003338898164,-0.00618752170818865
1058,600,58,2107,2.00020238456578,120,11.8533370529276,0.168745929997135,0.200333889816361,-0.0315879598192256
1059,600,59,2108,2.03720641292627,102,11.9893149650436,0.169918499836397,0.170283806343907,-0.000365306507509683
1060,600,60,2109,1.88497761850743,95,12.7519783153504,0.14781844603973,0.158597662771285,-0.0107792167315551
1061,600,61,2110,1.90836672884035,92,12.3599279431185,0.154399502782122,0.153589315525876,0.000810187256245348
1062,600,62,2111,2.08714001990038,116,12.2115083629621,0.170915824471836,0.193656093489149,-0.0227402690173124
1063,600,63,2112,2.1894922797295,117,11.8764278056319,0.184356130947997,0.195325542570952,-0.010969411622955
1064,600,64,2113,2.04290800559628,113,11.8271143900763,0.172730890918786,0.18864774624374,-0.0159168553249536
1065,600,65,2114,2.2320028108453,118,12.2737206318603,0.181852176515362,0.196994991652755,-0.0151428151373929
1066,600,66,2115,2.09619494233004,109,12.2458213613858,0.171176345013482,0.181969949916528,-0.0107936049030454
1067,600,67,2116,1.86280970187223,94,11.5221026917499,0.161672721699143,0.156928213689482,0.0047445080096602
1068,600,68,2117,1.96011264609935,102,11.9632560734989,0.16384441109151,0.170283806343907,-0.00643939525239687
1069,600,69,2118,2.2037087616359,125,11.9209886699007,0.184859563468929,0.208681135225376,-0.0238215717564463
1070,600,70,2119,1.75575322226997,94,11.2184100511372,0.156506422413396,0.156928213689482,-0.000421791276086547
1071,600,71,2120,2.04037686985348,103,11.6147016293566,0.175671914351751,0.17195325542571,0.00371865892604167
1072,600,72,2121,1.8494912372228,102,12.669220544053,0.145983032720269,0.170283806343907,-0.0243007736236378
1073,600,73,2122,2.20714865797583,104,12.8227679400647,0.172127318243014,0.173622704507513,-0.00149538626449874
1074,600,74,2123,2.5133418556968,129,11.6113393078254,0.216455810054827,0.215358931552588,0.00109687850223902
1075,600,75,2124,1.87539465429989,102,12.3795411760684,0.151491450904927,0.170283806343907,-0.0187923554389794
1076,600,76,2125,1.75127212215683,94,12.3809416823888,0.141449024402394,0.156928213689482,-0.0154791892870885
1077,600,77,2126,1.95863356058414,104,12.4246593008701,0.157640826452841,0.173622704507513,-0.0159818780546713
1078,600,78,2127,1.78775477760503,110,10.7769670673773,0.165886632707333,0.183639398998331,-0.017752766290998
1079,600,79,2128,1.68607735748792,98,11.4843601413402,0.146815089107015,0.163606010016695,-0.0167909209096791
1080,600,80,2129,1.67995090724961,90,10.6127146191375,0.158296059730112,0.15025041736227,0.00804564236784117
1081,600,81,2130,1.88866926086414,110,11.9888027465318,0.157536102711383,0.183639398998331,-0.0261032962869477
1082,600,82,2131,2.09736493446912,103,11.3422975322939,0.184915351453044,0.17195325542571,0.0129620960273347
1083,600,83,2132,1.84072755791206,101,12.0072844219166,0.15330090412052,0.168614357262103,-0.015313453141583
1084,600,84,2133,2.16391725684636,88,10.9955013174218,0.196800236240048,0.146911519198664,0.0498887170413832
1085,600,85,2134,2.0461910168742,109,11.9215182375943,0.171638458801461,0.181969949916528,-0.0103314911150665
1086,600,86,2135,1.96497851085297,130,11.762471789482,0.167054896795591,0.217028380634391,-0.0499734838387993
1087,600,87,2136,2.52303500109898,107,13.0273080302582,0.193672782990837,0.178631051752922,0.0150417312379151
1088,600,88,2137,1.91313832855982,119,11.2942554359869,0.169390389601425,0.198664440734558,-0.0292740511331328
1089,600,89,2138,2.12208338112431,118,12.6211687185409,0.168136836488597,0.196994991652755,-0.0288581551641572
1090,600,90,2139,2.22785050666546,126,12.4182402511769,0.179401466037374,0.210350584307179,-0.0309491182698045
1091,600,91,2140,1.98177739030969,105,11.368346907835,0.174324148126044,0.175292153589316,-0.000968005463271054
1092,600,92,2141,1.74589006606667,98,11.5324615782592,0.151389194251294,0.163606010016695,-0.0122168157654007
1093,600,93,2142,1.88440285484905,116,10.9898476276284,0.171467605257026,0.193656093489149,-0.0221884882321222
1094,600,94,2143,1.7804114196155,95,11.2048189678588,0.158896937533988,0.158597662771285,0.000299274762702556
1095,600,95,2144,2.59736337973234,149,12.7805866355975,0.203227242519366,0.248747913188648,-0.0455206706692815
1096,600,96,2145,1.92861227034738,119,11.7572324355865,0.164036245852375,0.198664440734558,-0.034628194882183
1097,600,97,2146,2.14906009528517,123,11.1887109338893,0.192073967053337,0.20534223706177,-0.0132682700084322
1098,600,98,2147,1.89069978117842,97,11.6536867145546,0.16224048470576,0.161936560934891,0.000303923770868769
1099,600,99,2148,2.2826703996352,116,12.3126062330813,0.185392950641284,0.193656093489149,-0.00826314284786472
1100,600,100,2149,1.98386446954167,96,11.8967050063083,0.166757473476035,0.160267111853088,0.00649036162294631
1101,600,101,2150,2.09068977996957,108,11.2340545610398,0.186102868613454,0.180300500834725,0.0058023677787298
1102,600,102,2151,1.95274496835108,115,11.5200517224957,0.169508350777442,0.191986644407346,-0.0224782936299031
1103,600,103,2152,2.12508511004323,131,11.8547341047029,0.17926046179308,0.218697829716194,-0.0394373679231134
1104,600,104,2153,1.85311299874387,95,11.4697954050809,0.161564608024566,0.158597662771285,0.00296694525328078
1105,600,105,2154,1.89731462736127,92,11.9832052692146,0.158331146361613,0.153589315525876,0.00474183083573657
1106,600,106,2155,1.95248843389216,109,12.2264004797859,0.15969446094296,0.181969949916528,-0.0222754889735674
1107,600,107,2156,2.23669720604116,112,11.8560117534842,0.188655110381773,0.186978297161937,0.00167681321983654
1108,600,108,2157,1.97758705189169,115,12.0739319637314,0.163789812451496,0.191986644407346,-0.0281968319558494
1109,600,109,2158,1.7392370110277,104,11.4753489126393,0.151562887043204,0.173622704507513,-0.0220598174643084
1110,600,110,2159,1.68824784670441,91,12.1645812785688,0.13878388479172,0.151919866444073,-0.0131359816523532
1111,600,111,2160,2.40142371028414,137,12.2003030736555,0.196833119291077,0.228714524207012,-0.0318814049159342
1112,600,112,2161,2.06892774669377,102,12.0605113948488,0.171545606895031,0.170283806343907,0.00126180055112401
1113,600,113,2162,1.97970422805668,111,12.4482904936015,0.159034224745499,0.185308848080134,-0.0262746233346348
1114,600,114,2163,1.9340331966837,96,12.7285717089606,0.151944243305963,0.160267111853088,-0.00832286854712591
1115,600,115,2164,1.86570102008203,98,11.6233728785899,0.160512876905002,0.163606010016695,-0.00309313311169257
1116,600,116,2165,2.00754152697165,105,11.4672760137726,0.175066992767988,0.175292153589316,-0.000225160821327647
1117,600,117,2166,2.27918992247083,120,12.6808596248459,0.179734654423993,0.200333889816361,-0.020599235392368
1118,600,118,2167,2.39646435826412,137,10.9272280146708,0.219311279589541,0.228714524207012,-0.00940324461747113
1119,600,119,2168,1.89766840669386,116,11.991852632296,0.1582464749094,0.193656093489149,-0.0354096185797484
1120,600,120,2169,1.90458568008877,91,12.4795822798166,0.152616140298949,0.151919866444073,0.000696273854875501
1121,600,121,2170,2.32338423620769,135,11.6402572475501,0.199599045519093,0.225375626043406,-0.0257765805243131
1122,600,122,2171,2.43677350891126,147,12.0523813507645,0.202181912270531,0.245409015025042,-0.0432271027545104
1123,600,123,2172,2.12781208822996,113,12.0438466394871,0.176672134071659,0.18864774624374,-0.0119756121720803
1124,600,124,2173,1.93529855655426,107,11.4421297503351,0.169137966338617,0.178631051752922,-0.00949308541430482
1125,600,125,2174,2.0245536012513,96,12.6431748110146,0.1601301596722,0.160267111853088,-0.000136952180888383
1126,600,126,2175,1.67840172000668,102,10.8762023666448,0.154318728488725,0.170283806343907,-0.0159650778551814
1127,600,127,2176,1.84252999845824,105,12.1653723948355,0.151456933553505,0.175292153589316,-0.023835220035811
1128,600,128,2177,2.11929772053511,113,12.0215777012732,0.176291146902512,0.18864774624374,-0.0123565993412272
1129,600,129,2178,1.8311544213442,104,10.9340803009858,0.167472194362712,0.173622704507513,-0.00615051014480059
1130,600,130,2179,1.92084936792085,106,11.1610074528205,0.172103582587917,0.176961602671119,-0.00485802008320135
1131,600,131,2180,1.85281413584045,104,11.5668081939856,0.160183700184798,0.173622704507513,-0.0134390043227147
1132,600,132,2181,1.81202415144744,116,10.4550901128527,0.17331501994611,0.193656093489149,-0.0203410735430387
1133,600,133,2182,1.82246855577994,107,11.9037222911051,0.153100728596614,0.178631051752922,-0.0255303231563071
1134,600,134,2183,2.06030781850313,120,11.825214028969,0.174230065811566,0.200333889816361,-0.0261038240047948
1135,600,135,2184,2.224346529848,104,12.0836720489613,0.184078690718788,0.173622704507513,0.0104559862112751
1136,600,136,2185,2.28940025654862,112,12.15129823504,0.188407873156039,0.186978297161937,0.00142957599410207
1137,600,137,2186,2.25528704606386,113,11.6440233068126,0.193686235988927,0.18864774624374,0.00503848974518745
1138,600,138,2187,2.09235268367127,112,11.0767891096646,0.188895235158506,0.186978297161937,0.00191693799656917
1139,600,139,2188,2.25565595596652,132,11.9237090599964,0.189174018303932,0.220367278797997,-0.0311932604940644
1140,600,140,2189,1.81885878987573,99,11.716379754995,0.155240682523993,0.165275459098498,-0.0100347765745042
1141,600,141,2190,2.02998593690066,101,12.3282586117993,0.164661206486841,0.168614357262103,-0.00395315077526265
1142,600,142,2191,2.0384874636304,105,11.5273999463226,0.176838443458423,0.175292153589316,0.00154628986910796
1143,600,143,2192,1.84712457289698,102,12.2561052315474,0.150710567345852,0.170283806343907,-0.0195732389980543
1144,600,144,2193,2.21017827313262,124,12.6183612535528,0.175155729711759,0.207011686143573,-0.031855956431814
1145,600,145,2194,1.91951618068441,110,11.2920736165867,0.169987926563361,0.183639398998331,-0.0136514724349698
1146,600,146,2195,1.8606368416032,84,11.0476144635844,0.168419783993758,0.140233722871452,0.028186061122306
1147,600,147,2196,2.17555466274787,102,12.4136433090526,0.175255129262603,0.170283806343907,0.00497132291869631
1148,600,148,2197,1.94082364534049,99,11.92244625537,0.162787367941904,0.165275459098498,-0.00248809115659321
1149,600,149,2198,2.02840357473669,105,12.3569549963951,0.164150761682667,0.175292153589316,-0.0111413919066484
1150,600,150,2199,1.92460551091756,97,12.229391804721,0.157375406859938,0.161936560934891,-0.0045611540749535
1151,600,151,2200,2.2337287888606,117,11.8512400129745,0.188480596664582,0.195325542570952,-0.00684494590636922
1152,600,152,2201,1.94731726366795,124,11.4317180417174,0.170343360163509,0.207011686143573,-0.0366683259800636
1153,600,153,2202,1.74806386707531,102,11.1552442128437,0.156703325693458,0.170283806343907,-0.0135804806504482
1154,600,154,2203,2.19339895901312,115,11.973651489734,0.183185468601094,0.191986644407346,-0.00880117580625142
1155,600,155,2204,2.18034471322184,106,12.0174522491765,0.181431527083558,0.176961602671119,0.00446992441243985
1156,600,156,2205,2.39002131174087,107,11.7300835424645,0.203751431359261,0.178631051752922,0.0251203796063399
1157,600,157,2206,1.59762907355766,85,10.9156575875495,0.146361230255145,0.141903171953255,0.00445805830189003
1158,600,158,2207,2.277250460175,115,11.3507743823997,0.200625118908721,0.191986644407346,0.00863847450137586
1159,600,159,2208,1.94161326605919,98,12.0505536945338,0.161122328091856,0.163606010016695,-0.00248368192483858
1160,600,160,2209,2.2338870852889,123,11.7560524627041,0.190020169812602,0.20534223706177,-0.0153220672491672
1161,600,161,2210,1.80773995322051,104,11.3009673677265,0.159963292910932,0.173622704507513,-0.0136594115965807
1162,600,162,2211,2.00951005394365,110,11.8647293589583,0.169368385333324,0.183639398998331,-0.0142710136650064
1163,600,163,2212,2.35469482267298,110,11.8558227650636,0.198610831937512,0.183639398998331,0.0149714329391812
1164,600,164,2213,2.25359366771918,119,12.021430283142,0.187464687199448,0.198664440734558,-0.0111997535351096
1165,600,165,2214,1.86029263841818,101,12.1218198220795,0.153466448579751,0.168614357262103,-0.0151479086823522
1166,600,166,2215,1.89120900213491,109,11.4422538390447,0.165282909183633,0.181969949916528,-0.0166870407328942
1167,600,167,2216,1.95903701907677,92,12.3998284744316,0.157989041793304,0.153589315525876,0.0043997262674273
1168,600,168,2217,2.63866189394072,163,11.489406249679,0.229660422531793,0.27212020033389,-0.0424597778020964
1169,600,169,2218,2.01147170318646,115,11.4939764906131,0.175002246161647,0.191986644407346,-0.0169843982456986
1170,600,170,2219,2.40100778549162,102,12.978658268155,0.18499661027233,0.170283806343907,0.0147128039284236
1171,600,171,2220,1.83259533419718,98,11.7067167053511,0.156542212502631,0.163606010016695,-0.00706379751406364
1172,600,172,2221,2.14277544397689,114,11.6518618809605,0.183899832135691,0.190317195325543,-0.00641736318985117
1173,600,173,2222,2.15021318753133,116,12.4473111446813,0.17274519472827,0.193656093489149,-0.0209108987608784
1174,600,174,2223,2.18937124069924,110,12.6634938670039,0.172888403760663,0.183639398998331,-0.0107509952376679
1175,600,175,2224,1.84862250341278,90,12.0017994144161,0.154028778484024,0.15025041736227,0.00377836112175356
1176,600,176,2225,1.94523935327082,98,11.6576378505538,0.166863937463833,0.163606010016695,0.00325792744713882
1177,600,177,2226,2.10234518062517,99,11.6172342420871,0.180967787755261,0.165275459098498,0.0156923286567639
1178,600,178,2227,1.94810768830219,106,11.8835144023411,0.163933632959489,0.176961602671119,-0.0130279697116292
1179,600,179,2228,1.9653791311725,88,11.8036858567838,0.166505543693621,0.146911519198664,0.0195940244949568
1180,600,180,2229,1.98410942322499,94,12.1199572142708,0.163705975866711,0.156928213689482,0.00677776217722892
1181,600,181,2230,1.92523913281965,99,11.5859212065189,0.166170570168939,0.165275459098498,0.000895111070441906
1182,600,182,2231,1.95388487691072,102,11.852862934451,0.164844973549103,0.170283806343907,-0.00543883279480345
1183,600,183,2232,2.6546756780582,129,12.3805600882219,0.21442290648738,0.215358931552588,-0.000936025065207763
1184,600,184,2233,1.71560523551573,81,11.7706880024788,0.145752332841924,0.135225375626043,0.0105269572158809
1185,600,185,2234,2.02125490599924,108,12.4465613135927,0.162394645000612,0.180300500834725,-0.0179058558341126
1186,600,186,2235,2.01708014138759,100,11.5299145770685,0.17494319909354,0.1669449081803,0.007998290913239
1187,600,187,2236,1.89491923215904,103,11.3336764565029,0.167193693893723,0.17195325542571,-0.00475956153198692
1188,600,188,2237,2.06948425431384,105,12.260041537783,0.168799122575246,0.175292153589316,-0.00649303101406917
1189,600,189,2238,1.91318063977808,99,11.8576350103508,0.161345887110543,0.165275459098498,-0.00392957198795429
1190,600,190,2239,1.97405250816545,101,11.8905779790248,0.166018213046306,0.168614357262103,-0.00259614421579774
1191,600,191,2240,2.46600704157122,138,11.5414464857319,0.213665336023506,0.230383973288815,-0.0167186372653086
1192,600,192,2241,2.12960589229607,106,12.7709654805148,0.166753711420275,0.176961602671119,-0.0102078912508431
1193,600,193,2242,1.9528776006012,104,12.2155915311248,0.159867624553863,0.173622704507513,-0.0137550799536494
1194,600,194,2243,2.01060089301586,114,11.9836159490019,0.167779149596606,0.190317195325543,-0.0225380457289363
1195,600,195,2244,1.89979136721699,102,11.6783138749853,0.162676854514615,0.170283806343907,-0.00760695182929158
1196,600,196,2245,1.92747223225097,119,11.2203369821899,0.171783809640518,0.198664440734558,-0.0268806310940401
1197,600,197,2246,2.55256676836726,141,11.1244189411279,0.229456188397419,0.235392320534224,-0.00593613213680508
1198,600,198,2247,2.17606208452162,115,12.2683958824897,0.177371361779044,0.191986644407346,-0.0146152826283013
1199,600,199,2248,1.88764370242467,107,11.674093530493,0.161695098424053,0.178631051752922,-0.0169359533288687
1200,600,200,2249,1.99758390161228,111,12.4230526869132,0.160796541072115,0.185308848080134,-0.024512307008019
1201,600,201,2250,1.93058902509987,104,12.0940083617646,0.159631857970551,0.173622704507513,-0.0139908465369614
1202,600,202,2251,2.32649242479222,119,12.9881606311795,0.179124087763992,0.198664440734558,-0.0195403529705651
1203,600,203,2252,2.09689128340466,110,12.8062770566116,0.163739334557195,0.183639398998331,-0.0199000644411358
1204,600,204,2253,2.12497083086881,100,12.2346254756042,0.173684992246472,0.1669449081803,0.00674008406617152
1205,600,205,2254,2.1168537126532,104,11.8495371778787,0.178644421370738,0.173622704507513,0.00502171686322594
1206,600,206,2255,2.15203242656927,105,12.235129598464,0.17588963069418,0.175292153589316,0.000597477104864685
1207,600,207,2256,2.27448660439307,130,11.4886037670521,0.197977635099228,0.217028380634391,-0.0190507455351622
1208,600,208,2257,1.95579981253586,100,12.3213672956386,0.158732368381564,0.1669449081803,-0.00821253979873637
1209,600,209,2258,2.42816409071741,134,11.6130328494434,0.209089573946551,0.223706176961603,-0.0146166030150521
1210,600,210,2259,2.14376840540892,99,11.7271596218056,0.182803720128681,0.165275459098498,0.017528261030184
1211,600,211,2260,1.89388350012784,90,11.735035056523,0.161387119084498,0.15025041736227,0.0111367017222272
1212,600,212,2261,2.01330461556603,107,13.2052049138819,0.15246295901471,0.178631051752922,-0.0261680927382116
1213,600,213,2262,2.24614957282922,110,11.5350018479352,0.194724682530613,0.183639398998331,0.0110852835322828
1214,600,214,2263,2.03669852256605,106,12.0974092221866,0.168358239781684,0.176961602671119,-0.00860336288943472
1215,600,215,2264,2.07950983515318,121,11.3458436926204,0.183283843096283,0.202003338898164,-0.0187194958018808
1216,600,216,2265,2.07116174827567,112,12.2317949046373,0.16932606902119,0.186978297161937,-0.0176522281407463
1217,600,217,2266,1.8882138014442,100,11.0925835298179,0.170223086115917,0.1669449081803,0.00327817793561663
1218,600,218,2267,1.83604495634304,97,11.3840554995852,0.161282150847732,0.161936560934891,-0.000654410087159968
1219,600,219,2268,2.03412771067428,106,12.0846794792953,0.168322851603913,0.176961602671119,-0.00863875106720516
1220,600,220,2269,1.98588461755943,103,11.4610977971497,0.173271762679951,0.17195325542571,0.00131850725424165
1221,600,221,2270,2.1950374610616,105,11.5486693214331,0.190068431259681,0.175292153589316,0.0147762776703656
1222,600,222,2271,2.0243513332833,108,11.9903402164262,0.168831851035389,0.180300500834725,-0.0114686497993359
1223,600,223,2272,1.94303441080781,108,11.2427538343313,0.172825487370762,0.180300500834725,-0.00747501346396248
1224,600,224,2273,2.29172251980303,113,13.3010064153994,0.172296926129571,0.18864774624374,-0.0163508201141684
1225,600,225,2274,1.9062828204225,113,12.046385426904,0.158245212390853,0.18864774624374,-0.0304025338528869
1226,600,226,2275,1.84211335751041,104,12.1974637625224,0.151024294343095,0.173622704507513,-0.0225984101644179
1227,600,227,2276,1.69051435407546,91,11.1477812775672,0.151645812918603,0.151919866444073,-0.000274053525470164
1228,600,228,2277,2.58889088593122,139,12.2411638361173,0.211490583786873,0.232053422370618,-0.0205628385837442
1229,600,229,2278,2.09167097278966,102,12.289140711818,0.170204819184647,0.170283806343907,-7.89871592596636e-05
1230,600,230,2279,1.94756095589809,114,12.0535077864426,0.161576280565285,0.190317195325543,-0.0287409147602579
1231,600,231,2280,2.02914224774473,100,11.7568736758694,0.172591992028414,0.1669449081803,0.00564708384811399
1232,600,232,2281,1.77992363599526,103,11.5881035377575,0.153599217524743,0.17195325542571,-0.0183540379009667
1233,600,233,2282,1.93277804035592,113,12.1976321576346,0.158455183381324,0.18864774624374,-0.0301925628624158
1234,600,234,2283,2.26952259655976,115,12.725432345657,0.178345421586743,0.191986644407346,-0.0136412228206026
1235,600,235,2284,2.25943740228841,107,11.9159777831587,0.189614099942496,0.178631051752922,0.0109830481895741
1236,600,236,2285,2.06811143979769,111,12.3236198494501,0.16781688051583,0.185308848080134,-0.0174919675643033
1237,600,237,2286,2.0826487009004,113,12.7361608128385,0.163522487781485,0.18864774624374,-0.0251252584622549
1238,600,238,2287,1.93928482350645,94,11.9027731599228,0.162927142897768,0.156928213689482,0.00599892920828507
1239,600,239,2288,2.07072294858542,109,11.9728642982715,0.172951342051406,0.181969949916528,-0.00901860786512193
1240,600,240,2289,2.16443089309599,111,10.8537197059579,0.199418351655781,0.185308848080134,0.014109503575647
1241,600,241,2290,1.93669983324058,110,11.1321089032029,0.173974208308667,0.183639398998331,-0.00966519068966348
1242,600,242,2291,1.86415470327607,87,13.2636715681615,0.140545903424723,0.145242070116861,-0.00469616669213838
1243,600,243,2292,1.66284790407946,109,10.5961694050498,0.15692915434959,0.181969949916528,-0.0250407955669378
1244,600,244,2293,1.8420812962043,102,12.2747665908458,0.1500705762974,0.170283806343907,-0.0202132300465065
1245,600,245,2294,2.17688142035158,114,12.1296810903932,0.179467325161226,0.190317195325543,-0.0108498701643161
1246,600,246,2295,2.67478242076071,116,12.8675641075034,0.207870145305977,0.193656093489149,0.0142140518168283
1247,600,247,2296,2.02936522452311,100,11.3743599991549,0.178415772375226,0.1669449081803,0.0114708641949259
1248,600,248,2297,2.07367241982859,103,11.3013913382704,0.183488241204993,0.17195325542571,0.0115349857792838
1249,600,249,2298,2.01741999232,91,11.8215772181079,0.170655738663178,0.151919866444073,0.0187358722191046
1250,600,250,2299,2.46368084388513,148,11.8237135499958,0.208367771552281,0.247078464106845,-0.0387106925545638
1251,600,251,2300,2.16615632135962,120,11.9018769848443,0.18200123594942,0.200333889816361,-0.0183326538669401
1252,600,252,2301,2.22794868513344,106,12.1821836318923,0.182885823466065,0.176961602671119,0.00592422079494626
1253,600,253,2302,2.38675024821782,122,12.1921708902804,0.195760891944235,0.203672787979967,-0.007911896035732
1254,600,254,2303,2.03423196445601,99,11.9789185317925,0.169817664178706,0.165275459098498,0.00454220508020872
1255,600,255,2304,1.92662863589662,113,11.5058519357194,0.167447716749725,0.18864774624374,-0.0212000294940144
1256,600,256,2305,1.94137166569586,109,11.455654692608,0.169468416933742,0.181969949916528,-0.0125015329827858
1257,600,257,2306,1.93101178875961,116,12.2341460154323,0.157837889651129,0.193656093489149,-0.0358182038380192
1258,600,258,2307,2.26327792329844,106,11.699418398015,0.193452173971523,0.176961602671119,0.016490571300405
1259,600,259,2308,2.1317032587563,105,12.1357293544831,0.175655141647405,0.175292153589316,0.00036298805808968
1260,600,260,2309,2.09020693250326,119,11.5569596081182,0.18086131676319,0.198664440734558,-0.017803123971368
1261,600,261,2310,2.03783953993026,116,11.6078932758906,0.175556364233879,0.193656093489149,-0.0180997292552692
1262,600,262,2311,2.16422367065587,128,11.1148184834139,0.194715161015488,0.213689482470785,-0.0189743214552962
1263,600,263,2312,2.37506390428554,109,11.9911708479889,0.198067722859929,0.181969949916528,0.0160977729434017
1264,600,264,2313,1.85440344108401,94,12.033116655688,0.154108324064774,0.156928213689482,-0.00281988962470817
1265,600,265,2314,1.79495338613095,96,11.3186602530373,0.158583555474181,0.160267111853088,-0.00168355637890788
1266,600,266,2315,1.61450487657982,103,10.7941871977059,0.14957169511781,0.17195325542571,-0.0223815603078999
1267,600,267,2316,1.99213217624938,102,11.7718741768846,0.169228123433493,0.170283806343907,-0.00105568291041311
1268,600,268,2317,1.85078598019111,94,11.8802917958424,0.155786239260453,0.156928213689482,-0.00114197442902914
1269,600,269,2318,2.21781818402436,125,11.7050932284229,0.189474627902916,0.208681135225376,-0.0192065073224598
1270,600,270,2319,2.10783580059146,101,11.0274876553645,0.191143791447916,0.168614357262103,0.0225294341858129
1271,600,271,2320,1.87249999158661,87,11.1389484306806,0.168103838817413,0.145242070116861,0.0228617687005516
1272,600,272,2321,1.95975128586672,110,11.6599184586002,0.168075899743641,0.183639398998331,-0.0155634992546891
1273,600,273,2322,1.90874518239195,101,11.5435802069342,0.165351229703015,0.168614357262103,-0.00326312755908878
1274,600,274,2323,2.26877786875234,116,12.8859904525863,0.176065462495898,0.193656093489149,-0.0175906309932503
1275,600,275,2324,2.34167328927483,126,12.6602713822105,0.18496232968317,0.210350584307179,-0.0253882546240082
1276,600,276,2325,2.23577017260918,116,11.3912000275758,0.196271698082452,0.193656093489149,0.00261560459330362
1277,600,277,2326,2.15993221343784,112,11.704946539385,0.184531574421981,0.186978297161937,-0.00244672273995525
1278,600,278,2327,2.11342196915953,124,11.2276829222145,0.18823313624025,0.207011686143573,-0.018778549903323
1279,600,279,2328,2.19444350279176,118,11.7488333737075,0.186779694033509,0.196994991652755,-0.0102152976192454
1280,600,280,2329,2.21700700309684,124,10.9230656962044,0.202965638471553,0.207011686143573,-0.00404604767202008
1281,600,281,2330,2.01950108292167,104,12.7052959671791,0.158949550497566,0.173622704507513,-0.014673154009946
1282,600,282,2331,1.9767829409001,109,11.5175768290494,0.171631843246255,0.181969949916528,-0.0103381066702729
1283,600,283,2332,2.26076228116996,122,12.2941678647199,0.1838890037981,0.203672787979967,-0.0197837841818665
1284,600,284,2333,2.31515116149566,112,11.7089220887861,0.1977253878658,0.186978297161937,0.0107470907038634
1285,600,285,2334,1.841926597363,119,10.9463554482972,0.168268480414595,0.198664440734558,-0.0303959603199622
1286,600,286,2335,2.28023314587499,103,12.9856856127503,0.175595899506153,0.17195325542571,0.00364264408044315
1287,600,287,2336,2.09230713134536,113,11.8109738666198,0.177149416718179,0.18864774624374,-0.0114983295255604
1288,600,288,2337,1.91398793318976,106,11.3513718970643,0.168612917499845,0.176961602671119,-0.00834868517127399
1289,600,289,2338,2.05571741281759,116,11.5492540911066,0.177995686699853,0.193656093489149,-0.0156604067892961
1290,600,290,2339,1.93291764277596,113,11.4382594452169,0.168987043180266,0.18864774624374,-0.0196607030634731
1291,600,291,2340,1.91660792353063,100,12.1175638254413,0.158167759719709,0.1669449081803,-0.00877714846059169
1292,600,292,2341,1.74577049899519,96,11.2522455321772,0.15514863180002,0.160267111853088,-0.00511848005306839
1293,600,293,2342,1.98813724647105,105,12.1605472244121,0.163490771408699,0.175292153589316,-0.0118013821806164
1294,600,294,2343,1.67975425868361,105,11.4789650831265,0.146333249253695,0.175292153589316,-0.02895890433562
1295,600,295,2344,2.21906601796965,113,12.5842269087099,0.176337095164246,0.18864774624374,-0.0123106510794937
1296,600,296,2345,1.96547116212605,96,11.817641407419,0.166316703508378,0.160267111853088,0.00604959165529001
1297,600,297,2346,2.0764656562336,111,11.2978186629692,0.18379350192968,0.185308848080134,-0.00151534615045323
1298,600,298,2347,1.90650626576269,103,12.2460554197402,0.155683295593247,0.17195325542571,-0.0162699598324628
1299,600,299,2348,1.90307367950034,113,10.4968425271858,0.181299631253071,0.18864774624374,-0.00734811499066865
1300,600,300,2349,2.30990583509415,108,12.4745614461992,0.18516930194752,0.180300500834725,0.00486880111279514
1301,600,301,2350,2.21891657917159,132,12.7401211850553,0.174167619517974,0.220367278797997,-0.0461996592800224
1302,600,302,2351,1.97322543803554,96,12.6130642134459,0.156442986782865,0.160267111853088,-0.00382412507022356
1303,600,303,2352,1.81466827980398,119,10.6289097691623,0.170729483946594,0.198664440734558,-0.0279349567879639
1304,600,304,2353,2.00821086605938,107,11.8101394293454,0.170041249561326,0.178631051752922,-0.00858980219159539
1305,600,305,2354,1.87810856967176,112,11.7994761584146,0.159168809229927,0.186978297161937,-0.0278094879320099
1306,600,306,2355,2.08954389897131,105,11.8170000562871,0.176825242364249,0.175292153589316,0.00153308877493338
1307,600,307,2356,2.28308985922776,116,12.677218051198,0.180093917293788,0.193656093489149,-0.0135621761953608
1308,600,308,2357,2.20171494988434,120,12.3128641324151,0.178814200027438,0.200333889816361,-0.0215196897889225
1309,600,309,2358,2.38907637282057,122,12.2100018493719,0.195665520963329,0.203672787979967,-0.00800726701663718
1310,600,310,2359,2.19979869295853,110,12.0073442010642,0.183204433563548,0.183639398998331,-0.00043496543478222
1311,600,311,2360,2.12197061699905,124,11.6546359031405,0.182070948816793,0.207011686143573,-0.0249407373267793
1312,600,312,2361,2.17129860787684,120,11.8109656040095,0.183837518512435,0.200333889816361,-0.0164963713039253
1313,600,313,2362,1.84185598776299,96,11.7350118950757,0.156953908886609,0.160267111853088,-0.00331320296647972
1314,600,314,2363,1.83357171262717,101,12.383564629197,0.148064936674544,0.168614357262103,-0.0205494205875597
1315,600,315,2364,2.16692159209452,118,11.1377878758165,0.19455583247366,0.196994991652755,-0.00243915917909424
1316,600,316,2365,2.06672675703897,118,11.2124438098458,0.184324380312538,0.196994991652755,-0.0126706113402169
1317,600,317,2366,2.04987719523326,116,11.7461979513441,0.174514102667468,0.193656093489149,-0.0191419908216809
1318,600,318,2367,2.32164114579171,108,12.7798122386869,0.181664730469488,0.180300500834725,0.00136422963476318
1319,600,319,2368,2.04645465121103,100,11.8176251812257,0.17316970371189,0.1669449081803,0.0062247955315895
1320,600,320,2369,1.9708679529777,110,11.6518191066944,0.169146803167015,0.183639398998331,-0.0144925958313154
1321,600,321,2370,1.9595358705322,119,11.5233237799613,0.170049536743884,0.198664440734558,-0.0286149039906741
1322,600,322,2371,2.31338673274702,122,11.6715508271983,0.198207313406554,0.203672787979967,-0.00546547457341284
1323,600,323,2372,1.98619482818418,108,11.7872542093459,0.168503605072788,0.180300500834725,-0.0117968957619365
1324,600,324,2373,1.79000845912394,87,11.2411913407792,0.159236543962241,0.145242070116861,0.0139944738453791
1325,600,325,2374,2.37203655586218,112,12.5316700992147,0.189283354659235,0.186978297161937,0.0023050574972984
1326,600,326,2375,2.06830191097895,97,12.2189999649523,0.169269327842823,0.161936560934891,0.00733276690793158
1327,600,327,2376,2.38865155660637,107,12.1632829677093,0.196382141478389,0.178631051752922,0.0177510897254672
1328,600,328,2377,1.6101518508169,94,11.3430055036108,0.141951077278799,0.156928213689482,-0.0149771364106835
1329,600,329,2378,2.20581135385883,127,11.6088095149288,0.190011848417547,0.212020033388982,-0.0220081849714344
1330,600,330,2379,1.87864106087435,108,10.7841845121963,0.174203349242561,0.180300500834725,-0.00609715159216317
1331,600,331,2380,1.73951380075916,94,11.7861173827503,0.14759006246663,0.156928213689482,-0.00933815122285245
1332,600,332,2381,2.23438718579017,111,11.9926965800874,0.186312325244693,0.185308848080134,0.00100347716455973
1333,600,333,2382,1.97689937089498,104,12.0557303187071,0.163980059161359,0.173622704507513,-0.00964264534615383
1334,600,334,2383,1.8916356064005,102,11.7448381976367,0.161061018855171,0.170283806343907,-0.00922278748873534
1335,600,335,2384,2.16613287033962,119,12.3232617696147,0.175775935854956,0.198664440734558,-0.0228885048796012
1336,600,336,2385,2.16601382246213,122,11.854907410708,0.18271031121725,0.203672787979967,-0.0209624767627171
1337,600,337,2386,1.92214278252589,105,11.5134252907695,0.166947952844832,0.175292153589316,-0.00834420074448303
1338,600,338,2387,1.92668405428125,114,11.2587022520945,0.171128431247288,0.190317195325543,-0.0191887640782543
1339,600,339,2388,1.99756668963166,107,12.0413764370508,0.165891889525622,0.178631051752922,-0.0127391622272994
1340,600,340,2389,2.07412340768439,116,11.3857671215654,0.182168086308024,0.193656093489149,-0.0114880071811242
1341,600,341,2390,2.1729498231993,137,11.5343460600604,0.188389511801064,0.228714524207012,-0.0403250124059476
1342,600,342,2391,2.27908021090852,101,12.8694093995376,0.177092836209749,0.168614357262103,0.00847847894764586
1343,600,343,2392,2.12494721003544,106,12.529761256378,0.169591995135085,0.176961602671119,-0.00736960753603305
1344,600,344,2393,1.91547658988768,95,11.5357178590222,0.166047454809201,0.158597662771285,0.00744979203791568
1345,600,345,2394,2.01442187625235,101,11.7483816236769,0.171463776099392,0.168614357262103,0.00284941883728895
1346,600,346,2395,2.31506019748918,132,11.8524308164584,0.195323662575147,0.220367278797997,-0.0250436162228501
1347,600,347,2396,2.29048906569217,113,12.7533922846183,0.179598416999585,0.18864774624374,-0.00904932924415486
1348,600,348,2397,2.07558533436005,113,11.3307983411272,0.183180855564814,0.18864774624374,-0.00546689067892547
1349,600,349,2398,1.75787166555893,102,12.2669173142686,0.143301827225509,0.170283806343907,-0.0269819791183971
1350,600,350,2399,1.8422553841659,96,12.3890043002855,0.148700843063187,0.160267111853088,-0.0115662687899016
1351,600,351,2400,2.02760215859418,123,11.7947369095141,0.171907366323588,0.20534223706177,-0.0334348707381817
1352,600,352,2401,2.51209616665619,144,11.7258831024015,0.214235136468459,0.240400667779633,-0.0261655313111736
1353,600,353,2402,2.13307399672079,110,12.1102781299752,0.176137490305943,0.183639398998331,-0.00750190869238737
1354,600,354,2403,1.85799565801419,94,12.796776397141,0.145192476632576,0.156928213689482,-0.0117357370569068
1355,600,355,2404,1.98455534316555,105,11.1240592271399,0.178402083505968,0.175292153589316,0.00310992991665224
1356,600,356,2405,2.18842630365325,110,12.2545016685873,0.178581419533605,0.183639398998331,-0.00505797946472561
1357,600,357,2406,2.06816562799322,127,11.2943163404045,0.183115610158229,0.212020033388982,-0.0289044232307528
1358,600,358,2407,1.66438241763657,97,11.3122628019417,0.147130812533006,0.161936560934891,-0.0148057484018858
1359,600,359,2408,2.18765288319015,106,12.2168977456898,0.179067790263037,0.176961602671119,0.00210618759191808
1360,600,360,2409,1.96060079145209,121,11.5495766420765,0.169755208542397,0.202003338898164,-0.0322481303557669
1361,600,361,2410,1.86972380509784,110,10.579515562485,0.176730568999577,0.183639398998331,-0.006908829998754
1362,600,362,2411,2.4169276359034,130,11.9835557245529,0.201687019400378,0.217028380634391,-0.0153413612340128
1363,600,363,2412,1.99922830268857,104,11.8425263131894,0.168817720967355,0.173622704507513,-0.0048049835401579
1364,600,364,2413,1.91931093278812,113,11.6528544410631,0.164707363547314,0.18864774624374,-0.0239403826964253
1365,600,365,2414,1.76304455748689,92,11.4906414206934,0.15343308462414,0.153589315525876,-0.000156230901736776
1366,600,366,2415,2.14717508119253,121,11.33588043381,0.189414055108453,0.202003338898164,-0.0125892837897105
1367,600,367,2416,2.21299654574909,105,12.2895293554069,0.180071708342147,0.175292153589316,0.00477955475283182
1368,600,368,2417,1.89246976624684,94,12.1936450186707,0.155201317026133,0.156928213689482,-0.00172689666334994
1369,600,369,2418,1.95477473715438,100,12.2450734603228,0.159637648846155,0.1669449081803,-0.00730725933414514
1370,600,370,2419,2.25382663607542,122,12.5160918808492,0.180074312136043,0.203672787979967,-0.0235984758439239
1371,600,371,2420,2.19856108870221,114,12.2660425382162,0.179239643255137,0.190317195325543,-0.0110775520704059
1372,600,372,2421,1.92168587588218,101,11.7584296614597,0.163430486145684,0.168614357262103,-0.0051838711164198
1373,600,373,2422,1.89341794216985,117,11.2816192204374,0.167832108598366,0.195325542570952,-0.0274934339725861
1374,600,374,2423,2.15990589448503,114,10.9723455805589,0.196849969646601,0.190317195325543,0.00653277432105845
1375,600,375,2424,1.86819850024793,98,12.0520877223422,0.155010363622284,0.163606010016695,-0.00859564639441018
1376,600,376,2425,2.17929623227072,111,12.0065434623376,0.181509044556145,0.185308848080134,-0.0037998035239887
1377,600,377,2426,2.09482671936055,123,11.5218685246768,0.181813107385662,0.20534223706177,-0.0235291296761073
1378,600,378,2427,2.72027545291372,148,11.8445918088814,0.229663925680748,0.247078464106845,-0.0174145384260969
1379,600,379,2428,2.10030614724805,117,11.5796250518455,0.18137946072039,0.195325542570952,-0.0139460818505621
1380,600,380,2429,2.45354830953997,118,13.4654267467319,0.182210958158861,0.196994991652755,-0.0147840334938939
1381,600,381,2430,1.92292962368536,93,12.6281797432278,0.152272905738183,0.155258764607679,-0.00298585886949687
1382,600,382,2431,2.07146580773439,98,13.0922079854124,0.158221272534202,0.163606010016695,-0.00538473748249216
1383,600,383,2432,2.03355653357821,100,11.7290783646452,0.173377350748029,0.1669449081803,0.00643244256772837
1384,600,384,2433,2.54416137556186,147,11.1555033114845,0.228063342775639,0.245409015025042,-0.0173456722494025
1385,600,385,2434,2.12541415623265,117,12.5205590277857,0.169753934430238,0.195325542570952,-0.0255716081407137
1386,600,386,2435,2.29480464430096,116,12.9317916221394,0.177454502156701,0.193656093489149,-0.0162015913324471
1387,600,387,2436,2.13468016739643,115,12.4704451675464,0.171179147072616,0.191986644407346,-0.0208074973347294
1388,600,388,2437,2.00232878335709,111,11.8020201721246,0.169659834007607,0.185308848080134,-0.0156490140725264
1389,600,389,2438,1.82533039625997,101,11.8481285061952,0.154060651461159,0.168614357262103,-0.0145537058009443
1390,600,390,2439,2.29036663272889,141,11.2767688369054,0.203104866815503,0.235392320534224,-0.0322874537187207
1391,600,391,2440,1.94204512011657,121,11.9693773434977,0.162251140087214,0.202003338898164,-0.0397521988109493
1392,600,392,2441,1.76286025849199,99,11.6910242110061,0.15078749531905,0.165275459098498,-0.0144879637794474
1393,600,393,2442,1.92850242993757,99,11.4910286578024,0.167826787954978,0.165275459098498,0.00255132885648054
1394,600,394,2443,2.36463865991408,122,12.6545380386991,0.186860923147311,0.203672787979967,-0.0168118648326551
1395,600,395,2444,2.31049113813657,109,12.0364003965535,0.191958647271168,0.181969949916528,0.00998869735464064
1396,600,396,2445,1.96106449266162,103,11.6847599252758,0.167830961457716,0.17195325542571,-0.00412229396799402
1397,600,397,2446,1.83632542345813,94,11.3661970315635,0.161560231479247,0.156928213689482,0.00463201778976408
1398,600,398,2447,1.87165653220796,101,11.5579927241714,0.161936123068649,0.168614357262103,-0.00667823419345484
1399,600,399,2448,1.88770606005811,106,11.6391475304875,0.162185938026257,0.176961602671119,-0.0147756646448614
1400,600,400,2449,2.2028570376454,127,11.4941862197823,0.191649673628406,0.212020033388982,-0.0203703597605756
1401,600,401,2450,2.00552531988775,98,12.2191141000663,0.164130173715037,0.163606010016695,0.000524163698342683
1402,600,402,2451,1.87148616679337,113,11.1176346535183,0.168334922410957,0.18864774624374,-0.0203128238327825
1403,600,403,2452,2.21330939313912,111,12.0861779840278,0.183127320817555,0.185308848080134,-0.002181527262579
1404,600,404,2453,2.55040253487419,121,11.7292751218835,0.217439058115011,0.202003338898164,0.0154357192168476
1405,600,405,2454,1.88480802671073,88,11.4722337810574,0.164293028078183,0.146911519198664,0.0173815088795183
1406,600,406,2455,2.20512716238402,106,12.4561996498187,0.177030492796903,0.176961602671119,6.88901257847874e-05
1407,600,407,2456,2.43296895525264,116,12.8706765480767,0.189031939864591,0.193656093489149,-0.00462415362455784
1408,600,408,2457,1.98620159118373,107,11.9370284243151,0.166389952388648,0.178631051752922,-0.0122410993642739
1409,600,409,2458,2.55504759331218,116,12.0609112258115,0.21184531960107,0.193656093489149,0.0181892261119219
1410,600,410,2459,1.74806387088464,95,11.4731152748553,0.152361745611998,0.158597662771285,-0.0062359171592872
1411,600,411,2460,2.08089898642335,127,11.1023749676578,0.187428274804732,0.212020033388982,-0.0245917585842498
1412,600,412,2461,2.05962564675086,102,12.0603694732203,0.170776330801822,0.170283806343907,0.000492524457915561
1413,600,413,2462,2.3243153922702,118,12.1216615781183,0.191748909775371,0.196994991652755,-0.00524608187738329
1414,600,414,2463,2.32732008300969,108,12.1699598534434,0.19123482008457,0.180300500834725,0.0109343192498452
1415,600,415,2464,1.97241454604995,110,11.9468051255799,0.165099750545585,0.183639398998331,-0.018539648452746
1416,600,416,2465,1.79774120150272,113,10.4709331283531,0.171688729119548,0.18864774624374,-0.0169590171241917
1417,600,417,2466,2.4243927821975,136,12.413370661406,0.195304953692804,0.227045075125209,-0.0317401214324046
1418,600,418,2467,2.17303038698358,110,12.6873720916069,0.17127505769466,0.183639398998331,-0.0123643413036708
1419,600,419,2468,2.17345723425298,115,12.6794546027257,0.17141567223134,0.191986644407346,-0.0205709721760059
1420,600,420,2469,2.1542290936437,108,11.8813950619224,0.181311124023441,0.180300500834725,0.00101062318871634
1421,600,421,2470,1.89326446451051,109,11.6739187039148,0.162179000259408,0.181969949916528,-0.0197909496571196
1422,600,422,2471,1.93794876871228,112,11.4921996529609,0.168631665584836,0.186978297161937,-0.0183466315771002
1423,600,423,2472,2.00019526198072,114,11.1335072292055,0.179655450955633,0.190317195325543,-0.0106617443699097
1424,600,424,2473,1.90978716230906,113,11.5454367008081,0.16541489177065,0.18864774624374,-0.02323285447309
1425,600,425,2474,1.90268833686267,97,12.2423426373915,0.155418647657462,0.161936560934891,-0.00651791327742929
1426,600,426,2475,2.06746238616006,106,12.4155900163548,0.166521476904169,0.176961602671119,-0.0104401257669492
1427,600,427,2476,2.00082318632134,112,11.9432707200441,0.167527240504011,0.186978297161937,-0.0194510566579255
1428,600,428,2477,2.2013481242384,114,12.0182314873555,0.183167392519812,0.190317195325543,-0.00714980280573085
1429,600,429,2478,2.38483188334942,123,12.2602883288658,0.194516786178228,0.20534223706177,-0.0108254508835416
1430,600,430,2479,2.04165755011459,131,10.4669739741266,0.195057096268833,0.218697829716194,-0.0236407334473606
1431,600,431,2480,1.78107919685481,84,11.7930257878515,0.151028177915932,0.140233722871452,0.0107944550444794
1432,600,432,2481,2.2549468400577,112,12.8858905275314,0.174993481066744,0.186978297161937,-0.0119848160951926
1433,600,433,2482,2.39028569549103,114,12.3467428882338,0.193596458363844,0.190317195325543,0.00327926303830114
1434,600,434,2483,2.18776848417638,117,11.4802123910505,0.190568641907869,0.195325542570952,-0.00475690066308307
1435,600,435,2484,1.84405279484544,102,11.7009602516682,0.157598415444796,0.170283806343907,-0.0126853908991108
1436,600,436,2485,1.95050090833459,115,10.6182268887054,0.183693655143999,0.191986644407346,-0.0082929892633466
1437,600,437,2486,1.84867652314339,95,11.6658565563216,0.158468991472522,0.158597662771285,-0.000128671298763511
1438,600,438,2487,2.6156933738084,126,12.4308455157496,0.210419586543359,0.210350584307179,6.90022361808373e-05
1439,600,439,2488,2.27686948225029,106,12.6973795281597,0.179318061431553,0.176961602671119,0.00235645876043414
1440,600,440,2489,1.99110250672573,99,11.7670429569512,0.169210099258583,0.165275459098498,0.00393464016008593
1441,600,441,2490,1.73190710866442,92,11.4508368095402,0.151247209044275,0.153589315525876,-0.00234210648160121
1442,600,442,2491,2.16016627707495,108,11.572529119959,0.186663282907567,0.180300500834725,0.00636278207284199
1443,600,443,2492,1.83842774197079,97,12.5699810695745,0.14625541055274,0.161936560934891,-0.015681150382151
1444,600,444,2493,2.04239637901205,110,11.6772573693906,0.174903773583492,0.183639398998331,-0.0087356254148388
1445,600,445,2494,1.94578432520356,131,10.3599130633575,0.187818595899777,0.218697829716194,-0.0308792338164166
1446,600,446,2495,2.30260423730133,107,12.2368401380215,0.188169838890583,0.178631051752922,0.0095387871376616
1447,600,447,2496,1.8406292827668,89,11.6007701092934,0.158664404640884,0.148580968280467,0.0100834363604162
1448,600,448,2497,2.26707223630131,128,11.9358099837901,0.189938700379798,0.213689482470785,-0.0237507820909868
1449,600,449,2498,2.03819653440082,98,12.2113849002173,0.166909531642439,0.163606010016695,0.00330352162574496
1450,600,450,2499,2.20726372349268,118,12.1517221417586,0.181642050216699,0.196994991652755,-0.0153529414360559
1451,600,451,2500,1.98267047663059,106,12.6750354184182,0.156423269141288,0.176961602671119,-0.0205383335298302
1452,600,452,2501,1.93452117898786,108,11.8939905931447,0.162646940388775,0.180300500834725,-0.0176535604459498
1453,600,453,2502,2.27239672909042,136,12.2528475002913,0.185458664121658,0.227045075125209,-0.0415864110035506
1454,600,454,2503,2.04614014190055,104,12.7520559480743,0.160455706141215,0.173622704507513,-0.0131669983662974
1455,600,455,2504,2.17263022240355,107,12.7518342414243,0.170377859472622,0.178631051752922,-0.00825319228029983
1456,600,456,2505,1.82278097137923,106,11.9489620664047,0.152547222197994,0.176961602671119,-0.024414380473125
1457,600,457,2506,2.05838211811375,96,12.141583859607,0.169531598341272,0.160267111853088,0.00926448648818312
1458,600,458,2507,2.63116105986673,133,12.5536987692115,0.209592496063373,0.2220367278798,-0.0124442318164266
1459,600,459,2508,1.83748545568963,119,11.1630496453187,0.164604253682611,0.198664440734558,-0.0340601870519462
1460,600,460,2509,2.39919271580125,138,12.3336129132376,0.194524729507783,0.230383973288815,-0.0358592437810321
1461,600,461,2510,2.14988816407236,114,12.5952056190673,0.170690993787172,0.190317195325543,-0.0196262015383706
1462,600,462,2511,2.39130861319769,132,11.6860781441199,0.204628839864546,0.220367278797997,-0.0157384389334504
1463,600,463,2512,1.88041208240235,107,11.6836347932848,0.160944099646381,0.178631051752922,-0.0176869521065408
1464,600,464,2513,2.04833179774328,113,12.1608358634407,0.1684367604945,0.18864774624374,-0.0202109857492395
1465,600,465,2514,2.10158864736779,118,11.3737736813861,0.184774966184457,0.196994991652755,-0.0122200254682975
1466,600,466,2515,2.14773468460011,118,11.2857146729992,0.190305598433968,0.196994991652755,-0.00668939321878703
1467,600,467,2516,2.36564426922489,119,12.6246498977722,0.187382960191421,0.198664440734558,-0.0112814805431362
1468,600,468,2517,2.76580515198742,139,12.6101478717055,0.219331698575344,0.232053422370618,-0.0127217237952733
1469,600,469,2518,2.10327705892339,87,12.2050710484383,0.172328129068329,0.145242070116861,0.0270860589514672
1470,600,470,2519,2.25180980422008,117,12.1408960690743,0.185473114291453,0.195325542570952,-0.00985242827949848
1471,600,471,2520,2.20233484191007,113,12.7530125932031,0.172691340639297,0.18864774624374,-0.0159564056044429
1472,600,472,2521,2.35034183876355,112,12.7599645234968,0.184196580988569,0.186978297161937,-0.00278171617336767
1473,600,473,2522,2.10352896301716,125,11.9393021042945,0.176185253094528,0.208681135225376,-0.0324958821308474
1474,600,474,2523,2.03107682946073,103,11.8434839151684,0.171493189335906,0.17195325542571,-0.000460066089803812
1475,600,475,2524,2.00986913162565,102,12.3797179672576,0.162351770609106,0.170283806343907,-0.00793203573480003
1476,600,476,2525,1.97416521937151,121,11.8878452071122,0.166065858444255,0.202003338898164,-0.0359374804539083
1477,600,477,2526,2.19854015293012,126,12.0222199616285,0.182873060046085,0.210350584307179,-0.027477524261094
1478,600,478,2527,1.69796989386729,99,10.8822557146231,0.156031059956222,0.165275459098498,-0.00924439914227507
1479,600,479,2528,2.0404101427717,99,12.3074635275464,0.165786405802046,0.165275459098498,0.000510946703548953
1480,600,480,2529,2.00892201448964,109,12.6157831464634,0.159238787728593,0.181969949916528,-0.0227311621879347
1481,600,481,2530,2.01176893822353,104,11.3053545971171,0.177948327134872,0.173622704507513,0.00432562262735967
1482,600,482,2531,1.94251442023916,120,10.6779289611016,0.181918649891332,0.200333889816361,-0.0184152399250287
1483,600,483,2532,1.85704194753266,102,11.6469224948949,0.159444861794749,0.170283806343907,-0.010838944549158
1484,600,484,2533,2.08990443676107,105,11.9002213781543,0.175618954500929,0.175292153589316,0.000326800911613773
1485,600,485,2534,2.15424721404036,119,11.4478432457126,0.188179307473236,0.198664440734558,-0.0104851332613213
1486,600,486,2535,2.12855947710699,108,11.8609776602637,0.17945902421164,0.180300500834725,-0.00084147662308412
1487,600,487,2536,2.2266362035072,119,12.7005988495756,0.1753174184839,0.198664440734558,-0.0233470222506572
1488,600,488,2537,2.08387304646475,120,11.0650419592968,0.18832943012149,0.200333889816361,-0.0120044596948702
1489,600,489,2538,2.02766618240172,113,12.4129900889423,0.163350342493868,0.18864774624374,-0.0252974037498713
1490,600,490,2539,1.9234816846191,109,11.7993552969601,0.163015828933862,0.181969949916528,-0.018954120982666
1491,600,491,2540,2.19690905250367,108,12.7000065789636,0.172984875152951,0.180300500834725,-0.00731562568177396
1492,600,492,2541,1.96449877282774,99,12.0244911408435,0.163374794809815,0.165275459098498,-0.0019006642886826
1493,600,493,2542,2.04370213690147,115,12.4169796985725,0.164589311290927,0.191986644407346,-0.0273973331164184
1494,600,494,2543,2.23500169366784,109,12.6402227752764,0.176816637918707,0.181969949916528,-0.00515331199782065
1495,600,495,2544,1.77009138490832,96,11.8061292995065,0.149929866089329,0.160267111853088,-0.0103372457637594
1496,600,496,2545,1.722821410509,93,11.4785462078594,0.150090558448019,0.155258764607679,-0.00516820615966074
1497,600,497,2546,2.00216840235824,105,11.6627042781839,0.171672740266892,0.175292153589316,-0.00361941332242383
1498,600,498,2547,2.10024451416871,119,12.2692689125659,0.171179271490064,0.198664440734558,-0.0274851692444939
1499,600,499,2548,2.3252284640384,113,12.22119022281,0.190262030264328,0.18864774624374,0.00161428402058891
1500,600,500,2549,1.8873770263093,97,12.0373887165233,0.156792895100128,0.161936560934891,-0.00514366583476331
1501,600,501,2550,1.92705442817268,86,11.9893204254421,0.160730913829223,0.143572621035058,0.0171582927941647
1502,600,502,2551,2.12421210308161,115,12.0204760679518,0.17671613761996,0.191986644407346,-0.0152705067873851
1503,600,503,2552,1.93752922840401,111,11.6269518280939,0.166641202014995,0.185308848080134,-0.0186676460651388
1504,600,504,2553,2.14516575059009,103,12.6188477633608,0.169996959375217,0.17195325542571,-0.00195629605049236
1505,600,505,2554,2.23708181281533,123,11.5214290298209,0.194167043604149,0.20534223706177,-0.0111751934576209
1506,600,506,2555,1.89950018301475,99,11.442314919178,0.166006633835175,0.165275459098498,0.000731174736677637
1507,600,507,2556,1.70486002229993,97,11.2151627421996,0.152013846030519,0.161936560934891,-0.00992271490437296
1508,600,508,2557,1.75888672358208,101,10.5755472539438,0.166316378845186,0.168614357262103,-0.00229797841691731
1509,600,509,2558,2.31619137451451,114,11.2418570720429,0.206032807539831,0.190317195325543,0.0157156122142885
1510,600,510,2559,1.90750353705836,110,11.2937982411354,0.168898318911938,0.183639398998331,-0.0147410800863925
1511,600,511,2560,1.90044480671046,97,12.1056209120522,0.156988627061533,0.161936560934891,-0.00494793387335882
1512,600,512,2561,2.18476032185598,108,12.4596763140146,0.175346475044345,0.180300500834725,-0.00495402579037921
1513,600,513,2562,1.82853540828366,108,11.4434074368531,0.159789417476732,0.180300500834725,-0.020511083357993
1514,600,514,2563,2.44620897573671,114,12.4886512985657,0.195874551803496,0.190317195325543,0.00555735647795344
1515,600,515,2564,2.23584261397277,111,12.7139682072036,0.17585718145071,0.185308848080134,-0.00945166662942326
1516,600,516,2565,2.11289851070802,105,11.8938048009217,0.177646980598192,0.175292153589316,0.00235482700887663
1517,600,517,2566,2.20178209007168,133,11.4706559532048,0.191949100300278,0.2220367278798,-0.0300876275795219
1518,600,518,2567,1.86354874517006,105,10.9674233944147,0.169916732321933,0.175292153589316,-0.00537542126738291
1519,600,519,2568,1.84008792548542,111,11.8764358210526,0.154936039162828,0.185308848080134,-0.0303728089173059
1520,600,520,2569,1.77140890434254,95,11.2620264143215,0.157290423514715,0.158597662771285,-0.00130723925657056
1521,600,521,2570,1.73230625511123,102,11.9729425110288,0.144685089193031,0.170283806343907,-0.0255987171508753
1522,600,522,2571,2.23377801608194,113,12.89807146003,0.173186977836511,0.18864774624374,-0.015460768407229
1523,600,523,2572,2.17167277101075,114,12.0436580099271,0.180316708529977,0.190317195325543,-0.0100004867955657
1524,600,524,2573,1.7868896190898,111,11.9075454735072,0.150063640157026,0.185308848080134,-0.0352452079231074
1525,600,525,2574,1.85170801107693,108,12.1693758492259,0.152161296850299,0.180300500834725,-0.0281392039844255
1526,600,526,2575,1.86366657554296,102,11.4986499052885,0.162076990854884,0.170283806343907,-0.00820681548902216
1527,600,527,2576,1.8413475114971,119,11.295081550917,0.163022064355755,0.198664440734558,-0.0356423763788028
1528,600,528,2577,2.17037038332215,103,12.1896624731834,0.178050080393681,0.17195325542571,0.00609682496797154
1529,600,529,2578,1.74298844830156,110,11.126362730118,0.15665393000207,0.183639398998331,-0.0269854689962601
1530,600,530,2579,1.77005846692665,103,11.0529850433068,0.160143025616282,0.17195325542571,-0.0118102298094279
1531,600,531,2580,1.97762304340401,99,11.2596393081645,0.175638223328345,0.165275459098498,0.010362764229848
1532,600,532,2581,1.62667687156076,86,11.8750617708645,0.136982602949638,0.143572621035058,-0.0065900180854207
1533,600,533,2582,2.26401433668598,117,12.6749341931345,0.178621387865849,0.195325542570952,-0.0167041547051028
1534,600,534,2583,1.91695942316231,106,11.2207182090316,0.170841062706605,0.176961602671119,-0.00612053996451359
1535,600,535,2584,2.04304750226183,108,11.1183142099751,0.183755150617065,0.180300500834725,0.00345464978234022
1536,600,536,2585,2.06753250393872,111,11.8194330503865,0.174926537941776,0.185308848080134,-0.0103823101383571
1537,600,537,2586,1.9811267039029,105,11.8688213277025,0.166918571710135,0.175292153589316,-0.00837358187918039
1538,600,538,2587,1.82565071912044,104,12.2626495804389,0.148878976533153,0.173622704507513,-0.0247437279743593
1539,600,539,2588,2.06138685891123,118,12.1199526101709,0.170082089032374,0.196994991652755,-0.0269129026203809
1540,600,540,2589,2.17402477778324,111,12.3582832915007,0.175916405742083,0.185308848080134,-0.00939244233805067
1541,600,541,2590,1.87100069797856,112,12.3114517481641,0.151972386055736,0.186978297161937,-0.0350059111062007
1542,600,542,2591,1.99836025432741,102,11.8745664560455,0.168289112846728,0.170283806343907,-0.00199469349717882
1543,600,543,2592,1.97019135742976,100,11.7177318386561,0.168137604150508,0.1669449081803,0.00119269597020724
1544,600,544,2593,1.89199059739764,115,11.9935601223323,0.15775054096529,0.191986644407346,-0.034236103442056
1545,600,545,2594,2.12192163884499,104,12.5123116827381,0.169586699296532,0.173622704507513,-0.00403600521098008
1546,600,546,2595,2.1729541627399,97,12.1545805502819,0.178776565242271,0.161936560934891,0.0168400043073793
1547,600,547,2596,2.26167833469282,112,11.6946742116277,0.193393872609474,0.186978297161937,0.00641557544753771
1548,600,548,2597,2.2064957907315,118,11.9237840955658,0.185049961744279,0.196994991652755,-0.0119450299084753
1549,600,549,2598,1.85626919558232,106,11.9818548712174,0.154923358322543,0.176961602671119,-0.0220382443485756
1550,600,550,2599,2.22316848772832,107,12.5138770414166,0.177656251565394,0.178631051752922,-0.000974800187527408
1551,600,551,2600,1.98538812197641,117,10.8777831198785,0.18251771524551,0.195325542570952,-0.0128078273254413
1552,600,552,2601,2.29097299450881,119,12.2722897246371,0.186678529101997,0.198664440734558,-0.0119859116325605
1553,600,553,2602,2.10607701249582,112,11.5763373411832,0.181929478247268,0.186978297161937,-0.00504881891466888
1554,600,554,2603,1.98041702052047,114,11.8425055843314,0.167229561887708,0.190317195325543,-0.023087633437835
1555,600,555,2604,2.35040538094598,125,12.6903005246865,0.185212743888431,0.208681135225376,-0.0234683913369443
1556,600,556,2605,2.01821563678128,101,11.8605036268293,0.170162726666676,0.168614357262103,0.00154836940457262
1557,600,557,2606,2.35954441915503,126,11.3155068508115,0.208523086969438,0.210350584307179,-0.00182749733774085
1558,600,558,2607,2.35989543969747,108,12.7366237675023,0.185284223101478,0.180300500834725,0.00498372226675323
1559,600,559,2608,2.20190729088768,113,11.1748299996228,0.197041681257075,0.18864774624374,0.00839393501333513
1560,600,560,2609,1.95026739390255,106,11.9156099797332,0.16367331569426,0.176961602671119,-0.0132882869768583
1561,600,561,2610,2.33247810430359,107,11.9233348431842,0.195622964127097,0.178631051752922,0.0169919123741751
1562,600,562,2611,1.81609372963169,91,12.1879327073426,0.149007528449643,0.151919866444073,-0.00291233799443072
1563,600,563,2612,2.23079445256182,117,12.3978369459025,0.179934166120736,0.195325542570952,-0.0153913764502152
1564,600,564,2613,2.21249050139127,115,11.2718447226518,0.196284685943648,0.191986644407346,0.00429804153630253
1565,600,565,2614,1.6692564349702,97,11.2751712689231,0.148047102359415,0.161936560934891,-0.0138894585754764
1566,600,566,2615,2.00932920999723,111,12.157380178966,0.165276497108617,0.185308848080134,-0.0200323509715168
1567,600,567,2616,2.01550200463959,97,11.5534056357753,0.17445089942991,0.161936560934891,0.0125143384950187
1568,600,568,2617,2.56352700939119,136,12.5653045325752,0.204016305593336,0.227045075125209,-0.0230287695318729
1569,600,569,2618,2.70683470155834,146,12.5706813228824,0.21532919593078,0.243739565943239,-0.0284103700124587
1570,600,570,2619,1.7585708160316,99,11.8794051036308,0.148035259399826,0.165275459098498,-0.0172401996986716
1571,600,571,2620,2.20226284077205,110,12.5167147756893,0.17594575575449,0.183639398998331,-0.007693643243841
1572,600,572,2621,2.04818594791651,103,11.5740307616991,0.176963928132488,0.17195325542571,0.0050106727067781
1573,600,573,2622,1.95417677660694,110,11.9490621036367,0.163542272996655,0.183639398998331,-0.0200971260016757
1574,600,574,2623,2.61532153966426,135,12.710827963499,0.205755403752968,0.225375626043406,-0.0196202222904373
1575,600,575,2624,1.98344191255294,95,12.8623621164869,0.154205105919898,0.158597662771285,-0.00439255685138798
1576,600,576,2625,2.10940672854543,130,11.1050533045938,0.189950166891395,0.217028380634391,-0.0270782137429957
1577,600,577,2626,2.08245636861128,119,12.1688544757507,0.171130024831924,0.198664440734558,-0.0275344159026338
1578,600,578,2627,1.6768971636965,98,10.5110007233648,0.159537346426867,0.163606010016695,-0.00406866358982785
1579,600,579,2628,2.11141261936541,122,12.2157777018431,0.172843078099468,0.203672787979967,-0.0308297098804983
1580,600,580,2629,2.22851069594652,93,13.3176060434587,0.167335682454814,0.155258764607679,0.0120769178471346
1581,600,581,2630,1.78348013386161,102,12.0611858894789,0.147869384503672,0.170283806343907,-0.0224144218402349
1582,600,582,2631,2.03231509529429,126,10.9567320111303,0.185485516413999,0.210350584307179,-0.0248650678931801
1583,600,583,2632,1.84073387680089,109,11.7042690790177,0.157270297220079,0.181969949916528,-0.0246996526964487
1584,600,584,2633,2.00938352617709,96,12.5829454055078,0.159691031107673,0.160267111853088,-0.000576080745415375
1585,600,585,2634,1.84647219506581,111,11.7681893597682,0.156903678094977,0.185308848080134,-0.0284051699851561
1586,600,586,2635,2.31178570749739,108,12.678077094393,0.182345137222726,0.180300500834725,0.00204463638800173
1587,600,587,2636,1.97343306128493,98,11.6448194241766,0.169468755967804,0.163606010016695,0.00586274595110978
1588,600,588,2637,1.99470072878752,98,12.8143431107959,0.155661567006662,0.163606010016695,-0.00794444301003211
1589,600,589,2638,1.8255336409044,92,11.2492026185397,0.162281159190409,0.153589315525876,0.00869184366453205
1590,600,590,2639,2.11605482443798,106,12.5664200198731,0.168389630546453,0.176961602671119,-0.00857197212466598
1591,600,591,2640,1.88027470701226,95,11.7711586000316,0.159735738078256,0.158597662771285,0.00113807530697085
1592,600,592,2641,1.83054663364289,104,12.257811690644,0.149337147595446,0.173622704507513,-0.0242855569120664
1593,600,593,2642,1.90448575597331,117,12.4722853461376,0.152697416962408,0.195325542570952,-0.0426281256085431
1594,600,594,2643,2.0715658956953,102,12.5727061392455,0.164766906404417,0.170283806343907,-0.00551689993948989
1595,600,595,2644,1.64698690024468,94,11.229267847369,0.146669125951124,0.156928213689482,-0.010259087738358
1596,600,596,2645,2.47820983408659,145,12.1344249855577,0.204229688430736,0.242070116861436,-0.0378404284306994
1597,600,597,2646,2.41512494367164,123,12.3771846538469,0.195127164312039,0.20534223706177,-0.0102150727497305
1598,600,598,2647,2.12268740433061,104,12.2521954835367,0.173249554105048,0.173622704507513,-0.000373150402464717
1599,600,599,2648,1.9548912852642,99,11.8314544929611,0.165228314610619,0.165275459098498,-4.71444878785143e-05
1600,600,600,2649,2.62231203250936,142,12.0955801060523,0.216799195203315,0.237061769616027,-0.0202625744127119
1601,600,601,2650,2.52190334661121,127,12.7249811706403,0.198185232087406,0.212020033388982,-0.013834801301576
1602,600,602,2651,2.6962895927205,129,13.1454676856636,0.205111728026311,0.215358931552588,-0.0102472035262762
1603,600,603,2652,2.07130358997547,90,12.6846103315198,0.163292646430653,0.15025041736227,0.0130422290683824
1604,600,604,2653,1.8819674176636,101,11.7026255796481,0.160815827598254,0.168614357262103,-0.00779852966384978
1605,600,605,2654,1.87043074787867,99,11.9298051561367,0.156786361838987,0.165275459098498,-0.00848909725951019
1606,600,606,2655,2.11370851980088,123,11.6028905411116,0.182170857538605,0.20534223706177,-0.0231713795231643
1607,600,607,2656,2.12705122297499,114,11.1353686236848,0.191017585035378,0.190317195325543,0.000700389709835769
1608,600,608,2657,2.09574893188147,116,11.6994318445391,0.179132539060834,0.193656093489149,-0.014523554428315
1609,600,609,2658,2.10550973023034,127,12.4244432536774,0.169465117047169,0.212020033388982,-0.0425549163418129
1610,600,610,2659,1.93032855870295,113,11.6166823787308,0.166168661220972,0.18864774624374,-0.0224790850227679
1611,600,611,2660,2.1184504945612,112,11.3513365430718,0.186625644171758,0.186978297161937,-0.000352652990178198
1612,600,612,2661,2.02007138375157,113,11.8500490721011,0.170469453034374,0.18864774624374,-0.0181782932093656
1613,600,613,2662,2.18276890896295,106,12.3736110795302,0.176405165390557,0.176961602671119,-0.00055643728056165
1614,600,614,2663,2.04650785963324,110,11.5342631783843,0.177428573284898,0.183639398998331,-0.00621082571343304
1615,600,615,2664,2.18477834653635,122,11.9772009218611,0.182411429915034,0.203672787979967,-0.021261358064933
1616,600,616,2665,1.8555075154134,87,11.3323325186174,0.16373571039899,0.145242070116861,0.018493640282129
1617,600,617,2666,1.88789925841861,113,11.6393989260235,0.162199033680134,0.18864774624374,-0.0264487125636057
1618,600,618,2667,1.93618595793118,117,11.6469881875096,0.166239196499536,0.195325542570952,-0.029086346071416
1619,600,619,2668,2.26462632527324,104,12.2446394637803,0.184948387575805,0.173622704507513,0.0113256830682928
1620,600,620,2669,1.97679259358124,120,11.2698584345492,0.175405272840086,0.200333889816361,-0.0249286169762744
1621,600,621,2670,2.28747962240494,120,11.8565570206886,0.192929500394887,0.200333889816361,-0.00740438942147328
1622,600,622,2671,1.93166063300931,106,12.5640621771541,0.153744911937937,0.176961602671119,-0.0232166907331819
1623,600,623,2672,1.72985335516098,89,11.3043247612436,0.153025801336822,0.148580968280467,0.00444483305635449
1624,600,624,2673,2.2633951711144,137,11.7648258524647,0.192386627689879,0.228714524207012,-0.0363278965171326
1625,600,625,2674,1.86344124629136,87,12.3934395102132,0.150357069541166,0.145242070116861,0.00511499942430443
1626,600,626,2675,2.16458675320587,114,11.3940748750656,0.189974769951949,0.190317195325543,-0.000342425373593802
1627,600,627,2676,2.1769026819815,113,11.5304392157811,0.188796163029253,0.18864774624374,0.000148416785513777
1628,600,628,2677,1.98625227147667,120,11.2325062418405,0.176830729377027,0.200333889816361,-0.0235031604393331
1629,600,629,2678,1.96873880335811,113,11.1322028471968,0.176850784196217,0.18864774624374,-0.0117969620475227
1630,600,630,2679,1.84354241116552,95,11.6241355819317,0.158596086407585,0.158597662771285,-1.57636370079484e-06
1631,600,631,2680,1.95046529105555,112,11.0707562680329,0.17618175703927,0.186978297161937,-0.0107965401226668
1632,600,632,2681,1.8541105899538,115,11.898214282321,0.155830996648693,0.191986644407346,-0.0361556477586522
1633,600,633,2682,2.05946864229571,106,12.9529972177421,0.158995528808946,0.176961602671119,-0.0179660738621725
1634,600,634,2683,1.95762877327452,114,12.3746349202128,0.158196891132272,0.190317195325543,-0.0321203041932706
1635,600,635,2684,1.98179154495045,102,11.9107226398625,0.16638717942418,0.170283806343907,-0.00389662691972639
1636,600,636,2685,1.99996521271534,126,12.2025410787831,0.163897437411027,0.210350584307179,-0.0464531468961512
1637,600,637,2686,2.19995195444249,128,11.8802794151921,0.185176785625872,0.213689482470785,-0.0285126968449129
1638,600,638,2687,2.2279324671983,114,12.4943928468201,0.178314584350957,0.190317195325543,-0.0120026109745859
1639,600,639,2688,1.96481519092005,97,11.7638225025781,0.167021832443447,0.161936560934891,0.00508527150855581
1640,600,640,2689,1.95622563065598,106,12.5367819527423,0.156038897224983,0.176961602671119,-0.0209227054461358
1641,600,641,2690,2.04561714730765,115,11.2531189909293,0.181782237347401,0.191986644407346,-0.010204407059945
1642,600,642,2691,2.05691901104001,110,11.8975661218883,0.172885696954088,0.183639398998331,-0.0107537020442424
1643,600,643,2692,2.04154314285785,112,12.5559772133761,0.162595320791357,0.186978297161937,-0.0243829763705795
1644,600,644,2693,1.79607859875646,117,10.6309627349577,0.168947878337531,0.195325542570952,-0.0263776642334207
1645,600,645,2694,2.19299425556207,109,13.2231162640612,0.165845494493787,0.181969949916528,-0.0161244554227402
1646,600,646,2695,2.40856606312256,129,12.2735861404255,0.196239797852517,0.215358931552588,-0.0191191337000704
1647,600,647,2696,2.33317471793848,138,11.2388548855808,0.207598971753954,0.230383973288815,-0.0227850015348607
1648,600,648,2697,2.44270413143605,125,11.0939058716609,0.220184320986161,0.208681135225376,0.0115031857607857
1649,600,649,2698,2.10521823425632,104,12.2007501865612,0.172548261546668,0.173622704507513,-0.00107444296084472
1650,600,650,2699,2.20642398715214,117,11.6351049985153,0.189635073119984,0.195325542570952,-0.00569046945096793
1651,600,651,2700,2.17738511667482,112,12.0283438687591,0.181021189652724,0.186978297161937,-0.00595710750921238
1652,600,652,2701,1.90716109056934,106,11.8081087576341,0.161512832386163,0.176961602671119,-0.0154487702849554
1653,600,653,2702,1.80813525424924,90,12.3276871267878,0.146672707998907,0.15025041736227,-0.00357770936336321
1654,600,654,2703,2.02758324768749,102,11.2146528242714,0.180797683125712,0.170283806343907,0.0105138767818052
1655,600,655,2704,2.00956205044444,121,12.3399527873132,0.162850059889247,0.202003338898164,-0.0391532790089162
1656,600,656,2705,2.14591675451117,105,12.1942771476361,0.175977364507183,0.175292153589316,0.000685210917867746
1657,600,657,2706,2.32005146231696,119,11.9022139576166,0.194926042379896,0.198664440734558,-0.00373839835466111
1658,600,658,2707,2.04511080096218,104,12.4862707653169,0.163788759622519,0.173622704507513,-0.00983394488499353
1659,600,659,2708,2.11169817903216,110,12.0118321916195,0.175801505161342,0.183639398998331,-0.00783789383698902
1660,600,660,2709,2.12534160617025,112,11.831377722443,0.179636020084007,0.186978297161937,-0.00734227707792973
1661,600,661,2710,1.93593597530985,111,11.4258202275997,0.169435185986341,0.185308848080134,-0.0158736620937928
1662,600,662,2711,1.91142167681607,101,12.3016953279769,0.155378720237775,0.168614357262103,-0.013235637024328
1663,600,663,2712,1.98943974806234,92,12.3748244703434,0.160765088250753,0.153589315525876,0.0071757727248768
1664,600,664,2713,2.57498756075465,128,11.9509188185035,0.215463563920108,0.213689482470785,0.0017740814493232
1665,600,665,2714,2.35965420202636,110,12.5822642776075,0.187538121117502,0.183639398998331,0.00389872211917108
1666,600,666,2715,2.30614126256051,125,11.0521762696452,0.208659471790576,0.208681135225376,-2.16634347996736e-05
1667,600,667,2716,1.90985819178918,133,10.632745098759,0.179620424833855,0.2220367278798,-0.0424163030459443
1668,600,668,2717,2.28259267040475,119,11.8885902264914,0.191998599238322,0.198664440734558,-0.00666584149623525
1669,600,669,2718,2.05252408113878,103,12.1728693674294,0.168614647802815,0.17195325542571,-0.00333860762289473
1670,600,670,2719,2.14095178350642,103,12.1198883473437,0.176647814084496,0.17195325542571,0.00469455865878612
1671,600,671,2720,1.77903622620674,102,11.4151275511551,0.155849001093879,0.170283806343907,-0.0144348052500279
1672,600,672,2721,1.93648601657587,100,12.1251791741606,0.15970782689155,0.1669449081803,-0.00723708128875075
1673,600,673,2722,2.37802181819382,113,12.390110717104,0.191929020852983,0.18864774624374,0.00328127460924366
1674,600,674,2723,1.91606831050332,117,11.6537816271564,0.164416012913642,0.195325542570952,-0.0309095296573096
1675,600,675,2724,2.26808865695585,128,11.9438621241603,0.189895750083042,0.213689482470785,-0.0237937323877428
1676,600,676,2725,1.8679181226438,97,11.4708146251639,0.16284093010675,0.161936560934891,0.000904369171858654
1677,600,677,2726,1.75870955609015,88,11.386899066505,0.15445026304514,0.146911519198664,0.00753874384647529
1678,600,678,2727,2.17981561132823,123,11.8570152342706,0.183841849593636,0.20534223706177,-0.0215003874681335
1679,600,679,2728,1.81368164219278,99,11.4483316469397,0.15842322690552,0.165275459098498,-0.00685223219297793
1680,600,680,2729,2.13622909870168,116,12.1778629913132,0.175419045215529,0.193656093489149,-0.01823704827362
1681,600,681,2730,2.01119981334331,130,11.48331563989,0.175141037346124,0.217028380634391,-0.0418873432882663
1682,600,682,2731,2.20386387099958,126,12.1715429178259,0.181066926837344,0.210350584307179,-0.0292836574698342
1683,600,683,2732,2.55485242636846,116,12.7239320290995,0.200791109267603,0.193656093489149,0.00713501577845405
1684,600,684,2733,2.18975622765919,100,12.1699567463807,0.179931307340958,0.1669449081803,0.0129863991606572
1685,600,685,2734,2.07954728463279,105,11.4745043454221,0.181231992426972,0.175292153589316,0.00593983883765606
1686,600,686,2735,2.33984055662885,133,11.8078433316436,0.198159857893638,0.2220367278798,-0.0238768699861612
1687,600,687,2736,2.59641611476122,134,12.2476565168817,0.21199289114472,0.223706176961603,-0.0117132858168826
1688,600,688,2737,1.95955437373278,87,12.3101386068868,0.159182153532903,0.145242070116861,0.0139400834160416
1689,600,689,2738,2.51912400412077,124,12.5908844511271,0.200075222189435,0.207011686143573,-0.00693646395413733
1690,600,690,2739,1.92387032914464,94,12.3115569286342,0.156265396837836,0.156928213689482,-0.000662816851646014
1691,600,691,2740,2.72772993475918,155,11.9632595839405,0.228008923121661,0.258764607679466,-0.0307556845578045
1692,600,692,2741,1.98941522676952,114,11.8574294694474,0.167777951527823,0.190317195325543,-0.02253924379772
1693,600,693,2742,1.69851287195529,98,11.505636437072,0.147624417062454,0.163606010016695,-0.0159815929542407
1694,600,694,2743,2.88498727116141,146,12.2673178950469,0.235176694355191,0.243739565943239,-0.00856287158804728
1695,600,695,2744,1.97925758001962,120,11.363669454596,0.174174159845798,0.200333889816361,-0.0261597299705626
1696,600,696,2745,2.34792248088876,125,12.5653804988658,0.186856457001098,0.208681135225376,-0.0218246782242772
1697,600,697,2746,2.26169426189092,128,11.3071700140832,0.200023017171756,0.213689482470785,-0.0136664652990289
1698,600,698,2747,1.99062795436027,99,12.9796558030568,0.153365234376359,0.165275459098498,-0.0119102247221389
1699,600,699,2748,1.90893705148359,107,12.1170204176206,0.157541787146584,0.178631051752922,-0.021089264606338
1700,600,700,2749,2.20496492287018,107,11.1834617522423,0.197163004776055,0.178631051752922,0.0185319530231334
1701,600,701,2750,1.95290560518848,118,12.02129668057,0.162453823167425,0.196994991652755,-0.0345411684853296
1702,600,702,2751,2.12862696343521,108,12.2285767979518,0.174069885531711,0.180300500834725,-0.0062306153030138
1703,600,703,2752,1.97011396895273,103,11.3553827255293,0.173496042940367,0.17195325542571,0.00154278751465747
1704,600,704,2753,2.14622174297867,117,11.7364246520183,0.182868446448859,0.195325542570952,-0.0124570961220929
1705,600,705,2754,2.09684114605466,111,12.1654848721433,0.172359849861475,0.185308848080134,-0.0129489982186588
1706,600,706,2755,2.07155403115506,126,11.7061487974902,0.176962899326822,0.210350584307179,-0.0333876849803562
1707,600,707,2756,1.95036185337549,115,11.1709062660922,0.174592983498175,0.191986644407346,-0.0173936609091701
1708,600,708,2757,2.26885124207181,112,12.7457493084841,0.178008462834082,0.186978297161937,-0.00896983432785453
1709,600,709,2758,1.73500730026037,101,10.5185262594623,0.164947755746636,0.168614357262103,-0.00366660151546713
1710,600,710,2759,1.99273947498934,104,11.5054473743798,0.173199651447431,0.173622704507513,-0.000423053060081557
1711,600,711,2760,2.30081842437933,132,12.0105669037688,0.19156618024894,0.220367278797997,-0.0288010985490563
1712,600,712,2761,2.29112690930653,113,11.7216606289185,0.195460948908049,0.18864774624374,0.00681320266430957
1713,600,713,2762,2.25075687898736,93,13.1404546283754,0.171284551611105,0.155258764607679,0.0160257870034258
1714,600,714,2763,2.06077576901524,103,11.5195004362827,0.178894543249849,0.17195325542571,0.00694128782413977
1715,600,715,2764,2.3888768328006,115,12.2456026914109,0.195080380525179,0.191986644407346,0.00309373611783326
1716,600,716,2765,2.07081774748815,108,11.6249160262375,0.178136146774247,0.180300500834725,-0.00216435406047708
1717,600,717,2766,2.03591464577504,114,11.8493256828118,0.171816920242835,0.190317195325543,-0.018500275082708
1718,600,718,2767,2.33275012305844,121,12.0138008638638,0.194172531199107,0.202003338898164,-0.00783080769905692
1719,600,719,2768,2.01578343750708,116,10.8922757553869,0.185065406236172,0.193656093489149,-0.00859068725297671
1720,600,720,2769,2.20559529703932,130,11.5986277715175,0.190160020692754,0.217028380634391,-0.0268683599416369
1721,600,721,2770,2.05018897850652,115,11.7114522717373,0.175058475322838,0.191986644407346,-0.016928169084508
1722,600,722,2771,2.09002330723481,124,11.2228634743587,0.18622905927796,0.207011686143573,-0.0207826268656121
1723,600,723,2772,2.02242563857716,97,12.1122858351869,0.166973077261923,0.161936560934891,0.00503651632703186
1724,600,724,2773,2.27980839178161,135,11.8203220636751,0.192871935256964,0.225375626043406,-0.0325036907864419
1725,600,725,2774,2.01765025941107,86,11.844459076166,0.17034549627269,0.143572621035058,0.0267728752376313
1726,600,726,2775,1.89139292972219,115,11.9089061449595,0.158821717687542,0.191986644407346,-0.0331649267198038
1727,600,727,2776,1.90932730937185,114,10.9607515947609,0.174196750365595,0.190317195325543,-0.016120444959948
1728,600,728,2777,2.23505790756882,126,12.426559834882,0.179861356422628,0.210350584307179,-0.0304892278845504
1729,600,729,2778,1.89933467162599,105,11.1110504289991,0.170941054022116,0.175292153589316,-0.00435109956719967
1730,600,730,2779,2.02321930415605,101,11.3999941407245,0.177475468774887,0.168614357262103,0.00886111151278379
1731,600,731,2780,2.39930329108727,129,10.5451382984969,0.227526962963517,0.215358931552588,0.0121680314109289
1732,600,732,2781,2.18572652505478,114,11.9862075422217,0.182353468964684,0.190317195325543,-0.00796372636085865
1733,600,733,2782,1.86754817631169,89,11.6439466237034,0.160387902544139,0.148580968280467,0.0118069342636712
1734,600,734,2783,1.88508318553812,109,11.380934436001,0.165635185418087,0.181969949916528,-0.0163347644984403
1735,600,735,2784,1.78996906704918,111,12.0421609103552,0.148641849280553,0.185308848080134,-0.0366669987995807
1736,600,736,2785,2.38503915262341,133,12.2116931857374,0.195307818199118,0.2220367278798,-0.026728909680682
1737,600,737,2786,2.12612782053825,129,10.8370320774208,0.196190968647965,0.215358931552588,-0.0191679629046228
1738,600,738,2787,2.02027950605722,102,12.0042008412468,0.168297709508114,0.170283806343907,-0.00198609683579223
1739,600,739,2788,2.37343196946331,126,11.6251221212101,0.204164046167993,0.210350584307179,-0.00618653813918557
1740,600,740,2789,2.11368453082511,103,12.8211538078465,0.164859150939406,0.17195325542571,-0.00709410448630315
1741,600,741,2790,2.19254720604584,104,11.6460899655209,0.188264663293607,0.173622704507513,0.0146419587860943
1742,600,742,2791,2.27604809002701,140,11.6050592535428,0.19612550356709,0.233722871452421,-0.0375973678853309
1743,600,743,2792,2.1423457235601,109,12.731893658374,0.168266071100197,0.181969949916528,-0.0137038788163304
1744,600,744,2793,2.37507836897906,122,12.2855122070759,0.193323512194397,0.203672787979967,-0.0103492757855694
1745,600,745,2794,2.42378889900839,124,12.5193820961443,0.19360291749182,0.207011686143573,-0.0134087686517523
1746,600,746,2795,2.22777908028621,116,11.5727812863559,0.192501614362376,0.193656093489149,-0.00115447912677258
1747,600,747,2796,2.06328718842416,111,12.2646534636875,0.168230369861898,0.185308848080134,-0.0170784782182357
1748,600,748,2797,1.77935543441507,93,12.0118192699283,0.148133716835858,0.155258764607679,-0.00712504777182105
1749,600,749,2798,1.74920374154644,87,11.5436542567071,0.151529463950301,0.145242070116861,0.00628739383343993
1750,600,750,2799,2.45838233282902,121,12.2951991339934,0.1999465243334,0.202003338898164,-0.00205681456476312
1751,600,751,2800,1.81442302316484,114,10.9993501102604,0.164957293383389,0.190317195325543,-0.0253599019421534
1752,600,752,2801,1.93542426392471,119,12.1339640240312,0.159504697730405,0.198664440734558,-0.0391597430041523
1753,600,753,2802,1.92541201809786,95,11.7779061408682,0.163476597204053,0.158597662771285,0.00487893443276777
1754,600,754,2803,2.47316918050287,125,12.4178887153953,0.199161808998715,0.208681135225376,-0.00951932622666024
1755,600,755,2804,2.05415747316412,110,12.1813678685985,0.168631100819096,0.183639398998331,-0.0150082981792345
1756,600,756,2805,1.8531738363951,109,12.0575793056073,0.153693688378503,0.181969949916528,-0.0282762615380248
1757,600,757,2806,1.76901698742021,100,11.3781936397929,0.155474326015462,0.1669449081803,-0.0114705821648386
1758,600,758,2807,2.04545039410022,117,12.036593663655,0.169935984486753,0.195325542570952,-0.025389558084199
1759,600,759,2808,2.35258905424065,127,11.537910625694,0.203900786768241,0.212020033388982,-0.00811924662074065
1760,600,760,2809,1.9097596754884,104,11.2538540016472,0.169698280714222,0.173622704507513,-0.00392442379329042
1761,600,761,2810,2.28703007781745,116,12.5759072429111,0.181858058718318,0.193656093489149,-0.0117980347708302
1762,600,762,2811,2.03383495620556,118,10.6632427770858,0.190733250543263,0.196994991652755,-0.00626174110949115
1763,600,763,2812,2.00242415125701,93,12.2214706788024,0.163844778086333,0.155258764607679,0.00858601347865323
1764,600,764,2813,1.88652675076134,112,11.6957644708389,0.161299995008024,0.186978297161937,-0.0256783021539123
1765,600,765,2814,2.07961446276585,110,11.8681947976607,0.175225845060763,0.183639398998331,-0.00841355393756801
1766,600,766,2815,2.34432359334029,122,12.5981408505695,0.186084885154647,0.203672787979967,-0.0175879028253195
1767,600,767,2816,2.25972120584509,125,11.4844072996325,0.196764286296028,0.208681135225376,-0.0119168489293474
1768,600,768,2817,2.16681151303693,113,12.3086248470739,0.176040097082985,0.18864774624374,-0.0126076491607545
1769,600,769,2818,1.92720943294727,104,12.7733052862823,0.150877896500052,0.173622704507513,-0.0227448080074608
1770,600,770,2819,1.95580628943144,119,11.7792532114576,0.166038224522505,0.198664440734558,-0.0326262162120521
1771,600,771,2820,1.95840200720517,112,11.6879183711973,0.16755781012565,0.186978297161937,-0.0194204870362864
1772,600,772,2821,2.00871907987331,104,12.003676429328,0.167341988239996,0.173622704507513,-0.0062807162675167
1773,600,773,2822,2.12652272592789,118,11.7711637917287,0.180655266000304,0.196994991652755,-0.0163397256524508
1774,600,774,2823,2.29214462109528,109,12.3938140992019,0.184942633700055,0.181969949916528,0.00297268378352739
1775,600,775,2824,1.89877473839433,100,13.0145576103558,0.145896218315055,0.1669449081803,-0.021048689865245
1776,600,776,2825,2.14518538962711,106,12.8082610309245,0.167484515224021,0.176961602671119,-0.00947708744709799
1777,600,777,2826,1.74754573131209,97,11.0689077981555,0.15787878652339,0.161936560934891,-0.00405777441150135
1778,600,778,2827,1.92484353446827,102,11.805718335048,0.163043321875123,0.170283806343907,-0.0072404844687832
1779,600,779,2828,1.8453224906962,110,11.1095088795496,0.166102976351463,0.183639398998331,-0.0175364226468675
1780,600,780,2829,1.84739142392359,96,11.1139546474623,0.166222688729922,0.160267111853088,0.00595557687683351
1781,600,781,2830,1.85790107295759,94,11.55149688445,0.160836391295625,0.156928213689482,0.0039081776061427
1782,600,782,2831,2.10879635625756,118,12.3223138450902,0.171136393924734,0.196994991652755,-0.0258585977280202
1783,600,783,2832,1.99825928796735,111,11.8719891770426,0.1683171419859,0.185308848080134,-0.0169917060942331
1784,600,784,2833,1.81375839823994,92,11.8695045992347,0.152808264496302,0.153589315525876,-0.000781051029573987
1785,600,785,2834,1.92133397541623,105,11.7620073309004,0.163350856819194,0.175292153589316,-0.0119412967701216
1786,600,786,2835,1.80710921930738,106,11.9623233739949,0.151066742037411,0.176961602671119,-0.0258948606337079
1787,600,787,2836,2.34470414501797,129,12.1230852962089,0.193408203252616,0.215358931552588,-0.0219507282999713
1788,600,788,2837,2.25559575043758,112,12.3109549140811,0.183218585900079,0.186978297161937,-0.00375971126185745
1789,600,789,2838,1.8213690000218,99,11.0268182479209,0.165176296468405,0.165275459098498,-9.91626300927417e-05
1790,600,790,2839,2.31487809648072,124,11.5383085465602,0.200625428514028,0.207011686143573,-0.00638625762954428
1791,600,791,2840,1.73779742362137,121,10.4743121746635,0.165910409642455,0.202003338898164,-0.0360929292557083
1792,600,792,2841,1.89749714748805,99,11.6480092298714,0.162903128770013,0.165275459098498,-0.00237233032848441
1793,600,793,2842,1.76963804372936,99,11.6933180616869,0.151337544604005,0.165275459098498,-0.0139379144944927
1794,600,794,2843,1.69466144433944,106,10.6091851714966,0.159735306429794,0.176961602671119,-0.0172262962413248
1795,600,795,2844,1.76306299998193,94,12.0914176814862,0.145811107218755,0.156928213689482,-0.0111171064707275
1796,600,796,2845,1.83391435960942,110,11.3842145218829,0.161092744350895,0.183639398998331,-0.022546654647436
1797,600,797,2846,1.80131923671135,95,12.5670946334855,0.143336171903382,0.158597662771285,-0.0152614908679034
1798,600,798,2847,2.37150985992525,127,12.287737012197,0.192998097010967,0.212020033388982,-0.0190219363780142
1799,600,799,2848,1.8483202233814,121,10.7283721702638,0.172283380371949,0.202003338898164,-0.0297199585262148
1800,600,800,2849,2.28036723500185,109,11.7932799835521,0.193361578643282,0.181969949916528,0.0113916287267545
1801,600,801,2850,1.95654067613779,111,11.7354898298519,0.166719983955069,0.185308848080134,-0.0185888641250649
1802,600,802,2851,1.85992759958901,91,12.0254193536484,0.154666340099377,0.151919866444073,0.00274647365530367
1803,600,803,2852,2.25307958302946,113,12.3484331107087,0.182458742970034,0.18864774624374,-0.00618900327370547
1804,600,804,2853,1.73768330864804,106,11.0866303299035,0.156736831385192,0.176961602671119,-0.0202247712859264
1805,600,805,2854,1.84351141029056,106,11.5364451951741,0.159798913712323,0.176961602671119,-0.0171626889587959
1806,600,806,2855,2.01934672306874,106,12.0649319358798,0.167373237893156,0.176961602671119,-0.00958836477796296
1807,600,807,2856,2.10727995587319,112,12.2439054293054,0.172108480259042,0.186978297161937,-0.0148698169028943
1808,600,808,2857,2.08234170871954,115,12.188217809102,0.17084874436396,0.191986644407346,-0.0211379000433859
1809,600,809,2858,1.84428566779918,99,11.5090277828892,0.160246869031034,0.165275459098498,-0.00502859006746328
1810,600,810,2859,2.23326920271628,117,11.4322438807036,0.19534828210635,0.195325542570952,2.27395353985804e-05
1811,600,811,2860,2.30473919418241,113,12.229885516696,0.18845141199695,0.18864774624374,-0.000196334246789914
1812,600,812,2861,1.86917021937328,110,12.2705237644472,0.152330108743121,0.183639398998331,-0.0313092902552098
1813,600,813,2862,2.18875573466744,114,11.268489514531,0.194236834656942,0.190317195325543,0.00391963933139983
1814,600,814,2863,1.98941307771487,104,12.448942612241,0.159805787501879,0.173622704507513,-0.013816917005634
1815,600,815,2864,2.15623955936194,138,10.9992533739812,0.196035084023296,0.230383973288815,-0.0343488892655187
1816,600,816,2865,1.84193320377136,101,12.0382764315333,0.153006388767296,0.168614357262103,-0.0156079684948076
1817,600,817,2866,1.83715381015619,95,12.2708737828175,0.149716625129719,0.158597662771285,-0.008881037641566
1818,600,818,2867,2.35387746814866,131,12.4176068660298,0.189559670679223,0.218697829716194,-0.0291381590369708
1819,600,819,2868,1.89694696074392,104,10.6609860841564,0.17793353689515,0.173622704507513,0.00431083238763744
1820,600,820,2869,2.15275558820408,128,11.280206547049,0.190843632093533,0.213689482470785,-0.0228458503772512
1821,600,821,2870,2.38821807715557,113,12.5438118441406,0.190390138725744,0.18864774624374,0.00174239248200483
1822,600,822,2871,2.17450104475056,112,11.6059235569101,0.187361310290199,0.186978297161937,0.000383013128262111
1823,600,823,2872,2.34892152016954,118,12.3779537598654,0.189766545079991,0.196994991652755,-0.00722844657276361
1824,600,824,2873,2.10348964861272,106,12.9190721545081,0.162820489231396,0.176961602671119,-0.0141411134397222
1825,600,825,2874,2.06177621156745,108,12.5829971002062,0.163854143424515,0.180300500834725,-0.0164463574102095
1826,600,826,2875,2.01926514608494,91,12.036524133707,0.167761483602247,0.151919866444073,0.0158416171581738
1827,600,827,2876,2.56942679972791,136,11.6895138651754,0.219806129610109,0.227045075125209,-0.00723894551509996
1828,600,828,2877,1.74082967889848,106,10.8937713653473,0.159800460328734,0.176961602671119,-0.0171611423423844
1829,600,829,2878,2.54045149282656,131,12.5372903738905,0.202631622708298,0.218697829716194,-0.0160662070078956
1830,600,830,2879,2.02333152050604,114,12.7087524415618,0.159207721592647,0.190317195325543,-0.0311094737328956
1831,600,831,2880,2.08957456371573,117,11.6685545878645,0.17907741254336,0.195325542570952,-0.0162481300275913
1832,600,832,2881,1.90782815459023,101,12.0493557129503,0.158334453728488,0.168614357262103,-0.0102799035336151
1833,600,833,2882,2.0757890128936,112,12.0360353875165,0.172464515603415,0.186978297161937,-0.0145137815585213
1834,600,834,2883,2.15177061219475,115,12.9444392836316,0.166231272366946,0.191986644407346,-0.0257553720403999
1835,600,835,2884,1.94450126732459,103,12.2580508949149,0.158630542815845,0.17195325542571,-0.0133227126098649
1836,600,836,2885,2.07039650002054,112,12.1227938478052,0.170785425044194,0.186978297161937,-0.0161928721177429
1837,600,837,2886,2.35086877539768,121,11.4665541478707,0.20501963755469,0.202003338898164,0.00301629865652639
1838,600,838,2887,2.21830317688599,114,12.3099484126744,0.180204100173321,0.190317195325543,-0.0101130951522215
1839,600,839,2888,2.1078485397967,119,12.1118820091768,0.174031462509265,0.198664440734558,-0.0246329782252925
1840,600,840,2889,1.99825010766754,110,11.7398205044105,0.170211299816451,0.183639398998331,-0.0134280991818798
1841,600,841,2890,1.87222893641643,116,10.8128286714946,0.173148858018264,0.193656093489149,-0.0205072354708848
1842,600,842,2891,1.90967898692676,106,12.2376656456139,0.156049286050825,0.176961602671119,-0.0209123166202936
1843,600,843,2892,1.97831491408152,103,11.6926660147287,0.169192800990769,0.17195325542571,-0.00276045443494069
1844,600,844,2893,1.66097077255996,89,11.9935024434314,0.138489217840585,0.148580968280467,-0.0100917504398824
1845,600,845,2894,2.17753818726509,112,11.8253405603201,0.18414168929492,0.186978297161937,-0.00283660786701648
1846,600,846,2895,1.89821034946281,91,11.9232042558055,0.159203038775299,0.151919866444073,0.00728317233122525
1847,600,847,2896,1.99238284575873,102,12.0976237374379,0.1646920824288,0.170283806343907,-0.00559172391510604
1848,600,848,2897,2.37909922050955,102,12.759121734175,0.186462616320777,0.170283806343907,0.01617880997687
1849,600,849,2898,2.17272036537746,123,11.9680577095092,0.181543272777764,0.20534223706177,-0.0237989642840053
1850,600,850,2899,1.82721703206187,106,11.1795646677166,0.163442592477537,0.176961602671119,-0.0135190101935818
1851,600,851,2900,2.29138187892521,122,12.3725951630068,0.185198161641649,0.203672787979967,-0.0184746263383178
1852,600,852,2901,1.87663534203633,115,10.6361198843477,0.176439844834582,0.191986644407346,-0.0155467995727631
1853,600,853,2902,1.87001787353582,94,12.1569100081795,0.153823452857479,0.156928213689482,-0.00310476083200353
1854,600,854,2903,2.22184637755425,113,11.8709673996599,0.187166412201409,0.18864774624374,-0.00148133404233017
1855,600,855,2904,2.09266115104025,92,12.6858784798078,0.164959892558577,0.153589315525876,0.0113705770327005
1856,600,856,2905,1.83361045369989,95,12.5024073351829,0.146660591399862,0.158597662771285,-0.011937071371424
1857,600,857,2906,1.6120934197166,87,11.5890398554853,0.139105002642093,0.145242070116861,-0.00613706747476875
1858,600,858,2907,1.78340612298608,101,11.6704744787046,0.152813506103827,0.168614357262103,-0.0158008511582763
1859,600,859,2908,2.03134650980073,113,12.1582432061985,0.167075660138556,0.18864774624374,-0.0215720861051835
1860,600,860,2909,1.92048396538229,100,11.7137721690383,0.163950940625129,0.1669449081803,-0.00299396755517167
1861,600,861,2910,1.77754174945825,96,11.0926872485539,0.160244466433503,0.160267111853088,-2.26454195856318e-05
1862,600,862,2911,2.27352081815821,126,12.0601577327709,0.188515015187605,0.210350584307179,-0.021835569119574
1863,600,863,2912,2.1333099087022,115,11.0767252173625,0.192593918043421,0.191986644407346,0.000607273636075101
1864,600,864,2913,2.00996462101623,116,11.4235846309327,0.175948678628744,0.193656093489149,-0.0177074148604044
1865,600,865,2914,2.04795908853494,99,12.821547260581,0.159727921046726,0.165275459098498,-0.00554753805177188
1866,600,866,2915,2.19940164748951,97,13.0473779582336,0.168570394337475,0.161936560934891,0.00663383340258369
1867,600,867,2916,2.10444707252933,115,11.6418565695162,0.180765590089793,0.191986644407346,-0.0112210543175528
1868,600,868,2917,2.11985623449346,119,11.5023184870092,0.184298168833322,0.198664440734558,-0.0143662719012361
1869,600,869,2918,1.94594132551181,104,12.2164252032538,0.159288932165976,0.173622704507513,-0.0143337723415369
1870,600,870,2919,1.98008316190158,113,12.1089624693807,0.163522115698063,0.18864774624374,-0.0251256305456762
1871,600,871,2920,2.01674091499299,108,11.1955580109919,0.180137596805173,0.180300500834725,-0.000162904029551714
1872,600,872,2921,2.02435230675989,94,12.5633475010389,0.161131601795818,0.156928213689482,0.00420338810633583
1873,600,873,2922,2.16993492842804,106,11.9104764478199,0.18218708025112,0.176961602671119,0.00522547758000164
1874,600,874,2923,1.83708238497006,98,11.9308513649761,0.153977476440865,0.163606010016695,-0.00962853357582963
1875,600,875,2924,1.93764916078351,104,12.3615573093203,0.156747981851976,0.173622704507513,-0.0168747226555361
1876,600,876,2925,1.88639898760504,104,12.0358853452514,0.156731219473547,0.173622704507513,-0.0168914850339655
1877,600,877,2926,2.3629080494252,144,11.1877950461048,0.211204087998366,0.240400667779633,-0.029196579781267
1878,600,878,2927,1.91377775989683,89,11.9582050728973,0.160038881105519,0.148580968280467,0.0114579128250516
1879,600,879,2928,2.15951707713445,115,12.0068318905104,0.17985735927903,0.191986644407346,-0.0121292851283155
1880,600,880,2929,2.06169260912509,96,12.4638185799034,0.165414202389736,0.160267111853088,0.00514709053664719
1881,600,881,2930,1.99136092661877,117,11.2454146236171,0.177082036836294,0.195325542570952,-0.018243505734658
1882,600,882,2931,2.01783831278296,101,11.9380877825816,0.169025253418484,0.168614357262103,0.000410896156380375
1883,600,883,2932,1.94851440566145,106,11.5771608647673,0.168306757453061,0.176961602671119,-0.00865484521805773
1884,600,884,2933,1.63181515956731,86,11.5464926666085,0.141325613472772,0.143572621035058,-0.00224700756228635
1885,600,885,2934,2.03384767204301,114,12.0299256469323,0.169065689326323,0.190317195325543,-0.02125150599922
1886,600,886,2935,2.19191566146563,105,12.9940601524848,0.168685971570362,0.175292153589316,-0.00660618201895349
1887,600,887,2936,2.12861078713959,119,11.8645340100744,0.179409556694948,0.198664440734558,-0.0192548840396099
1888,600,888,2937,1.95663811737206,92,11.8100874587143,0.165675158986931,0.153589315525876,0.0120858434610547
1889,600,889,2938,1.67847405034568,96,11.2646176071816,0.149004085968759,0.160267111853088,-0.0112630258843299
1890,600,890,2939,2.12075144950453,123,11.2922475577423,0.187805964991485,0.20534223706177,-0.0175362720702845
1891,600,891,2940,1.79227071360415,94,11.0275324646242,0.162526904305535,0.156928213689482,0.00559869061605209
1892,600,892,2941,1.75380503834027,108,11.6139969348894,0.151007878525583,0.180300500834725,-0.0292926223091417
1893,600,893,2942,2.30371799739718,138,11.9039398571406,0.193525675116318,0.230383973288815,-0.036858298172497
1894,600,894,2943,1.75255812060957,94,11.4743030225563,0.152737653621695,0.156928213689482,-0.00419056006778787
1895,600,895,2944,2.03078357224985,101,12.3904842896245,0.163898643893231,0.168614357262103,-0.00471571336887219
1896,600,896,2945,1.90825243600674,91,11.6250907109013,0.164149466310599,0.151919866444073,0.0122295998665251
1897,600,897,2946,2.17576834668113,118,11.6856586566636,0.186191331666223,0.196994991652755,-0.0108036599865319
1898,600,898,2947,1.98006235530062,107,11.4373188737763,0.173122947532795,0.178631051752922,-0.00550810422012674
1899,600,899,2948,2.26808661432415,142,11.8975127791166,0.190635358535211,0.237061769616027,-0.0464264110808158
1900,600,900,2949,2.1796537309578,124,11.8260819435652,0.184309033317986,0.207011686143573,-0.022702652825587
1901,600,901,2950,2.14346118374553,128,11.5758437785312,0.185166733825558,0.213689482470785,-0.0285227486452264
1902,600,902,2951,1.78600028105669,112,11.6448517449554,0.153372522052966,0.186978297161937,-0.0336057751089702
1903,600,903,2952,1.6516307738005,106,10.9237460892072,0.151196371676226,0.176961602671119,-0.0257652309948925
1904,600,904,2953,1.81644330795861,94,12.3578685969823,0.146986779613612,0.156928213689482,-0.00994143407587098
1905,600,905,2954,1.72573607128559,100,12.5155559679498,0.137887288084118,0.1669449081803,-0.029057620096183
1906,600,906,2955,2.03783089476224,107,12.1658777857774,0.167503811122003,0.178631051752922,-0.0111272406309184
1907,600,907,2956,2.15066809982756,115,11.1594774026718,0.192721220019913,0.191986644407346,0.000734575612567234
1908,600,908,2957,2.1285604771641,110,11.8237820312522,0.180023656689371,0.183639398998331,-0.00361574230895934
1909,600,909,2958,1.99853099001015,105,12.5482390989769,0.159267844216731,0.175292153589316,-0.0160243093725844
1910,600,910,2959,1.82212414408264,93,12.3304356954505,0.147774514144293,0.155258764607679,-0.00748425046338649
1911,600,911,2960,2.26546579671585,107,12.4415611465689,0.182088547411962,0.178631051752922,0.00345749565904055
1912,600,912,2961,1.97132151111565,107,11.947501759381,0.164998637440483,0.178631051752922,-0.0136324143124381
1913,600,913,2962,1.98776626984815,100,12.2851788163955,0.161801981033872,0.1669449081803,-0.00514292714642894
1914,600,914,2963,2.07417543558759,101,11.6428762491655,0.178149745062888,0.168614357262103,0.00953538780078478
1915,600,915,2964,2.35507883035212,137,12.1576014124532,0.193712456137917,0.228714524207012,-0.0350020680690952
1916,600,916,2965,1.87833138737589,100,12.0801415956001,0.155489186323779,0.1669449081803,-0.0114557218565219
1917,600,917,2966,2.033023910059,103,11.5840748428909,0.17550162077092,0.17195325542571,0.00354836534521044
1918,600,918,2967,1.9009333246014,94,11.8276536288967,0.160719394078056,0.156928213689482,0.00379118038857346
1919,600,919,2968,1.82903730129716,103,11.2357843520527,0.162786792981036,0.17195325542571,-0.00916646244467373
1920,600,920,2969,2.25726356107177,114,12.7823975820414,0.1765915624658,0.190317195325543,-0.0137256328597422
1921,600,921,2970,2.03553927970617,111,11.3086434655302,0.179998537040334,0.185308848080134,-0.00531031103979993
1922,600,922,2971,2.06764573765783,121,11.4572114348616,0.180466752264558,0.202003338898164,-0.0215365866336055
1923,600,923,2972,1.83262783213917,117,11.7703232255596,0.155699023469429,0.195325542570952,-0.0396265191015224
1924,600,924,2973,2.57566096315059,129,13.0985121725361,0.19663767374672,0.215358931552588,-0.018721257805868
1925,600,925,2974,1.97163524111509,106,12.0830344005376,0.163173849859053,0.176961602671119,-0.0137877528120655
1926,600,926,2975,1.84077543124837,101,11.8166222892405,0.155778477655537,0.168614357262103,-0.0128358796065667
1927,600,927,2976,2.74067620916425,142,12.490933097553,0.219413248614802,0.237061769616027,-0.017648521001225
1928,600,928,2977,2.47805149464515,141,12.3255586015206,0.20104983268989,0.235392320534224,-0.0343424878443342
1929,600,929,2978,2.10658826823044,112,12.5078137889194,0.168421780479068,0.186978297161937,-0.0185565166828684
1930,600,930,2979,2.35352151816604,119,12.8068398354411,0.183770668518318,0.198664440734558,-0.0148937722162392
1931,600,931,2980,1.92803481325004,95,11.6331726225414,0.165735941157972,0.158597662771285,0.00713827838668632
1932,600,932,2981,1.90207346239441,97,11.9465191294846,0.159215704740304,0.161936560934891,-0.00272085619458787
1933,600,933,2982,1.95868120673817,94,12.0667629036105,0.162320352391453,0.156928213689482,0.00539213870197028
1934,600,934,2983,1.86857162774197,108,10.6836738094276,0.174899726542857,0.180300500834725,-0.00540077429186761
1935,600,935,2984,2.02521492513515,115,11.9094114755176,0.170051637673148,0.191986644407346,-0.0219350067341976
1936,600,936,2985,2.06619787484502,107,12.3780870257001,0.166923844577524,0.178631051752922,-0.0117072071753979
1937,600,937,2986,1.83363018089122,90,12.3348735636751,0.148654152912525,0.15025041736227,-0.00159626444974531
1938,600,938,2987,1.81816060170901,101,11.1376838604448,0.163244048268076,0.168614357262103,-0.00537030899402788
1939,600,939,2988,2.25399616294062,110,12.2350589003947,0.184224381859568,0.183639398998331,0.000584982861237732
1940,600,940,2989,1.71494101184643,90,10.7764386613328,0.159138010779002,0.15025041736227,0.00888759341673107
1941,600,941,2990,2.33122820364743,116,12.9195268269501,0.180442227867392,0.193656093489149,-0.0132138656217562
1942,600,942,2991,1.98199334759571,108,11.7927840110462,0.168068315822557,0.180300500834725,-0.0122321850121674
1943,600,943,2992,1.91936313123136,111,11.9300640492849,0.160884562170176,0.185308848080134,-0.0244242859099579
1944,600,944,2993,2.33640485703795,137,11.5760946152879,0.201830145198745,0.228714524207012,-0.026884379008267
1945,600,945,2994,2.09955080068006,125,11.6073148863588,0.180881695830231,0.208681135225376,-0.0277994393951441
1946,600,946,2995,2.47048917297111,136,11.6113538889855,0.212764953733311,0.227045075125209,-0.0142801213918981
1947,600,947,2996,2.02089387893655,106,11.7543244443424,0.1719276925276,0.176961602671119,-0.00503391014351845
1948,600,948,2997,2.26416174847841,107,12.2746146554077,0.184458886249509,0.178631051752922,0.00582783449658741
1949,600,949,2998,1.97069385215004,100,12.1021648931604,0.162838126033449,0.1669449081803,-0.00410678214685176
1950,600,950,2999,1.88338179179471,91,11.6312125090119,0.161924802795534,0.151919866444073,0.0100049363514606
1951,600,951,3000,2.07768104048338,107,11.5705486612436,0.17956633702624,0.178631051752922,0.000935285273318154
1952,600,952,3001,2.25746046540435,129,12.1615198220277,0.185623219666632,0.215358931552588,-0.0297357118859555
1953,600,953,3002,2.59048254693924,130,12.1637205865401,0.212967942539371,0.217028380634391,-0.00406043809501921
1954,600,954,3003,2.01939449874333,121,11.0157825700182,0.183318296808031,0.202003338898164,-0.0186850420901322
1955,600,955,3004,2.08123047511787,114,12.0875348886486,0.172179893939529,0.190317195325543,-0.0181373013860134
1956,600,956,3005,2.25241811118802,118,13.0913542350076,0.17205386629634,0.196994991652755,-0.0249411253564146
1957,600,957,3006,2.36497064675389,106,12.2696444368612,0.19274972953975,0.176961602671119,0.0157881268686314
1958,600,958,3007,2.31176033269811,132,12.3567983930569,0.18708408595523,0.220367278797997,-0.0332831928427663
1959,600,959,3008,2.02164899852727,100,11.9702193712097,0.168889887130194,0.1669449081803,0.00194497894989384
1960,600,960,3009,2.348795722022,110,12.1374876211477,0.193515807829092,0.183639398998331,0.00987640883076191
1961,600,961,3010,2.00543172276241,103,11.4694749631042,0.174849479092427,0.17195325542571,0.00289622366671757
1962,600,962,3011,2.21029308293011,109,12.0118315972949,0.1840096628917,0.181969949916528,0.0020397129751723
1963,600,963,3012,1.95225063083089,109,12.1398335803191,0.160813623837138,0.181969949916528,-0.0211563260793891
1964,600,964,3013,2.38124497536562,117,11.9191106294006,0.199783779965248,0.195325542570952,0.00445823739429663
1965,600,965,3014,2.37856870503282,123,12.3727580700429,0.192242399921474,0.20534223706177,-0.0130998371402959
1966,600,966,3015,1.90649783784585,99,12.0044581946997,0.158815817167627,0.165275459098498,-0.00645964193087056
1967,600,967,3016,1.94298431516714,119,10.7261417874418,0.181144753973139,0.198664440734558,-0.017519686761419
1968,600,968,3017,1.93307050359507,129,10.791054662606,0.179136383239137,0.215358931552588,-0.0362225483134502
1969,600,969,3018,2.67839694398438,143,12.4515139972329,0.215106126418009,0.23873121869783,-0.0236250922798209
1970,600,970,3019,2.29216694040171,120,13.2611000520127,0.172848928928321,0.200333889816361,-0.0274849608880393
1971,600,971,3020,1.98005667403388,105,12.0272227135045,0.164631247063431,0.175292153589316,-0.0106609065258841
1972,600,972,3021,2.32070871996924,145,10.3260238203137,0.224743692282005,0.242070116861436,-0.0173264245794302
1973,600,973,3022,2.38236010710929,107,12.3671159610948,0.192636675729723,0.178631051752922,0.0140056239768013
1974,600,974,3023,2.31380830860408,135,12.9569918083077,0.178576041633408,0.225375626043406,-0.0467995844099972
1975,600,975,3024,2.36461757751676,139,11.7252031952646,0.201669645987179,0.232053422370618,-0.0303837763834386
1976,600,976,3025,2.50110046954407,137,12.7698850959077,0.195859277570602,0.228714524207012,-0.03285524663641
1977,600,977,3026,2.02541608335757,107,12.4635364590215,0.162507334095493,0.178631051752922,-0.0161237176574281
1978,600,978,3027,2.22940655328931,121,12.2788973528549,0.181564067947108,0.202003338898164,-0.0204392709510558
1979,600,979,3028,2.15422890457186,122,12.2819556715313,0.175397873285376,0.203672787979967,-0.0282749146945904
1980,600,980,3029,2.08347760508169,115,11.7680218862484,0.177045694273934,0.191986644407346,-0.0149409501334119
1981,600,981,3030,1.89354151022448,92,12.1121154425663,0.156334499881821,0.153589315525876,0.00274518435594467
1982,600,982,3031,1.98515135339545,104,12.2413292978777,0.162167956198974,0.173622704507513,-0.0114547483085389
1983,600,983,3032,1.7897143013626,101,11.6532756280072,0.153580363023529,0.168614357262103,-0.0150339942385741
1984,600,984,3033,1.92765730856545,91,12.0701344923213,0.159704708327133,0.151919866444073,0.00778484188305981
1985,600,985,3034,2.19279788123025,121,11.6946098618853,0.187505005051683,0.202003338898164,-0.0144983338464811
1986,600,986,3035,1.80641074573785,103,10.7532490446349,0.167987436935549,0.17195325542571,-0.00396581849016062
1987,600,987,3036,2.03791992139594,108,11.3373709986151,0.179752424229999,0.180300500834725,-0.000548076604725833
1988,600,988,3037,2.09883957115485,124,11.9891545096202,0.175061516595748,0.207011686143573,-0.031950169547825
1989,600,989,3038,1.77697821085285,102,11.2072508084303,0.158556120606865,0.170283806343907,-0.0117276857370419
1990,600,990,3039,2.05962203301509,119,11.7166879905601,0.175785344345987,0.198664440734558,-0.0228790963885709
1991,600,991,3040,1.85189324022355,88,11.6985420145551,0.158301200091384,0.146911519198664,0.0113896808927199
1992,600,992,3041,2.05259806846234,103,11.998610550582,0.171069646756956,0.17195325542571,-0.000883608668753838
1993,600,993,3042,2.3922362924206,131,12.0713529365594,0.198174662359134,0.218697829716194,-0.0205231673570599
1994,600,994,3043,2.24617858898277,138,11.6915226160749,0.192120279175139,0.230383973288815,-0.0382636941136758
1995,600,995,3044,1.62389526294348,92,11.4361452721516,0.14199673266637,0.153589315525876,-0.0115925828595068
1996,600,996,3045,2.31652297346701,150,11.4276564428151,0.202711989554384,0.250417362270451,-0.0477053727160667
1997,600,997,3046,1.79847958180058,88,11.979400176319,0.150131021197191,0.146911519198664,0.00321950199852683
1998,600,998,3047,1.7464236265856,101,11.0387591166131,0.158208328321729,0.168614357262103,-0.0104060289403744
1999,600,999,3048,2.13117199229846,96,11.5175287718299,0.185037262291106,0.160267111853088,0.0247701504380179
2000,600,1000,3049,2.12980363267973,110,12.2078249801132,0.174462169645225,0.183639398998331,-0.0091772293531055
2001,650,1,3050,1.80908344152864,93,13.2244924923489,0.136797948395774,0.143297380585516,-0.00649943218974253
2002,650,2,3051,2.14945442974215,131,12.5815541391987,0.170841726384611,0.201848998459168,-0.0310072720745567
2003,650,3,3052,1.63119210877725,104,11.4878504471652,0.141992805031665,0.160246533127889,-0.0182537280962237
2004,650,4,3053,1.97677398308097,110,12.5031097704411,0.158102585626682,0.169491525423729,-0.0113889397970471
2005,650,5,3054,2.1895047590875,126,12.2232699270016,0.179125943562027,0.194144838212635,-0.0150188946506082
2006,650,6,3055,1.97100228955003,107,11.4536673196934,0.172084820916799,0.164869029275809,0.00721579164099034
2007,650,7,3056,2.50468047912254,130,12.1399209957443,0.206317691853231,0.200308166409861,0.00600952544337
2008,650,8,3057,1.99728348753849,120,10.8834674572317,0.183515363590431,0.184899845916795,-0.00138448232636434
2009,650,9,3058,1.94322106498352,127,12.2525986553824,0.158596647098196,0.195685670261941,-0.0370890231637458
2010,650,10,3059,2.56244179193503,143,12.8710606870698,0.199085518609142,0.220338983050847,-0.0212534644417054
2011,650,11,3060,1.97939292460998,114,12.6516037603259,0.156453913836374,0.175654853620955,-0.0192009397845809
2012,650,12,3061,1.89034013086976,98,12.5279996371046,0.150889222990642,0.151001540832049,-0.000112317841407195
2013,650,13,3062,2.00562220609674,102,13.1515390266849,0.152500950803345,0.157164869029276,-0.00466391822593101
2014,650,14,3063,2.00795988470791,119,10.990618605859,0.18269762210086,0.183359013867488,-0.000661391766628411
2015,650,15,3064,2.06818941569288,115,12.225591367658,0.169168865005921,0.177195685670262,-0.00802682066434107
2016,650,16,3065,2.05457603637568,125,12.6250117922212,0.162738543946675,0.192604006163328,-0.029865462216653
2017,650,17,3066,2.35619352350822,119,12.9376193236815,0.182119558827593,0.183359013867488,-0.00123945503989575
2018,650,18,3067,2.03233402802468,97,12.8082071708189,0.158674356287348,0.149460708782743,0.00921364750460538
2019,650,19,3068,2.3268337288675,121,12.0419624677411,0.193227120172547,0.186440677966102,0.00678644220644542
2020,650,20,3069,2.05725764594602,133,12.9909931230082,0.158360305980181,0.204930662557781,-0.0465703565775998
2021,650,21,3070,2.09374988693093,113,12.5415874893622,0.166944566523723,0.174114021571649,-0.00716945504792529
2022,650,22,3071,2.24582378452303,117,12.3091902711508,0.182450976469719,0.180277349768875,0.00217362670084428
2023,650,23,3072,1.68299983999706,106,12.086553310082,0.139245639084981,0.163328197226502,-0.024082558141521
2024,650,24,3073,2.18537665963561,128,12.4633345701604,0.175344459168081,0.197226502311248,-0.0218820431431674
2025,650,25,3074,2.12670007937943,116,13.0490659339841,0.16297718856955,0.178736517719569,-0.0157593291500183
2026,650,26,3075,1.83182738132883,90,12.556017194905,0.145892391902119,0.138674884437596,0.00721750746452252
2027,650,27,3076,2.83603958761941,190,12.1710226444367,0.233015718602393,0.292758089368259,-0.0597423707658659
2028,650,28,3077,1.95534053250789,97,12.2314072475351,0.159862270377919,0.149460708782743,0.0104015615951763
2029,650,29,3078,1.70555169034671,114,10.9725856186842,0.155437537661358,0.175654853620955,-0.0202173159595968
2030,650,30,3079,2.32955129742507,124,13.0049170719022,0.179128500746705,0.191063174114022,-0.011934673367317
2031,650,31,3080,2.03512999649101,130,11.9192789471938,0.170742710654502,0.200308166409861,-0.0295654557553593
2032,650,32,3081,2.28293184796657,121,13.0454317136131,0.174998566401163,0.186440677966102,-0.0114421115649385
2033,650,33,3082,2.46298010378935,135,12.4877758847712,0.197231286541021,0.208012326656394,-0.0107810401153738
2034,650,34,3083,2.16826301821892,109,13.0141165207247,0.166608545018481,0.167950693374422,-0.00134214835594149
2035,650,35,3084,2.14469331895649,122,13.294545303204,0.16132129907742,0.187981510015408,-0.0266602109379882
2036,650,36,3085,2.05457705494583,95,13.0503273794292,0.15743490528708,0.146379044684129,0.0110558606029506
2037,650,37,3086,2.37516677811953,150,11.7418250782644,0.202282589145043,0.231124807395994,-0.0288422182509505
2038,650,38,3087,2.73365534802703,134,13.0644066957576,0.209244507744446,0.206471494607088,0.00277301313735789
2039,650,39,3088,2.2502621321696,116,12.3518613853937,0.182180002022252,0.178736517719569,0.00344348430268338
2040,650,40,3089,2.03244725223629,116,11.4764522117065,0.17709717382547,0.178736517719569,-0.0016393438940987
2041,650,41,3090,2.19389682443789,106,13.4979605063521,0.162535430697508,0.163328197226502,-0.000792766528994432
2042,650,42,3091,2.41719540375571,132,12.9202505498811,0.187085799491555,0.203389830508475,-0.0163040310169197
2043,650,43,3092,2.03704640199681,122,12.3575103682527,0.164842783157206,0.187981510015408,-0.0231387268582026
2044,650,44,3093,1.79468807646393,109,12.1623697267596,0.147560723508944,0.167950693374422,-0.0203899698654781
2045,650,45,3094,2.13638297385615,114,12.4935003649164,0.170999552683844,0.175654853620955,-0.00465530093711161
2046,650,46,3095,2.58544499204964,146,12.9006213203525,0.200412439668371,0.224961479198767,-0.0245490395303962
2047,650,47,3096,1.90151372517498,106,12.1692000300416,0.156256263392893,0.163328197226502,-0.00707193383360882
2048,650,48,3097,2.24117280893306,129,12.3894469919517,0.180893692058164,0.198767334360555,-0.0178736423023902
2049,650,49,3098,1.9718594385234,104,12.6778102006991,0.155536280107322,0.160246533127889,-0.00471025302056724
2050,650,50,3099,2.12674672662535,124,12.7007219768001,0.167450852834208,0.191063174114022,-0.0236123212798136
2051,650,51,3100,2.15987526444223,122,12.748061267465,0.169427744276266,0.187981510015408,-0.0185537657391422
2052,650,52,3101,1.84502470257121,116,11.9016015902814,0.155023228476898,0.178736517719569,-0.0237132892426709
2053,650,53,3102,1.85729218350387,118,12.0357756577615,0.154314290687709,0.181818181818182,-0.027503891130473
2054,650,54,3103,1.92475897393393,115,11.5167384169979,0.167127089653536,0.177195685670262,-0.0100685960167256
2055,650,55,3104,1.9244063204729,98,12.5151581862176,0.15376604049577,0.151001540832049,0.00276449966372069
2056,650,56,3105,2.2258238468109,139,11.1222309223486,0.20012386564807,0.214175654853621,-0.0140517892055508
2057,650,57,3106,1.99183760972869,111,12.6711051033544,0.157195255937179,0.171032357473035,-0.0138371015358562
2058,650,58,3107,2.14563000341238,131,12.8189829530568,0.16737911355914,0.201848998459168,-0.0344698849000276
2059,650,59,3108,2.01832354899696,104,12.6921416612659,0.159021511330631,0.160246533127889,-0.00122502179725842
2060,650,60,3109,2.13415845680127,102,12.5652218509133,0.1698464605021,0.157164869029276,0.0126815914728244
2061,650,61,3110,2.21196216854548,108,12.3348246589653,0.179326600069484,0.166409861325116,0.0129167387443679
2062,650,62,3111,1.68715182722701,88,12.639267536774,0.13348493671158,0.135593220338983,-0.00210828362740298
2063,650,63,3112,2.18779936910955,108,12.7348230564531,0.171796605214781,0.166409861325116,0.00538674388966509
2064,650,64,3113,1.915698200051,100,12.4137908269823,0.154320161081423,0.154083204930663,0.000236956150760442
2065,650,65,3114,2.38118650062923,132,12.5841042177703,0.189221772119998,0.203389830508475,-0.0141680583884766
2066,650,66,3115,2.17375008120909,113,13.2156068436485,0.164483561513773,0.174114021571649,-0.00963046005787571
2067,650,67,3116,2.74235946015755,137,13.2138762891252,0.207536335300374,0.211093990755008,-0.00355765545463371
2068,650,68,3117,1.91688958519209,116,12.1882177449266,0.157273985853264,0.178736517719569,-0.0214625318663042
2069,650,69,3118,2.3122492835537,135,12.5792283755929,0.183814874371794,0.208012326656394,-0.024197452284601
2070,650,70,3119,2.03244070033326,106,12.4238996763807,0.163591203508925,0.163328197226502,0.00026300628242315
2071,650,71,3120,2.22938713100875,135,11.6099272127798,0.192024212568251,0.208012326656394,-0.015988114088143
2072,650,72,3121,2.37817323535378,131,12.0487709735609,0.197378906161658,0.201848998459168,-0.00447009229751033
2073,650,73,3122,2.07418595541808,107,12.5973206605268,0.164652945758335,0.164869029275809,-0.000216083517473792
2074,650,74,3123,2.22335637047328,135,12.1512886126098,0.182972888008439,0.208012326656394,-0.0250394386479553
2075,650,75,3124,2.0424109385833,109,11.6557265221979,0.175228110808331,0.167950693374422,0.007277417433909
2076,650,76,3125,2.29523610142766,125,12.7946907237052,0.179389728989321,0.192604006163328,-0.013214277174007
2077,650,77,3126,2.02654052494869,115,12.6248723286586,0.160519684650467,0.177195685670262,-0.0166760010197947
2078,650,78,3127,1.84353270088765,102,12.0665053888208,0.152780995116914,0.157164869029276,-0.00438387391236181
2079,650,79,3128,2.09541863084798,109,13.1160076642945,0.159760399999789,0.167950693374422,-0.00819029337463303
2080,650,80,3129,2.05973890557582,139,12.0240515956401,0.171301569125225,0.214175654853621,-0.0428740857283959
2081,650,81,3130,2.14091745532607,126,12.0591149388294,0.177535206040078,0.194144838212635,-0.0166096321725568
2082,650,82,3131,1.89874842359374,107,12.2975993082783,0.154399926033983,0.164869029275809,-0.0104691032418258
2083,650,83,3132,2.10661381176114,97,13.1961136801579,0.159638956045726,0.149460708782743,0.0101782472629833
2084,650,84,3133,2.28602124284226,134,12.8079907178938,0.178483986535726,0.206471494607088,-0.0279875080713614
2085,650,85,3134,2.04557833013494,113,12.1028358113864,0.169016448873119,0.174114021571649,-0.00509757269852928
2086,650,86,3135,2.2547890656167,129,11.9955219085712,0.187969234086062,0.198767334360555,-0.0107981002744926
2087,650,87,3136,2.3193773606824,124,13.0118339068449,0.178251380803615,0.191063174114022,-0.0128117933104064
2088,650,88,3137,2.264064358862,142,12.3291233074522,0.183635470455025,0.218798151001541,-0.0351626805465158
2089,650,89,3138,2.21305851798154,120,12.4271719715664,0.17808223166502,0.184899845916795,-0.00681761425177488
2090,650,90,3139,2.07971066337777,114,12.8850468478423,0.161404974924561,0.175654853620955,-0.0142498786963942
2091,650,91,3140,2.17760619232992,135,10.9635658665208,0.198622074135535,0.208012326656394,-0.0093902525208592
2092,650,92,3141,2.21822321396221,130,12.3248122027213,0.179980285092898,0.200308166409861,-0.0203278813169638
2093,650,93,3142,2.26896985565699,129,12.5579599628531,0.180679812833349,0.198767334360555,-0.0180875215272058
2094,650,94,3143,2.15319701894436,114,13.0209539762606,0.165363998895166,0.175654853620955,-0.0102908547257896
2095,650,95,3144,2.15411513382195,119,12.486157919575,0.172520253844048,0.183359013867488,-0.0108387600234405
2096,650,96,3145,2.01850338653608,103,11.8143101717953,0.170852411794209,0.158705701078582,0.0121467107156265
2097,650,97,3146,2.07352759429653,131,12.1091070511723,0.17123703552491,0.201848998459168,-0.0306119629342585
2098,650,98,3147,1.88084439163393,120,11.9327357772017,0.157620551292807,0.184899845916795,-0.0272792946239884
2099,650,99,3148,2.03021643594027,111,11.6201484281159,0.174715189612208,0.171032357473035,0.00368283213917284
2100,650,100,3149,1.96103099053943,104,12.0339390461432,0.162958361598809,0.160246533127889,0.00271182847091994
2101,650,101,3150,2.18710886487375,119,11.9861065493821,0.182470333953981,0.183359013867488,-0.000888679913507134
2102,650,102,3151,2.24997001790506,138,12.2914297695057,0.183051936194363,0.212634822804314,-0.029582886609951
2103,650,103,3152,1.81283808923013,95,12.673489706223,0.143041745505974,0.146379044684129,-0.00333729917815545
2104,650,104,3153,1.91068647961245,109,12.8919995867128,0.148207147135012,0.167950693374422,-0.0197435462394107
2105,650,105,3154,2.2409395039876,115,12.3195028318343,0.181901780824864,0.177195685670262,0.0047060951546016
2106,650,106,3155,2.42939169246672,123,11.8287644701431,0.205380003854057,0.189522342064715,0.0158576617893424
2107,650,107,3156,2.05133188393076,108,12.3059846754025,0.166693843527289,0.166409861325116,0.000283982202173211
2108,650,108,3157,1.80679225476793,93,11.8390500336173,0.152612941886172,0.143297380585516,0.00931556130065628
2109,650,109,3158,2.31900944009549,120,12.8911376970533,0.179891759330565,0.184899845916795,-0.00500808658622995
2110,650,110,3159,2.07689163992636,121,12.789651063514,0.162388452164365,0.186440677966102,-0.0240522258017367
2111,650,111,3160,2.05747319460163,100,12.1896802146346,0.168788118996878,0.154083204930663,0.0147049140662152
2112,650,112,3161,1.94562703337773,121,11.3109994807914,0.172011946131007,0.186440677966102,-0.014428731835095
2113,650,113,3162,1.90628449293809,101,12.5963564067949,0.151336182573382,0.155624036979969,-0.00428785440658752
2114,650,114,3163,2.1266844219106,108,12.9924145953615,0.163686619319389,0.166409861325116,-0.0027232420057266
2115,650,115,3164,2.08483461800748,118,11.7151469650795,0.177960602988759,0.181818181818182,-0.00385757882942292
2116,650,116,3165,1.70850810533662,95,11.7998445812617,0.144790729536367,0.146379044684129,-0.00158831514776289
2117,650,117,3166,1.96158186979467,119,12.0814288256402,0.162363400728865,0.183359013867488,-0.0209956131386239
2118,650,118,3167,2.14783341966493,110,12.9961777874959,0.165266546425014,0.169491525423729,-0.00422497899871488
2119,650,119,3168,1.81977765842471,99,12.0438220543087,0.151096358798632,0.152542372881356,-0.0014460140827238
2120,650,120,3169,1.93510420573138,100,12.2027963098451,0.158578751672693,0.154083204930663,0.00449554674203051
2121,650,121,3170,2.03067311430524,121,12.086844712771,0.16800688372869,0.186440677966102,-0.0184337942374121
2122,650,122,3171,2.47337484726841,135,12.4616884956316,0.198478307986549,0.208012326656394,-0.00953401866984591
2123,650,123,3172,2.30146731734915,112,12.9992948207293,0.177045551246297,0.172573189522342,0.0044723617239551
2124,650,124,3173,2.02757689146228,101,13.1943269557942,0.153670353800947,0.155624036979969,-0.00195368317902195
2125,650,125,3174,2.74338345379465,147,12.6286891184466,0.217234221862935,0.226502311248074,-0.00926808938513934
2126,650,126,3175,2.02466586005723,100,11.8731421722835,0.170524856072522,0.154083204930663,0.0164416511418593
2127,650,127,3176,1.83930682993111,102,12.4819974466215,0.147356770244249,0.157164869029276,-0.00980809878502681
2128,650,128,3177,1.77241387379391,114,11.6337789201495,0.152350658024292,0.175654853620955,-0.0233041955966635
2129,650,129,3178,1.93092517490086,108,11.9616325153398,0.161426558826699,0.166409861325116,-0.00498330249841675
2130,650,130,3179,2.07310600170679,125,10.9090350742022,0.190035689463434,0.192604006163328,-0.00256831669989457
2131,650,131,3180,1.90972102392792,104,12.2485770887612,0.155913704105287,0.160246533127889,-0.00433282902260174
2132,650,132,3181,1.9064810289357,99,12.0473853673164,0.158248530349816,0.152542372881356,0.00570615746845995
2133,650,133,3182,2.75789952624057,160,12.7179526509856,0.216850903751937,0.24653312788906,-0.0296822241371227
2134,650,134,3183,2.48202949585948,128,12.1682901459213,0.203975206548755,0.197226502311248,0.0067487042375074
2135,650,135,3184,1.90410464340374,108,12.5815581571232,0.151340924520204,0.166409861325116,-0.0150689368049116
2136,650,136,3185,2.06188898517223,120,12.0582615935999,0.170993884082479,0.184899845916795,-0.013905961834316
2137,650,137,3186,2.2956932602749,118,13.0214687511972,0.176300638901724,0.181818181818182,-0.00551754291645787
2138,650,138,3187,2.27604788997994,116,12.9471366608115,0.175795463476422,0.178736517719569,-0.00294105424314664
2139,650,139,3188,2.29064688888226,136,12.0124268612903,0.190689767799028,0.209553158705701,-0.0188633909066726
2140,650,140,3189,1.88399700731814,99,11.908806874051,0.158201995148929,0.152542372881356,0.00565962226757266
2141,650,141,3190,2.05540047599827,99,12.0526537401622,0.17053509710888,0.152542372881356,0.017992724227524
2142,650,142,3191,1.90926227244975,96,12.705147556462,0.150274702750594,0.147919876733436,0.00235482601715756
2143,650,143,3192,1.74643045339204,111,11.4810659806696,0.152113963662648,0.171032357473035,-0.0189183938103875
2144,650,144,3193,2.10281167322803,127,12.9767567908886,0.162044469747979,0.195685670261941,-0.0336412005139627
2145,650,145,3194,2.19897855111098,151,11.7666734474123,0.186881922145512,0.2326656394453,-0.045783717299788
2146,650,146,3195,1.9287876386513,116,12.5819123708018,0.153298447947178,0.178736517719569,-0.0254380697723909
2147,650,147,3196,2.43455748577542,108,12.5519997374381,0.193957738742936,0.166409861325116,0.0275478774178204
2148,650,148,3197,2.03546111018003,125,12.3982756942851,0.164172918909866,0.192604006163328,-0.028431087253462
2149,650,149,3198,2.24811744691766,114,12.5924384900442,0.178529158486267,0.175654853620955,0.00287430486531162
2150,650,150,3199,2.25024804150654,135,12.0833475475587,0.186227205056365,0.208012326656394,-0.0217851216000295
2151,650,151,3200,2.14698752838667,112,13.7338756165958,0.156327870465951,0.172573189522342,-0.0162453190563911
2152,650,152,3201,2.27774840290335,148,11.5586512780383,0.197060050356491,0.228043143297381,-0.0309830929408891
2153,650,153,3202,2.15813122062324,115,13.0919367670354,0.164844305241166,0.177195685670262,-0.0123513804290958
2154,650,154,3203,2.10164207892871,140,12.3730827540456,0.169855978554863,0.215716486902928,-0.0458605083480648
2155,650,155,3204,2.40187046094753,119,13.8958253177635,0.172848348768255,0.183359013867488,-0.0105106650992338
2156,650,156,3205,2.09275852098445,128,12.6012118179792,0.166075973582044,0.197226502311248,-0.0311505287292042
2157,650,157,3206,2.37502344258424,122,12.532874293656,0.189503491931332,0.187981510015408,0.00152198191592387
2158,650,158,3207,1.92977589028535,118,11.4179825375299,0.169011984730432,0.181818181818182,-0.0128061970877497
2159,650,159,3208,2.13336308815888,131,13.1068907448623,0.162766527141085,0.201848998459168,-0.0390824713180827
2160,650,160,3209,1.93824979832654,113,11.5565883458401,0.167718165631835,0.174114021571649,-0.00639585593981387
2161,650,161,3210,2.5364522285693,166,11.4692637445815,0.221152140630441,0.2557781201849,-0.0346259795544585
2162,650,162,3211,1.94823731519864,113,12.6619715465307,0.153865241920595,0.174114021571649,-0.0202487796510538
2163,650,163,3212,1.90064972787463,115,12.6362596363547,0.150412367470389,0.177195685670262,-0.0267833181998732
2164,650,164,3213,2.2859324391861,135,12.0025489053709,0.19045391584809,0.208012326656394,-0.017558410808304
2165,650,165,3214,2.22180653385167,115,12.0906437117751,0.183762468468725,0.177195685670262,0.00656678279846298
2166,650,166,3215,2.4595588313263,155,12.2090291186873,0.201454088397714,0.238828967642527,-0.0373748792448126
2167,650,167,3216,2.05625801907651,115,12.4504258158301,0.165155638007343,0.177195685670262,-0.0120400476629186
2168,650,168,3217,2.22406217996338,117,13.5832274532466,0.163735915313102,0.180277349768875,-0.0165414344557736
2169,650,169,3218,1.79669968292489,99,12.5190258280469,0.143517531443994,0.152542372881356,-0.00902484143736154
2170,650,170,3219,2.35898963222907,128,12.906690200286,0.182772623780557,0.197226502311248,-0.0144538785306911
2171,650,171,3220,2.10007860520444,118,11.8836947836313,0.176719332113536,0.181818181818182,-0.00509884970464547
2172,650,172,3221,2.12055940778883,112,12.7878959708975,0.165825512861128,0.172573189522342,-0.00674767666121398
2173,650,173,3222,2.18490120626339,131,12.6981286669162,0.172064818649692,0.201848998459168,-0.0297841798094761
2174,650,174,3223,2.01710264708632,110,12.1662373570631,0.165795108864557,0.169491525423729,-0.00369641655917197
2175,650,175,3224,1.73276010613924,102,10.9837967362751,0.157756024418826,0.157164869029276,0.000591155389549819
2176,650,176,3225,2.20027324085445,121,13.0639279719135,0.168423558793717,0.186440677966102,-0.0180171191723852
2177,650,177,3226,2.02182443186449,110,12.9363916335523,0.156289674055679,0.169491525423729,-0.0132018513680499
2178,650,178,3227,2.13151613395274,121,12.672046304657,0.168206150980477,0.186440677966102,-0.0182345269856245
2179,650,179,3228,2.11336406449058,121,12.8088563275086,0.164992409193619,0.186440677966102,-0.0214482687724828
2180,650,180,3229,2.63028961720239,138,12.4580525481614,0.211131684268788,0.212634822804314,-0.00150313853552655
2181,650,181,3230,2.03051936077721,141,11.9701838612487,0.169631426243222,0.217257318952234,-0.0476258927090123
2182,650,182,3231,1.87619126642217,100,11.6436904313443,0.161133729678312,0.154083204930663,0.007050524747649
2183,650,183,3232,1.87373362507128,100,12.4108284997194,0.150975708439904,0.154083204930663,-0.00310749649075881
2184,650,184,3233,1.89059724822226,115,11.8940635059434,0.158953014440989,0.177195685670262,-0.0182426712292732
2185,650,185,3234,1.97917133394432,104,12.726577433396,0.155514814906225,0.160246533127889,-0.00473171822166413
2186,650,186,3235,2.11044252387434,105,13.051770541889,0.161697795490732,0.161787365177196,-8.95696864632034e-05
2187,650,187,3236,1.78883142200588,107,12.1818546405117,0.146843930977224,0.164869029275809,-0.0180250982985851
2188,650,188,3237,2.05073796302188,113,12.3512979567289,0.16603420710976,0.174114021571649,-0.00807981446188832
2189,650,189,3238,2.32699393290545,139,12.6179341667069,0.184419565212612,0.214175654853621,-0.0297560896410086
2190,650,190,3239,1.54024505638848,100,10.6178940614639,0.145061256730614,0.154083204930663,-0.00902194820004867
2191,650,191,3240,2.4190350115168,130,13.2101693670316,0.183119151943195,0.200308166409861,-0.017189014466666
2192,650,192,3241,1.74938411953826,99,11.1957581632472,0.156254189669891,0.152542372881356,0.00371181678853499
2193,650,193,3242,1.90614246767922,117,11.6954015416922,0.162982216633105,0.180277349768875,-0.0172951331357706
2194,650,194,3243,1.79336658181108,100,12.6973302593489,0.141239657879313,0.154083204930663,-0.0128435470513496
2195,650,195,3244,2.02552676095984,135,11.7539936706366,0.172326684675689,0.208012326656394,-0.0356856419807056
2196,650,196,3245,2.16058032430399,126,11.8115943991132,0.182920294356383,0.194144838212635,-0.0112245438562522
2197,650,197,3246,1.91685482149958,119,11.7831432400105,0.162677715313751,0.183359013867488,-0.0206812985537373
2198,650,198,3247,2.20151765390638,113,12.4657461095602,0.176605365981101,0.174114021571649,0.00249134440945281
2199,650,199,3248,1.70048518891979,87,11.8363900674875,0.143665862583452,0.134052388289676,0.0096134742937754
2200,650,200,3249,2.45872040459949,143,12.4359585393286,0.197710566244155,0.220338983050847,-0.0226284168066926
2201,650,201,3250,2.32715383837921,123,12.1955991720743,0.190819147591204,0.189522342064715,0.00129680552648889
2202,650,202,3251,2.48158889283072,149,11.6691939464973,0.212661551792583,0.229583975346687,-0.0169224235541044
2203,650,203,3252,2.0086865324935,107,12.6634141371122,0.158621246272498,0.164869029275809,-0.00624778300331122
2204,650,204,3253,2.09853552316538,138,11.8628857699236,0.17689924389948,0.212634822804314,-0.0357355789048342
2205,650,205,3254,2.18596385373997,122,12.2994292138077,0.177728886092205,0.187981510015408,-0.0102526239232037
2206,650,206,3255,2.04146812895563,113,13.0594138620737,0.156321573886584,0.174114021571649,-0.0177924476850644
2207,650,207,3256,2.25395249962161,130,11.936834870948,0.188823295621464,0.200308166409861,-0.0114848707883971
2208,650,208,3257,2.13262140166518,102,12.8146391302586,0.16642071462079,0.157164869029276,0.00925584559151463
2209,650,209,3258,2.1036402649644,108,12.7728698480804,0.164695975922792,0.166409861325116,-0.00171388540232401
2210,650,210,3259,2.49197305976466,153,12.183683029561,0.204533641733656,0.235747303543914,-0.0312136618102577
2211,650,211,3260,2.10800417514991,117,11.689956307037,0.180326095306357,0.180277349768875,4.87455374822698e-05
2212,650,212,3261,2.10904878030344,129,11.6332913981359,0.181294244949576,0.198767334360555,-0.017473089410979
2213,650,213,3262,1.82656527808606,106,13.6596546704851,0.133719725875119,0.163328197226502,-0.0296084713513833
2214,650,214,3263,1.76536922875392,99,11.6019712459335,0.152161144975487,0.152542372881356,-0.000381227905869197
2215,650,215,3264,2.39558270944799,161,12.0272016095202,0.199180390187503,0.248073959938367,-0.0488935697508636
2216,650,216,3265,2.09626382446627,116,12.4087710040976,0.168934040589036,0.178736517719569,-0.00980247713053259
2217,650,217,3266,2.51919600094765,136,13.139536209428,0.191726401966917,0.209553158705701,-0.0178267567387846
2218,650,218,3267,1.98838358242086,111,12.3125315513891,0.161492669003275,0.171032357473035,-0.00953968846976042
2219,650,219,3268,2.11557133878454,126,11.8249022449307,0.178908146127929,0.194144838212635,-0.0152366920847059
2220,650,220,3269,1.91105417093802,98,13.0297243744625,0.146668810177103,0.151001540832049,-0.00433273065494616
2221,650,221,3270,2.07694424973652,134,11.7849565460174,0.176236903515643,0.206471494607088,-0.0302345910914448
2222,650,222,3271,2.12139232653142,119,12.4293233774038,0.170676412715117,0.183359013867488,-0.0126826011523714
2223,650,223,3272,1.70398633769967,98,11.6711757173217,0.145999544430704,0.151001540832049,-0.00500199640134547
2224,650,224,3273,2.0533889338646,125,11.169414662498,0.183840335049873,0.192604006163328,-0.00876367111345502
2225,650,225,3274,2.20816455032719,123,12.486860417901,0.176839051324831,0.189522342064715,-0.0126832907398844
2226,650,226,3275,2.15481106279929,116,12.2372434565688,0.176086311467687,0.178736517719569,-0.00265020625188164
2227,650,227,3276,2.2584809065192,140,12.2368871051154,0.184563352355771,0.215716486902928,-0.0311531345471569
2228,650,228,3277,2.35225488126637,130,12.2394496582533,0.192186327567449,0.200308166409861,-0.00812183884241277
2229,650,229,3278,1.98217183333419,101,12.5999317965533,0.157316076415303,0.155624036979969,0.00169203943533364
2230,650,230,3279,2.01928175284177,110,12.6019486048732,0.160235675938316,0.169491525423729,-0.00925584948541314
2231,650,231,3280,1.90290091561065,104,13.2415107598586,0.143707236290534,0.160246533127889,-0.0165392968373549
2232,650,232,3281,1.8390998307663,108,11.7424091280076,0.156620316216008,0.166409861325116,-0.00978954510910707
2233,650,233,3282,2.60331227074849,132,12.6256995076267,0.206191527778397,0.203389830508475,0.00280169726992213
2234,650,234,3283,2.06657765129546,111,11.9553585531867,0.172857856341298,0.171032357473035,0.0018254988682625
2235,650,235,3284,2.50951074394757,141,12.3698817804355,0.202872653796633,0.217257318952234,-0.0143846651556016
2236,650,236,3285,2.84082155932166,153,12.5775771045902,0.22586397488948,0.235747303543914,-0.00988332865443362
2237,650,237,3286,1.93541046840575,110,13.4623256518696,0.143764942139619,0.169491525423729,-0.0257265832841094
2238,650,238,3287,1.76780716052522,96,11.8782469177576,0.148827278365665,0.147919876733436,0.000907401632229243
2239,650,239,3288,1.83485286181852,116,11.4756158120193,0.1598914508707,0.178736517719569,-0.0188450668488681
2240,650,240,3289,2.14965499086021,116,11.6118842718742,0.185125423275791,0.178736517719569,0.00638890555622249
2241,650,241,3290,2.31232924128691,119,13.0139863812716,0.17768031820093,0.183359013867488,-0.00567869566655882
2242,650,242,3291,2.18864091634296,112,11.593914597109,0.188774973112939,0.172573189522342,0.0162017835905972
2243,650,243,3292,2.06063850804901,115,12.2862645625514,0.16771887806566,0.177195685670262,-0.00947680760460176
2244,650,244,3293,2.07207717594396,120,12.9429320551505,0.160093336433717,0.184899845916795,-0.0248065094830778
2245,650,245,3294,1.93315333771597,109,12.6704475741624,0.152571827190861,0.167950693374422,-0.0153788661835615
2246,650,246,3295,1.79361444751205,106,11.8648063500487,0.151170983713922,0.163328197226502,-0.01215721351258
2247,650,247,3296,1.61000685037307,96,10.614778728909,0.151675969089046,0.147919876733436,0.00375609235561042
2248,650,248,3297,1.98264319406236,126,11.595185253346,0.170988487957986,0.194144838212635,-0.0231563502546491
2249,650,249,3298,2.16229287580434,121,12.7562437115615,0.169508589260063,0.186440677966102,-0.0169320887060387
2250,650,250,3299,1.62506563481121,94,11.7742077353163,0.138019106791949,0.144838212634823,-0.00681910584287429
2251,650,251,3300,2.18374112586243,108,12.7815901648059,0.170850504335161,0.166409861325116,0.0044406430100459
2252,650,252,3301,2.19928950719326,121,12.876297719205,0.170801386792495,0.186440677966102,-0.0156392911736064
2253,650,253,3302,1.88519970763555,103,12.5787609122065,0.149871654353979,0.158705701078582,-0.0088340467246037
2254,650,254,3303,2.41853985649421,127,12.9576223931344,0.186649971971376,0.195685670261941,-0.00903569829056577
2255,650,255,3304,1.72827135621267,99,12.3650843780663,0.139770284081389,0.152542372881356,-0.0127720887999665
2256,650,256,3305,1.97483007335603,99,12.4425374699846,0.158716023811056,0.152542372881356,0.0061736509296996
2257,650,257,3306,1.7250143542764,94,12.3895708043201,0.139231163171117,0.144838212634823,-0.00560704946370549
2258,650,258,3307,1.93828789593321,105,11.9079792248913,0.162772193277059,0.161787365177196,0.000984828099862972
2259,650,259,3308,2.00372933613717,111,12.3873284154289,0.16175637465472,0.171032357473035,-0.00927598281831585
2260,650,260,3309,2.12817961031923,124,12.2005264101825,0.174433425146562,0.191063174114022,-0.0166297489674591
2261,650,261,3310,1.90486378489111,103,12.3157946621484,0.154668361818792,0.158705701078582,-0.00403733925979083
2262,650,262,3311,2.06882860337236,102,12.1391540130184,0.170426094038652,0.157164869029276,0.0132612250093764
2263,650,263,3312,2.00276715709816,108,12.6234086942299,0.158655019861126,0.166409861325116,-0.00775484146398919
2264,650,264,3313,1.74884924066437,111,11.0676476864094,0.158014538429145,0.171032357473035,-0.0130178190438904
2265,650,265,3314,1.9241048508462,110,12.4848910011314,0.15411466953711,0.169491525423729,-0.0153768558866186
2266,650,266,3315,2.16101781915585,120,12.5709751488606,0.171905344936723,0.184899845916795,-0.0129945009800725
2267,650,267,3316,2.0318846818952,117,12.0564187397249,0.16853136289969,0.180277349768875,-0.0117459868691853
2268,650,268,3317,1.92718901168071,119,12.4306607576133,0.155035122368727,0.183359013867488,-0.0283238914987615
2269,650,269,3318,2.05685150452935,106,12.902219019867,0.159418430377145,0.163328197226502,-0.00390976684935707
2270,650,270,3319,1.82370736090211,92,12.1285609900526,0.150364693915284,0.14175654853621,0.00860814537907464
2271,650,271,3320,2.02446636611261,128,11.7174812690152,0.172773168536309,0.197226502311248,-0.0244533337749386
2272,650,272,3321,1.75501911947668,98,12.0148212311395,0.146071180395768,0.151001540832049,-0.00493036043628153
2273,650,273,3322,2.34834652769035,140,13.3205615200869,0.176294859953848,0.215716486902928,-0.0394216269490792
2274,650,274,3323,2.46993751453434,149,12.6986198825703,0.194504405783851,0.229583975346687,-0.0350795695628361
2275,650,275,3324,2.03013295964095,130,12.1182209450527,0.167527310225331,0.200308166409861,-0.0327808561845306
2276,650,276,3325,1.9302963192557,105,11.719215672856,0.164712074010776,0.161787365177196,0.00292470883358065
2277,650,277,3326,2.25424920362829,110,12.4309265933486,0.181342009117362,0.169491525423729,0.0118504836936336
2278,650,278,3327,2.01413211164891,110,12.3768214464395,0.16273419798169,0.169491525423729,-0.00675732744203908
2279,650,279,3328,1.95432982202233,117,11.8119598738121,0.165453476213987,0.180277349768875,-0.0148238735548885
2280,650,280,3329,2.18182875217415,123,11.938958204917,0.182748671594777,0.189522342064715,-0.00677367046993838
2281,650,281,3330,1.98877929462227,108,13.1149968363538,0.151641614514883,0.166409861325116,-0.0147682468102324
2282,650,282,3331,2.00557552606439,111,12.2777447748461,0.163350481936495,0.171032357473035,-0.00768187553654065
2283,650,283,3332,1.89676085552922,101,11.6511657045216,0.162795801178342,0.155624036979969,0.00717176419837315
2284,650,284,3333,1.86525924922781,106,12.2765785667921,0.151936407939693,0.163328197226502,-0.011391789286809
2285,650,285,3334,1.94455093857504,115,11.9446899889844,0.162796266823864,0.177195685670262,-0.0143994188463981
2286,650,286,3335,2.0641686847758,111,12.9788257699175,0.159041250831809,0.171032357473035,-0.0119911066412265
2287,650,287,3336,2.10640817456531,116,12.5984270633904,0.16719612408491,0.178736517719569,-0.0115403936346581
2288,650,288,3337,1.89050945497224,106,11.9864355612941,0.157720737353894,0.163328197226502,-0.00560745987260805
2289,650,289,3338,2.09589766960957,130,10.7561393955074,0.1948559415737,0.200308166409861,-0.00545222483616109
2290,650,290,3339,1.91695393303775,121,11.8400463607966,0.16190425903947,0.186440677966102,-0.0245364189266316
2291,650,291,3340,1.98150742575558,117,12.3484884706792,0.160465584954835,0.180277349768875,-0.0198117648140403
2292,650,292,3341,2.00436243341489,109,11.2719496505909,0.17781861129142,0.167950693374422,0.00986791791699765
2293,650,293,3342,2.29906358100557,134,12.2101102682164,0.188291795119177,0.206471494607088,-0.0181796994879104
2294,650,294,3343,1.86512449187264,89,12.7730491399118,0.146020301921857,0.13713405238829,0.00888624953356779
2295,650,295,3344,1.88494960454475,119,11.977575535077,0.157373217895773,0.183359013867488,-0.0259857959717154
2296,650,296,3345,1.93589759390415,105,12.4901671417542,0.154993730022437,0.161787365177196,-0.00679363515475898
2297,650,297,3346,2.28223418977182,124,13.14001831951,0.173685769249135,0.191063174114022,-0.0173774048648866
2298,650,298,3347,2.06816069695512,114,12.9322606955889,0.159922595564483,0.175654853620955,-0.0157322580564727
2299,650,299,3348,2.21839517402826,112,12.5193695730364,0.177197035448665,0.172573189522342,0.00462384592632287
2300,650,300,3349,2.24796409996075,110,12.3608894724916,0.181861030710084,0.169491525423729,0.0123695052863557
2301,650,301,3350,1.75622660719709,121,11.0187234070007,0.15938566949428,0.186440677966102,-0.027055008471822
2302,650,302,3351,2.06869312140571,106,12.5798970308772,0.164444360421085,0.163328197226502,0.00111616319458305
2303,650,303,3352,1.97173070433753,134,11.9160263484121,0.165468810380759,0.206471494607088,-0.0410026842263293
2304,650,304,3353,2.12652985274727,105,12.9441219312963,0.164285369377258,0.161787365177196,0.00249800420006224
2305,650,305,3354,2.06256712302228,121,12.2038774878174,0.169009163282838,0.186440677966102,-0.017431514683264
2306,650,306,3355,1.95981698762559,106,12.645292442352,0.154983919633343,0.163328197226502,-0.00834427759315953
2307,650,307,3356,2.18935489775944,129,12.3757519192146,0.17690681843422,0.198767334360555,-0.0218605159263347
2308,650,308,3357,2.28091198227782,118,12.816895060107,0.177961352697443,0.181818181818182,-0.00385682912073856
2309,650,309,3358,1.9807814580459,130,11.7777211344458,0.168180366595096,0.200308166409861,-0.0321277998147652
2310,650,310,3359,1.96182962366083,120,12.4171664670086,0.157993341626952,0.184899845916795,-0.026906504289843
2311,650,311,3360,1.55780425646223,90,11.4030371280776,0.136613100436766,0.138674884437596,-0.00206178400083029
2312,650,312,3361,2.10152480637448,131,12.3351648364641,0.170368603438695,0.201848998459168,-0.0314803950204733
2313,650,313,3362,2.20968307271949,120,12.8936534503365,0.171377575892721,0.184899845916795,-0.0135222700240741
2314,650,314,3363,2.07616913726548,113,12.3634358867111,0.167928167888755,0.174114021571649,-0.00618585368289382
2315,650,315,3364,2.4447530353161,123,12.8862519728588,0.189717928879962,0.189522342064715,0.000195586815247423
2316,650,316,3365,2.09053120351426,106,12.9004472562669,0.162051063965918,0.163328197226502,-0.00127713326058479
2317,650,317,3366,2.43685573486406,149,12.4829574866494,0.195214614603174,0.229583975346687,-0.0343693607435136
2318,650,318,3367,2.35589742060488,112,13.0363020063216,0.180718229714412,0.172573189522342,0.00814504019206999
2319,650,319,3368,2.5168358225752,124,13.6757937320789,0.184035813341608,0.191063174114022,-0.00702736077241395
2320,650,320,3369,2.01163218454872,120,11.0902667294933,0.181387177929545,0.184899845916795,-0.00351266798724961
2321,650,321,3370,2.33766741738014,122,13.6548595857905,0.171196737886105,0.187981510015408,-0.0167847721293033
2322,650,322,3371,1.98813499460895,99,12.819591883807,0.1550856698582,0.152542372881356,0.00254329697684433
2323,650,323,3372,2.0827793135064,101,12.9163113487225,0.161251866517789,0.155624036979969,0.00562782953781996
2324,650,324,3373,1.86506896906146,111,11.8482381044601,0.157413191110616,0.171032357473035,-0.0136191663624197
2325,650,325,3374,1.89679795469597,115,11.6398059001083,0.162957868110011,0.177195685670262,-0.0142378175602514
2326,650,326,3375,1.98114738166828,122,11.8179660605127,0.167638608160153,0.187981510015408,-0.0203429018552553
2327,650,327,3376,1.83321179520822,98,12.5527579257481,0.146040559855612,0.151001540832049,-0.00496098097643749
2328,650,328,3377,2.14618873103595,106,12.1008500765581,0.177358509316099,0.163328197226502,0.0140303120895967
2329,650,329,3378,2.19568951662053,120,12.8138487956638,0.171352850469373,0.184899845916795,-0.013546995447422
2330,650,330,3379,1.97470628529247,115,12.20313335237,0.161819610445292,0.177195685670262,-0.0153760752249696
2331,650,331,3380,1.95463407581549,130,10.4990301193697,0.186172822974323,0.200308166409861,-0.0141353434355385
2332,650,332,3381,1.77124396216768,102,12.2921202136344,0.144095886745642,0.157164869029276,-0.0130689822836338
2333,650,333,3382,1.9658974909246,106,12.2169457765141,0.160915627104104,0.163328197226502,-0.00241257012239784
2334,650,334,3383,2.02895135510691,105,12.6054078571138,0.160958802611205,0.161787365177196,-0.000828562565990704
2335,650,335,3384,1.85450244636123,109,11.711465036894,0.158349313302741,0.167950693374422,-0.00960138007168107
2336,650,336,3385,2.46715901073465,170,12.0431272213772,0.204860329496089,0.261941448382126,-0.0570811188860377
2337,650,337,3386,1.91244027734687,109,12.5264378520138,0.152672315940116,0.167950693374422,-0.0152783774343066
2338,650,338,3387,2.13478748936774,116,12.3233029336981,0.17323176269003,0.178736517719569,-0.00550475502953895
2339,650,339,3388,1.7853649273594,103,12.6657567577515,0.140959988534973,0.158705701078582,-0.0177457125436096
2340,650,340,3389,2.01960236445123,120,12.5812666356308,0.16052456584392,0.184899845916795,-0.024375280072875
2341,650,341,3390,2.30842700492126,133,13.1453547401732,0.175607813600232,0.204930662557781,-0.0293228489575496
2342,650,342,3391,2.28980576863633,135,12.0329903695726,0.190293991627093,0.208012326656394,-0.0177183350293019
2343,650,343,3392,1.79280474921286,116,11.2917550849494,0.158771133072348,0.178736517719569,-0.0199653846472209
2344,650,344,3393,2.22942616742619,123,12.6955441958873,0.175606979348581,0.189522342064715,-0.0139153627161337
2345,650,345,3394,2.48718773536162,135,13.0651220535196,0.19036850365218,0.208012326656394,-0.017643823004214
2346,650,346,3395,2.29870828806693,111,12.6929709322351,0.18110088649373,0.171032357473035,0.0100685290206946
2347,650,347,3396,1.7400218063593,105,12.7946823101687,0.135995702290818,0.161787365177196,-0.0257916628863775
2348,650,348,3397,2.06374459452053,120,12.1666224228119,0.169623460217776,0.184899845916795,-0.0152763856990195
2349,650,349,3398,1.87124468301643,99,12.0721749371591,0.155004768631755,0.152542372881356,0.00246239575039939
2350,650,350,3399,2.15031131534593,114,12.7304560697844,0.168910783993801,0.175654853620955,-0.0067440696271539
2351,650,351,3400,1.97846709054628,115,12.0543039818273,0.164129517019727,0.177195685670262,-0.0130661686505354
2352,650,352,3401,2.15115349037184,121,11.6941354844062,0.183951476638897,0.186440677966102,-0.00248920132720437
2353,650,353,3402,2.24060540900823,129,13.3005484332773,0.168459625574713,0.198767334360555,-0.0303077087858413
2354,650,354,3403,1.83781761238516,101,11.5837216750778,0.15865519424031,0.155624036979969,0.00303115726034126
2355,650,355,3404,1.66668452320622,85,12.4570554438698,0.133794421219054,0.130970724191063,0.00282369702799057
2356,650,356,3405,1.956207769706,94,11.8368254460678,0.165264561737358,0.144838212634823,0.0204263491025355
2357,650,357,3406,1.87838429712182,100,12.152821800187,0.154563633698053,0.154083204930663,0.000480428767390267
2358,650,358,3407,2.19827707299082,109,12.9173761434941,0.170179845238772,0.167950693374422,0.00222915186434963
2359,650,359,3408,1.84318643483725,100,11.4630610058874,0.160793564117874,0.154083204930663,0.00671035918721105
2360,650,360,3409,2.00698196753685,117,12.2406305178032,0.163960668906542,0.180277349768875,-0.016316680862333
2361,650,361,3410,1.76023822334904,92,12.1789907637404,0.144530713381413,0.14175654853621,0.00277416484520318
2362,650,362,3411,2.37050764411193,130,12.739071317163,0.186081668364491,0.200308166409861,-0.01422649804537
2363,650,363,3412,2.13911452528119,115,12.4502027791245,0.171813629322398,0.177195685670262,-0.00538205634786379
2364,650,364,3413,2.39423420911043,131,12.8178688514584,0.186788789685426,0.201848998459168,-0.015060208773742
2365,650,365,3414,1.84019144242212,117,11.7592479202213,0.156488871984552,0.180277349768875,-0.0237884777843229
2366,650,366,3415,2.13692057633788,127,11.8497482981294,0.180334680752266,0.195685670261941,-0.0153509895096753
2367,650,367,3416,2.19516686200798,127,13.0713555641536,0.167937200639537,0.195685670261941,-0.0277484696224047
2368,650,368,3417,2.22742874184359,119,12.1415298296944,0.18345536131666,0.183359013867488,9.63474491710858e-05
2369,650,369,3418,1.79503043637629,109,11.0500021082309,0.162446162344098,0.167950693374422,-0.00550453103032464
2370,650,370,3419,2.13724121533693,112,12.8121087035263,0.166814165005382,0.172573189522342,-0.00575902451695995
2371,650,371,3420,2.14523487817022,126,12.7594762758386,0.168128756368508,0.194144838212635,-0.026016081844127
2372,650,372,3421,2.44988753062248,134,13.1107934903424,0.18686035535737,0.206471494607088,-0.0196111392497178
2373,650,373,3422,2.12469698983596,130,12.594373921386,0.168702073092184,0.200308166409861,-0.0316060933176774
2374,650,374,3423,2.13885183616992,114,12.2024123007805,0.175281066026028,0.175654853620955,-0.000373787594927344
2375,650,375,3424,2.22855375771089,110,12.7408685216268,0.174913802299119,0.169491525423729,0.00542227687538999
2376,650,376,3425,1.8855469056208,113,12.3206894540548,0.153039074043073,0.174114021571649,-0.0210749475285761
2377,650,377,3426,2.16023950773672,113,13.0201330444556,0.165915317482614,0.174114021571649,-0.00819870408903464
2378,650,378,3427,2.13156656327873,126,11.67074109631,0.182641920139303,0.194144838212635,-0.011502918073332
2379,650,379,3428,2.1934693398836,122,12.3365318937048,0.17780275354396,0.187981510015408,-0.0101787564714486
2380,650,380,3429,1.72753746904692,104,11.4565215743158,0.15079074899312,0.160246533127889,-0.00945578413476877
2381,650,381,3430,2.47322028234961,122,12.4866410925011,0.198069301746402,0.187981510015408,0.0100877917309934
2382,650,382,3431,2.02978546260978,102,12.8005535407621,0.158570131842043,0.157164869029276,0.00140526281276687
2383,650,383,3432,1.99978664243622,114,12.9705282591283,0.154179274928823,0.175654853620955,-0.0214755786921322
2384,650,384,3433,2.08582430320371,120,11.60401367751,0.179750245145461,0.184899845916795,-0.00514960077133378
2385,650,385,3434,2.16064939019612,135,12.4239144859837,0.173910516901393,0.208012326656394,-0.0341018097550014
2386,650,386,3435,2.30895772275338,129,12.2317641156216,0.188767352029339,0.198767334360555,-0.00999998233121596
2387,650,387,3436,1.90760177503873,112,11.9747247426642,0.159302348574429,0.172573189522342,-0.0132708409479128
2388,650,388,3437,2.03414877167397,111,12.5907275996128,0.161559270946067,0.171032357473035,-0.00947308652696807
2389,650,389,3438,1.915132865008,111,12.4386163386684,0.153966712443276,0.171032357473035,-0.017065645029759
2390,650,390,3439,2.15760896621379,112,12.1105728001428,0.178159117807239,0.172573189522342,0.0055859282848969
2391,650,391,3440,2.0175994304718,103,13.1452269826663,0.153485324607348,0.158705701078582,-0.00522037647123441
2392,650,392,3441,2.35610074333565,126,12.4286342432091,0.189570366078076,0.194144838212635,-0.00457447213455894
2393,650,393,3442,2.10895856209359,100,12.9624383454921,0.16269767353046,0.154083204930663,0.00861446859979756
2394,650,394,3443,1.84864490092524,111,11.5690922326685,0.159791698756198,0.171032357473035,-0.0112406587168374
2395,650,395,3444,1.95024298579544,112,11.4886614318414,0.169753717381751,0.172573189522342,-0.00281947214059067
2396,650,396,3445,2.20293291555761,120,12.4179543036552,0.177399019330356,0.184899845916795,-0.00750082658643897
2397,650,397,3446,2.53706259495847,137,12.371587723223,0.205071705565817,0.211093990755008,-0.00602228518919046
2398,650,398,3447,2.02931517296365,102,12.4461929341282,0.163047060551275,0.157164869029276,0.00588219152199959
2399,650,399,3448,2.38056733930711,139,12.9791936809646,0.183414116302037,0.214175654853621,-0.0307615385515835
2400,650,400,3449,2.0035625623164,106,12.7069390558289,0.157674681015907,0.163328197226502,-0.00565351621059532
2401,650,401,3450,2.11148578971038,112,11.6299267223121,0.181556241937405,0.172573189522342,0.00898305241506303
2402,650,402,3451,2.18959758436943,130,12.2905001998638,0.178153659229727,0.200308166409861,-0.0221545071801339
2403,650,403,3452,1.95624824345329,107,11.7487839593224,0.166506444430876,0.164869029275809,0.0016374151550668
2404,650,404,3453,1.89668045181527,134,12.0795647947979,0.157015627966338,0.206471494607088,-0.0494558666407499
2405,650,405,3454,2.09505653111284,112,12.8571855000961,0.162948300862361,0.172573189522342,-0.00962488865998146
2406,650,406,3455,2.08087830348948,123,11.7249299709933,0.177474689284919,0.189522342064715,-0.0120476527797959
2407,650,407,3456,1.81844274091182,102,12.3172328032488,0.147634031925757,0.157164869029276,-0.00953083710351862
2408,650,408,3457,2.49128402301629,110,12.9671411019207,0.192122843688906,0.169491525423729,0.0226313182651769
2409,650,409,3458,2.3436384712636,117,12.5238915441872,0.187133405219512,0.180277349768875,0.00685605545063717
2410,650,410,3459,2.2076284951764,122,12.5703220566756,0.175622270075732,0.187981510015408,-0.0123592399396765
2411,650,411,3460,2.2203582725983,126,12.9390448931672,0.171601404194124,0.194144838212635,-0.0225434340185112
2412,650,412,3461,2.179666463987,134,12.2223362288577,0.178334683580433,0.206471494607088,-0.0281368110266546
2413,650,413,3462,1.95552734354394,127,12.2496952843692,0.159638856163158,0.195685670261941,-0.0360468140987832
2414,650,414,3463,1.91013641041241,105,12.2954972569158,0.155352514054527,0.161787365177196,-0.0064348511226684
2415,650,415,3464,2.03535275435118,127,12.0329068758219,0.169148882755911,0.195685670261941,-0.0265367875060308
2416,650,416,3465,2.04795079627684,108,12.6351097378399,0.162084132134096,0.166409861325116,-0.00432572919102001
2417,650,417,3466,1.84251471261957,106,12.4796012504549,0.147642114170307,0.163328197226502,-0.0156860830561953
2418,650,418,3467,2.21075780120296,113,13.0105840903652,0.16991995023806,0.174114021571649,-0.00419407133358884
2419,650,419,3468,1.85218428952889,98,12.8167203480817,0.144513123422101,0.151001540832049,-0.00648841740994796
2420,650,420,3469,1.77250610924017,110,12.2365122257259,0.144853866571037,0.169491525423729,-0.0246376588526915
2421,650,421,3470,2.22437770197082,146,11.8708726559292,0.187381144288479,0.224961479198767,-0.0375803349102887
2422,650,422,3471,2.05573881191315,111,12.0483962848298,0.170623439278931,0.171032357473035,-0.000408918194104463
2423,650,423,3472,2.24683204129588,112,13.2418750754291,0.169676275338451,0.172573189522342,-0.00289691418389146
2424,650,424,3473,2.09567263236865,115,12.6020252014153,0.166296495910299,0.177195685670262,-0.0108991897599625
2425,650,425,3474,1.92498354394927,111,12.2182568094528,0.157549769494122,0.171032357473035,-0.0134825879789134
2426,650,426,3475,2.04563413490409,122,12.1675853002459,0.168121618581359,0.187981510015408,-0.0198598914340494
2427,650,427,3476,1.78138484887128,100,12.3035540454985,0.144786200985806,0.154083204930663,-0.00929700394485627
2428,650,428,3477,1.89591938040355,102,12.6885105657922,0.149420167999456,0.157164869029276,-0.00774470102981983
2429,650,429,3478,2.31846796219942,113,13.0263614519783,0.177982775216737,0.174114021571649,0.00386875364508799
2430,650,430,3479,2.2423189905838,118,12.7321143991303,0.176115209170361,0.181818181818182,-0.00570297264782085
2431,650,431,3480,2.24735430786587,128,12.4631445133022,0.180320007159286,0.197226502311248,-0.0169064951519625
2432,650,432,3481,2.20830646637838,135,11.7463144646224,0.187999944410595,0.208012326656394,-0.0200123822457999
2433,650,433,3482,1.91821554974447,104,12.7852371519928,0.150033630736797,0.160246533127889,-0.0102129023910916
2434,650,434,3483,1.9501878700348,105,11.4366125675405,0.17052145978695,0.161787365177196,0.00873409460975474
2435,650,435,3484,1.71347604374008,106,11.5339865576598,0.148558872959856,0.163328197226502,-0.014769324266646
2436,650,436,3485,1.78878971411541,106,11.5750203256133,0.154538796805147,0.163328197226502,-0.00878940042135515
2437,650,437,3486,2.17219938564826,121,12.0740376538678,0.179906626757323,0.186440677966102,-0.00653405120877906
2438,650,438,3487,2.30657739099977,121,12.5213605696241,0.184211402440991,0.186440677966102,-0.00222927552511115
2439,650,439,3488,2.28429611737131,109,12.330936005351,0.185249207065874,0.167950693374422,0.017298513691452
2440,650,440,3489,1.97639413811251,117,12.2541544215581,0.161283599840683,0.180277349768875,-0.0189937499281918
2441,650,441,3490,1.93455537110371,117,11.7718578067221,0.164337303666632,0.180277349768875,-0.0159400461022428
2442,650,442,3491,2.08141557622075,105,12.6095966959867,0.165065991117955,0.161787365177196,0.00327862594075967
2443,650,443,3492,2.19781260567193,130,12.7317898776149,0.172624008627109,0.200308166409861,-0.0276841577827523
2444,650,444,3493,1.91695695916656,112,12.5807976337767,0.152371655197756,0.172573189522342,-0.0202015343245859
2445,650,445,3494,1.95305205418685,111,12.5396146306543,0.155750564248795,0.171032357473035,-0.0152817932242407
2446,650,446,3495,2.06957389755294,124,11.8840114381051,0.174147753755691,0.191063174114022,-0.0169154203583306
2447,650,447,3496,1.8912179254453,111,10.8748916077217,0.173906829940489,0.171032357473035,0.00287447246745312
2448,650,448,3497,2.14647749338033,107,12.5901368502102,0.170488813498837,0.164869029275809,0.005619784223028
2449,650,449,3498,1.86829934317409,95,12.2916867573162,0.15199698626082,0.146379044684129,0.0056179415766904
2450,650,450,3499,2.18721941720513,124,12.5427339722195,0.174381392609421,0.191063174114022,-0.0166817815046008
2451,650,451,3500,1.98721129788369,112,12.8810976536107,0.154273444028014,0.172573189522342,-0.018299745494328
2452,650,452,3501,2.51636721729061,133,12.2302373727428,0.205749662954112,0.204930662557781,0.000819000396331065
2453,650,453,3502,2.19001467153113,117,11.5171140615393,0.190153076528481,0.180277349768875,0.0098757267596058
2454,650,454,3503,1.97746765685111,108,11.7658018085832,0.16806909456936,0.166409861325116,0.00165923324424466
2455,650,455,3504,2.312756532116,138,11.7785102045518,0.196353909955627,0.212634822804314,-0.0162809128486875
2456,650,456,3505,2.31256782417311,131,12.2803203849627,0.188314942255486,0.201848998459168,-0.0135340562036823
2457,650,457,3506,2.200616148232,113,13.1269187884439,0.167641484166816,0.174114021571649,-0.00647253740483264
2458,650,458,3507,1.88151702341306,105,11.6246196146459,0.1618562228946,0.161787365177196,6.88577174043359e-05
2459,650,459,3508,2.01913482088361,104,13.3327606663952,0.15144161598676,0.160246533127889,-0.00880491714112877
2460,650,460,3509,2.29792132940565,142,11.9616994988038,0.192106592347973,0.218798151001541,-0.0266915586535683
2461,650,461,3510,1.86385532569738,117,11.6653562074112,0.15977697487825,0.180277349768875,-0.0205003748906252
2462,650,462,3511,1.81676062521038,100,11.8470623433749,0.153351149217709,0.154083204930663,-0.000732055712953789
2463,650,463,3512,1.97888485584688,112,12.0790185806643,0.163828281464408,0.172573189522342,-0.00874490805793401
2464,650,464,3513,2.44546688130354,129,12.80767665798,0.190937587402307,0.198767334360555,-0.00782974695824815
2465,650,465,3514,2.51603425446981,159,12.5416447483126,0.200614377536752,0.244992295839753,-0.044377918303001
2466,650,466,3515,1.9054260021346,100,11.9750707995278,0.159116053176883,0.154083204930663,0.00503284824622047
2467,650,467,3516,2.21229818243798,127,11.9499168565256,0.185130843084475,0.195685670261941,-0.0105548271774661
2468,650,468,3517,2.61500433128119,137,12.9626893413148,0.201733163730663,0.211093990755008,-0.00936082702434435
2469,650,469,3518,1.80494990031492,110,12.4403482564067,0.145088373983854,0.169491525423729,-0.0244031514398748
2470,650,470,3519,1.79459487474465,100,12.4636460552616,0.143986347717813,0.154083204930663,-0.0100968572128492
2471,650,471,3520,2.31480598763582,114,12.869308300591,0.179870272245285,0.175654853620955,0.00421541862432975
2472,650,472,3521,1.78964484812183,105,11.4100258628424,0.156848447990809,0.161787365177196,-0.00493891718638639
2473,650,473,3522,1.95944717094527,112,12.040703347275,0.16273527504427,0.172573189522342,-0.00983791447807159
2474,650,474,3523,1.86641805177268,106,12.2379063614356,0.152511221825833,0.163328197226502,-0.0108169754006692
2475,650,475,3524,1.95453225118514,115,12.5185794804558,0.156130514187858,0.177195685670262,-0.0210651714824039
2476,650,476,3525,2.52775771252661,130,13.2229246826798,0.191164796986073,0.200308166409861,-0.00914336942378852
2477,650,477,3526,1.9371665622656,112,11.8729187630465,0.163158411248872,0.172573189522342,-0.00941477827346987
2478,650,478,3527,1.77567204615259,112,11.9425790951669,0.148684135311375,0.172573189522342,-0.0238890542109667
2479,650,479,3528,2.07419028676307,109,12.2124952254551,0.169841645664658,0.167950693374422,0.0018909522902355
2480,650,480,3529,1.8886937788779,113,12.4099560118152,0.152191818978223,0.174114021571649,-0.0219222025934257
2481,650,481,3530,2.0833143575919,122,12.5408393958692,0.16612240152586,0.187981510015408,-0.0218591084895484
2482,650,482,3531,1.86008884251891,113,12.2484111605322,0.151863684043579,0.174114021571649,-0.02225033752807
2483,650,483,3532,2.30220941930415,124,12.5620367425653,0.183267209488675,0.191063174114022,-0.00779596462534643
2484,650,484,3533,1.9489037238392,97,12.8882956256406,0.151215007821667,0.149460708782743,0.00175429903892477
2485,650,485,3534,2.08971278248055,115,13.3393089581861,0.156658248866643,0.177195685670262,-0.0205374368036194
2486,650,486,3535,1.86230401743174,116,11.6449852574276,0.159923261065864,0.178736517719569,-0.0188132566537041
2487,650,487,3536,2.22371556240164,133,12.0169861827637,0.18504769237325,0.204930662557781,-0.0198829701845315
2488,650,488,3537,1.83833977236121,113,12.1675597008549,0.151085329972291,0.174114021571649,-0.0230286915993574
2489,650,489,3538,2.10235835200739,126,13.0794035051133,0.160738091089971,0.194144838212635,-0.0334067471226634
2490,650,490,3539,2.65260954759688,129,12.531436101821,0.211676421285142,0.198767334360555,0.0129090869245869
2491,650,491,3540,1.99048534787319,107,12.9947220899622,0.153176446105819,0.164869029275809,-0.0116925831699903
2492,650,492,3541,2.01669891430459,94,12.8078307724016,0.157458273000467,0.144838212634823,0.0126200603656441
2493,650,493,3542,2.04758204627306,113,12.6961909568891,0.161275303216987,0.174114021571649,-0.0128387183546617
2494,650,494,3543,2.06855489464,106,12.593093327453,0.164261062858205,0.163328197226502,0.000932865631702584
2495,650,495,3544,1.74854562517722,110,12.5196352742446,0.139664262326741,0.169491525423729,-0.0298272630969881
2496,650,496,3545,1.85364067800018,105,11.6231639079746,0.159478150069657,0.161787365177196,-0.00230921510753918
2497,650,497,3546,1.98605341560759,115,11.7567189339784,0.16892922479142,0.177195685670262,-0.0082664608788415
2498,650,498,3547,2.62697366932715,142,12.4563208735246,0.210894829701335,0.218798151001541,-0.00790332130020627
2499,650,499,3548,2.0308999628963,99,12.2114212433686,0.166311514640376,0.152542372881356,0.0137691417590201
2500,650,500,3549,2.26957692534048,130,11.821353114128,0.191989605879216,0.200308166409861,-0.0083185605306452
2501,650,501,3550,1.89264858464257,110,12.0830597591441,0.156636532663862,0.169491525423729,-0.0128549927598663
2502,650,502,3551,2.23061974349921,107,12.8950614067351,0.172982483226808,0.164869029275809,0.00811345395099913
2503,650,503,3552,1.79100415301233,98,12.2039355491194,0.146756277579782,0.151001540832049,-0.00424526325226721
2504,650,504,3553,2.4407715190408,149,12.1027776179616,0.201670359985668,0.229583975346687,-0.0279136153610194
2505,650,505,3554,1.85966959504728,123,11.7268725336114,0.158581888710491,0.189522342064715,-0.030940453354224
2506,650,506,3555,2.14162283666302,120,11.0840210177807,0.193217139630779,0.184899845916795,0.00831729371398426
2507,650,507,3556,2.17383969082593,118,12.3101930321636,0.176588594926676,0.181818181818182,-0.00522958689150629
2508,650,508,3557,2.01328947396661,105,12.621584077291,0.1595116319503,0.161787365177196,-0.00227573322689539
2509,650,509,3558,1.68484168791787,108,11.410367020961,0.147658851360592,0.166409861325116,-0.0187510099645239
2510,650,510,3559,2.59369313834811,140,12.4277173066744,0.208702296193617,0.215716486902928,-0.00701419070931053
2511,650,511,3560,1.93887183995837,106,12.601481969875,0.153860620885181,0.163328197226502,-0.00946757634132148
2512,650,512,3561,2.42596399265969,121,13.3441975158577,0.181799166999497,0.186440677966102,-0.0046415109666044
2513,650,513,3562,2.23574664513029,120,12.2932057344392,0.181868480315667,0.184899845916795,-0.00303136560112852
2514,650,514,3563,2.23173429178201,134,12.1107040678192,0.184277832179239,0.206471494607088,-0.0221936624278487
2515,650,515,3564,1.77671314314307,90,12.0296679725105,0.147694279443382,0.138674884437596,0.00901939500578605
2516,650,516,3565,1.84285585828648,109,11.2263820622601,0.164154030039797,0.167950693374422,-0.00379666333462525
2517,650,517,3566,1.88628992015851,118,12.23601263336,0.154158873211341,0.181818181818182,-0.027659308606841
2518,650,518,3567,1.87996771463708,115,11.9140355019196,0.157794369030894,0.177195685670262,-0.0194013166393679
2519,650,519,3568,2.12214321144208,115,11.7873250280685,0.180036030769385,0.177195685670262,0.00284034509912306
2520,650,520,3569,1.98391810969924,98,12.1139650756587,0.163771159757233,0.151001540832049,0.0127696189251837
2521,650,521,3570,1.97378452266093,120,12.3925214146405,0.1592722301314,0.184899845916795,-0.0256276157853948
2522,650,522,3571,2.28074831703509,127,12.6157813580315,0.180785339592391,0.195685670261941,-0.0149003306695507
2523,650,523,3572,2.13899871849995,123,11.7895070944431,0.181432412853643,0.189522342064715,-0.00808992921107174
2524,650,524,3573,2.19999196921279,136,11.0847798216325,0.198469613705759,0.209553158705701,-0.0110835449999419
2525,650,525,3574,1.85990981095414,119,11.6984177156123,0.158988151745681,0.183359013867488,-0.024370862121807
2526,650,526,3575,2.33672251116239,122,12.9110026141552,0.180986913332391,0.187981510015408,-0.00699459668301736
2527,650,527,3576,1.80624813656293,106,11.5082940795184,0.156951857858547,0.163328197226502,-0.00637633936795504
2528,650,528,3577,1.87921411341525,113,11.4307331743082,0.164400138185272,0.174114021571649,-0.00971388338637688
2529,650,529,3578,2.27639951262669,127,13.4712402696496,0.168982177369026,0.195685670261941,-0.0267034928929156
2530,650,530,3579,1.94796280698545,108,12.4364808202192,0.156632960332191,0.166409861325116,-0.00977690099292439
2531,650,531,3580,1.96459527294179,120,11.618568003753,0.169090999192603,0.184899845916795,-0.015808846724192
2532,650,532,3581,1.99308858455907,113,12.7354379669804,0.156499414447042,0.174114021571649,-0.0176146071246064
2533,650,533,3582,2.3603765619176,123,12.6370462199688,0.186782300296393,0.189522342064715,-0.00274004176832238
2534,650,534,3583,1.98393793689274,100,12.8786131149065,0.15404903611837,0.154083204930663,-3.41688122926787e-05
2535,650,535,3584,2.535477013198,133,12.4674358512566,0.203367961419465,0.204930662557781,-0.00156270113831614
2536,650,536,3585,2.56011942618808,164,12.5570479000577,0.203879084205478,0.252696456086287,-0.0488173718808087
2537,650,537,3586,2.25612592626859,141,13.0314027022705,0.173129936800702,0.217257318952234,-0.0441273821515323
2538,650,538,3587,1.84901016001773,105,11.6357709978317,0.15890740376055,0.161787365177196,-0.00287996141664615
2539,650,539,3588,2.30781650499916,129,12.4542337470922,0.185303773147664,0.198767334360555,-0.0134635612128906
2540,650,540,3589,1.86863271673249,114,12.8225994856692,0.14572963296724,0.175654853620955,-0.0299252206537153
2541,650,541,3590,1.63843988530477,95,11.5146996751474,0.142291152312124,0.146379044684129,-0.00408789237200538
2542,650,542,3591,1.90738028976004,121,12.6217499209757,0.151118529657305,0.186440677966102,-0.0353221483087969
2543,650,543,3592,1.75707188202994,96,12.3551822736394,0.14221335170253,0.147919876733436,-0.00570652503090649
2544,650,544,3593,2.11158200004056,126,12.0239943430039,0.175614021414537,0.194144838212635,-0.0185308167980973
2545,650,545,3594,2.45450051433594,128,13.7725109962792,0.178217357386684,0.197226502311248,-0.0190091449245637
2546,650,546,3595,2.13509599481269,133,12.3258282606212,0.173221299994414,0.204930662557781,-0.0317093625633669
2547,650,547,3596,1.91010646253217,109,11.4275326878518,0.167149507659054,0.167950693374422,-0.000801185715367886
2548,650,548,3597,2.13451190066863,97,12.4966913624326,0.170806162908478,0.149460708782743,0.0213454541257356
2549,650,549,3598,1.90953891841034,96,12.1887486885138,0.156664065131625,0.147919876733436,0.00874418839818891
2550,650,550,3599,1.98808088968062,107,12.1951721861928,0.163021961422693,0.164869029275809,-0.00184706785311586
2551,650,551,3600,1.89860474570258,108,12.9670474095695,0.146417660530912,0.166409861325116,-0.0199922007942036
2552,650,552,3601,2.09353375919233,117,12.6086495575439,0.166039491353754,0.180277349768875,-0.0142378584151208
2553,650,553,3602,1.92078643157398,115,11.1526659949599,0.172226661539225,0.177195685670262,-0.00496902413103736
2554,650,554,3603,2.44719227753458,128,13.2892789265931,0.184147860170014,0.197226502311248,-0.0130786421412344
2555,650,555,3604,2.15324273246774,101,12.8572001130166,0.16747368894786,0.155624036979969,0.011849651967891
2556,650,556,3605,1.95080255635546,113,12.195823060609,0.159956613560287,0.174114021571649,-0.0141574080113619
2557,650,557,3606,2.0572242613536,103,12.3963968072264,0.165953405118038,0.158705701078582,0.00724770403945571
2558,650,558,3607,1.96015884191745,113,12.6144590231381,0.155389845757319,0.174114021571649,-0.0187241758143296
2559,650,559,3608,2.21896891680786,127,12.6267674826363,0.175735311500689,0.195685670261941,-0.019950358761252
2560,650,560,3609,2.46472487359218,129,12.6855194698679,0.194294358969428,0.198767334360555,-0.00447297539112693
2561,650,561,3610,2.10390746634967,122,12.7415949865279,0.165121200962219,0.187981510015408,-0.0228603090531896
2562,650,562,3611,2.29861503295774,108,12.8888711730264,0.178341066653552,0.166409861325116,0.0119312053284363
2563,650,563,3612,2.00985365204849,130,11.9259430013784,0.168527859961782,0.200308166409861,-0.0317803064480792
2564,650,564,3613,1.80768005443045,98,11.7975400241099,0.153225168190674,0.151001540832049,0.00222362735862514
2565,650,565,3614,2.01096773130245,110,12.4966690256507,0.160920300215579,0.169491525423729,-0.0085712252081496
2566,650,566,3615,1.966987435698,113,12.2165276091615,0.161010354056982,0.174114021571649,-0.0131036675146663
2567,650,567,3616,2.1476613110425,132,12.1144023788236,0.177281655659439,0.203389830508475,-0.026108174849036
2568,650,568,3617,2.36945542797541,130,12.5696201644343,0.188506525812114,0.200308166409861,-0.0118016405977475
2569,650,569,3618,2.00917708430504,118,12.4089062189646,0.161914116268717,0.181818181818182,-0.0199040655494649
2570,650,570,3619,2.11129986614253,113,11.9582993914965,0.176555193763076,0.174114021571649,0.00244117219142703
2571,650,571,3620,1.83512553191068,91,12.5378840219996,0.14636644657828,0.140215716486903,0.00615073009137659
2572,650,572,3621,2.29967373221744,121,13.7217701939762,0.167593080171754,0.186440677966102,-0.0188475977943474
2573,650,573,3622,1.85462670938808,92,12.22312119539,0.151731025140089,0.14175654853621,0.00997447660387965
2574,650,574,3623,2.12361307334057,119,12.2210056035871,0.17376745762372,0.183359013867488,-0.00959155624376865
2575,650,575,3624,2.08800803062451,138,11.8027968602375,0.17690790202946,0.212634822804314,-0.035726920774854
2576,650,576,3625,2.0543551303722,105,13.2360031616757,0.155209628260024,0.161787365177196,-0.00657773691717123
2577,650,577,3626,1.80796103331475,106,11.0962458409545,0.162934478852465,0.163328197226502,-0.000393718374037788
2578,650,578,3627,1.91594380182663,121,11.5069942225961,0.16650254312845,0.186440677966102,-0.0199381348376519
2579,650,579,3628,1.80468422391956,108,11.5379662107612,0.156412680619257,0.166409861325116,-0.00999718070585903
2580,650,580,3629,2.17501723350843,117,11.7706363971971,0.184783316730976,0.180277349768875,0.0045059669621009
2581,650,581,3630,1.83557589312537,97,11.6163444530393,0.158016654942176,0.149460708782743,0.00855594615943309
2582,650,582,3631,2.29385258110468,117,12.4392019316315,0.18440512451781,0.180277349768875,0.00412777474893433
2583,650,583,3632,2.04886600436935,108,11.7509099282005,0.174358072429129,0.166409861325116,0.0079482111040132
2584,650,584,3633,1.96307806899631,113,12.3955183198246,0.158369986502033,0.174114021571649,-0.0157440350696159
2585,650,585,3634,2.08019894986519,120,12.0941332207208,0.17200066444623,0.184899845916795,-0.012899181470565
2586,650,586,3635,1.89397449797539,106,11.5167782350441,0.164453500737929,0.163328197226502,0.00112530351142653
2587,650,587,3636,2.09016138320203,109,12.2944063678179,0.170009134289987,0.167950693374422,0.00205844091556465
2588,650,588,3637,2.43343590875739,138,12.3936778464227,0.196344938033045,0.212634822804314,-0.0162898847712691
2589,650,589,3638,2.2466738381337,127,13.2939662458337,0.168999514259922,0.195685670261941,-0.0266861560020192
2590,650,590,3639,1.86965823829672,115,11.895661733982,0.157171436117398,0.177195685670262,-0.0200242495528639
2591,650,591,3640,1.73308454979412,115,11.9492776662952,0.145036762739438,0.177195685670262,-0.0321589229308243
2592,650,592,3641,2.11656938589556,127,11.5894321615414,0.182629257101933,0.195685670261941,-0.0130564131600085
2593,650,593,3642,2.20223787208355,121,12.2376437085083,0.179956037660455,0.186440677966102,-0.00648464030564641
2594,650,594,3643,2.16192568040228,108,12.1663187354764,0.177697603310211,0.166409861325116,0.0112877419850955
2595,650,595,3644,2.00600040527101,114,11.4906281095952,0.174577088923095,0.175654853620955,-0.00107776469786033
2596,650,596,3645,1.97874683470623,112,12.978574015269,0.152462576580315,0.172573189522342,-0.0201106129420269
2597,650,597,3646,1.95599432476327,105,12.5205034434714,0.156223296738375,0.161787365177196,-0.00556406843882104
2598,650,598,3647,2.32685031520409,126,12.904163896972,0.180317789961587,0.194144838212635,-0.0138270482510481
2599,650,599,3648,1.94605523383634,112,12.6509143742677,0.153827239380789,0.172573189522342,-0.0187459501415536
2600,650,600,3649,2.218980864989,117,12.6325872305387,0.175655297247797,0.180277349768875,-0.00462205252107786
2601,650,601,3650,1.85892319287202,106,11.8695469591173,0.156612817597401,0.163328197226502,-0.00671537962910104
2602,650,602,3651,2.0088662218868,114,12.3326167773928,0.162890508814747,0.175654853620955,-0.0127643448062086
2603,650,603,3652,1.8252809098692,115,11.6176884674242,0.157112227185921,0.177195685670262,-0.0200834584843411
2604,650,604,3653,1.83767075987922,95,11.4966917232348,0.159843440540837,0.146379044684129,0.0134643958567073
2605,650,605,3654,2.49691919069692,143,12.6647010909468,0.197155793316101,0.220338983050847,-0.0231831897347464
2606,650,606,3655,1.82325733084383,103,12.0151470188849,0.151746568558679,0.158705701078582,-0.00695913251990313
2607,650,607,3656,1.96090802518803,102,11.9576365956691,0.163987926000214,0.157164869029276,0.00682305697093813
2608,650,608,3657,1.99249672985591,129,11.6275958211167,0.171359304237026,0.198767334360555,-0.0274080301235291
2609,650,609,3658,2.41182475563933,120,12.2916349848587,0.196216757055534,0.184899845916795,0.0113169111387393
2610,650,610,3659,1.77448226471127,104,11.9704650628049,0.148238372978925,0.160246533127889,-0.0120081601489643
2611,650,611,3660,2.36715574205623,122,13.2250622140053,0.178990140367689,0.187981510015408,-0.00899136964771902
2612,650,612,3661,2.21737740633075,135,12.055900176472,0.183924665423004,0.208012326656394,-0.0240876612333907
2613,650,613,3662,2.03085917770443,117,11.7970446264884,0.172149825825399,0.180277349768875,-0.00812752394347613
2614,650,614,3663,1.87798301553515,103,12.4651779512349,0.150658339807263,0.158705701078582,-0.00804736127131978
2615,650,615,3664,1.76819190648652,103,12.4213777719609,0.142350706898062,0.158705701078582,-0.01635499418052
2616,650,616,3665,1.90025795605926,111,12.7005061801352,0.14962064732754,0.171032357473035,-0.0214117101454953
2617,650,617,3666,2.03438203423304,124,11.0923804614283,0.183403557181187,0.191063174114022,-0.00765961693283482
2618,650,618,3667,2.06256339354371,95,12.3266543319271,0.167325483298537,0.146379044684129,0.0209464386144073
2619,650,619,3668,2.23331709914857,118,12.0533358661908,0.185286224821209,0.181818181818182,0.00346804300302703
2620,650,620,3669,2.19067498637538,110,12.2950784442753,0.178174949944738,0.169491525423729,0.00868342452100965
2621,650,621,3670,2.12599699520527,108,12.8145216910711,0.165905294513383,0.166409861325116,-0.000504566811733054
2622,650,622,3671,1.88047087887333,120,11.623310168909,0.161784453098685,0.184899845916795,-0.0231153928181105
2623,650,623,3672,1.85239129039723,110,12.0325781911332,0.153947995265242,0.169491525423729,-0.0155435301584868
2624,650,624,3673,2.2796474340571,101,12.4788117899313,0.182681450159899,0.155624036979969,0.0270574131799302
2625,650,625,3674,2.17860037703343,108,11.8169839555228,0.184361795296781,0.166409861325116,0.0179519339716653
2626,650,626,3675,1.87757397193204,99,12.4172832519435,0.151206502568762,0.152542372881356,-0.00133587031259413
2627,650,627,3676,2.05764869480416,126,11.9848632003108,0.171687290911322,0.194144838212635,-0.0224575473013132
2628,650,628,3677,2.09145304753577,129,11.6111073227696,0.180125201619176,0.198767334360555,-0.0186421327413787
2629,650,629,3678,2.45557416872522,131,12.9379652022502,0.189796009676864,0.201848998459168,-0.0120529887823036
2630,650,630,3679,1.81588315038972,103,11.9670271531996,0.151740538994617,0.158705701078582,-0.00696516208396558
2631,650,631,3680,2.13080355263734,130,12.057891376495,0.176714442526081,0.200308166409861,-0.0235937238837804
2632,650,632,3681,2.27081635280645,117,12.7355185543318,0.178305762982385,0.180277349768875,-0.00197158678648993
2633,650,633,3682,2.21563015791223,128,12.0975773452598,0.183146599908318,0.197226502311248,-0.0140799024029303
2634,650,634,3683,2.56059303713824,137,12.9822933202312,0.197237342738813,0.211093990755008,-0.0138566480161945
2635,650,635,3684,2.11748178748751,120,12.1399508401098,0.174422599842123,0.184899845916795,-0.0104772460746725
2636,650,636,3685,2.32200879689009,128,12.2497191432721,0.189556084489121,0.197226502311248,-0.00767041782212755
2637,650,637,3686,2.42695805705582,140,12.4195521902427,0.195414296737892,0.215716486902928,-0.0203021901650354
2638,650,638,3687,1.71350670657053,89,12.7232932275235,0.134674779235915,0.13713405238829,-0.00245927315237487
2639,650,639,3688,2.07659978852022,117,12.4126383512324,0.167297211902903,0.180277349768875,-0.0129801378659722
2640,650,640,3689,2.16008285082642,141,11.1197499953497,0.19425642228735,0.217257318952234,-0.0230008966648843
2641,650,641,3690,1.9950821843451,121,12.1248162703072,0.164545353914428,0.186440677966102,-0.0218953240516741
2642,650,642,3691,2.12592141984075,115,12.2599488257677,0.17340377599069,0.177195685670262,-0.00379190967957163
2643,650,643,3692,2.04602013223511,115,11.5509447978596,0.177130110829916,0.177195685670262,-6.55748403456669e-05
2644,650,644,3693,2.14730323121181,113,12.4589501306202,0.172350254933152,0.174114021571649,-0.00176376663849673
2645,650,645,3694,1.99643506044052,110,12.0804626386274,0.165261473849263,0.169491525423729,-0.00423005157446582
2646,650,646,3695,2.1221703745902,136,11.9667694587195,0.17733861940859,0.209553158705701,-0.0322145392971107
2647,650,647,3696,2.13941723784579,105,12.4616032341064,0.171680737835593,0.161787365177196,0.00989337265839749
2648,650,648,3697,1.9241017198174,123,11.7763456039001,0.163386994958791,0.189522342064715,-0.0261353471059243
2649,650,649,3698,2.08857503789853,114,12.9716007564901,0.161011356817588,0.175654853620955,-0.0146434968033676
2650,650,650,3699,2.02225642401553,101,12.9468636084409,0.156196626856955,0.155624036979969,0.000572589876985746
2651,650,651,3700,2.04690248929208,114,13.0306786734915,0.157083336991198,0.175654853620955,-0.0185715166297577
2652,650,652,3701,1.96171336759481,121,11.5514212975944,0.169824415286744,0.186440677966102,-0.016616262679358
2653,650,653,3702,1.83829496015125,97,12.5142206256911,0.14689648002348,0.149460708782743,-0.00256422875926282
2654,650,654,3703,2.11947699866495,116,12.7756192862788,0.165900137689708,0.178736517719569,-0.0128363800298605
2655,650,655,3704,2.03968212649774,117,12.382615838315,0.164721425030925,0.180277349768875,-0.0155559247379506
2656,650,656,3705,2.38502665612113,135,11.4630972145775,0.208061277984115,0.208012326656394,4.89513277201203e-05
2657,650,657,3706,1.82757655806629,114,12.4014886342855,0.147367514655758,0.175654853620955,-0.0282873389651971
2658,650,658,3707,1.95267609139858,119,12.9952572814399,0.150260671959718,0.183359013867488,-0.0330983419077706
2659,650,659,3708,2.02097873467052,119,11.8493328524028,0.17055633087906,0.183359013867488,-0.0128026829884289
2660,650,660,3709,2.01085859054245,118,12.0941282588474,0.166267344574539,0.181818181818182,-0.0155508372436424
2661,650,661,3710,2.1695760532629,122,11.352487638542,0.191110188563177,0.187981510015408,0.00312867854776833
2662,650,662,3711,1.99267937877587,113,11.695635812593,0.170378029096143,0.174114021571649,-0.00373599247550518
2663,650,663,3712,2.03010338241295,123,12.9035081118788,0.157329569975165,0.189522342064715,-0.0321927720895495
2664,650,664,3713,1.88226143714823,119,11.3588379570364,0.165708978706068,0.183359013867488,-0.0176500351614203
2665,650,665,3714,2.0786756947036,102,12.7157943499016,0.163471949726812,0.157164869029276,0.00630708069753666
2666,650,666,3715,2.41299689004805,138,11.9884979494718,0.201275998062323,0.212634822804314,-0.0113588247419913
2667,650,667,3716,2.07148682894547,110,13.0041439397814,0.159294363284347,0.169491525423729,-0.0101971621393822
2668,650,668,3717,2.01261273675354,118,12.7594049840908,0.157735626329205,0.181818181818182,-0.024082555488977
2669,650,669,3718,2.11826189693677,123,13.0937788121981,0.161776208940036,0.189522342064715,-0.0277461331246792
2670,650,670,3719,2.2112945883761,114,12.5750733109756,0.175847451039993,0.175654853620955,0.000192597419037349
2671,650,671,3720,2.0952876733094,113,11.4307195843446,0.183303217076473,0.174114021571649,0.00918919550482392
2672,650,672,3721,1.86292806423027,103,12.3068200602892,0.15137363308345,0.158705701078582,-0.00733206799513214
2673,650,673,3722,2.02883346959065,126,11.8277191228501,0.171532097483709,0.194144838212635,-0.0226127407289263
2674,650,674,3723,1.95719496023072,118,12.7332437793359,0.153707491519714,0.181818181818182,-0.028110690298468
2675,650,675,3724,2.37134410702714,127,12.9608576038667,0.182961975164334,0.195685670261941,-0.0127236950976075
2676,650,676,3725,2.36175070015702,108,14.0748683838027,0.167799132166302,0.166409861325116,0.00138927084118659
2677,650,677,3726,2.14860846245117,111,12.6819198091179,0.169422965512398,0.171032357473035,-0.00160939196063753
2678,650,678,3727,2.01547226032556,105,11.8361908020529,0.170280480775622,0.161787365177196,0.00849311559842605
2679,650,679,3728,1.99939234098632,121,11.623880834428,0.172007298549075,0.186440677966102,-0.014433379417027
2680,650,680,3729,1.97979419135279,124,11.9365621896218,0.165859663771041,0.191063174114022,-0.025203510342981
2681,650,681,3730,1.64098347818863,99,11.7423144443596,0.13974957713527,0.152542372881356,-0.0127927957460864
2682,650,682,3731,1.77495919193537,103,12.2168508960896,0.145287783818619,0.158705701078582,-0.0134179172599635
2683,650,683,3732,1.82933552212859,108,11.339083157234,0.161330109036331,0.166409861325116,-0.00507975228878432
2684,650,684,3733,2.12961457889242,106,11.8156463649332,0.180236824386751,0.163328197226502,0.0169086271602489
2685,650,685,3734,1.92683443291873,103,12.8722120955318,0.149689456529975,0.158705701078582,-0.0090162445486078
2686,650,686,3735,2.12306610279196,119,12.3560206809557,0.171824421277007,0.183359013867488,-0.011534592590481
2687,650,687,3736,2.16771174179755,111,13.3196922947831,0.162744881324817,0.171032357473035,-0.00828747614821829
2688,650,688,3737,2.08054914184249,109,12.6113874255367,0.164973850349693,0.167950693374422,-0.00297684302472881
2689,650,689,3738,2.14210108552792,115,12.4657631613485,0.17183874407062,0.177195685670262,-0.00535694159964245
2690,650,690,3739,2.16655640855852,118,12.2109246567968,0.177427710796053,0.181818181818182,-0.00439047102212922
2691,650,691,3740,1.92472841196741,105,12.0873012771783,0.159235578548988,0.161787365177196,-0.00255178662820743
2692,650,692,3741,2.01204483749865,111,11.9623826655503,0.168197665444445,0.171032357473035,-0.0028346920285906
2693,650,693,3742,1.78916042442361,101,11.5506509333813,0.154896934791176,0.155624036979969,-0.000727102188792961
2694,650,694,3743,1.83967507362084,96,12.8270905171169,0.143421072079122,0.147919876733436,-0.00449880465431401
2695,650,695,3744,1.96410082844747,96,12.7356809676398,0.154220322685381,0.147919876733436,0.00630044595194493
2696,650,696,3745,2.08058836739749,120,12.8878661994329,0.161437769076858,0.184899845916795,-0.0234620768399375
2697,650,697,3746,2.19386471160888,116,12.0410184124351,0.182199265582321,0.178736517719569,0.00346274786275208
2698,650,698,3747,2.35319918285813,120,12.4699637926324,0.188709383763286,0.184899845916795,0.00380953784649046
2699,650,699,3748,2.16973661739134,119,12.0497600446304,0.180064715758238,0.183359013867488,-0.00329429810925086
2700,650,700,3749,1.71718409193877,99,12.1702480814829,0.141096884832732,0.152542372881356,-0.0114454880486237
2701,650,701,3750,1.88467969692823,112,11.9179435007102,0.158137995604352,0.172573189522342,-0.0144351939179898
2702,650,702,3751,2.07625638669411,108,13.1785456409485,0.157548218389345,0.166409861325116,-0.00886164293577046
2703,650,703,3752,2.17428554474986,128,12.4255675902716,0.174984806847148,0.197226502311248,-0.0222416954641002
2704,650,704,3753,1.97661021654485,110,13.0393812357494,0.151587731105345,0.169491525423729,-0.0179037943183837
2705,650,705,3754,2.31618498563174,133,11.456277158624,0.202176060648827,0.204930662557781,-0.00275460190895463
2706,650,706,3755,1.81391095816096,134,10.7686724107782,0.168443322349136,0.206471494607088,-0.0380281722579522
2707,650,707,3756,2.28097897237744,115,13.1890491059214,0.1729449146833,0.177195685670262,-0.00425077098696194
2708,650,708,3757,2.16765796461604,135,12.1368583077703,0.178601241742129,0.208012326656394,-0.0294110849142657
2709,650,709,3758,2.18321359294219,134,12.5207344805961,0.174367853285733,0.206471494607088,-0.0321036413213552
2710,650,710,3759,2.2150442847434,104,12.717132260315,0.174177970268946,0.160246533127889,0.0139314371410574
2711,650,711,3760,1.68384388996809,104,10.8081726056193,0.155793578749162,0.160246533127889,-0.0044529543787272
2712,650,712,3761,1.74762586811175,107,11.4862326599774,0.15214961422479,0.164869029275809,-0.0127194150510189
2713,650,713,3762,2.04039056410956,103,12.4661279370331,0.163674765285232,0.158705701078582,0.0049690642066495
2714,650,714,3763,1.99391381498006,125,11.5271958480869,0.172974749562443,0.192604006163328,-0.0196292566008855
2715,650,715,3764,1.96051799838151,107,12.8156752362498,0.152978127351112,0.164869029275809,-0.0118909019246969
2716,650,716,3765,2.04506795761623,106,13.0667445571977,0.156509369924869,0.163328197226502,-0.00681882730163344
2717,650,717,3766,2.34314279489278,112,12.1570042924954,0.192740147039284,0.172573189522342,0.0201669575169422
2718,650,718,3767,2.04796726606978,111,12.4945516239996,0.163908824237921,0.171032357473035,-0.00712353323511428
2719,650,719,3768,2.08490110795129,117,12.9108669797294,0.161484206384023,0.180277349768875,-0.0187931433848524
2720,650,720,3769,2.13704660814375,103,13.3484954153441,0.160096440958223,0.158705701078582,0.00139073987964086
2721,650,721,3770,1.88809651242256,92,11.8453654178974,0.159395379189382,0.14175654853621,0.0176388306531729
2722,650,722,3771,2.0951897120969,105,12.2044170359516,0.171674706454631,0.161787365177196,0.00988734127743549
2723,650,723,3772,2.07763236833541,123,12.2525460619321,0.169567399121271,0.189522342064715,-0.0199549429434435
2724,650,724,3773,2.32977813429902,112,12.8610251912776,0.181150265989611,0.172573189522342,0.00857707646726866
2725,650,725,3774,1.74902219298944,108,11.7699722056454,0.148600367310174,0.166409861325116,-0.0178094940149418
2726,650,726,3775,1.92994724189935,103,11.8705580308336,0.162582688773884,0.158705701078582,0.00387698769530154
2727,650,727,3776,2.31013251861554,141,12.021640322887,0.192164501396492,0.217257318952234,-0.0250928175557422
2728,650,728,3777,2.49544517782265,126,11.8637978166307,0.210341175430732,0.194144838212635,0.0161963372180968
2729,650,729,3778,1.99108312847824,113,11.2952879505148,0.176275552885528,0.174114021571649,0.00216153131387892
2730,650,730,3779,2.11295140210704,114,12.5973484075777,0.167729853437731,0.175654853620955,-0.00792500018322465
2731,650,731,3780,2.03308604862563,129,12.1273688735914,0.167644447020398,0.198767334360555,-0.0311228873401563
2732,650,732,3781,2.14757527301798,111,12.4107546491216,0.173041473603701,0.171032357473035,0.0020091161306651
2733,650,733,3782,2.09197751849853,113,12.5491151102556,0.166703189835982,0.174114021571649,-0.00741083173566662
2734,650,734,3783,2.05748362828413,108,12.9345817238374,0.159068431605511,0.166409861325116,-0.00734142971960441
2735,650,735,3784,1.85089917913209,98,11.0357400857395,0.167718627364543,0.151001540832049,0.0167170865324939
2736,650,736,3785,1.91271888563969,103,11.493580814242,0.166416273270519,0.158705701078582,0.00771057219193655
2737,650,737,3786,2.36546630126934,132,12.2827019465323,0.192585174790241,0.203389830508475,-0.010804655718234
2738,650,738,3787,1.8746338843054,98,12.4383813229071,0.150713652816945,0.151001540832049,-0.000287888015104515
2739,650,739,3788,2.13320963236645,131,12.262161182195,0.173966856304574,0.201848998459168,-0.0278821421545939
2740,650,740,3789,1.96907739815538,111,11.9480860636649,0.164802746453552,0.171032357473035,-0.00622961101948372
2741,650,741,3790,2.09445312955296,105,12.1153913017784,0.172875400998854,0.161787365177196,0.0110880358216582
2742,650,742,3791,2.25399329346687,129,12.4447957127297,0.181119348641559,0.198767334360555,-0.0176479857189961
2743,650,743,3792,2.2573223274824,132,11.8794234647022,0.190019518555734,0.203389830508475,-0.0133703119527405
2744,650,744,3793,1.6654585674981,90,12.4016572631939,0.134293226473925,0.138674884437596,-0.00438165796367088
2745,650,745,3794,2.1463998003625,97,13.2816566296698,0.161606331213809,0.149460708782743,0.0121456224310659
2746,650,746,3795,2.11598301244067,128,11.7550569061627,0.180006190470363,0.197226502311248,-0.0172203118408852
2747,650,747,3796,1.6768788300175,94,11.8105304965427,0.141981668859699,0.144838212634823,-0.00285654377512393
2748,650,748,3797,2.33431013466671,125,12.8403884450218,0.181794354949731,0.192604006163328,-0.0108096512135972
2749,650,749,3798,1.96860224832798,123,11.9399334928025,0.164875478537185,0.189522342064715,-0.0246468635275296
2750,650,750,3799,2.11568087191813,115,11.8861325118831,0.177995733246537,0.177195685670262,0.00080004757627461
2751,650,751,3800,2.18358925494192,116,12.9291421600328,0.168888950861097,0.178736517719569,-0.00984756685847155
2752,650,752,3801,2.296049947743,121,12.5911669125953,0.182354023553305,0.186440677966102,-0.00408665441279651
2753,650,753,3802,2.39509778030551,110,12.5072939517486,0.191496081370236,0.169491525423729,0.0220045559465074
2754,650,754,3803,2.09523302201456,103,13.6986795278254,0.152951459135797,0.158705701078582,-0.00575424194278507
2755,650,755,3804,2.01886506470819,113,11.8171876690116,0.170841415170403,0.174114021571649,-0.00327260640124546
2756,650,756,3805,1.95454138243577,107,12.1140159360162,0.161345452470862,0.164869029275809,-0.00352357680494664
2757,650,757,3806,2.2181452921215,121,12.1496985033988,0.182567928866794,0.186440677966102,-0.00387274909930727
2758,650,758,3807,2.15971537726965,148,11.5127997545526,0.187592542501715,0.228043143297381,-0.0404506007956656
2759,650,759,3808,2.2050376798674,125,12.3638583168169,0.178345434197364,0.192604006163328,-0.0142585719659645
2760,650,760,3809,1.78947461407359,125,11.2365386088058,0.159254969557192,0.192604006163328,-0.033349036606136
2761,650,761,3810,2.14876571461306,114,12.6968338585255,0.169236341796364,0.175654853620955,-0.00641851182459133
2762,650,762,3811,1.86421166538932,108,12.1991992117089,0.152814265349486,0.166409861325116,-0.0135955959756297
2763,650,763,3812,2.54368837080213,143,12.4832225633654,0.203768566801581,0.220338983050847,-0.0165704162492665
2764,650,764,3813,1.92826869847234,111,11.8951487161796,0.162105472111462,0.171032357473035,-0.00892688536157335
2765,650,765,3814,2.1177380927378,144,11.2445538610254,0.188334559015104,0.221879815100154,-0.0335452560850497
2766,650,766,3815,2.12796884875068,115,12.6997287894035,0.167560180539149,0.177195685670262,-0.00963550513111283
2767,650,767,3816,2.06168677315239,106,12.9914421875452,0.158695758591676,0.163328197226502,-0.00463243863482646
2768,650,768,3817,2.21754879396386,122,13.0076040751882,0.170480957226688,0.187981510015408,-0.0175005527887201
2769,650,769,3818,1.66511965879917,109,11.4818155725871,0.145022331030526,0.167950693374422,-0.0229283623438964
2770,650,770,3819,2.07629624378928,119,12.7025012423579,0.163455700902877,0.183359013867488,-0.0199033129646113
2771,650,771,3820,2.13984552678733,122,12.5093718505225,0.171059390699777,0.187981510015408,-0.0169221193156313
2772,650,772,3821,2.16266982292773,123,12.8180611340509,0.168720510872167,0.189522342064715,-0.0208018311925484
2773,650,773,3822,2.09718874315911,111,12.5512547018926,0.167089967733893,0.171032357473035,-0.0039423897391426
2774,650,774,3823,2.21484274945323,118,12.6602766182134,0.174944261981362,0.181818181818182,-0.00687391983681993
2775,650,775,3824,2.54814305120276,130,12.4061177902317,0.20539407204477,0.200308166409861,0.00508590563490868
2776,650,776,3825,1.77874105303915,107,12.2341246448597,0.145391771350516,0.164869029275809,-0.0194772579252926
2777,650,777,3826,2.05629510152834,111,12.4384123283343,0.165318132833093,0.171032357473035,-0.00571422463994276
2778,650,778,3827,1.77092133464391,100,12.2976450642987,0.14400491519999,0.154083204930663,-0.0100782897306727
2779,650,779,3828,2.11889991312474,105,13.4962665734248,0.15699896720305,0.161787365177196,-0.00478839797414529
2780,650,780,3829,1.86067667950925,90,12.3960657612967,0.150102194949521,0.138674884437596,0.0114273105119249
2781,650,781,3830,1.88720538466113,107,11.9584612389836,0.157813396468518,0.164869029275809,-0.00705563280729052
2782,650,782,3831,2.19858726904148,131,11.6272522736977,0.189089151700524,0.201848998459168,-0.0127598467586442
2783,650,783,3832,1.82913815696171,91,12.8033505984856,0.142864021639622,0.140215716486903,0.00264830515271883
2784,650,784,3833,1.60813334474091,80,11.6034754395878,0.138590662178196,0.12326656394453,0.0153240982336659
2785,650,785,3834,2.1755748172962,108,12.6879954630837,0.171467181212835,0.166409861325116,0.00505731988771976
2786,650,786,3835,1.77851221925243,97,12.1797876748809,0.146021611109064,0.149460708782743,-0.00343909767367906
2787,650,787,3836,1.97697803693507,96,12.0126185841266,0.16457511100431,0.147919876733436,0.0166552342708739
2788,650,788,3837,2.40183103276113,142,11.9840920983299,0.200418272244073,0.218798151001541,-0.0183798787574679
2789,650,789,3838,2.02426504868517,116,12.0899503019139,0.16743369477414,0.178736517719569,-0.0113028229454285
2790,650,790,3839,2.25289662252827,109,13.1721207324067,0.171035224190254,0.167950693374422,0.00308453081583143
2791,650,791,3840,2.20669514565319,121,12.0610945087591,0.182959775669665,0.186440677966102,-0.00348090229643644
2792,650,792,3841,2.53080171232826,119,12.7211392960232,0.198944579839592,0.183359013867488,0.0155855659721034
2793,650,793,3842,1.89183625371355,123,11.8766355746828,0.159290587121014,0.189522342064715,-0.0302317549437006
2794,650,794,3843,2.29938514498083,134,12.7097313234956,0.180915322791294,0.206471494607088,-0.0255561718157943
2795,650,795,3844,2.24526357217894,120,11.9021262613944,0.188643904699755,0.184899845916795,0.00374405878295953
2796,650,796,3845,1.93157202411009,102,12.522650757201,0.154246258365016,0.157164869029276,-0.00291861066426005
2797,650,797,3846,2.04887713580908,120,12.2109276175846,0.167790457856663,0.184899845916795,-0.0171093880601325
2798,650,798,3847,2.4317173605722,134,12.9847449317706,0.187274942507525,0.206471494607088,-0.0191965520995631
2799,650,799,3848,2.07058333274848,132,12.2049878377367,0.169650585504594,0.203389830508475,-0.0337392450038803
2800,650,800,3849,2.33495140384771,131,12.5554153682546,0.185971657277979,0.201848998459168,-0.015877341181189
2801,650,801,3850,2.03350373337233,120,11.5794259404738,0.17561351865161,0.184899845916795,-0.00928632726518494
2802,650,802,3851,1.87199140705318,100,11.5386830233033,0.162236141097952,0.154083204930663,0.00815293616728957
2803,650,803,3852,1.97716756825357,106,12.3433188053462,0.160181195951709,0.163328197226502,-0.00314700127479325
2804,650,804,3853,2.11691635325509,122,12.1327344852404,0.174479739569866,0.187981510015408,-0.0135017704455422
2805,650,805,3854,2.1633730085575,120,11.691086411831,0.185044651313862,0.184899845916795,0.000144805397067127
2806,650,806,3855,1.91108563036913,108,12.0093807306107,0.159132737419005,0.166409861325116,-0.00727712390611099
2807,650,807,3856,2.00905617757814,125,11.7129967353043,0.171523669218025,0.192604006163328,-0.0210803369453035
2808,650,808,3857,2.03783001669996,128,11.9094632920086,0.171110147177444,0.197226502311248,-0.026116355133804
2809,650,809,3858,1.95057750041549,99,12.6174712250605,0.154593378151821,0.152542372881356,0.00205100527046476
2810,650,810,3859,1.9728694007324,109,11.8294473594429,0.166776125780512,0.167950693374422,-0.0011745675939103
2811,650,811,3860,2.01096920829795,99,13.0171953905991,0.154485597546631,0.152542372881356,0.00194322466527475
2812,650,812,3861,2.1616259729321,112,12.5747069511407,0.171902691755056,0.172573189522342,-0.000670497767286171
2813,650,813,3862,1.84554298987713,98,12.267053254143,0.150447132790739,0.151001540832049,-0.000554408041309962
2814,650,814,3863,2.12332260011057,108,12.5529090707586,0.16914984312734,0.166409861325116,0.00273998180222423
2815,650,815,3864,2.08631814597593,111,12.141310974061,0.17183631573503,0.171032357473035,0.000803958261994836
2816,650,816,3865,2.76803809258242,166,11.8455857695074,0.233676759127255,0.2557781201849,-0.0221013610576452
2817,650,817,3866,2.32393027499739,127,12.9221308277325,0.179841104070077,0.195685670261941,-0.0158445661918646
2818,650,818,3867,2.06235694998027,112,12.8514423372749,0.160476691709422,0.172573189522342,-0.0120964978129201
2819,650,819,3868,2.22976012943599,114,11.8036210436542,0.188904753989433,0.175654853620955,0.0132499003684782
2820,650,820,3869,2.0716593042263,117,12.7025717854369,0.163089753730137,0.180277349768875,-0.0171875960387377
2821,650,821,3870,1.87580269925459,103,12.6352179735207,0.148458277742867,0.158705701078582,-0.0102474233357156
2822,650,822,3871,2.53767857040635,145,12.8620510164575,0.197299681610599,0.223420647149461,-0.0261209655388621
2823,650,823,3872,1.99513303782536,117,12.0976804545079,0.164918642489182,0.180277349768875,-0.0153587072796933
2824,650,824,3873,2.2281204160575,121,12.9044152202333,0.172663416205327,0.186440677966102,-0.0137772617607744
2825,650,825,3874,1.91062289808969,110,12.4121185787081,0.153932053256984,0.169491525423729,-0.0155594721667452
2826,650,826,3875,2.15136650854967,124,11.7309694285159,0.183392048002451,0.191063174114022,-0.00767112611157086
2827,650,827,3876,1.9353965414689,103,12.967239231321,0.149252782874102,0.158705701078582,-0.00945291820448005
2828,650,828,3877,1.93214281876577,95,12.2074845272889,0.158275262560982,0.146379044684129,0.0118962178768523
2829,650,829,3878,1.73846659283541,98,11.4535151768815,0.151784545267329,0.151001540832049,0.000783004435280094
2830,650,830,3879,2.11402615688375,118,13.1129403131598,0.161216790925387,0.181818181818182,-0.0206013908927953
2831,650,831,3880,1.78561552959302,89,11.8528037857251,0.150649210252136,0.13713405238829,0.0135151578638462
2832,650,832,3881,2.1964230957207,120,11.5544176381021,0.190093794816428,0.184899845916795,0.00519394889963268
2833,650,833,3882,2.47221426827878,130,12.7986197314699,0.193162569101101,0.200308166409861,-0.00714559730876027
2834,650,834,3883,1.8054482231085,110,11.8547083201506,0.152297987799464,0.169491525423729,-0.0171935376242645
2835,650,835,3884,2.28857282777377,127,11.950062122144,0.191511374952013,0.195685670261941,-0.00417429530992841
2836,650,836,3885,2.42616365511441,128,12.9473997094515,0.187386170934642,0.197226502311248,-0.00984033137660603
2837,650,837,3886,2.35075069586753,110,12.1020895515613,0.19424337308463,0.169491525423729,0.0247518476609016
2838,650,838,3887,2.1369182282622,118,11.9045685506855,0.179504046632513,0.181818181818182,-0.00231413518566928
2839,650,839,3888,1.82304495002648,112,12.0573858513572,0.151197363383811,0.172573189522342,-0.0213758261385308
2840,650,840,3889,2.0348290454728,103,12.1989666436564,0.166803394493331,0.158705701078582,0.00809769341474839
2841,650,841,3890,2.20799871162927,119,13.2864569826359,0.166184161399455,0.183359013867488,-0.0171748524680338
2842,650,842,3891,2.18495115024811,113,12.2146271440101,0.178879889208865,0.174114021571649,0.00476586763721584
2843,650,843,3892,2.50035194220693,155,12.030482092517,0.207834725406569,0.238828967642527,-0.0309942422359576
2844,650,844,3893,2.54361362660356,141,12.5982000426698,0.201902939942881,0.217257318952234,-0.0153543790093528
2845,650,845,3894,1.90891060264245,97,13.0383166102816,0.146407750302454,0.149460708782743,-0.0030529584802883
2846,650,846,3895,2.07109965084386,112,12.0469050914455,0.171919645346467,0.172573189522342,-0.000653544175875015
2847,650,847,3896,2.17218038112429,131,12.4063846272787,0.17508568744098,0.201848998459168,-0.026763311018188
2848,650,848,3897,1.75035061247577,107,11.7090770922311,0.149486641747121,0.164869029275809,-0.0153823875286881
2849,650,849,3898,1.69096260836774,94,12.0132842462465,0.14075772900288,0.144838212634823,-0.00408048363194258
2850,650,850,3899,1.9025195913465,119,11.8236415560384,0.160908090991212,0.183359013867488,-0.0224509228762761
2851,650,851,3900,2.1849111399298,116,13.2035714441058,0.165478798609838,0.178736517719569,-0.0132577191097308
2852,650,852,3901,2.33787255240919,135,12.3942260150124,0.188625941593888,0.208012326656394,-0.0193863850625061
2853,650,853,3902,2.43362697439899,148,12.6149943757861,0.192915422861403,0.228043143297381,-0.035127720435978
2854,650,854,3903,1.98710817891829,103,11.705385248047,0.169760169085407,0.158705701078582,0.011054468006825
2855,650,855,3904,1.80769988307199,107,12.2662770652076,0.147371518959032,0.164869029275809,-0.0174975103167768
2856,650,856,3905,2.03499337721035,113,12.5826979495417,0.161729494371633,0.174114021571649,-0.0123845272000159
2857,650,857,3906,1.9391891924463,94,12.9115671505978,0.150190071416429,0.144838212634823,0.00535185878160635
2858,650,858,3907,2.05888143200607,125,12.5960396752162,0.163454663933545,0.192604006163328,-0.0291493422297832
2859,650,859,3908,1.79247553047979,105,12.8245210617428,0.139769393480664,0.161787365177196,-0.0220179716965313
2860,650,860,3909,2.59288330298739,133,12.6554007032482,0.204883540536325,0.204930662557781,-4.7122021456597e-05
2861,650,861,3910,2.02601206138965,107,12.4176455072192,0.163155894586601,0.164869029275809,-0.00171313468920745
2862,650,862,3911,2.2156875361877,114,11.8469515022504,0.187025964930033,0.175654853620955,0.0113711113090779
2863,650,863,3912,2.21868533982866,110,12.274402921078,0.180757088886064,0.169491525423729,0.011265563462335
2864,650,864,3913,2.05398935235604,108,12.1260108938891,0.169387061444184,0.166409861325116,0.0029772001190681
2865,650,865,3914,1.80248639337584,107,11.892138599755,0.151569574997467,0.164869029275809,-0.0132994542783421
2866,650,866,3915,2.63802535522295,142,13.4359316762874,0.19634108142115,0.218798151001541,-0.0224570695803906
2867,650,867,3916,2.3805580766433,126,11.9913963728778,0.198522173950288,0.194144838212635,0.00437733573765303
2868,650,868,3917,1.93998913625203,108,12.5053480889289,0.155132757797403,0.166409861325116,-0.0112771035277122
2869,650,869,3918,2.40660938891559,115,12.7588887515835,0.188622178292519,0.177195685670262,0.0114264926222571
2870,650,870,3919,2.1485565144838,106,12.7465653789715,0.16855964337094,0.163328197226502,0.00523144614443724
2871,650,871,3920,2.22853335545034,127,12.9238569464294,0.172435625424192,0.195685670261941,-0.0232500448377498
2872,650,872,3921,2.11657762805947,117,12.5996528423398,0.16798697984336,0.180277349768875,-0.0122903699255152
2873,650,873,3922,1.73216473110737,100,11.7649545921086,0.147230889634647,0.154083204930663,-0.00685231529601552
2874,650,874,3923,2.0141216854708,111,12.4710321617504,0.161504008597481,0.171032357473035,-0.00952834887555482
2875,650,875,3924,2.20386382482622,121,12.8989472216954,0.170856100652883,0.186440677966102,-0.015584577313219
2876,650,876,3925,2.08113849127037,142,12.6133217460515,0.164995275088567,0.218798151001541,-0.0538028759129741
2877,650,877,3926,1.94062222605665,106,12.1155978358107,0.160175523515698,0.163328197226502,-0.0031526737108038
2878,650,878,3927,1.7640389290593,95,11.0942009623459,0.159005496208921,0.146379044684129,0.0126264515247915
2879,650,879,3928,1.62274549064227,101,11.9055623896635,0.136301456204298,0.155624036979969,-0.0193225807756708
2880,650,880,3929,2.58009415194853,144,13.0897377369831,0.197108162423977,0.221879815100154,-0.0247716526761768
2881,650,881,3930,1.90844104809083,122,11.8074661418116,0.161630025034144,0.187981510015408,-0.0263514849812639
2882,650,882,3931,2.56365241347085,143,12.3515627099718,0.207556928112516,0.220338983050847,-0.0127820549383313
2883,650,883,3932,2.16451985592863,131,11.9994733262504,0.180384571645613,0.201848998459168,-0.0214644268135554
2884,650,884,3933,2.14884940883503,135,12.2844651256782,0.174924132784853,0.208012326656394,-0.0330881938715411
2885,650,885,3934,2.02346783615652,122,12.5248165394783,0.161556684665084,0.187981510015408,-0.0264248253503238
2886,650,886,3935,2.11105281961328,106,12.9289102693389,0.16328157405653,0.163328197226502,-4.66231699725872e-05
2887,650,887,3936,1.8418767610304,114,12.4682653481826,0.147725181458291,0.175654853620955,-0.0279296721626645
2888,650,888,3937,2.11841136523564,109,12.7487370099294,0.166166371114701,0.167950693374422,-0.00178432225972164
2889,650,889,3938,1.92477659305707,119,11.7358431233541,0.164008377823899,0.183359013867488,-0.0193506360435895
2890,650,890,3939,2.1357962646418,122,11.3970745250249,0.18739863988361,0.187981510015408,-0.000582870131798585
2891,650,891,3940,2.18651278798543,125,12.5256197983897,0.174563241035508,0.192604006163328,-0.0180407651278199
2892,650,892,3941,1.93028538832069,114,11.4055663603307,0.169240643326082,0.175654853620955,-0.00641421029487318
2893,650,893,3942,2.25968730412475,132,12.7007445856438,0.177917703083248,0.203389830508475,-0.0254721274252267
2894,650,894,3943,2.0005477967811,99,13.2782377751711,0.150663652109161,0.152542372881356,-0.00187872077219511
2895,650,895,3944,2.16995078119569,129,12.3162498015099,0.176185999485791,0.198767334360555,-0.022581334874764
2896,650,896,3945,2.1153864391434,128,11.8914994577923,0.177890639162182,0.197226502311248,-0.0193358631490664
2897,650,897,3946,2.30640486829636,134,13.1111804748072,0.17591130506731,0.206471494607088,-0.0305601895397779
2898,650,898,3947,2.0094055666843,119,12.3781829698718,0.162334453414943,0.183359013867488,-0.0210245604525457
2899,650,899,3948,2.06002648903285,123,11.9962298698765,0.171722825535858,0.189522342064715,-0.0177995165288569
2900,650,900,3949,1.97045824698468,110,12.0400967659216,0.16365800751385,0.169491525423729,-0.00583351790987879
2901,650,901,3950,2.35520665898517,156,11.5852925977545,0.203292807593108,0.240369799691834,-0.0370769920987252
2902,650,902,3951,1.95149461877239,110,12.4498160230203,0.156748872044694,0.169491525423729,-0.0127426533790345
2903,650,903,3952,1.90018289848293,110,11.991416780686,0.158461917656257,0.169491525423729,-0.0110296077674721
2904,650,904,3953,2.15066376634397,112,12.1512730532872,0.176990818732542,0.172573189522342,0.0044176292101997
2905,650,905,3954,2.47804403359003,137,13.8858742153861,0.178457905865535,0.211093990755008,-0.0326360848894725
2906,650,906,3955,1.79565246534645,95,13.1573302558823,0.136475442238266,0.146379044684129,-0.00990360244586347
2907,650,907,3956,2.26113411819411,117,12.606554479503,0.179361785321318,0.180277349768875,-0.000915564447557637
2908,650,908,3957,1.64611211397591,98,11.8534798768341,0.138871633569227,0.151001540832049,-0.0121299072628221
2909,650,909,3958,1.8982219556781,114,12.729393335493,0.149121164351591,0.175654853620955,-0.0265336892693641
2910,650,910,3959,2.04099714928557,106,12.7387312458604,0.160219813880509,0.163328197226502,-0.00310838334599292
2911,650,911,3960,2.11173296176188,123,12.4772015765387,0.16924732271158,0.189522342064715,-0.0202750193531348
2912,650,912,3961,2.35375222555446,130,13.1467356859271,0.17903700825704,0.200308166409861,-0.0212711581528212
2913,650,913,3962,2.09911346679984,112,13.2196881313563,0.15878691281838,0.172573189522342,-0.0137862767039619
2914,650,914,3963,2.01606138107847,116,12.6571217432065,0.159282767597662,0.178736517719569,-0.0194537501219069
2915,650,915,3964,2.19585103814732,118,12.8094066361221,0.17142488333184,0.181818181818182,-0.0103932984863422
2916,650,916,3965,2.00889160197719,110,12.0726943828269,0.166399607103016,0.169491525423729,-0.00309191832071273
2917,650,917,3966,2.07391202133822,108,11.5667018361587,0.179300205945912,0.166409861325116,0.0128903446207966
2918,650,918,3967,2.41521956031087,135,13.015632326532,0.185562983012936,0.208012326656394,-0.0224493436434587
2919,650,919,3968,2.36862185014389,129,12.166950862552,0.194676700588489,0.198767334360555,-0.00409063377206592
2920,650,920,3969,1.7702761596274,108,11.7916161154833,0.150130070576406,0.166409861325116,-0.0162797907487092
2921,650,921,3970,1.95430252556043,116,11.838967359352,0.165073732044431,0.178736517719569,-0.0136627856751375
2922,650,922,3971,1.86258679088606,114,11.264121584954,0.165355707219462,0.175654853620955,-0.0102991464014938
2923,650,923,3972,2.09599595694728,126,12.1617725774205,0.172342965929054,0.194144838212635,-0.0218018722835811
2924,650,924,3973,2.2308066674893,123,11.6128320580174,0.192098418055497,0.189522342064715,0.00257607599078183
2925,650,925,3974,1.83823774497659,111,11.9587829928129,0.15371444954569,0.171032357473035,-0.0173179079273459
2926,650,926,3975,2.15391260350327,113,12.8242512278196,0.16795620775354,0.174114021571649,-0.00615781381810818
2927,650,927,3976,1.98197243265348,114,11.3839660691621,0.174102102958864,0.175654853620955,-0.00155275066209121
2928,650,928,3977,1.97100018247079,103,12.4273757981161,0.158601479064436,0.158705701078582,-0.000104222014146754
2929,650,929,3978,2.23551536948625,157,11.6455072408258,0.191963761067373,0.24191063174114,-0.0499468706737669
2930,650,930,3979,1.99887342468651,110,11.6928878746821,0.17094779716605,0.169491525423729,0.00145627174232077
2931,650,931,3980,1.6772545895542,110,11.6006480450213,0.144582835635121,0.169491525423729,-0.0249086897886074
2932,650,932,3981,1.82763664062586,103,12.4591970620399,0.146689761107817,0.158705701078582,-0.0120159399707651
2933,650,933,3982,2.12229689263944,117,12.8502538330502,0.165156028838978,0.180277349768875,-0.0151213209298971
2934,650,934,3983,2.33879111438127,119,12.6135336535498,0.185419183760854,0.183359013867488,0.00206016989336547
2935,650,935,3984,2.17659541186354,125,12.4911893743587,0.174250453390095,0.192604006163328,-0.018353552773233
2936,650,936,3985,2.23347093906771,120,12.5825709672844,0.177505133479866,0.184899845916795,-0.00739471243692924
2937,650,937,3986,1.86453105663089,106,11.1841599800502,0.16671176556458,0.163328197226502,0.00338356833807776
2938,650,938,3987,1.97718631260157,100,13.1020811620312,0.150906278792663,0.154083204930663,-0.00317692613799972
2939,650,939,3988,2.40543545617612,106,13.7525850095242,0.174907877647022,0.163328197226502,0.0115796804205194
2940,650,940,3989,2.03178806442645,103,12.5867999909542,0.161422130000209,0.158705701078582,0.00271642892162691
2941,650,941,3990,2.2748758407471,113,13.0214756430764,0.174701846634153,0.174114021571649,0.000587825062504793
2942,650,942,3991,2.25495758349616,117,13.3053712211857,0.169477239380264,0.180277349768875,-0.0108001103886116
2943,650,943,3992,2.29900937599073,124,13.2198637506529,0.173905678557178,0.191063174114022,-0.0171574955568437
2944,650,944,3993,1.97035405854633,114,11.8629444916433,0.166093170201911,0.175654853620955,-0.0095616834190442
2945,650,945,3994,2.12885357377677,110,12.4103172710692,0.171539012845348,0.169491525423729,0.0020474874216187
2946,650,946,3995,1.88759210152752,102,11.3280670925836,0.166629671778985,0.157164869029276,0.00946480274970898
2947,650,947,3996,1.98283009325802,124,12.0354538279104,0.164749092274344,0.191063174114022,-0.0263140818396775
2948,650,948,3997,2.28155946496906,134,13.1588998860409,0.173385274204371,0.206471494607088,-0.033086220402717
2949,650,949,3998,2.74861242209167,139,13.2061342506298,0.208131491769486,0.214175654853621,-0.00604416308413538
2950,650,950,3999,1.81646093616424,99,12.5777132314425,0.144419013435872,0.152542372881356,-0.00812335944548395
2951,650,951,4000,2.06650971840885,102,12.1458843330807,0.170140737532011,0.157164869029276,0.0129758685027353
2952,650,952,4001,1.99186621321073,113,12.1893335158613,0.163410592598752,0.174114021571649,-0.0107034289728966
2953,650,953,4002,2.12664738193232,110,12.0465552103577,0.176535727002175,0.169491525423729,0.00704420157844579
2954,650,954,4003,2.11013797575545,112,12.6541111796841,0.166755131655808,0.172573189522342,-0.00581805786653414
2955,650,955,4004,1.94240935298785,115,11.915155723323,0.163020055976753,0.177195685670262,-0.0141756296935085
2956,650,956,4005,1.90504725182724,116,11.7246533687515,0.162482181085588,0.178736517719569,-0.0162543366339804
2957,650,957,4006,2.09171378056068,109,13.4759454196095,0.15521833277218,0.167950693374422,-0.0127323606022421
2958,650,958,4007,1.91827098711887,119,11.701906724236,0.163928070213199,0.183359013867488,-0.0194309436542899
2959,650,959,4008,2.37615654925745,125,12.6510596860307,0.187822728548282,0.192604006163328,-0.0047812776150459
2960,650,960,4009,1.90275587577901,126,11.257542752083,0.169020532960173,0.194144838212635,-0.0251243052524614
2961,650,961,4010,2.06542582786042,133,12.1375480574252,0.170168292482837,0.204930662557781,-0.0347623700749441
2962,650,962,4011,2.42774870568318,134,12.8722395120165,0.188603444133931,0.206471494607088,-0.0178680504731566
2963,650,963,4012,2.42446373035574,146,12.070798217944,0.200853637562396,0.224961479198767,-0.0241078416363712
2964,650,964,4013,2.11168091820746,114,12.0098268389905,0.175829422565177,0.175654853620955,0.000174568944221798
2965,650,965,4014,2.10122066049581,138,11.2263222981035,0.187169101750337,0.212634822804314,-0.0254657210539771
2966,650,966,4015,2.01960896622117,98,12.604789887535,0.160225516191934,0.151001540832049,0.00922397535988503
2967,650,967,4016,2.52954370771548,114,12.4205178223815,0.203658474138438,0.175654853620955,0.0280036205174826
2968,650,968,4017,2.07008442816301,103,12.0619004985304,0.171621746375311,0.158705701078582,0.0129160452967285
2969,650,969,4018,2.24304159888716,128,12.5456414913779,0.17879050668144,0.197226502311248,-0.0184359956298078
2970,650,970,4019,2.31400223193026,134,12.2290666245113,0.189221491956891,0.206471494607088,-0.0172500026501966
2971,650,971,4020,2.07867371352625,101,12.7088476466909,0.163561148210593,0.155624036979969,0.00793711123062352
2972,650,972,4021,2.44153468437734,133,11.9362129265837,0.204548519651462,0.204930662557781,-0.000382142906319355
2973,650,973,4022,1.78787307164676,105,12.0548185023183,0.148311902937646,0.161787365177196,-0.01347546223955
2974,650,974,4023,2.61568403761371,149,12.7760335001678,0.204733655213049,0.229583975346687,-0.024850320133638
2975,650,975,4024,2.12341586990362,130,11.0091498479905,0.192877370116932,0.200308166409861,-0.00743079629292973
2976,650,976,4025,1.77354691686155,102,11.5038229690035,0.154170219903443,0.157164869029276,-0.00299464912583275
2977,650,977,4026,1.95620732874327,120,12.3090165206153,0.158924746381401,0.184899845916795,-0.0259750995353937
2978,650,978,4027,2.07459630797362,98,13.486383157184,0.153828960944842,0.151001540832049,0.00282742011279244
2979,650,979,4028,2.03205054982911,111,12.9563806581024,0.156837824038332,0.171032357473035,-0.0141945334347033
2980,650,980,4029,1.78284108576794,106,11.4732383578714,0.155391270551334,0.163328197226502,-0.00793692667516785
2981,650,981,4030,1.87420970199064,112,11.2956135812706,0.165923673690315,0.172573189522342,-0.00664951583202689
2982,650,982,4031,1.77228747377479,105,11.8916448156766,0.149036361348298,0.161787365177196,-0.0127510038288979
2983,650,983,4032,2.46152221375557,121,12.5803464682987,0.195664103525159,0.186440677966102,0.00922342555905722
2984,650,984,4033,1.95608813090637,114,11.7161487004854,0.166956581118276,0.175654853620955,-0.0086982725026794
2985,650,985,4034,1.9322757130251,125,11.7441738836285,0.16453057764401,0.192604006163328,-0.0280734285193187
2986,650,986,4035,2.14929056492095,97,13.1133928520413,0.16390041762429,0.149460708782743,0.0144397088415472
2987,650,987,4036,2.25936109072156,116,13.3750246057699,0.168923882932289,0.178736517719569,-0.00981263478727998
2988,650,988,4037,2.34795381476038,129,13.2571778833622,0.177108117234141,0.198767334360555,-0.0216592171264141
2989,650,989,4038,2.40168682542871,133,11.8528864050238,0.202624638704946,0.204930662557781,-0.00230602385283502
2990,650,990,4039,2.1035454769409,122,11.9461231290344,0.176086036802043,0.187981510015408,-0.011895473213365
2991,650,991,4040,2.25774866294972,137,11.9515335616808,0.18890869956543,0.211093990755008,-0.0221852911895773
2992,650,992,4041,1.73315989949684,102,12.4462914469314,0.139251110010295,0.157164869029276,-0.0179137590189811
2993,650,993,4042,2.04469591101654,122,12.3248984149551,0.16589961573521,0.187981510015408,-0.0220818942801987
2994,650,994,4043,2.30166191148427,121,13.0541553514309,0.17631641799268,0.186440677966102,-0.0101242599734215
2995,650,995,4044,1.75498712269628,98,12.0320159235626,0.145859773943571,0.151001540832049,-0.00514176688847823
2996,650,996,4045,2.03252401271496,127,12.2112563070506,0.166446757123704,0.195685670261941,-0.029238913138237
2997,650,997,4046,2.02855367876449,117,13.0754521131546,0.15514214431818,0.180277349768875,-0.0251352054506948
2998,650,998,4047,2.13166560353009,131,13.1227258805035,0.162440762913224,0.201848998459168,-0.039408235545944
2999,650,999,4048,2.17805388122713,131,11.8322329444481,0.184078008897645,0.201848998459168,-0.0177709895615226
3000,650,1000,4049,2.47617019900175,146,12.2633143281294,0.201916882561018,0.224961479198767,-0.023044596637749
3001,700,1,4050,2.10782289869147,125,12.3167605922987,0.17113451892614,0.178826895565093,-0.00769237663895336
3002,700,2,4051,2.36277548139087,130,13.349667607988,0.176991334224461,0.185979971387697,-0.00898863716323528
3003,700,3,4052,2.22237741024962,130,13.3078767740313,0.166997143720651,0.185979971387697,-0.0189828276670457
3004,700,4,4053,1.7326004078562,115,12.0953554377929,0.143245100713829,0.164520743919886,-0.0212756432060566
3005,700,5,4054,2.02550865907104,111,13.0174427818425,0.155599582269441,0.158798283261803,-0.00319870099236166
3006,700,6,4055,2.04858346636181,128,12.7350988614745,0.160861214243029,0.183118741058655,-0.0222575268156258
3007,700,7,4056,2.15779728777329,130,12.7711293745934,0.168959003114162,0.185979971387697,-0.017020968273535
3008,700,8,4057,2.15080064486874,103,13.7285072249168,0.15666675259238,0.147353361945637,0.00931339064674377
3009,700,9,4058,2.32517729479187,121,13.1608566958915,0.176673703583273,0.17310443490701,0.00356926867626323
3010,700,10,4059,2.06548996627466,123,12.9937426888783,0.158960356206112,0.175965665236052,-0.0170053090299398
3011,700,11,4060,1.80030964516871,102,12.3599508505007,0.145656699362666,0.145922746781116,-0.000266047418450044
3012,700,12,4061,2.33890439374845,142,12.1545335331998,0.192430617543634,0.203147353361946,-0.0107167358183114
3013,700,13,4062,1.95210751199327,118,12.4523901529927,0.156765688193934,0.168812589413448,-0.0120469012195141
3014,700,14,4063,2.20717428216085,109,13.1471372027292,0.167882501576286,0.155937052932761,0.0119454486435253
3015,700,15,4064,1.68652860849057,109,11.7130164167345,0.143987556107324,0.155937052932761,-0.0119494968254368
3016,700,16,4065,2.01672099625126,117,12.937163335521,0.155885872656028,0.167381974248927,-0.0114961015928995
3017,700,17,4066,1.98276611336941,124,13.0267595152827,0.152207163342754,0.177396280400572,-0.0251891170578183
3018,700,18,4067,2.24612612532439,128,13.1277909501797,0.171097036344385,0.183118741058655,-0.01202170471427
3019,700,19,4068,2.05056628098045,103,13.0966745093859,0.156571523520026,0.147353361945637,0.00921816157438987
3020,700,20,4069,2.08449089199709,106,13.4610620586438,0.154853375084069,0.151645207439199,0.00320816764487022
3021,700,21,4070,2.11806329587784,138,12.4404135307519,0.170256663144044,0.197424892703863,-0.0271682295598184
3022,700,22,4071,2.25338747792584,143,12.4884541732041,0.180437662393864,0.204577968526466,-0.0241403061326023
3023,700,23,4072,1.90167129551906,104,12.171397928629,0.15624099274957,0.148783977110157,0.00745701563941273
3024,700,24,4073,1.93586285080481,111,12.7317310232696,0.152050247312534,0.158798283261803,-0.00674803594926812
3025,700,25,4074,2.35448558754663,129,12.9775811678954,0.181427151723102,0.184549356223176,-0.00312220450007375
3026,700,26,4075,2.10159871837678,128,12.2711458881497,0.171263444957191,0.183118741058655,-0.0118552961014645
3027,700,27,4076,1.90253132097355,144,12.2556358276923,0.155237259634842,0.206008583690987,-0.050771324056145
3028,700,28,4077,1.92057012342279,114,13.2837887364307,0.144579996078652,0.163090128755365,-0.0185101326767132
3029,700,29,4078,2.07371929783631,115,12.8410401681043,0.161491535785956,0.164520743919886,-0.00302920813392998
3030,700,30,4079,2.0813600487537,125,12.8215602833503,0.16233282087021,0.178826895565093,-0.0164940746948835
3031,700,31,4080,1.92376555810737,103,12.9987384670309,0.147996327719546,0.147353361945637,0.000642965773909154
3032,700,32,4081,1.95054703328623,102,12.9718666473673,0.150367490378273,0.145922746781116,0.00444474359715674
3033,700,33,4082,2.01621787623155,103,13.5432436658429,0.148872598468903,0.147353361945637,0.0015192365232668
3034,700,34,4083,2.37503790399442,152,12.3565434872583,0.192208922053607,0.217453505007153,-0.0252445829535463
3035,700,35,4084,2.26695008817329,132,13.2841688162545,0.170650502830064,0.188841201716738,-0.018190698886674
3036,700,36,4085,1.93408091897078,121,12.3866996171267,0.15614174709594,0.17310443490701,-0.0169626878110699
3037,700,37,4086,2.23249749780428,120,13.501862362309,0.165347374895213,0.171673819742489,-0.00632644484727607
3038,700,38,4087,1.66723954386542,100,12.2393084284132,0.136220077598091,0.143061516452074,-0.00684143885398306
3039,700,39,4088,1.95539513538879,109,12.7177955559353,0.153752678818321,0.155937052932761,-0.0021843741144397
3040,700,40,4089,1.87434214651556,113,12.8799723218278,0.145523771300276,0.161659513590844,-0.0161357422905676
3041,700,41,4090,2.2444512384407,114,13.6626952763504,0.164275876248647,0.163090128755365,0.00118574749328182
3042,700,42,4091,2.3716090800962,141,13.1234587504684,0.180715246276943,0.201716738197425,-0.0210014919204817
3043,700,43,4092,2.42507531074126,137,12.9943594996647,0.186625228492704,0.195994277539342,-0.00936904904663743
3044,700,44,4093,2.19818462439089,108,13.0432092336457,0.168530963891965,0.15450643776824,0.0140245261237247
3045,700,45,4094,1.87807417650839,105,12.3638686772145,0.15190020417877,0.150214592274678,0.00168561190409205
3046,700,46,4095,2.49251150130719,154,12.2982558966985,0.202671949766171,0.220314735336195,-0.0176427855700238
3047,700,47,4096,2.00723595031417,122,12.8272749700524,0.156481868128688,0.174535050071531,-0.0180531819428424
3048,700,48,4097,1.92387703156264,119,12.4222756130246,0.154873156215073,0.170243204577969,-0.0153700483628959
3049,700,49,4098,1.83060628802671,111,12.4448813548053,0.147097126588505,0.158798283261803,-0.0117011566732976
3050,700,50,4099,2.02035685303855,115,12.2223095232378,0.165300743627653,0.164520743919886,0.000779999707767015
3051,700,51,4100,1.86063984158863,97,12.0092874419879,0.154933408878473,0.138769670958512,0.016163737919961
3052,700,52,4101,1.55650014250399,94,12.2070918392143,0.127507858792695,0.13447782546495,-0.00696996667225533
3053,700,53,4102,2.60691106887568,157,13.520824996754,0.192807100861192,0.224606580829757,-0.0317994799685644
3054,700,54,4103,2.08961525711337,112,13.1916771882246,0.158404062447696,0.160228898426323,-0.00182483597862759
3055,700,55,4104,1.97925716067737,120,12.4415314461815,0.159084688990183,0.171673819742489,-0.012589130752306
3056,700,56,4105,1.86493963259022,126,12.3174518212822,0.151406285946901,0.180257510729614,-0.0288512247827129
3057,700,57,4106,2.30473387940023,140,12.427929831881,0.185447931439713,0.200286123032904,-0.0148381915931911
3058,700,58,4107,1.73277306978636,113,12.1512816678976,0.142600025013343,0.161659513590844,-0.0190594885775014
3059,700,59,4108,1.97460722330843,112,13.7396689779484,0.143715778486192,0.160228898426323,-0.0165131199401313
3060,700,60,4109,2.08031583292813,125,13.1058153969539,0.158732270363861,0.178826895565093,-0.0200946252012324
3061,700,61,4110,2.0763825848012,130,12.9613873758928,0.160197556371405,0.185979971387697,-0.0257824150162916
3062,700,62,4111,1.86081837281116,127,12.1127103055384,0.15362526848845,0.181688125894134,-0.0280628574056843
3063,700,63,4112,1.68667509810204,102,12.0399912948243,0.140089395149904,0.145922746781116,-0.00583335163121165
3064,700,64,4113,2.19336488528156,144,12.3390645570536,0.177757793156834,0.206008583690987,-0.0282507905341529
3065,700,65,4114,2.10993881053936,111,13.2132980200533,0.159682980535002,0.158798283261803,0.000884697273199897
3066,700,66,4115,2.21487742220029,128,12.5542018926201,0.176425187450768,0.183118741058655,-0.00669355360788737
3067,700,67,4116,2.12691995757521,113,11.7307255352725,0.181311884859968,0.161659513590844,0.019652371269124
3068,700,68,4117,2.38740893608262,115,13.786868479859,0.173165424735163,0.164520743919886,0.00864468081527753
3069,700,69,4118,2.40180935431617,127,13.2904543756758,0.180716872909323,0.181688125894134,-0.000971252984811322
3070,700,70,4119,2.09198359491173,134,11.7939549027112,0.177377615241756,0.19170243204578,-0.0143248168040241
3071,700,71,4120,1.92054350093892,106,12.7152959123935,0.15104198236291,0.151645207439199,-0.000603225076288683
3072,700,72,4121,1.80531837650135,118,11.8175865550755,0.152765403332374,0.168812589413448,-0.0160471860810739
3073,700,73,4122,2.21396370559747,130,13.0758953345056,0.169316413825607,0.185979971387697,-0.0166635575620894
3074,700,74,4123,2.50951305441979,156,12.1653275433257,0.20628405157875,0.223175965665236,-0.016891914086486
3075,700,75,4124,2.31000946377447,133,12.1138082224831,0.190692259721192,0.190271816881259,0.000420442839933283
3076,700,76,4125,2.03117416441649,127,12.2263113630461,0.16613139516107,0.181688125894134,-0.0155567307330643
3077,700,77,4126,2.19090419630907,153,11.5389017937185,0.189871119061065,0.218884120171674,-0.0290130011106088
3078,700,78,4127,2.22665000824299,139,12.5587872930783,0.177298170299467,0.198855507868383,-0.0215573375689161
3079,700,79,4128,1.87773031946531,122,12.3579975522831,0.15194454534573,0.174535050071531,-0.0225905047258003
3080,700,80,4129,1.80663961993666,109,13.3421391630426,0.135408542652666,0.155937052932761,-0.0205285102800949
3081,700,81,4130,2.15460569617313,113,12.9878678274198,0.165893719030952,0.161659513590844,0.00423420544010827
3082,700,82,4131,2.03852141979626,103,13.4228825716695,0.151869124155104,0.147353361945637,0.00451576220946778
3083,700,83,4132,2.15419943054258,133,12.5516647971523,0.171626590205892,0.190271816881259,-0.0186452266753664
3084,700,84,4133,2.1046421806484,127,12.2385320927335,0.171968514254909,0.181688125894134,-0.00971961163922588
3085,700,85,4134,1.92385227980505,108,12.8766912449558,0.149405794020159,0.15450643776824,-0.00510064374808156
3086,700,86,4135,2.28786914640763,126,13.1290284055059,0.174260354669366,0.180257510729614,-0.00599715606024789
3087,700,87,4136,2.1752720901952,126,13.3350727767169,0.16312412587603,0.180257510729614,-0.0171333848535832
3088,700,88,4137,2.0886819759487,117,12.3146515441612,0.169609506891733,0.167381974248927,0.00222753264280609
3089,700,89,4138,2.04913747742171,114,13.0656541374461,0.156833898698488,0.163090128755365,-0.00625623005687675
3090,700,90,4139,1.79489986717625,130,11.1486713831282,0.160996750688387,0.185979971387697,-0.0249832206993097
3091,700,91,4140,1.77163821613817,118,11.6172229266834,0.152501008831373,0.168812589413448,-0.0163115805820745
3092,700,92,4141,2.14329664044005,119,13.7700761792147,0.15564885862253,0.170243204577969,-0.0145943459554383
3093,700,93,4142,2.05118568883137,119,13.0953063432215,0.156635181726247,0.170243204577969,-0.0136080228517215
3094,700,94,4143,2.3699349857504,135,13.4453776708633,0.176263920863015,0.1931330472103,-0.0168691263472858
3095,700,95,4144,2.14361264019874,149,12.2059603786591,0.175620153900108,0.213161659513591,-0.0375415056134827
3096,700,96,4145,1.8672670348106,107,12.5234359314082,0.149101815591006,0.15307582260372,-0.00397400701271369
3097,700,97,4146,1.92014874907912,106,12.9168982419722,0.14865401221787,0.151645207439199,-0.00299119522132898
3098,700,98,4147,2.32359797740366,131,12.9038232329269,0.180070505884992,0.187410586552217,-0.00734008066722514
3099,700,99,4148,2.04121645421643,108,13.7921236511366,0.14799870606208,0.15450643776824,-0.00650773170615995
3100,700,100,4149,2.27801082225682,151,12.3345549803982,0.184685286650145,0.216022889842632,-0.031337603192487
3101,700,101,4150,1.97065321099459,123,11.7519422373344,0.167687448695424,0.175965665236052,-0.00827821654062755
3102,700,102,4151,2.09536103630199,113,13.4842389364859,0.15539334820242,0.161659513590844,-0.00626616538842417
3103,700,103,4152,2.38215818582187,134,12.9716627856169,0.183643240283986,0.19170243204578,-0.00805919176179412
3104,700,104,4153,2.00763199345155,111,12.4704755846953,0.160990812244199,0.158798283261803,0.0021925289823968
3105,700,105,4154,2.15231492207531,127,12.2673165152637,0.175451160765051,0.181688125894134,-0.00623696512908303
3106,700,106,4155,2.02569939434962,119,12.1384906296186,0.166882313144173,0.170243204577969,-0.00336089143379562
3107,700,107,4156,2.01782822848347,106,12.9699508511043,0.155577168460255,0.151645207439199,0.00393196102105575
3108,700,108,4157,2.20067551893002,145,12.7147205353622,0.173080919302119,0.207439198855508,-0.034358279553389
3109,700,109,4158,1.94181591844911,111,12.5107090915234,0.155212298858805,0.158798283261803,-0.00358598440299707
3110,700,110,4159,1.77995639161876,102,13.3663542662431,0.133166932146492,0.145922746781116,-0.0127558146346239
3111,700,111,4160,2.15729053011861,134,12.2239240635064,0.176481015336069,0.19170243204578,-0.0152214167097111
3112,700,112,4161,2.39433002519033,126,13.4051253700606,0.178613027412478,0.180257510729614,-0.00164448331713621
3113,700,113,4162,2.13769018727544,118,12.4913162329011,0.171134102076845,0.168812589413448,0.00232151266339689
3114,700,114,4163,1.76252246758584,110,11.448475363975,0.153952592948051,0.157367668097282,-0.00341507514923098
3115,700,115,4164,1.69454950694263,109,11.5380096632316,0.146866708938776,0.155937052932761,-0.00907034399398501
3116,700,116,4165,2.02977081294777,121,13.2467229706066,0.15322814687464,0.17310443490701,-0.0198762880323702
3117,700,117,4166,2.56098941502835,152,12.0890376755906,0.211843943558828,0.217453505007153,-0.0056095614483255
3118,700,118,4167,1.89841190328886,107,13.0564793334533,0.145399985310339,0.15307582260372,-0.0076758372933807
3119,700,119,4168,2.15272180641411,121,13.4290291453551,0.160303606695105,0.17310443490701,-0.0128008282119048
3120,700,120,4169,2.03317722006951,121,11.5763157070671,0.1756324958232,0.17310443490701,0.00252806091618976
3121,700,121,4170,2.14820650532487,133,12.2289358511613,0.17566585772227,0.190271816881259,-0.0146059591589886
3122,700,122,4171,2.29682863701423,126,13.3642762293764,0.171863301655312,0.180257510729614,-0.00839420907430191
3123,700,123,4172,1.90896805612599,137,12.9212396177825,0.147738770628387,0.195994277539342,-0.0482555069109547
3124,700,124,4173,1.83749865771072,124,11.8622266733782,0.154903350636059,0.177396280400572,-0.0224929297645135
3125,700,125,4174,1.93413987426715,107,12.7938007785624,0.15117789527472,0.15307582260372,-0.00189792732899921
3126,700,126,4175,1.8391517594696,122,12.5180965167816,0.146919442345252,0.174535050071531,-0.0276156077262786
3127,700,127,4176,2.30042774463564,124,13.1145288389305,0.175410628386955,0.177396280400572,-0.00198565201361769
3128,700,128,4177,1.91068210581457,103,12.9950032531005,0.147032060600577,0.147353361945637,-0.000321301345059727
3129,700,129,4178,2.64416349771318,158,12.3683449156409,0.213784747736894,0.226037195994278,-0.0122524482573837
3130,700,130,4179,2.40232371651474,119,12.7865344672278,0.187879188272003,0.170243204577969,0.0176359836940347
3131,700,131,4180,1.92592380301795,113,12.0538828113298,0.159776217602491,0.161659513590844,-0.00188329598835346
3132,700,132,4181,2.06503529234884,123,13.3012535867011,0.155251178311005,0.175965665236052,-0.0207144869250464
3133,700,133,4182,2.16087018470259,129,12.4795193659882,0.173153317954844,0.184549356223176,-0.0113960382683319
3134,700,134,4183,1.94869269870035,119,11.786587464172,0.165331373870837,0.170243204577969,-0.00491183070713158
3135,700,135,4184,2.08283972608877,109,13.116299032839,0.158797822531646,0.155937052932761,0.00286076959888529
3136,700,136,4185,2.31716582767983,127,12.9129785881789,0.179444720043218,0.181688125894134,-0.00224340585091604
3137,700,137,4186,2.28941466886564,141,12.752749774057,0.179523217300399,0.201716738197425,-0.0221935208970261
3138,700,138,4187,1.92642325411973,124,11.8053104361865,0.16318276969784,0.177396280400572,-0.0142135107027319
3139,700,139,4188,2.20817189179824,136,12.2847013069142,0.179749742108537,0.194563662374821,-0.0148139202662837
3140,700,140,4189,2.51655733199999,145,11.3326222419205,0.222063109338544,0.207439198855508,0.0146239104830357
3141,700,141,4190,2.58510530175859,148,13.4155354479196,0.192694902994682,0.21173104434907,-0.0190361413543885
3142,700,142,4191,2.09722570497028,120,11.833431470952,0.177228871449371,0.171673819742489,0.00555505170688145
3143,700,143,4192,2.03849305660953,108,13.2596938550062,0.15373605747616,0.15450643776824,-0.000770380292080153
3144,700,144,4193,1.83862871705018,94,13.3114204313383,0.138124156361376,0.13447782546495,0.00364633089642563
3145,700,145,4194,1.91999033430873,120,13.0276921397227,0.147377625577634,0.171673819742489,-0.0242961941648553
3146,700,146,4195,2.00371812321398,112,12.822730196501,0.156262987094648,0.160228898426323,-0.00396591133167576
3147,700,147,4196,2.0047055267043,148,11.3653342073786,0.176387732214932,0.21173104434907,-0.0353433121341384
3148,700,148,4197,1.94762845922544,114,13.3175611192144,0.146245130154907,0.163090128755365,-0.0168449986004576
3149,700,149,4198,2.1799134208401,125,12.7147639621685,0.171447415565574,0.178826895565093,-0.00737947999951866
3150,700,150,4199,2.0636554655109,108,13.2080569857272,0.156242168529476,0.15450643776824,0.0017357307612352
3151,700,151,4200,1.99934067671363,124,12.4881141661365,0.160099487409809,0.177396280400572,-0.0172967929907631
3152,700,152,4201,2.14286377315155,115,13.9115992237073,0.154034323350819,0.164520743919886,-0.0104864205690662
3153,700,153,4202,2.25754672450882,116,13.4029700980273,0.168436302401443,0.165951359084406,0.00248494331703661
3154,700,154,4203,2.01262111364186,115,13.3033829610985,0.151286414856065,0.164520743919886,-0.0132343290638208
3155,700,155,4204,1.84111707893882,105,12.2162256244793,0.150710795259832,0.150214592274678,0.000496202985154182
3156,700,156,4205,2.37026383692445,132,13.1744728102302,0.179913372706944,0.188841201716738,-0.0089278290097938
3157,700,157,4206,1.92749707340002,100,13.6019137985952,0.141707784797099,0.143061516452074,-0.00135373165497513
3158,700,158,4207,2.17638515386984,132,13.2725484134721,0.163976433618485,0.188841201716738,-0.0248647680982531
3159,700,159,4208,1.96999390865861,147,11.0465032668709,0.178336425660302,0.210300429184549,-0.0319640035242477
3160,700,160,4209,2.15599695284022,146,12.5749262006125,0.171452056134947,0.208869814020029,-0.0374177578850821
3161,700,161,4210,2.01491948406937,120,12.8982925859368,0.156215985227864,0.171673819742489,-0.0154578345146253
3162,700,162,4211,2.10260265791548,130,12.4703345290293,0.16860836034678,0.185979971387697,-0.0173716110409164
3163,700,163,4212,2.0958480154386,153,12.3650142618638,0.169498228716373,0.218884120171674,-0.0493858914553011
3164,700,164,4213,1.90601389149902,101,12.6823298745259,0.150288938259483,0.144492131616595,0.00579680664288762
3165,700,165,4214,2.26074939454373,124,13.4159815088333,0.168511665960125,0.177396280400572,-0.00888461444044725
3166,700,166,4215,2.04731629479411,111,13.1686004569499,0.155469542985003,0.158798283261803,-0.00332874027679975
3167,700,167,4216,2.45476526422344,128,12.0877796211519,0.203078260951081,0.183118741058655,0.0199595198924261
3168,700,168,4217,2.30248544446181,126,13.6752521556266,0.168368774356711,0.180257510729614,-0.0118887363729028
3169,700,169,4218,2.36994469413973,143,12.785024005693,0.185368810655688,0.204577968526466,-0.0192091578707786
3170,700,170,4219,1.88186891462069,116,13.3093904318699,0.141394072422316,0.165951359084406,-0.0245572866620903
3171,700,171,4220,2.10010250166878,132,12.7825885470152,0.164293992092796,0.188841201716738,-0.0245472096239421
3172,700,172,4221,2.19015539638482,130,12.734981327138,0.171979474498141,0.185979971387697,-0.0140004968895562
3173,700,173,4222,1.93242788688066,109,13.393824096053,0.144277532168735,0.155937052932761,-0.0116595207640262
3174,700,174,4223,2.13326330785741,128,12.2357057827773,0.174347385081793,0.183118741058655,-0.00877135597686174
3175,700,175,4224,1.82704349995347,108,11.643612234552,0.156913805024508,0.15450643776824,0.00240736725626797
3176,700,176,4225,2.01992789316677,115,12.8560810393064,0.157118478562091,0.164520743919886,-0.00740226535779409
3177,700,177,4226,2.16338571611633,112,13.3022654451695,0.162632878214134,0.160228898426323,0.00240397978781032
3178,700,178,4227,1.76934722308487,122,12.1517132487175,0.145604754397213,0.174535050071531,-0.0289302956743175
3179,700,179,4228,1.79451370974416,110,12.9897893621723,0.138148022243531,0.157367668097282,-0.0192196458537509
3180,700,180,4229,2.3325481750588,147,12.067139249943,0.193297527006644,0.210300429184549,-0.017002902177905
3181,700,181,4230,2.04878711730115,115,12.7602640331714,0.160559931359975,0.164520743919886,-0.00396081255991101
3182,700,182,4231,2.83592604793525,167,12.9899657264113,0.218316669009313,0.238912732474964,-0.0205960634656515
3183,700,183,4232,2.20067942521577,138,11.8346334608061,0.185952478587865,0.197424892703863,-0.0114724141159974
3184,700,184,4233,2.17853279016118,111,13.6208205965823,0.159941376124418,0.158798283261803,0.00114309286261494
3185,700,185,4234,2.08832580071698,135,11.9613356048666,0.174589683769706,0.1931330472103,-0.0185433634405947
3186,700,186,4235,1.89799719850984,114,12.5999857816063,0.150634868277437,0.163090128755365,-0.0124552604779279
3187,700,187,4236,2.03413261590336,102,13.8773102781468,0.146579746012208,0.145922746781116,0.000656999231092581
3188,700,188,4237,2.06453574527747,137,11.7351933343899,0.175926862596065,0.195994277539342,-0.0200674149432768
3189,700,189,4238,2.64350141980405,145,12.5074135370722,0.211354762674846,0.207439198855508,0.00391556381933805
3190,700,190,4239,2.12231864304375,136,12.575144172511,0.168770919357178,0.194563662374821,-0.0257927430176429
3191,700,191,4240,1.93298885735934,114,12.2256354747253,0.158109479164131,0.163090128755365,-0.00498064959123404
3192,700,192,4241,2.42256094725406,128,13.7074622640712,0.176733001381581,0.183118741058655,-0.00638573967707465
3193,700,193,4242,2.10653683668324,128,12.1782640319693,0.172975132675178,0.183118741058655,-0.0101436083834776
3194,700,194,4243,1.94193544002864,100,13.6903627712804,0.141846894232958,0.143061516452074,-0.00121462221911595
3195,700,195,4244,1.9188008752432,106,13.3450550502338,0.143783661290298,0.151645207439199,-0.00786154614890133
3196,700,196,4245,2.11874365675472,116,12.9272124788938,0.163897952494707,0.165951359084406,-0.00205340658969924
3197,700,197,4246,1.93282848611015,111,13.162854519543,0.146839614708229,0.158798283261803,-0.011958668553574
3198,700,198,4247,2.20343431573062,113,12.881867921482,0.171049286420345,0.161659513590844,0.0093897728295006
3199,700,199,4248,1.85601276152701,113,12.1073758473584,0.15329603911916,0.161659513590844,-0.00836347447168453
3200,700,200,4249,1.8966658840973,108,12.7310653418336,0.148979353508222,0.15450643776824,-0.00552708426001838
3201,700,201,4250,2.12676090554916,130,12.8958588058464,0.164918128956637,0.185979971387697,-0.0210618424310599
3202,700,202,4251,1.87964063839145,104,12.7032266996383,0.147965606127848,0.148783977110157,-0.000818370982309385
3203,700,203,4252,1.76652674382863,113,11.4581193036961,0.154172486514327,0.161659513590844,-0.00748702707651744
3204,700,204,4253,2.12584845991432,141,11.8256761956566,0.179765488648768,0.201716738197425,-0.0219512495486565
3205,700,205,4254,1.91129893254346,108,12.5080672256713,0.152805297418033,0.15450643776824,-0.00170114035020741
3206,700,206,4255,1.93455799789964,98,13.4378596392049,0.143963253809824,0.140200286123033,0.00376296768679091
3207,700,207,4256,2.07555266282705,118,12.6304818654696,0.16432885814922,0.168812589413448,-0.00448373126422749
3208,700,208,4257,2.09526779036206,124,11.7601103722905,0.178167357620978,0.177396280400572,0.000771077220405453
3209,700,209,4258,2.05107170156479,116,12.6428897134469,0.162231242069863,0.165951359084406,-0.00372011701454336
3210,700,210,4259,2.24877959548872,111,13.4036507667914,0.167773663654402,0.158798283261803,0.00897538039259962
3211,700,211,4260,2.15289091330396,121,12.550144840225,0.17154311290525,0.17310443490701,-0.00156132200176048
3212,700,212,4261,2.05178514193091,118,13.4523024959249,0.15252297088565,0.168812589413448,-0.0162896185277982
3213,700,213,4262,2.1724249775486,126,12.7349230998428,0.17058799338768,0.180257510729614,-0.00966951734193325
3214,700,214,4263,1.97449861987605,115,12.8298449573111,0.153898868337522,0.164520743919886,-0.0106218755823631
3215,700,215,4264,1.81931543235548,95,12.8923593079681,0.141115787180323,0.135908440629471,0.00520734655085223
3216,700,216,4265,1.92910478086558,114,13.0061877908527,0.148322076529013,0.163090128755365,-0.0147680522263514
3217,700,217,4266,1.93905084759798,114,12.8028049534812,0.15145515804103,0.163090128755365,-0.0116349707143344
3218,700,218,4267,1.85247288687706,101,11.3871814883781,0.162680544678042,0.144492131616595,0.0181884130614464
3219,700,219,4268,1.92474293936861,113,12.9621808539506,0.148489128569903,0.161659513590844,-0.0131703850209406
3220,700,220,4269,2.46513636135823,140,13.0317458728902,0.189163937464927,0.200286123032904,-0.0111221855679771
3221,700,221,4270,2.04651621741611,108,13.3316141222276,0.153508509821326,0.15450643776824,-0.00099792794691439
3222,700,222,4271,2.37465839168447,127,12.7490476561606,0.186261629552932,0.181688125894134,0.00457350365879791
3223,700,223,4272,1.59977135472386,89,12.3071042320429,0.129987633529476,0.127324749642346,0.00266288388712982
3224,700,224,4273,2.03506201259248,112,11.7693099157442,0.172912602961548,0.160228898426323,0.0126837045352242
3225,700,225,4274,2.28584119854066,118,13.2849008264722,0.172063098430194,0.168812589413448,0.00325050901674662
3226,700,226,4275,2.06331612985758,119,13.3021416095564,0.155111574543401,0.170243204577969,-0.0151316300345676
3227,700,227,4276,2.09000016157275,119,12.5216905870008,0.166910382192518,0.170243204577969,-0.00333282238545088
3228,700,228,4277,2.03727271888582,114,12.0258958748622,0.169407147715651,0.163090128755365,0.00631701896028644
3229,700,229,4278,1.99392313542566,115,12.4269015881364,0.160452154648846,0.164520743919886,-0.00406858927103909
3230,700,230,4279,1.83407450857478,96,12.2923495212681,0.149204552425187,0.137339055793991,0.011865496631196
3231,700,231,4280,2.48612981760067,160,12.7704281660041,0.19467865801234,0.228898426323319,-0.0342197683109794
3232,700,232,4281,1.85058080293704,119,12.5452094087461,0.147512946387876,0.170243204577969,-0.0227302581900927
3233,700,233,4282,2.34909585023559,133,13.0266810488021,0.180329574466062,0.190271816881259,-0.00994224241519714
3234,700,234,4283,2.12318156521876,118,12.7500039790446,0.166523992361755,0.168812589413448,-0.00228859705169299
3235,700,235,4284,2.12318483932495,117,13.2947856111841,0.159700569939153,0.167381974248927,-0.00768140430977446
3236,700,236,4285,2.25768019082892,123,13.520308324161,0.166984371709512,0.175965665236052,-0.00898129352653945
3237,700,237,4286,2.35611490505799,167,12.6412815371387,0.186382598800287,0.238912732474964,-0.0525301336746772
3238,700,238,4287,2.06093748538355,105,13.1052726319976,0.157260176362269,0.150214592274678,0.00704558408759082
3239,700,239,4288,1.92846961663059,111,12.0642261101295,0.159850254713925,0.158798283261803,0.00105197145212271
3240,700,240,4289,1.990349996896,114,13.3201701891084,0.149423766261145,0.163090128755365,-0.0136663624942198
3241,700,241,4290,1.89816539599182,123,11.5115906060689,0.164891669704716,0.175965665236052,-0.0110739955313359
3242,700,242,4291,2.33004852379455,121,12.854914061822,0.181257417403871,0.17310443490701,0.00815298249686056
3243,700,243,4292,2.30565537630993,118,13.4010052311231,0.172050927265901,0.168812589413448,0.00323833785245356
3244,700,244,4293,2.15037898178042,126,12.2852461850323,0.175037516496847,0.180257510729614,-0.00521999423276656
3245,700,245,4294,1.96835273225809,118,11.7043055716059,0.168173388862405,0.168812589413448,-0.000639200551043134
3246,700,246,4295,2.03550593417461,118,11.9903547337166,0.169761944444464,0.168812589413448,0.000949355031016258
3247,700,247,4296,1.91365279798441,111,12.4879254059824,0.153240248942203,0.158798283261803,-0.00555803431959934
3248,700,248,4297,2.09058694924007,120,13.5186934869688,0.154644156349522,0.171673819742489,-0.0170296633929675
3249,700,249,4298,2.20621641855137,123,13.2979573027492,0.165906414671317,0.175965665236052,-0.0100592505647348
3250,700,250,4299,2.02390828221184,107,13.1766317344843,0.153598303648049,0.15307582260372,0.000522481044329448
3251,700,251,4300,2.22980717367921,139,12.7433293835806,0.174978383322042,0.198855507868383,-0.0238771245463416
3252,700,252,4301,2.12740861409449,125,12.1069340504628,0.175718196301991,0.178826895565093,-0.00310869926310184
3253,700,253,4302,2.42436213325162,145,12.6499462015873,0.191649995550765,0.207439198855508,-0.0157892033047433
3254,700,254,4303,2.1553546406248,118,13.1265932602447,0.164197564279875,0.168812589413448,-0.00461502513357287
3255,700,255,4304,2.18254984372999,117,13.9941701190462,0.155961362850628,0.167381974248927,-0.0114206113982986
3256,700,256,4305,2.30694922370603,136,12.6658662658864,0.182139079576376,0.194563662374821,-0.0124245827984451
3257,700,257,4306,1.98975960073052,101,12.6432258841739,0.157377525242287,0.144492131616595,0.0128853936256923
3258,700,258,4307,1.81561486208317,110,12.2620585879486,0.148067704053184,0.157367668097282,-0.00929996404409822
3259,700,259,4308,1.85450243637646,101,12.3085240370422,0.15066814110249,0.144492131616595,0.00617600948589464
3260,700,260,4309,1.88286172112096,123,10.8479001679577,0.173569233858044,0.175965665236052,-0.00239643137800727
3261,700,261,4310,2.63038779985526,174,13.2477014236867,0.198554278642797,0.248927038626609,-0.0503727599838126
3262,700,262,4311,1.87516195632009,105,12.6679960700108,0.148023566312843,0.150214592274678,-0.00219102596183493
3263,700,263,4312,2.02054919281326,110,12.9203842273666,0.156384605694121,0.157367668097282,-0.00098306240316115
3264,700,264,4313,1.971614209439,121,12.9896819220552,0.151783101485449,0.17310443490701,-0.0213213334215615
3265,700,265,4314,1.98752827299485,119,12.5237911444891,0.158700209071231,0.170243204577969,-0.0115429955067375
3266,700,266,4315,1.8030862717833,106,11.8598724574599,0.152032517908669,0.151645207439199,0.000387310469469826
3267,700,267,4316,1.96653029481659,131,11.4813666408678,0.171280158218861,0.187410586552217,-0.0161304283333562
3268,700,268,4317,1.8824458603721,119,12.5368931023126,0.150152501501736,0.170243204577969,-0.0200907030762322
3269,700,269,4318,2.3052697534761,137,13.0068472183773,0.177235091238636,0.195994277539342,-0.0187591863007064
3270,700,270,4319,2.04041849442563,121,12.7547010641082,0.159973838992383,0.17310443490701,-0.0131305959146272
3271,700,271,4320,1.95346816194804,111,13.3181490884112,0.146677150779748,0.158798283261803,-0.012121132482055
3272,700,272,4321,1.93185621228911,119,12.2086457368793,0.158236732715853,0.170243204577969,-0.0120064718621157
3273,700,273,4322,2.34785657109962,150,11.3475110806611,0.206904981577937,0.214592274678112,-0.00768729310017491
3274,700,274,4323,1.94664329495949,104,12.9090876250113,0.150796349944041,0.148783977110157,0.002012372833884
3275,700,275,4324,2.11774222366665,113,12.4664065291198,0.169875915623311,0.161659513590844,0.0082164020324674
3276,700,276,4325,2.54981242816175,145,13.300268959277,0.191711343279509,0.207439198855508,-0.0157278555759985
3277,700,277,4326,2.21409963192389,124,12.4460180040582,0.177896226022007,0.177396280400572,0.000499945621434295
3278,700,278,4327,2.1710064902899,124,12.9021970153886,0.168266419099051,0.177396280400572,-0.00912986130152149
3279,700,279,4328,2.06286534672251,132,12.3760394740976,0.166682188679179,0.188841201716738,-0.0221590130375589
3280,700,280,4329,2.08865705803797,106,13.150397620429,0.158828433810492,0.151645207439199,0.00718322637129343
3281,700,281,4330,2.14275778685012,128,13.1300081482847,0.163195465124677,0.183118741058655,-0.0199232759339781
3282,700,282,4331,1.86654231554778,125,12.1848024863487,0.153186095354355,0.178826895565093,-0.0256408002107384
3283,700,283,4332,2.12858940516237,122,12.5093295060673,0.170160151599649,0.174535050071531,-0.00437489847188208
3284,700,284,4333,1.8850515134397,113,12.121762000561,0.155509695154257,0.161659513590844,-0.00614981843658727
3285,700,285,4334,2.43395401418812,131,13.2393700175723,0.18384213228859,0.187410586552217,-0.00356845426362729
3286,700,286,4335,2.0620640785839,104,13.6630238785335,0.150922965290553,0.148783977110157,0.00213898818039523
3287,700,287,4336,1.7980298826912,109,11.8814209441029,0.151331216287192,0.155937052932761,-0.00460583664556952
3288,700,288,4337,1.74941973606236,108,12.6168474628954,0.138657437304143,0.15450643776824,-0.0158490004640971
3289,700,289,4338,1.97030435621669,110,12.0877999957729,0.162999417338615,0.157367668097282,0.00563174924133272
3290,700,290,4339,1.97226030417552,118,12.294919225758,0.160412628010082,0.168812589413448,-0.00839996140336571
3291,700,291,4340,2.05497759056918,117,12.8942197366055,0.15937200020993,0.167381974248927,-0.00800997403899731
3292,700,292,4341,1.90067783135278,103,13.3343415020263,0.142540059519546,0.147353361945637,-0.0048133024260909
3293,700,293,4342,1.78299673895456,117,12.3923637213134,0.143878664236429,0.167381974248927,-0.023503310012498
3294,700,294,4343,1.72530713467937,115,11.6359756935501,0.148273525153178,0.164520743919886,-0.0162472187667071
3295,700,295,4344,2.19776348904019,127,12.6574402899915,0.173634118643879,0.181688125894134,-0.00805400725025596
3296,700,296,4345,2.13535163871278,117,13.1739044839663,0.162089503632858,0.167381974248927,-0.00529247061606922
3297,700,297,4346,1.69883001357714,113,11.1179857886902,0.152800160556536,0.161659513590844,-0.00885935303430849
3298,700,298,4347,2.17443674827845,133,12.4131418734449,0.175172149843076,0.190271816881259,-0.0150996670381828
3299,700,299,4348,2.3019175925372,128,13.3444702650459,0.172499735607099,0.183118741058655,-0.0106190054515564
3300,700,300,4349,2.43610695978706,139,13.6247383506569,0.178800274698091,0.198855507868383,-0.0200552331702928
3301,700,301,4350,2.25969033740433,142,12.7338443483217,0.177455470287899,0.203147353361946,-0.025691883074047
3302,700,302,4351,1.99423054731457,112,13.3359986870698,0.149537398293847,0.160228898426323,-0.0106915001324768
3303,700,303,4352,2.03353559894128,106,13.1223941681621,0.154966812677758,0.151645207439199,0.00332160523855893
3304,700,304,4353,1.87779727544365,111,11.9477724024343,0.157167144819486,0.158798283261803,-0.00163113844231652
3305,700,305,4354,2.15405485762953,130,13.2853035349208,0.16213817410852,0.185979971387697,-0.0238417972791764
3306,700,306,4355,1.9586024138906,113,12.7281790262113,0.153879232045466,0.161659513590844,-0.0077802815453781
3307,700,307,4356,1.99083258506868,108,12.9146348279325,0.154153223191631,0.15450643776824,-0.000353214576609251
3308,700,308,4357,1.81541169276007,106,11.9101573525137,0.152425500270734,0.151645207439199,0.000780292831535467
3309,700,309,4358,2.2392946154637,147,12.9613383831032,0.172767236629121,0.210300429184549,-0.0375331925554284
3310,700,310,4359,1.84221141271332,113,11.9561745993029,0.154080337102197,0.161659513590844,-0.00757917648864673
3311,700,311,4360,2.10614769710847,109,11.5565604574917,0.182246932801111,0.155937052932761,0.0263098798683497
3312,700,312,4361,2.03398081197065,113,13.6392035529877,0.149127535494922,0.161659513590844,-0.0125319780959218
3313,700,313,4362,2.22831952145615,129,13.2602346553013,0.168045255561544,0.184549356223176,-0.0165041006616317
3314,700,314,4363,2.26723244157017,144,12.3490581325586,0.183595576053898,0.206008583690987,-0.0224130076370892
3315,700,315,4364,2.13635225384725,121,12.3166253918948,0.173452726365545,0.17310443490701,0.000348291458534683
3316,700,316,4365,2.14407045417385,145,12.4342728793913,0.172432314697506,0.207439198855508,-0.0350068841580021
3317,700,317,4366,2.4190679345322,138,12.6349951645134,0.191457764964279,0.197424892703863,-0.00596712773958366
3318,700,318,4367,2.30405658819811,141,12.7665013043119,0.180476744041056,0.201716738197425,-0.021239994156369
3319,700,319,4368,1.56858219813404,93,13.2171578777257,0.11867772274836,0.133047210300429,-0.0143694875520689
3320,700,320,4369,2.0747018320879,127,12.8836705863387,0.161033442929519,0.181688125894134,-0.0206546829646153
3321,700,321,4370,1.77293573391253,102,11.5639944024796,0.153315167078633,0.145922746781116,0.00739242029751697
3322,700,322,4371,2.04328049629596,124,13.2771722117141,0.153894252760631,0.177396280400572,-0.0235020276399414
3323,700,323,4372,2.21424194787312,128,12.7844637429105,0.173197874576554,0.183118741058655,-0.00992086648210094
3324,700,324,4373,2.22931540367595,150,12.1294017766707,0.183794340786347,0.214592274678112,-0.0307979338917641
3325,700,325,4374,1.99175306785636,131,11.5018441200786,0.173168149999476,0.187410586552217,-0.0142424365527413
3326,700,326,4375,1.95404481515688,118,13.2014626209744,0.148017297117692,0.168812589413448,-0.0207952922957553
3327,700,327,4376,2.23298190030154,118,12.7743040899787,0.174802626003971,0.168812589413448,0.00599003659052361
3328,700,328,4377,1.99429690419494,115,11.7908184701622,0.169139819194207,0.164520743919886,0.00461907527432134
3329,700,329,4378,2.29361538919348,132,12.5817086367409,0.182297608012929,0.188841201716738,-0.00654359370380941
3330,700,330,4379,2.0958319837342,115,13.0367811052297,0.16076299562117,0.164520743919886,-0.00375774829871586
3331,700,331,4380,2.11727831313475,115,13.2928809794808,0.159279114618044,0.164520743919886,-0.00524162930184111
3332,700,332,4381,2.48040841621405,140,14.3701414161829,0.172608490367446,0.200286123032904,-0.0276776326654578
3333,700,333,4382,2.06905914545778,122,13.0602256990833,0.158424455528591,0.174535050071531,-0.01611059454294
3334,700,334,4383,2.24125995585008,136,12.9645450961803,0.172876097018661,0.194563662374821,-0.0216875653561597
3335,700,335,4384,2.14557657919792,128,14.0127849581713,0.153115643007621,0.183118741058655,-0.0300030980510338
3336,700,336,4385,2.13616006815807,133,12.50007545138,0.170891773931031,0.190271816881259,-0.0193800429502279
3337,700,337,4386,2.4276752908454,130,13.3351768167956,0.182050476285231,0.185979971387697,-0.00392949510246568
3338,700,338,4387,1.93428206506402,132,11.0225828703043,0.175483558420334,0.188841201716738,-0.0133576432964047
3339,700,339,4388,2.19350554802785,135,12.5243344047679,0.175139490621777,0.1931330472103,-0.0179935565885229
3340,700,340,4389,1.84576552026711,104,11.1666498870465,0.165292683028258,0.148783977110157,0.0165087059181007
3341,700,341,4390,1.85019660508709,105,12.5012047027947,0.148001464584727,0.150214592274678,-0.0022131276899516
3342,700,342,4391,2.2999985023287,117,12.7699782968731,0.180109820773296,0.167381974248927,0.0127278465243691
3343,700,343,4392,2.08037561941666,111,13.0489808260306,0.159428207241032,0.158798283261803,0.000629923979229285
3344,700,344,4393,2.42719830112485,141,13.2685699528918,0.182928402212316,0.201716738197425,-0.0187883359851084
3345,700,345,4394,2.2437110898512,126,12.3908884086051,0.181077499519164,0.180257510729614,0.000819988789550141
3346,700,346,4395,1.91890342485708,97,13.4687881862604,0.142470383995983,0.138769670958512,0.0037007130374713
3347,700,347,4396,1.88727824420016,110,11.9323637767117,0.158164658697679,0.157367668097282,0.000796990600397174
3348,700,348,4397,1.93825323912954,104,12.8014727508713,0.151408613434545,0.148783977110157,0.00262463632438734
3349,700,349,4398,2.27726949869887,139,13.2180927446176,0.172284272980773,0.198855507868383,-0.0265712348876104
3350,700,350,4399,2.00450768408261,107,12.3185479156053,0.162722724936051,0.15307582260372,0.00964690233233162
3351,700,351,4400,1.93792223367035,128,12.3734484577017,0.156619412954689,0.183118741058655,-0.0264993281039658
3352,700,352,4401,1.82644624868197,113,12.4458307254581,0.146751654346862,0.161659513590844,-0.0149078592439824
3353,700,353,4402,1.95921330037627,108,12.9580692828701,0.151196390265195,0.15450643776824,-0.00331004750304492
3354,700,354,4403,2.11527402751945,134,12.0418371717273,0.175660407739597,0.19170243204578,-0.0160420243061832
3355,700,355,4404,1.92643116843819,118,11.7579533842436,0.163840687701631,0.168812589413448,-0.00497190171181702
3356,700,356,4405,2.0794567428205,117,12.8409004600501,0.161940102977201,0.167381974248927,-0.00544187127172599
3357,700,357,4406,1.86800894539546,119,12.4891453736964,0.149570598267653,0.170243204577969,-0.0206726063103156
3358,700,358,4407,2.09100547000947,126,12.8356207555648,0.162906454610145,0.180257510729614,-0.0173510561194682
3359,700,359,4408,2.05824511553002,109,12.0065241657356,0.171427224658729,0.155937052932761,0.0154901717259678
3360,700,360,4409,2.20455924468226,118,12.710625586168,0.173442229868003,0.168812589413448,0.00462964045455497
3361,700,361,4410,2.10924238650806,104,12.9354256811283,0.163059371875582,0.148783977110157,0.0142753947654244
3362,700,362,4411,1.910474135592,123,12.8692295981607,0.148452875210576,0.175965665236052,-0.0275127900254758
3363,700,363,4412,1.82845947781851,109,12.2566560167442,0.149180940977751,0.155937052932761,-0.00675611195501005
3364,700,364,4413,2.5633888824282,137,13.0354294347079,0.196647827773358,0.195994277539342,0.000653550234016365
3365,700,365,4414,2.09278206808379,129,12.6396022019837,0.165573412409715,0.184549356223176,-0.0189759438134607
3366,700,366,4415,2.28922304458602,143,12.6932697042544,0.180349358197182,0.204577968526466,-0.0242286103292842
3367,700,367,4416,1.91721946860287,101,12.7859604776886,0.149947238766176,0.144492131616595,0.00545510714958092
3368,700,368,4417,1.81256058164519,99,12.0389252695578,0.150558338145725,0.141630901287554,0.00892743685817107
3369,700,369,4418,2.11091997620862,118,12.5519591939621,0.168174541009027,0.168812589413448,-0.000638048404420499
3370,700,370,4419,2.32180543389211,148,12.8829818902626,0.180222673110099,0.21173104434907,-0.031508371238971
3371,700,371,4420,1.96357808017605,113,11.9270095027876,0.164632893074925,0.161659513590844,0.00297337948408141
3372,700,372,4421,2.30089515299659,111,12.7088210199127,0.181047097082526,0.158798283261803,0.0222488138207237
3373,700,373,4422,1.89731605179725,124,12.6659655927929,0.149796400274201,0.177396280400572,-0.0275998801263715
3374,700,374,4423,2.03488448535585,122,13.0702855774308,0.155687836604703,0.174535050071531,-0.0188472134668275
3375,700,375,4424,2.08961709955034,129,12.209031234847,0.171153391236002,0.184549356223176,-0.0133959649871744
3376,700,376,4425,1.88927310421022,118,12.2578950805744,0.15412704153458,0.168812589413448,-0.0146855478788675
3377,700,377,4426,2.17018218567001,127,13.119346830956,0.165418462796435,0.181688125894134,-0.0162696630976998
3378,700,378,4427,2.0105384127905,108,13.0008545665432,0.154646635150006,0.15450643776824,0.000140197381766127
3379,700,379,4428,1.85627428147562,102,12.8685352226438,0.144249073368449,0.145922746781116,-0.00167367341266644
3380,700,380,4429,1.86010754764984,112,12.8001174671358,0.145319568545027,0.160228898426323,-0.0149093298812963
3381,700,381,4430,2.63210018661717,152,13.1274097138016,0.200504154589606,0.217453505007153,-0.0169493504175475
3382,700,382,4431,2.31935256427226,130,12.9019398452696,0.179767739742069,0.185979971387697,-0.00621223164562723
3383,700,383,4432,1.95303954568889,119,12.5883071994334,0.155147115076505,0.170243204577969,-0.0150960895014638
3384,700,384,4433,2.1952960811946,120,12.5911516911241,0.174352286037673,0.171673819742489,0.0026784662951837
3385,700,385,4434,2.00040753423092,132,11.8685792708557,0.168546503214844,0.188841201716738,-0.0202946985018938
3386,700,386,4435,2.20522267505934,137,13.1793023216199,0.167324689975568,0.195994277539342,-0.0286695875637735
3387,700,387,4436,1.76678056056764,109,12.5883037829473,0.14035096316638,0.155937052932761,-0.0155860897663811
3388,700,388,4437,1.88692958167814,104,13.0663795542149,0.144411049277186,0.148783977110157,-0.00437292783297119
3389,700,389,4438,2.02413027092758,123,12.0481249188602,0.16800375863957,0.175965665236052,-0.0079619065964811
3390,700,390,4439,1.939464525083,113,12.307972717121,0.157577902523712,0.161659513590844,-0.00408161106713217
3391,700,391,4440,2.37038531602858,145,12.9858468822023,0.182536059259815,0.207439198855508,-0.0249031395956926
3392,700,392,4441,1.98745365871512,118,13.1091490926704,0.15160813601749,0.168812589413448,-0.0172044533959579
3393,700,393,4442,2.10475018231062,118,13.3549141428516,0.157601176600391,0.168812589413448,-0.0112114128130567
3394,700,394,4443,2.3291840250101,132,13.3909680281092,0.173936941684937,0.188841201716738,-0.0149042600318008
3395,700,395,4444,2.12104626382791,131,12.6642726053049,0.167482675865603,0.187410586552217,-0.0199279106866144
3396,700,396,4445,1.96701076755794,116,12.5328447774098,0.156948466409114,0.165951359084406,-0.00900289267529228
3397,700,397,4446,2.00980835612159,113,11.7164305253245,0.171537598569589,0.161659513590844,0.00987808497874529
3398,700,398,4447,2.18549900375724,142,12.3301976057929,0.177247686827863,0.203147353361946,-0.0258996665340827
3399,700,399,4448,2.27587148216404,131,12.9345809484472,0.175952471226929,0.187410586552217,-0.0114581153252887
3400,700,400,4449,2.31655230820053,124,13.2767482980634,0.174481902962522,0.177396280400572,-0.00291437743805015
3401,700,401,4450,2.11127917335139,125,12.9436076761781,0.163113656267339,0.178826895565093,-0.0157132392977544
3402,700,402,4451,2.01152173122344,123,12.7490397701307,0.157778292913963,0.175965665236052,-0.0181873723220887
3403,700,403,4452,2.36033781185253,121,13.5453938455127,0.174253907916784,0.17310443490701,0.00114947300977364
3404,700,404,4453,2.19715093962548,124,12.8911660060453,0.170438495524387,0.177396280400572,-0.00695778487618576
3405,700,405,4454,2.06752344363735,114,13.4242156726061,0.154014468633456,0.163090128755365,-0.00907566012190891
3406,700,406,4455,1.7669080883728,114,12.4377038366827,0.142060633664683,0.163090128755365,-0.0210294950906823
3407,700,407,4456,2.27348140372122,132,13.635139533593,0.166736937170318,0.188841201716738,-0.0221042645464199
3408,700,408,4457,2.16750303226586,126,12.1302327291402,0.178686021996834,0.180257510729614,-0.00157148873278024
3409,700,409,4458,1.86569146691113,115,12.1846217388122,0.153118538014871,0.164520743919886,-0.0114022059050145
3410,700,410,4459,1.76323759105905,126,12.0259673144946,0.146619190369316,0.180257510729614,-0.033638320360298
3411,700,411,4460,1.80651319685365,111,12.5564158361619,0.143871724258365,0.158798283261803,-0.0149265590034377
3412,700,412,4461,2.3992465953167,134,13.6098053832532,0.176288089928822,0.19170243204578,-0.0154143421169579
3413,700,413,4462,1.80021133989954,99,12.2381154157389,0.147098738551228,0.141630901287554,0.00546783726367481
3414,700,414,4463,1.93068942243276,111,12.8371703113151,0.150398364718352,0.158798283261803,-0.00839991854345101
3415,700,415,4464,2.14287910690799,126,12.3504943879755,0.17350553262016,0.180257510729614,-0.00675197810945358
3416,700,416,4465,2.00311248094085,119,13.7396757131486,0.145790375461621,0.170243204577969,-0.0244528291163472
3417,700,417,4466,1.88086053324612,114,12.4085988900768,0.151577188521281,0.163090128755365,-0.0115129402340841
3418,700,418,4467,2.09819107686768,121,11.6960988770151,0.179392385352607,0.17310443490701,0.00628795044559671
3419,700,419,4468,2.07491558209319,117,12.2288211067253,0.169674211764541,0.167381974248927,0.00229223751561353
3420,700,420,4469,1.95177722583115,120,11.9666470063816,0.163101428895688,0.171673819742489,-0.00857239084680089
3421,700,421,4470,1.90188949681113,100,12.9764482578178,0.146564719330292,0.143061516452074,0.00350320287821784
3422,700,422,4471,1.85193677152674,94,13.3354051178212,0.13887367913944,0.13447782546495,0.00439585367448966
3423,700,423,4472,2.03533235791205,108,13.0551774739915,0.155902312470805,0.15450643776824,0.00139587470256503
3424,700,424,4473,1.82518299739116,104,12.6278337574475,0.144536508196801,0.148783977110157,-0.00424746891335606
3425,700,425,4474,2.01070093408338,113,12.6856527918561,0.158501968095344,0.161659513590844,-0.00315754549550026
3426,700,426,4475,2.05685281601794,114,13.0114889903065,0.158079741492329,0.163090128755365,-0.00501038726303576
3427,700,427,4476,2.12917714550503,117,13.1189566971423,0.162297749330084,0.167381974248927,-0.00508422491884303
3428,700,428,4477,1.93304957657577,112,12.8972723620025,0.149880495838085,0.160228898426323,-0.0103484025882382
3429,700,429,4478,1.87215550051473,114,12.0028228331131,0.155976267128584,0.163090128755365,-0.00711386162678046
3430,700,430,4479,1.96565109358421,125,13.1069696619625,0.149969912518276,0.178826895565093,-0.0288569830468174
3431,700,431,4480,2.34552333473573,112,13.0351846760742,0.179937867626907,0.160228898426323,0.0197089692005835
3432,700,432,4481,1.94347090749862,123,12.5617915528102,0.154712876688663,0.175965665236052,-0.021252788547388
3433,700,433,4482,2.46558195327056,132,12.9446827700433,0.190470635477946,0.188841201716738,0.00162943376120758
3434,700,434,4483,2.36972653574276,146,13.3329605237612,0.177734459763799,0.208869814020029,-0.0311353542562295
3435,700,435,4484,2.12873451731031,130,12.3744937710257,0.172025988028265,0.185979971387697,-0.0139539833594316
3436,700,436,4485,2.08208357492621,129,12.4288136325113,0.16752070120996,0.184549356223176,-0.0170286550132159
3437,700,437,4486,2.07124197037469,115,12.6400838106961,0.163862993425882,0.164520743919886,-0.00065775049400324
3438,700,438,4487,1.88832295828484,113,11.5634870902191,0.16330047705783,0.161659513590844,0.00164096346698589
3439,700,439,4488,1.80822235747807,122,11.3731912204938,0.158989884406388,0.174535050071531,-0.0155451656651424
3440,700,440,4489,2.45376455733075,129,13.6085174499435,0.180310938818757,0.184549356223176,-0.00423841740441896
3441,700,441,4490,2.02378507358047,109,12.123912770898,0.166925077062442,0.155937052932761,0.0109880241296812
3442,700,442,4491,2.1853925265107,116,13.3787105906961,0.16334851641312,0.165951359084406,-0.00260284267128594
3443,700,443,4492,2.34040523167956,121,12.5158648700573,0.186995086314706,0.17310443490701,0.013890651407696
3444,700,444,4493,2.12862650036365,133,12.4515635140345,0.170952547281666,0.190271816881259,-0.0193192695995929
3445,700,445,4494,2.15276475576266,119,13.189146975267,0.163222440374624,0.170243204577969,-0.00702076420334491
3446,700,446,4495,1.95681419277869,125,13.0965283456481,0.149414725882598,0.178826895565093,-0.0294121696824946
3447,700,447,4496,1.96073167803348,101,13.5047636398913,0.145188152145198,0.144492131616595,0.000696020528603319
3448,700,448,4497,2.12388887421155,124,12.8085431574154,0.165818145600886,0.177396280400572,-0.0115781347996859
3449,700,449,4498,2.17478267921115,127,12.4873407008395,0.1741589928002,0.181688125894134,-0.00752913309393416
3450,700,450,4499,2.07392189423292,131,12.4686387005224,0.166331060193927,0.187410586552217,-0.0210795263582907
3451,700,451,4500,2.061009105424,114,12.5793885501478,0.163840165776563,0.163090128755365,0.000750037021198025
3452,700,452,4501,2.29606437497867,133,12.4643195923702,0.18421096779195,0.190271816881259,-0.00606084908930923
3453,700,453,4502,2.31187195499611,126,12.648381735608,0.182780058613164,0.180257510729614,0.00252254788355039
3454,700,454,4503,1.63005568567034,104,12.2632623762211,0.13292186333965,0.148783977110157,-0.0158621137705074
3455,700,455,4504,2.09632939657821,106,12.911436856074,0.162362208013434,0.151645207439199,0.0107170005742347
3456,700,456,4505,2.00569717991179,122,13.6209034181627,0.147251406043839,0.174535050071531,-0.0272836440276921
3457,700,457,4506,2.1529409829677,113,13.4248524630283,0.160369805843069,0.161659513590844,-0.0012897077477747
3458,700,458,4507,2.34808634159692,134,13.0912495075372,0.179363042484602,0.19170243204578,-0.0123393895611777
3459,700,459,4508,1.91086961245579,120,11.8319189848674,0.16150124209773,0.171673819742489,-0.0101725776447594
3460,700,460,4509,1.94339512838656,108,12.7726963265937,0.152152300398802,0.15450643776824,-0.00235413736943801
3461,700,461,4510,1.96293112367755,112,12.1946731934394,0.16096627540077,0.160228898426323,0.000737376974446202
3462,700,462,4511,1.89648873951444,117,13.170662676088,0.143993418262668,0.167381974248927,-0.0233885559862593
3463,700,463,4512,2.65105728228427,164,12.7518159145749,0.207896451771562,0.234620886981402,-0.0267244352098401
3464,700,464,4513,1.75095555563232,96,12.5800108778583,0.139185535897598,0.137339055793991,0.00184648010360663
3465,700,465,4514,2.04192891509561,125,12.1294454730083,0.16834478704237,0.178826895565093,-0.0104821085227232
3466,700,466,4515,2.25940250975946,123,13.5431990754079,0.166829306516076,0.175965665236052,-0.00913635871997556
3467,700,467,4516,1.96379405957092,120,12.4784700649607,0.157374585934635,0.171673819742489,-0.0142992338078546
3468,700,468,4517,2.05541991643117,116,12.8823644053518,0.159553002209538,0.165951359084406,-0.00639835687486848
3469,700,469,4518,1.97877704075014,128,12.5945617015933,0.157113608844349,0.183118741058655,-0.0260051322143064
3470,700,470,4519,1.95237310867541,105,11.8693349965012,0.164488836927336,0.150214592274678,0.014274244652658
3471,700,471,4520,2.17322152396499,132,13.5369265593801,0.160540246298308,0.188841201716738,-0.02830095541843
3472,700,472,4521,1.75159963382572,99,12.8029571542925,0.136812114007461,0.141630901287554,-0.00481878728009227
3473,700,473,4522,2.63821417382676,136,13.937586635314,0.189287732722842,0.194563662374821,-0.00527592965197918
3474,700,474,4523,2.1629709951356,109,12.9467194326895,0.16706710965515,0.155937052932761,0.0111300567223888
3475,700,475,4524,2.29184941127842,143,12.6682870344411,0.1809123368493,0.204577968526466,-0.0236656316771668
3476,700,476,4525,1.83046026642405,112,12.1705379997896,0.150400932683148,0.160228898426323,-0.00982796574317549
3477,700,477,4526,1.97826541948247,115,11.9751574753718,0.165197445090053,0.164520743919886,0.000676701170166966
3478,700,478,4527,2.00100082613853,107,13.1270779241509,0.15243307289714,0.15307582260372,-0.000642749706579238
3479,700,479,4528,2.02247889961857,120,12.6461887291873,0.159927938996411,0.171673819742489,-0.0117458807460783
3480,700,480,4529,2.3377142109935,116,13.1607385809194,0.177627888937993,0.165951359084406,0.0116765298535866
3481,700,481,4530,2.27784032749261,136,13.1634872895903,0.173042316020157,0.194563662374821,-0.0215213463546639
3482,700,482,4531,1.63711235391395,110,11.9305887461659,0.137219745709537,0.157367668097282,-0.0201479223877452
3483,700,483,4532,2.19861039469282,129,12.4599459129649,0.176454248682181,0.184549356223176,-0.00809510754099504
3484,700,484,4533,1.79826647567743,124,12.3201586863977,0.145961307922344,0.177396280400572,-0.0314349724782282
3485,700,485,4534,2.63881326796081,142,13.5990117119027,0.194044488221975,0.203147353361946,-0.00910286513997091
3486,700,486,4535,1.95435319022896,118,12.5009346673079,0.15633656540418,0.168812589413448,-0.0124760240092674
3487,700,487,4536,1.96321856298982,121,12.6600043296026,0.155072503284954,0.17310443490701,-0.0180319316220563
3488,700,488,4537,2.08069313407249,109,13.0531656961608,0.159401418974131,0.155937052932761,0.00346436604137032
3489,700,489,4538,1.87817103588445,109,12.6430407111937,0.148553744212939,0.155937052932761,-0.00738330871982223
3490,700,490,4539,1.98573966745113,120,12.0816238383818,0.164360328877538,0.171673819742489,-0.00731349086495134
3491,700,491,4540,2.07652590223416,112,13.3556006186008,0.15547978421443,0.160228898426323,-0.00474911421189311
3492,700,492,4541,1.95616281949795,114,11.891631264924,0.164499115043024,0.163090128755365,0.00140898628765943
3493,700,493,4542,1.9902522543572,121,13.3980175341208,0.148548264643528,0.17310443490701,-0.0245561702634821
3494,700,494,4543,1.91934520869127,126,12.6769982575568,0.151403760550897,0.180257510729614,-0.0288537501787166
3495,700,495,4544,2.3183524897749,130,12.2994690369289,0.188492079033175,0.185979971387697,0.00251210764547802
3496,700,496,4545,2.00607653221878,121,12.4658584197579,0.160925663092661,0.17310443490701,-0.0121787718143491
3497,700,497,4546,2.39712215063451,139,13.8457171117425,0.173130949541177,0.198855507868383,-0.0257245583272061
3498,700,498,4547,2.12185909715821,136,12.0182713434613,0.176552770071433,0.194563662374821,-0.0180108923033884
3499,700,499,4548,2.0164541727582,125,13.2987372658233,0.151627491576988,0.178826895565093,-0.0271994039881053
3500,700,500,4549,2.31936075379988,134,12.7770544970004,0.181525464600968,0.19170243204578,-0.0101769674448119
3501,700,501,4550,1.86583310808035,116,12.4805673606602,0.149499061554013,0.165951359084406,-0.0164522975303933
3502,700,502,4551,1.99679272052661,123,12.8101040779388,0.155876385420274,0.175965665236052,-0.0200892798157771
3503,700,503,4552,1.98763728215002,130,10.8335259172492,0.183470949101187,0.185979971387697,-0.00250902228650951
3504,700,504,4553,2.18247963680373,125,13.4699618258325,0.16202567349658,0.178826895565093,-0.0168012220685134
3505,700,505,4554,2.42592847083218,133,13.1760637623172,0.184116327500646,0.190271816881259,-0.00615548938061314
3506,700,506,4555,2.16073671720427,128,12.582458043899,0.171726121371967,0.183118741058655,-0.0113926196866887
3507,700,507,4556,2.02326359505835,124,12.284039873637,0.164706693878494,0.177396280400572,-0.0126895865220784
3508,700,508,4557,2.34894112437405,127,12.5051080229208,0.187838531268074,0.181688125894134,0.00615040537393916
3509,700,509,4558,1.99194057601831,104,13.0686780433841,0.152420969389992,0.148783977110157,0.00363699227983505
3510,700,510,4559,2.00501056787924,131,12.4753827720878,0.16071735869822,0.187410586552217,-0.0266932278539971
3511,700,511,4560,2.2570181472916,143,12.8481833165385,0.175668270889808,0.204577968526466,-0.0289096976366585
3512,700,512,4561,2.28915067753248,137,12.6909777635059,0.18037622633893,0.195994277539342,-0.0156180512004115
3513,700,513,4562,1.99069808071813,120,12.3401891555129,0.161318279293053,0.171673819742489,-0.0103555404494363
3514,700,514,4563,2.07622365252449,105,12.0433843454101,0.172395366034778,0.150214592274678,0.0221807737600997
3515,700,515,4564,2.70293018722119,148,12.9420941082196,0.20884797812624,0.21173104434907,-0.00288306622283035
3516,700,516,4565,2.03882949986474,124,11.8066764192158,0.172684456444192,0.177396280400572,-0.00471182395638059
3517,700,517,4566,2.43108223130012,147,12.8832430093172,0.188701108062772,0.210300429184549,-0.0215993211217776
3518,700,518,4567,2.10400045320563,124,12.469632413729,0.168729949961406,0.177396280400572,-0.00866633043916609
3519,700,519,4568,1.99312687507238,117,12.3496382860068,0.16139151843263,0.167381974248927,-0.00599045581629667
3520,700,520,4569,1.93171254153357,107,12.4659168343208,0.154959524213673,0.15307582260372,0.00188370160995333
3521,700,521,4570,1.9925322360241,122,12.855821934135,0.154990652968947,0.174535050071531,-0.0195443971025837
3522,700,522,4571,2.02759564104608,108,12.3822638574321,0.16374999470142,0.15450643776824,0.00924355693317921
3523,700,523,4572,2.41266736347815,161,12.4315186096727,0.194076640129944,0.23032904148784,-0.0362524013578954
3524,700,524,4573,1.68561536812936,93,12.9723791078426,0.129938799515218,0.133047210300429,-0.00310841078521104
3525,700,525,4574,2.47749772276448,150,12.3632882802079,0.20039148700679,0.214592274678112,-0.0142007876713216
3526,700,526,4575,2.19188442177836,123,13.3264544432076,0.164476187655116,0.175965665236052,-0.0114894775809357
3527,700,527,4576,2.05853947791471,120,13.2901887043773,0.154891666604907,0.171673819742489,-0.0167821531375826
3528,700,528,4577,2.18429150113757,143,11.8571457553816,0.184217310489431,0.204577968526466,-0.0203606580370351
3529,700,529,4578,1.90467308845662,113,12.2683919749171,0.155250426653367,0.161659513590844,-0.00640908693747691
3530,700,530,4579,1.96542413394759,99,14.1465640533077,0.13893296821344,0.141630901287554,-0.0026979330741139
3531,700,531,4580,2.46807359115616,129,13.5624460740859,0.181978499871934,0.184549356223176,-0.00257085635124185
3532,700,532,4581,2.22736889432958,111,13.3945332609762,0.16628939963282,0.158798283261803,0.00749111637101771
3533,700,533,4582,2.02767444087495,124,12.9280693154066,0.156842788463281,0.177396280400572,-0.0205534919372909
3534,700,534,4583,2.04185810467724,128,11.7162404133079,0.174275879689017,0.183118741058655,-0.00884286136963794
3535,700,535,4584,1.94064417125021,134,12.2863303171643,0.157951489269264,0.19170243204578,-0.0337509427765152
3536,700,536,4585,2.25987055115247,129,12.8799318883932,0.175456715977587,0.184549356223176,-0.00909264024558917
3537,700,537,4586,1.83984090774029,123,11.8526156106701,0.155226573456411,0.175965665236052,-0.0207390917796403
3538,700,538,4587,2.33080426473016,120,13.2228389447223,0.176271092348172,0.171673819742489,0.00459727260568321
3539,700,539,4588,2.08905793033264,120,12.702606063363,0.164459003129911,0.171673819742489,-0.00721481661257822
3540,700,540,4589,1.78501431609554,117,11.6627282936942,0.153052893897962,0.167381974248927,-0.0143290803509649
3541,700,541,4590,2.27379652387866,113,13.6159411275328,0.166995178855526,0.161659513590844,0.00533566526468207
3542,700,542,4591,1.72761130769649,106,11.7945476550132,0.14647541883153,0.151645207439199,-0.00516978860766892
3543,700,543,4592,2.37142485984614,125,14.0129716288992,0.169230690152509,0.178826895565093,-0.00959620541258444
3544,700,544,4593,1.9559448519212,104,12.8219263637298,0.152546879184559,0.148783977110157,0.00376290207440211
3545,700,545,4594,2.44480774160129,137,12.4572819638544,0.196255310644412,0.195994277539342,0.000261033105070529
3546,700,546,4595,1.83205912436763,109,12.4191074488143,0.147519387517865,0.155937052932761,-0.00841766541489619
3547,700,547,4596,1.95083788696169,118,12.0668779151106,0.161668817790788,0.168812589413448,-0.00714377162265983
3548,700,548,4597,1.99807158814498,121,12.6465617489346,0.157993265506595,0.17310443490701,-0.0151111694004145
3549,700,549,4598,2.50559068782953,132,12.4523788383497,0.201213817886189,0.188841201716738,0.0123726161694509
3550,700,550,4599,1.95434292035305,119,12.4021267414856,0.157581273042122,0.170243204577969,-0.0126619315358461
3551,700,551,4600,2.29345899263145,116,13.3269029019119,0.172092421585996,0.165951359084406,0.0061410625015898
3552,700,552,4601,2.21344683990056,121,13.5051353946765,0.163896678945779,0.17310443490701,-0.00920775596123152
3553,700,553,4602,2.1098939176183,118,12.9432137280708,0.163011595261108,0.168812589413448,-0.00580099415233934
3554,700,554,4603,2.09317630637599,128,12.8037700384832,0.163481248107761,0.183118741058655,-0.0196374929508941
3555,700,555,4604,2.25652046975591,143,12.5215908718323,0.180210365667833,0.204577968526466,-0.0243676028586331
3556,700,556,4605,2.57237283762571,140,12.7012907084807,0.202528459246125,0.200286123032904,0.00224233621322048
3557,700,557,4606,2.04467652605389,132,12.4166680929449,0.164671916068665,0.188841201716738,-0.0241692856480736
3558,700,558,4607,2.02595593845648,122,12.5130733971915,0.161907140967558,0.174535050071531,-0.0126279091039728
3559,700,559,4608,2.48708704532197,139,12.9896890400017,0.191466249704901,0.198855507868383,-0.00738925816348229
3560,700,560,4609,1.89059619634084,103,12.6517972675467,0.149433013852541,0.147353361945637,0.00207965190690404
3561,700,561,4610,1.73363152521619,106,12.6150199628298,0.137425983496209,0.151645207439199,-0.0142192239429902
3562,700,562,4611,2.14600965845989,122,12.9962937814032,0.165124742065363,0.174535050071531,-0.00941030800616735
3563,700,563,4612,1.9251553240998,107,12.8890301178904,0.149363862640651,0.15307582260372,-0.003711959963069
3564,700,564,4613,2.29450380126874,129,12.8716182599377,0.178260709332118,0.184549356223176,-0.00628864689105818
3565,700,565,4614,2.00737621542886,116,12.5156266965974,0.160389588479384,0.165951359084406,-0.00556177060502197
3566,700,566,4615,2.27616312574084,119,12.8944827704304,0.176522251125925,0.170243204577969,0.00627904654795691
3567,700,567,4616,1.86742651769378,126,11.9458937389363,0.156323717463442,0.180257510729614,-0.0239337932661722
3568,700,568,4617,2.0288472486474,134,12.4055900223363,0.163542987072317,0.19170243204578,-0.0281594449734626
3569,700,569,4618,2.21515419408109,124,12.7762785655943,0.173380236092094,0.177396280400572,-0.00401604430847866
3570,700,570,4619,2.09505969172627,103,13.7812122980014,0.152022887857994,0.147353361945637,0.00466952591235742
3571,700,571,4620,1.70585718969858,98,11.8613982409808,0.1438158600733,0.140200286123033,0.00361557395026738
3572,700,572,4621,2.18442488154359,127,12.5084032394998,0.174636589476543,0.181688125894134,-0.00705153641759182
3573,700,573,4622,2.27050745881915,104,12.8584444202047,0.176577149196326,0.148783977110157,0.0277931720861684
3574,700,574,4623,1.81755431824018,100,12.3457566052061,0.147220974490436,0.143061516452074,0.00415945803836143
3575,700,575,4624,3.1054716398363,190,13.2360531729353,0.234622179229854,0.271816881258941,-0.0371947020290868
3576,700,576,4625,2.6556869217846,157,12.5853782319735,0.211013675777956,0.224606580829757,-0.0135929050518008
3577,700,577,4626,2.26179291180806,142,13.0802502209715,0.172916639483069,0.203147353361946,-0.0302307138788766
3578,700,578,4627,1.78661043669085,110,12.3277440477812,0.144925984005355,0.157367668097282,-0.0124416840919271
3579,700,579,4628,1.96638105221686,105,13.2772131621599,0.148101941891018,0.150214592274678,-0.00211265038366015
3580,700,580,4629,2.17682509298383,113,13.0032648905439,0.167406040814168,0.161659513590844,0.00574652722332439
3581,700,581,4630,1.87138184533693,114,12.8942090158707,0.145133512496467,0.163090128755365,-0.017956616258898
3582,700,582,4631,2.07695801682018,118,13.6291662309129,0.15239068785509,0.168812589413448,-0.0164219015583578
3583,700,583,4632,2.29822067955133,129,12.7572267817161,0.180150491864359,0.184549356223176,-0.00439886435881659
3584,700,584,4633,2.02188007147197,133,11.8559985659379,0.170536463902821,0.190271816881259,-0.0197353529784384
3585,700,585,4634,2.65407315809593,151,13.0986732339126,0.202621525913366,0.216022889842632,-0.0134013639292666
3586,700,586,4635,1.81437473829365,103,12.420908020825,0.146074243143228,0.147353361945637,-0.00127911880240905
3587,700,587,4636,1.83390934965528,106,12.2710434281467,0.149450155595468,0.151645207439199,-0.00219505184373053
3588,700,588,4637,2.35268243432352,125,12.8646333519736,0.182879866837603,0.178826895565093,0.00405297127251003
3589,700,589,4638,1.73488973576091,110,11.9026554191188,0.145756528662857,0.157367668097282,-0.0116111394344244
3590,700,590,4639,2.12492642868834,126,13.0129166975218,0.163293631864485,0.180257510729614,-0.0169638788651285
3591,700,591,4640,1.97601712269602,105,13.3429413156014,0.148094567453844,0.150214592274678,-0.00212002482083379
3592,700,592,4641,2.13129547968415,138,13.0903711848766,0.162813983620758,0.197424892703863,-0.0346109090831047
3593,700,593,4642,2.06020381182531,130,12.9392735322819,0.15922097996347,0.185979971387697,-0.0267589914242268
3594,700,594,4643,2.10702071449199,119,11.9155243930346,0.176829877141092,0.170243204577969,0.00658667256312359
3595,700,595,4644,2.23472785408099,117,11.7855337680385,0.189616176752334,0.167381974248927,0.0222342025034075
3596,700,596,4645,2.0426823787403,119,12.139947476864,0.168261220456941,0.170243204577969,-0.00198198412102704
3597,700,597,4646,2.23692737911313,132,12.7505224023577,0.175438096457875,0.188841201716738,-0.0134031052588627
3598,700,598,4647,1.92254778139718,138,11.6409256387739,0.165154201740927,0.197424892703863,-0.0322706909629361
3599,700,599,4648,2.08763738225519,118,13.3460090030623,0.15642409515655,0.168812589413448,-0.0123884942568976
3600,700,600,4649,2.3249246179738,135,12.7855199891674,0.181840442934163,0.1931330472103,-0.011292604276137
3601,700,601,4650,2.10406785642508,129,12.2248674838934,0.172113755768498,0.184549356223176,-0.0124356004546783
3602,700,602,4651,2.09963495492809,113,13.3589077470923,0.157171154609186,0.161659513590844,-0.0044883589816585
3603,700,603,4652,1.73112393160216,99,12.7266584830955,0.136023445109458,0.141630901287554,-0.00560745617809522
3604,700,604,4653,1.90683703978522,115,12.7871706810756,0.149121106407632,0.164520743919886,-0.0153996375122539
3605,700,605,4654,1.84187451470926,102,11.8780233184616,0.155065743291352,0.145922746781116,0.00914299651023626
3606,700,606,4655,1.89396872404328,103,12.3935074247143,0.152819428684607,0.147353361945637,0.00546606673897021
3607,700,607,4656,1.84927108889873,113,12.4074771648928,0.149044891586122,0.161659513590844,-0.0126146220047223
3608,700,608,4657,2.29325863101799,106,13.1382518217733,0.174548232301157,0.151645207439199,0.0229030248619581
3609,700,609,4658,2.12761663829213,126,12.7520290190725,0.166845341640139,0.180257510729614,-0.0134121690894744
3610,700,610,4659,2.15623959603774,108,14.0269627321955,0.153721061159492,0.15450643776824,-0.000785376608748389
3611,700,611,4660,2.13240737833376,124,12.1405338672064,0.175643625038084,0.177396280400572,-0.00175265536248795
3612,700,612,4661,2.23313223038527,156,12.4095538050382,0.179952661108463,0.223175965665236,-0.0432233045567731
3613,700,613,4662,2.25292386853911,103,12.9658947189705,0.173757686404999,0.147353361945637,0.0264043244593626
3614,700,614,4663,2.2096021393787,129,12.038034295139,0.183551739860963,0.184549356223176,-0.000997616362212489
3615,700,615,4664,2.3276315464268,140,12.4436693031469,0.187053471907853,0.200286123032904,-0.0132326511250512
3616,700,616,4665,2.03997012257589,120,13.4112527789881,0.152108841447832,0.171673819742489,-0.019564978294657
3617,700,617,4666,2.2469604874341,126,13.1787871502027,0.170498275890246,0.180257510729614,-0.0097592348393675
3618,700,618,4667,2.08076837700648,113,12.4154190183877,0.167595501523128,0.161659513590844,0.00593598793228425
3619,700,619,4668,1.94074057245254,115,12.2164622805193,0.158862731934048,0.164520743919886,-0.00565801198583749
3620,700,620,4669,1.88410259903862,105,12.9212669078229,0.145814076319245,0.150214592274678,-0.0044005159554335
3621,700,621,4670,1.95522596621984,107,13.0501410128488,0.149824125601001,0.15307582260372,-0.00325169700271818
3622,700,622,4671,2.02395232724307,108,12.4213135956993,0.162941891101102,0.15450643776824,0.00843545333286133
3623,700,623,4672,1.85173185839264,113,12.2264986052549,0.151452342831559,0.161659513590844,-0.0102071707592849
3624,700,624,4673,2.48250558757902,136,13.08334625446,0.189745462613033,0.194563662374821,-0.00481819976178777
3625,700,625,4674,1.95282085881703,111,13.202769041876,0.147909946210764,0.158798283261803,-0.0108883370510381
3626,700,626,4675,2.15190729325303,115,12.3041521511903,0.174892773334639,0.164520743919886,0.0103720294147532
3627,700,627,4676,1.84736797591369,113,11.8890371495732,0.155384153710042,0.161659513590844,-0.00627535988080183
3628,700,628,4677,2.15862554331013,124,12.3044577746774,0.175434430581133,0.177396280400572,-0.00196184981943942
3629,700,629,4678,2.01617976889835,112,13.1774558246096,0.153002202832889,0.160228898426323,-0.00722669559343403
3630,700,630,4679,1.93123154489709,110,12.9882761372635,0.148690366949958,0.157367668097282,-0.00867730114732365
3631,700,631,4680,2.0959690142312,122,12.6178466560125,0.166111466668717,0.174535050071531,-0.00842358340281357
3632,700,632,4681,2.21282987461858,146,12.5687145657654,0.176058566931409,0.208869814020029,-0.03281124708862
3633,700,633,4682,1.85879849085226,117,12.3069378479455,0.15103663590554,0.167381974248927,-0.016345338343387
3634,700,634,4683,2.01608057200619,123,12.6898688200404,0.158873239794434,0.175965665236052,-0.0170924254416179
3635,700,635,4684,1.93272662497663,115,12.2529655512762,0.157735416531497,0.164520743919886,-0.00678532738838861
3636,700,636,4685,1.91837163001905,116,12.1637185501331,0.157712596038162,0.165951359084406,-0.00823876304624394
3637,700,637,4686,1.97314508089746,115,12.7723219119668,0.154486012370919,0.164520743919886,-0.0100347315489664
3638,700,638,4687,1.79974579373635,107,13.1025302928474,0.137358643980302,0.15307582260372,-0.0157171786234176
3639,700,639,4688,1.80803405866525,98,12.6145621729501,0.143329117085196,0.140200286123033,0.00312883096216338
3640,700,640,4689,2.32917165403721,134,13.0998244997757,0.177801744907124,0.19170243204578,-0.0139006871386558
3641,700,641,4690,2.19451530579676,135,12.68470467221,0.173004840278588,0.1931330472103,-0.0201282069317126
3642,700,642,4691,2.66967147082558,142,13.5980259320529,0.196327870248629,0.203147353361946,-0.00681948311331634
3643,700,643,4692,2.07824380597413,131,12.1130776790808,0.17157025332738,0.187410586552217,-0.015840333224837
3644,700,644,4693,2.17053515714387,131,13.4859225675026,0.160948214427262,0.187410586552217,-0.0264623721249554
3645,700,645,4694,2.28346202012712,127,12.7025072795118,0.179764669279913,0.181688125894134,-0.00192345661422183
3646,700,646,4695,2.11651171003369,135,12.8450375912831,0.164772714364806,0.1931330472103,-0.0283603328454946
3647,700,647,4696,2.04807960328443,126,12.4441178928242,0.164582144023679,0.180257510729614,-0.0156753667059345
3648,700,648,4697,2.03828920777842,110,11.8908676785127,0.17141635605463,0.157367668097282,0.0140486879573481
3649,700,649,4698,1.99913932712047,126,12.8133134508226,0.15602048094688,0.180257510729614,-0.024237029782734
3650,700,650,4699,1.99835640413906,102,12.9777205863594,0.153983620686015,0.145922746781116,0.00806087390489937
3651,700,651,4700,2.09015079867027,126,12.4107893737737,0.168414009433369,0.180257510729614,-0.0118435012962452
3652,700,652,4701,2.05703319057266,108,14.1070621773461,0.145815844908939,0.15450643776824,-0.00869059285930146
3653,700,653,4702,2.00733349531329,105,13.3074767985371,0.150842532036874,0.150214592274678,0.000627939762195745
3654,700,654,4703,2.23154000164957,116,12.9830618197171,0.171880873143542,0.165951359084406,0.00592951405913594
3655,700,655,4704,1.94374079844478,114,13.1185227485392,0.148167658485878,0.163090128755365,-0.0149224702694869
3656,700,656,4705,2.02000337618587,106,13.0704171653851,0.154547735594509,0.151645207439199,0.00290252815531022
3657,700,657,4706,2.02950212822844,135,11.8933689351596,0.170641484283629,0.1931330472103,-0.0224915629266718
3658,700,658,4707,1.96108993473556,112,13.2384959775277,0.148135402848217,0.160228898426323,-0.0120934955781066
3659,700,659,4708,2.49795396501023,150,13.5472935341598,0.184387675568671,0.214592274678112,-0.0302045991094402
3660,700,660,4709,1.84504171313084,119,12.3549002781111,0.14933683571689,0.170243204577969,-0.0209063688610784
3661,700,661,4710,2.40712435528974,126,12.1457932035086,0.198185850438685,0.180257510729614,0.0179283397090713
3662,700,662,4711,1.82582319845803,104,12.9893642878201,0.14056293733867,0.148783977110157,-0.00822103977148686
3663,700,663,4712,2.16946289214058,134,12.6403718232142,0.171629673753452,0.19170243204578,-0.0200727582923279
3664,700,664,4713,1.87883060621045,105,13.2460977457757,0.141840309672305,0.150214592274678,-0.00837428260237333
3665,700,665,4714,2.00665183393876,119,13.4332386921517,0.149379600848688,0.170243204577969,-0.0208636037292805
3666,700,666,4715,2.0222451325249,114,13.0244535765996,0.15526525705141,0.163090128755365,-0.0078248717039543
3667,700,667,4716,2.19910768992822,113,12.0414514584242,0.182628123986641,0.161659513590844,0.0209686103957968
3668,700,668,4717,1.66045636687622,97,12.6345677725218,0.131421699322984,0.138769670958512,-0.00734797163552853
3669,700,669,4718,1.79046211671827,113,11.9222879858811,0.150177727533391,0.161659513590844,-0.0114817860574532
3670,700,670,4719,1.84190777113268,90,13.5160750876572,0.136275343188549,0.128755364806867,0.007519978381682
3671,700,671,4720,1.71156065086038,102,11.8067694771032,0.144964348984674,0.145922746781116,-0.000958397796442162
3672,700,672,4721,2.01486936106693,123,12.7046012297376,0.158593672058808,0.175965665236052,-0.0173719931772433
3673,700,673,4722,2.02452651946957,121,11.9227723055546,0.169803336638944,0.17310443490701,-0.00330109826806629
3674,700,674,4723,2.07790186402115,138,12.4112718933185,0.167420541736722,0.197424892703863,-0.0300043509671404
3675,700,675,4724,1.63097097698276,106,11.7779175174482,0.138477024870194,0.151645207439199,-0.013168182569005
3676,700,676,4725,2.07583490650792,116,13.1097361156594,0.158342997005742,0.165951359084406,-0.00760836207866394
3677,700,677,4726,2.13111150360813,126,13.0063689874849,0.163851379709337,0.180257510729614,-0.0164061310202764
3678,700,678,4727,2.15688664653656,133,11.5832029091176,0.186208138065059,0.190271816881259,-0.00406367881619954
3679,700,679,4728,2.4931566884852,151,12.8385623324104,0.194192825016812,0.216022889842632,-0.02183006482582
3680,700,680,4729,1.78423030458282,100,12.728583507333,0.140175087318626,0.143061516452074,-0.00288642913344819
3681,700,681,4730,2.11276941458316,132,13.3156287689161,0.158668392702205,0.188841201716738,-0.0301728090145335
3682,700,682,4731,1.99835118975635,119,13.4437440925165,0.148645435081492,0.170243204577969,-0.0215977694964767
3683,700,683,4732,2.29260030735956,134,13.2604711947384,0.172889807133644,0.19170243204578,-0.0188126249121361
3684,700,684,4733,1.94629017884344,112,12.5977020188579,0.154495651344188,0.160228898426323,-0.00573324708213543
3685,700,685,4734,2.0972961969298,125,13.2249670289617,0.158586119143956,0.178826895565093,-0.0202407764211371
3686,700,686,4735,1.9632122126459,120,12.7899303029719,0.153496709218949,0.171673819742489,-0.0181771105235405
3687,700,687,4736,2.61803559952243,149,12.8772932228105,0.203306359047949,0.213161659513591,-0.00985530046564154
3688,700,688,4737,2.0174522876851,116,12.907712533879,0.15629820406907,0.165951359084406,-0.0096531550153367
3689,700,689,4738,1.9922087389396,124,12.2933816364418,0.162055388651891,0.177396280400572,-0.0153408917486811
3690,700,690,4739,2.17776366454021,124,13.1187915177914,0.166003374745819,0.177396280400572,-0.0113929056547528
3691,700,691,4740,1.80012671931882,104,11.4536473140791,0.157166243202378,0.148783977110157,0.00838226609222048
3692,700,692,4741,1.82881002843228,111,12.3860695264636,0.147650554078105,0.158798283261803,-0.0111477291836976
3693,700,693,4742,1.97605252599677,132,12.6973528738478,0.155627125246457,0.188841201716738,-0.0332140764702816
3694,700,694,4743,2.00806568513793,119,11.7339199276597,0.17113340618632,0.170243204577969,0.000890201608351432
3695,700,695,4744,2.1890371062636,125,12.7926779697987,0.171116408263503,0.178826895565093,-0.00771048730159019
3696,700,696,4745,1.89747856685735,126,12.2993927424004,0.154274166749392,0.180257510729614,-0.0259833439802213
3697,700,697,4746,1.76765537168694,104,11.8674493760896,0.148949897797617,0.148783977110157,0.00016592068745952
3698,700,698,4747,2.08703087128599,135,11.9195571620777,0.175092987340664,0.1931330472103,-0.0180400598696363
3699,700,699,4748,2.20539619074057,131,13.7560691497337,0.160321685412817,0.187410586552217,-0.0270889011394
3700,700,700,4749,2.14580216667648,120,12.5038338083283,0.171611539274239,0.171673819742489,-6.22804682506584e-05
3701,700,701,4750,1.91443890157371,115,12.8364329578512,0.149141035353032,0.164520743919886,-0.0153797085668536
3702,700,702,4751,1.85075566403778,105,12.2219860312478,0.151428389731912,0.150214592274678,0.00121379745723374
3703,700,703,4752,1.86364639087865,99,13.1341833609803,0.141892825740142,0.141630901287554,0.000261924452588741
3704,700,704,4753,1.96372343351828,125,12.8641846354568,0.152650439119615,0.178826895565093,-0.0261764564454782
3705,700,705,4754,2.21049374552582,155,12.172782469274,0.181593136253395,0.221745350500715,-0.0401522142473207
3706,700,706,4755,1.78981606247797,103,13.0254978546465,0.137408648978397,0.147353361945637,-0.00994471296724
3707,700,707,4756,2.08899456254922,117,13.3670199851531,0.156279751572863,0.167381974248927,-0.0111022226760641
3708,700,708,4757,2.23151180805292,124,12.7925174386417,0.174438832603213,0.177396280400572,-0.00295744779735879
3709,700,709,4758,2.5464039289097,159,12.1745675085158,0.209157649922969,0.227467811158798,-0.0183101612358295
3710,700,710,4759,1.83390010386265,118,12.9225935578564,0.141914244663968,0.168812589413448,-0.0268983447494796
3711,700,711,4760,2.32978752404319,131,12.8898365069337,0.180746088035325,0.187410586552217,-0.00666449851689274
3712,700,712,4761,1.91490880839398,121,12.209967008597,0.156831611997452,0.17310443490701,-0.0162728229095579
3713,700,713,4762,2.08248441269304,119,12.9883850632225,0.160334360473323,0.170243204577969,-0.00990884410464549
3714,700,714,4763,2.11714011850299,120,12.4324726580791,0.1702911541999,0.171673819742489,-0.00138266554258931
3715,700,715,4764,2.2814299302676,130,12.894518068989,0.176930220893978,0.185979971387697,-0.00904975049371914
3716,700,716,4765,2.15426783677519,132,12.7532945313757,0.168918535636047,0.188841201716738,-0.0199226660806912
3717,700,717,4766,2.68653377349631,132,14.6331084762887,0.183592828403449,0.188841201716738,-0.00524837331328964
3718,700,718,4767,1.98833748527908,109,12.8493129838956,0.15474270786081,0.155937052932761,-0.00119434507195093
3719,700,719,4768,2.00335286140184,113,12.7159741308187,0.157546157360172,0.161659513590844,-0.00411335623067205
3720,700,720,4769,2.5215594651671,146,13.3024992619168,0.189555317051283,0.208869814020029,-0.0193144969687456
3721,700,721,4770,1.87725229590819,113,12.2251826786919,0.153556175416519,0.161659513590844,-0.00810333817432557
3722,700,722,4771,2.14165119009259,127,12.048618613366,0.177750766192963,0.181688125894134,-0.00393735970117196
3723,700,723,4772,1.97209127548849,114,12.113432553155,0.162802018902136,0.163090128755365,-0.000288109853228996
3724,700,724,4773,2.0017292332618,110,12.0267054975848,0.166440363378299,0.157367668097282,0.00907269528101681
3725,700,725,4774,1.97064323787354,100,13.1354397155693,0.150024915841816,0.143061516452074,0.00696339938974194
3726,700,726,4775,2.07800746081801,125,12.1700985975066,0.170746970056902,0.178826895565093,-0.0080799255081907
3727,700,727,4776,2.35485741106085,129,12.9154700441666,0.182328432725098,0.184549356223176,-0.00222092349807776
3728,700,728,4777,1.99486677527612,113,12.6578401059034,0.157599302770917,0.161659513590844,-0.00406021081992727
3729,700,729,4778,2.14465001316221,128,13.112682460004,0.163555399111034,0.183118741058655,-0.0195633419476211
3730,700,730,4779,2.05629582244626,132,12.5406850996149,0.163969975014316,0.188841201716738,-0.0248712267024222
3731,700,731,4780,2.23864377966715,156,12.6242484016726,0.177328876020101,0.223175965665236,-0.0458470896451355
3732,700,732,4781,2.23277358313029,147,11.4884661770454,0.194349145370815,0.210300429184549,-0.0159512838137346
3733,700,733,4782,2.23032000615473,106,12.6169449289283,0.176771795289446,0.151645207439199,0.0251265878502471
3734,700,734,4783,2.0145088751475,109,13.3503588657409,0.150895484938389,0.155937052932761,-0.005041567994372
3735,700,735,4784,2.21775068946024,139,12.9046650848437,0.171856508857789,0.198855507868383,-0.0269989990105947
3736,700,736,4785,2.17796531990716,131,12.6062434016518,0.17276878214344,0.187410586552217,-0.0146418044087773
3737,700,737,4786,2.06168287355594,129,12.2938943622523,0.167699738813945,0.184549356223176,-0.0168496174092307
3738,700,738,4787,1.86372695882721,111,12.5676855336095,0.148295161733883,0.158798283261803,-0.0105031215279191
3739,700,739,4788,1.91270419997001,109,13.0472099061578,0.146598714493532,0.155937052932761,-0.0093383384392291
3740,700,740,4789,2.05876181880425,117,13.4828217683366,0.152695174213391,0.167381974248927,-0.0146868000355362
3741,700,741,4790,2.49674481420792,132,12.9262446672607,0.193153145285236,0.188841201716738,0.00431194356849809
3742,700,742,4791,2.10203687634703,137,13.3247371944555,0.157754471677063,0.195994277539342,-0.0382398058622789
3743,700,743,4792,2.10674859009087,122,12.38205228102,0.170145347659389,0.174535050071531,-0.00438970241214187
3744,700,744,4793,2.1404031453141,120,13.2687869360572,0.161311139867479,0.171673819742489,-0.0103626798750107
3745,700,745,4794,2.25745648164511,122,13.6476183233601,0.165410288312438,0.174535050071531,-0.00912476175909288
3746,700,746,4795,2.1234622060997,128,13.3038696518988,0.159612373065954,0.183118741058655,-0.0235063679927013
3747,700,747,4796,1.96462564351505,104,13.1273910725581,0.149658498985527,0.148783977110157,0.000874521875369932
3748,700,748,4797,1.94675428812525,120,12.1142589127046,0.160699412333314,0.171673819742489,-0.0109744074091749
3749,700,749,4798,1.76407552658039,108,12.1402426441518,0.145308094598107,0.15450643776824,-0.00919834317013327
3750,700,750,4799,2.12301496732027,131,12.9333313101416,0.164150667481588,0.187410586552217,-0.0232599190706291
3751,700,751,4800,2.09017668057263,127,12.4642204556632,0.167694136027813,0.181688125894134,-0.0139939898663217
3752,700,752,4801,2.0429521949824,102,12.8889441028072,0.158504232673136,0.145922746781116,0.0125814858920205
3753,700,753,4802,2.41649927637192,142,12.8790075385709,0.187630861239488,0.203147353361946,-0.0155164921224579
3754,700,754,4803,2.14656649978379,116,14.3895881396616,0.149174978390609,0.165951359084406,-0.0167763806937972
3755,700,755,4804,2.20863378040171,137,13.1867997264914,0.16748823264258,0.195994277539342,-0.0285060448967618
3756,700,756,4805,2.05260508716907,113,12.5308901652392,0.16380361331895,0.161659513590844,0.00214409972810617
3757,700,757,4806,1.79215193165935,116,12.0452196872027,0.148785325481726,0.165951359084406,-0.0171660336026803
3758,700,758,4807,2.10535016854583,128,13.1794150882205,0.159745341842032,0.183118741058655,-0.0233733992166228
3759,700,759,4808,2.00879287228024,140,12.1255992326029,0.165665451557979,0.200286123032904,-0.0346206714749253
3760,700,760,4809,1.98893795912972,120,13.0531193023287,0.152372617844295,0.171673819742489,-0.0193012018981945
3761,700,761,4810,2.01886432892644,111,13.7227338086496,0.147118231474688,0.158798283261803,-0.0116800517871143
3762,700,762,4811,2.27372515917188,114,14.0768584382791,0.16152220107499,0.163090128755365,-0.00156792768037511
3763,700,763,4812,2.28539019515455,119,13.2739149079042,0.172171526713169,0.170243204577969,0.00192832213520031
3764,700,764,4813,2.08619348263924,107,13.0278206330503,0.160133727766159,0.15307582260372,0.00705790516243973
3765,700,765,4814,2.44909089809555,134,13.5633559898818,0.180566734362982,0.19170243204578,-0.0111356976827972
3766,700,766,4815,2.15770185148499,129,12.2419545764309,0.17625468531301,0.184549356223176,-0.00829467091016628
3767,700,767,4816,2.22985286973919,120,13.3452474238088,0.167089661129923,0.171673819742489,-0.00458415861256642
3768,700,768,4817,1.92893996015671,103,12.7767127920687,0.150973101731936,0.147353361945637,0.00361973978629937
3769,700,769,4818,2.16847919657021,116,12.5517321349333,0.172763342402362,0.165951359084406,0.00681198331795566
3770,700,770,4819,2.32664338360653,163,11.5680045266542,0.201127461373795,0.233190271816881,-0.0320628104430859
3771,700,771,4820,2.22514237461813,131,12.7682291697342,0.174271807393041,0.187410586552217,-0.0131387791591762
3772,700,772,4821,2.0565540764063,115,13.0889985872168,0.157120811244858,0.164520743919886,-0.00739993267502764
3773,700,773,4822,2.13805039433866,140,12.4324389228998,0.17197352889468,0.200286123032904,-0.0283125941382237
3774,700,774,4823,1.90697795128349,96,13.3800138564191,0.142524362960103,0.137339055793991,0.00518530716611185
3775,700,775,4824,2.25214079869525,140,13.0167900047185,0.173018140254153,0.200286123032904,-0.0272679827787513
3776,700,776,4825,2.17101521109769,114,13.7618082080941,0.157756537387347,0.163090128755365,-0.00533359136801811
3777,700,777,4826,2.3568061668949,138,13.0152028269121,0.181081017194878,0.197424892703863,-0.0163438755089846
3778,700,778,4827,2.48288903407402,147,12.6912943119483,0.195637180341526,0.210300429184549,-0.0146632488430233
3779,700,779,4828,2.47834483605724,141,13.5166712238673,0.183354673277919,0.201716738197425,-0.0183620649195061
3780,700,780,4829,2.33445256467653,131,13.3827672356124,0.174437208955141,0.187410586552217,-0.0129733775970763
3781,700,781,4830,2.33293444989748,140,13.2473845450245,0.176105286441141,0.200286123032904,-0.0241808365917631
3782,700,782,4831,2.31923483039213,155,12.2087798943762,0.189964505090345,0.221745350500715,-0.0317808454103703
3783,700,783,4832,1.72167217917229,94,13.05766312062,0.131851477807963,0.13447782546495,-0.00262634765698663
3784,700,784,4833,2.24452305136803,128,12.9640388002766,0.173134552121223,0.183118741058655,-0.00998418893743258
3785,700,785,4834,1.87181161689534,114,12.4901461996405,0.149863067011115,0.163090128755365,-0.0132270617442502
3786,700,786,4835,1.91263046785834,112,12.8159487604542,0.149238304834683,0.160228898426323,-0.0109905935916406
3787,700,787,4836,1.91952086671517,110,12.0289506091325,0.159575089223316,0.157367668097282,0.0022074211260337
3788,700,788,4837,1.95168328351186,127,11.6079559797364,0.168133243003234,0.181688125894134,-0.0135548828909001
3789,700,789,4838,1.68029269235825,93,12.6631044049765,0.132692003368297,0.133047210300429,-0.000355206932131868
3790,700,790,4839,2.61931700470645,151,14.2409814932686,0.18392812363,0.216022889842632,-0.0320947662126324
3791,700,791,4840,1.78575765810944,119,11.5512785365758,0.154593939749185,0.170243204577969,-0.0156492648287839
3792,700,792,4841,2.05822315319288,127,12.2854486656898,0.167533413650653,0.181688125894134,-0.014154712243481
3793,700,793,4842,2.00969280089409,123,12.6802744749939,0.158489692384601,0.175965665236052,-0.0174759728514509
3794,700,794,4843,2.19322595356386,134,12.1261617321344,0.180867285297028,0.19170243204578,-0.0108351467487519
3795,700,795,4844,2.17164356506545,129,13.2268098625805,0.164184983955139,0.184549356223176,-0.0203643722680374
3796,700,796,4845,2.11154754392042,102,12.7718128936615,0.165328725177955,0.145922746781116,0.0194059783968391
3797,700,797,4846,2.27343104194926,130,12.6652618576809,0.179501305815523,0.185979971387697,-0.00647866557217341
3798,700,798,4847,2.04418081919551,112,13.253237646834,0.154240108995845,0.160228898426323,-0.00598878943047856
3799,700,799,4848,1.76814741842658,116,11.9927628172246,0.147434535759106,0.165951359084406,-0.0185168233253008
3800,700,800,4849,2.08902338332511,112,12.591361523552,0.165909252896727,0.160228898426323,0.0056803544704041
3801,700,801,4850,2.03592756110749,108,13.3649487799174,0.152333360541325,0.15450643776824,-0.00217307722691576
3802,700,802,4851,2.41021123817839,139,12.724843650532,0.189409890162197,0.198855507868383,-0.00944561770618663
3803,700,803,4852,2.03752801204537,104,13.4865689209759,0.151078307906496,0.148783977110157,0.00229433079633878
3804,700,804,4853,2.26971265523963,146,11.7575985894921,0.193042196326391,0.208869814020029,-0.015827617693638
3805,700,805,4854,1.95716723085892,124,12.6356798651495,0.154892119121899,0.177396280400572,-0.0225041612786728
3806,700,806,4855,1.99458694373096,109,13.3776516453389,0.149098436452853,0.155937052932761,-0.00683861647990827
3807,700,807,4856,1.83233947794227,115,12.3850311887431,0.147947909861358,0.164520743919886,-0.0165728340585278
3808,700,808,4857,1.82851762923637,115,12.2432239341212,0.149349357577328,0.164520743919886,-0.0151713863425579
3809,700,809,4858,2.10475277595069,114,13.2251804879445,0.159147376315151,0.163090128755365,-0.00394275244021391
3810,700,810,4859,2.05337591481172,120,12.9849241347106,0.158135380192384,0.171673819742489,-0.0135384395501054
3811,700,811,4860,1.99164133640344,112,12.530732366496,0.158940537404548,0.160228898426323,-0.00128836102177554
3812,700,812,4861,1.80796640889639,111,12.3469758843224,0.146429897153364,0.158798283261803,-0.0123683861084385
3813,700,813,4862,1.98918435182995,107,12.814014315523,0.15523506551887,0.15307582260372,0.00215924291515091
3814,700,814,4863,2.10914792279096,114,12.2404555267842,0.172309594048668,0.163090128755365,0.00921946529330278
3815,700,815,4864,2.11442548263053,130,12.5742058398313,0.168155787296934,0.185979971387697,-0.017824184090763
3816,700,816,4865,2.48396644028191,141,13.5862768735225,0.182829075500645,0.201716738197425,-0.0188876626967802
3817,700,817,4866,2.14617062021201,143,12.4977630288311,0.171724381016107,0.204577968526466,-0.032853587510359
3818,700,818,4867,2.45179929175212,131,13.8907395666177,0.176506029790113,0.187410586552217,-0.0109045567621047
3819,700,819,4868,1.90312123632738,122,12.4900440991754,0.152371058197707,0.174535050071531,-0.0221639918738237
3820,700,820,4869,1.974469228511,127,12.7648638292513,0.154680007160469,0.181688125894134,-0.0270081187336651
3821,700,821,4870,1.97999344300792,107,13.175630748888,0.150276937836546,0.15307582260372,-0.00279888476717349
3822,700,822,4871,2.38491656391971,120,12.9579588287756,0.184050327326519,0.171673819742489,0.0123765075840302
3823,700,823,4872,1.89867819384883,132,11.8490255890991,0.160239184190436,0.188841201716738,-0.0286020175263025
3824,700,824,4873,1.86552452446203,113,12.1412208758254,0.153652136267162,0.161659513590844,-0.00800737732368234
3825,700,825,4874,1.88837124816568,121,11.6942141673575,0.161479105918614,0.17310443490701,-0.0116253289883959
3826,700,826,4875,2.48326799930318,145,13.3358688234101,0.186209689986152,0.207439198855508,-0.0212295088693564
3827,700,827,4876,1.91451540480867,111,13.3591361665952,0.143311317508385,0.158798283261803,-0.0154869657534175
3828,700,828,4877,2.16631889824802,126,12.5833870009908,0.172157058991942,0.180257510729614,-0.00810045173767154
3829,700,829,4878,2.37614749048024,143,13.0077646912565,0.182671469455273,0.204577968526466,-0.021906499071193
3830,700,830,4879,2.11740132214266,121,13.5595876101377,0.156155289011858,0.17310443490701,-0.0169491458951521
3831,700,831,4880,2.15379760337946,115,12.7454330148162,0.168985832091835,0.164520743919886,0.00446508817194963
3832,700,832,4881,2.69598032695259,154,13.2626620945994,0.203275956796818,0.220314735336195,-0.0170387785393764
3833,700,833,4882,1.85900446541531,99,12.5236815219979,0.148439136059949,0.141630901287554,0.00680823477239503
3834,700,834,4883,2.56033713020661,133,13.2723030514851,0.192908278259976,0.190271816881259,0.00263646137871715
3835,700,835,4884,2.02902693172186,117,12.1386599824925,0.167154112121792,0.167381974248927,-0.000227862127134909
3836,700,836,4885,2.09564558222318,119,12.8687871023986,0.162847171652453,0.170243204577969,-0.00739603292551538
3837,700,837,4886,2.02754541861502,107,12.9576205494614,0.156475134526092,0.15307582260372,0.00339931192237217
3838,700,838,4887,2.1022619116554,120,12.3879549846669,0.169702094837885,0.171673819742489,-0.00197172490460393
3839,700,839,4888,2.18816534757651,130,12.8827756935739,0.1698520101276,0.185979971387697,-0.016127961260097
3840,700,840,4889,1.93994425790885,101,11.8416024931386,0.163824470466131,0.144492131616595,0.0193323388495359
3841,700,841,4890,1.88173892461063,115,12.0296705570865,0.15642480944768,0.164520743919886,-0.00809593447220508
3842,700,842,4891,2.19261421076357,129,13.3997742680911,0.163630682644024,0.184549356223176,-0.0209186735791522
3843,700,843,4892,1.8801578115571,105,12.5192028374485,0.150181911417954,0.150214592274678,-3.26808567239767e-05
3844,700,844,4893,2.21308237826853,140,12.5118817582152,0.176878460093778,0.200286123032904,-0.0234076629391265
3845,700,845,4894,2.25018131239673,122,12.2503437585894,0.183683115897789,0.174535050071531,0.00914806582625841
3846,700,846,4895,1.73003147736699,108,12.4384646472097,0.139087220684836,0.15450643776824,-0.0154192170834045
3847,700,847,4896,2.21465184611618,149,12.3610687605952,0.179163459811508,0.213161659513591,-0.0339981997020829
3848,700,848,4897,1.9112657794974,113,12.9658751311683,0.147407387481541,0.161659513590844,-0.014252126109303
3849,700,849,4898,1.69646462306251,105,12.6621766751376,0.133978909518262,0.150214592274678,-0.0162356827564157
3850,700,850,4899,2.09720436315744,117,13.1525933642379,0.159451775408778,0.167381974248927,-0.00793019884014914
3851,700,851,4900,1.77310850940826,122,11.7750866025085,0.150581356151599,0.174535050071531,-0.0239536939199313
3852,700,852,4901,2.66849968180286,131,14.3645149093444,0.185770260857674,0.187410586552217,-0.00164032569454339
3853,700,853,4902,2.11340617062055,120,13.9806151006141,0.151166894690328,0.171673819742489,-0.0205069250521608
3854,700,854,4903,1.78646424977217,106,12.0843273646512,0.147833155778111,0.151645207439199,-0.00381205166108775
3855,700,855,4904,2.13876494553854,114,12.6529217672227,0.16903328613625,0.163090128755365,0.00594315738088511
3856,700,856,4905,1.87989869004213,110,12.6726460757644,0.148343027873027,0.157367668097282,-0.00902464022425439
3857,700,857,4906,1.8104668074693,129,11.1709490858451,0.162069202317229,0.184549356223176,-0.0224801539059465
3858,700,858,4907,2.367395497279,127,13.2456132258606,0.178730531905984,0.181688125894134,-0.00295759398815074
3859,700,859,4908,2.12938198279383,109,13.9348996293373,0.152809280255655,0.155937052932761,-0.0031277726771059
3860,700,860,4909,2.03484978787825,110,12.7433763367208,0.159679015522339,0.157367668097282,0.00231134742505676
3861,700,861,4910,1.90514090129171,110,11.9406370052445,0.159551027340915,0.157367668097282,0.002183359243633
3862,700,862,4911,1.99006901251373,129,12.1915134989485,0.163233958825979,0.184549356223176,-0.021315397397197
3863,700,863,4912,2.19285642671899,140,13.2079490114669,0.166025506671414,0.200286123032904,-0.0342606163614904
3864,700,864,4913,2.11516382292827,126,12.4888907521991,0.169363626033466,0.180257510729614,-0.0108938846961474
3865,700,865,4914,2.14432708213391,125,12.2299305716735,0.175334362657832,0.178826895565093,-0.00349253290726065
3866,700,866,4915,1.99698025725116,127,11.5424115041032,0.173012394900428,0.181688125894134,-0.00867573099370617
3867,700,867,4916,2.19983764707968,128,13.7493903127802,0.159995286848094,0.183118741058655,-0.023123454210561
3868,700,868,4917,1.81169489672307,104,13.1080531078382,0.138212355551087,0.148783977110157,-0.0105716215590702
3869,700,869,4918,2.17883170283411,117,12.423507435379,0.175379756012328,0.167381974248927,0.00799778176340113
3870,700,870,4919,1.97639499254269,119,11.9758417077018,0.165031823297368,0.170243204577969,-0.00521138128060097
3871,700,871,4920,1.81091913760793,102,12.3197119589095,0.146993626445811,0.145922746781116,0.00107087966469482
3872,700,872,4921,2.27663274158527,120,13.1678714669948,0.172892995446655,0.171673819742489,0.00121917570416571
3873,700,873,4922,2.05179784854848,141,11.3391286407161,0.18094845852449,0.201716738197425,-0.0207682796729346
3874,700,874,4923,1.7677322020712,92,13.3013203776461,0.13289900189473,0.131616595135908,0.00128240675882199
3875,700,875,4924,1.95843766312839,120,13.4908006420203,0.14516837918636,0.171673819742489,-0.0265054405561293
3876,700,876,4925,1.95354597774493,111,13.7381587220904,0.142198530186123,0.158798283261803,-0.0165997530756794
3877,700,877,4926,2.00386275335953,114,12.506983520622,0.160219508569391,0.163090128755365,-0.00287062018597395
3878,700,878,4927,2.03292954290234,117,12.5364612802236,0.162161354584911,0.167381974248927,-0.00522061966401643
3879,700,879,4928,2.06187411244185,107,13.7177001518107,0.150307565380753,0.15307582260372,-0.00276825722296664
3880,700,880,4929,1.81604929978919,111,12.3799740349008,0.146692496661908,0.158798283261803,-0.0121057865998949
3881,700,881,4930,2.05860834073543,125,12.0392429849175,0.170991510289676,0.178826895565093,-0.00783538527541672
3882,700,882,4931,2.02940309456131,128,12.0823569589631,0.167964173004824,0.183118741058655,-0.0151545680538317
3883,700,883,4932,1.9211074148779,120,12.8670826526742,0.149304039364249,0.171673819742489,-0.0223697803782407
3884,700,884,4933,1.92460284846002,102,12.691533814827,0.151644622040213,0.145922746781116,0.00572187525909712
3885,700,885,4934,2.12555106926695,127,12.6840826268195,0.167576255359031,0.181688125894134,-0.014111870535103
3886,700,886,4935,2.21130802857891,125,13.4749702785455,0.164104853878579,0.178826895565093,-0.0147220416865142
3887,700,887,4936,1.92779124719739,105,12.9287849216353,0.149108462928437,0.150214592274678,-0.00110612934624116
3888,700,888,4937,1.98590377403931,112,12.9985670276505,0.152778669357546,0.160228898426323,-0.00745022906877721
3889,700,889,4938,2.11632969544226,113,12.8871012091718,0.164220770915966,0.161659513590844,0.0025612573251218
3890,700,890,4939,2.05469995693271,108,12.8730274482483,0.159612800111935,0.15450643776824,0.00510636234369424
3891,700,891,4940,2.22089070359441,133,12.569600049289,0.176687459814606,0.190271816881259,-0.0135843570666533
3892,700,892,4941,2.15712499117494,117,13.0376397253468,0.165453643191353,0.167381974248927,-0.00192833105757448
3893,700,893,4942,2.23350858314181,129,12.7021916819964,0.175836472874796,0.184549356223176,-0.00871288334837989
3894,700,894,4943,2.13835372185352,128,11.8462671152637,0.180508653151868,0.183118741058655,-0.00261008790678713
3895,700,895,4944,1.9186114618587,112,11.8542548771946,0.161850026149661,0.160228898426323,0.00162112772333814
3896,700,896,4945,1.92513695865426,104,13.2696030265029,0.145078715226767,0.148783977110157,-0.00370526188339038
3897,700,897,4946,2.02305798353227,132,12.6444752050615,0.15999540911927,0.188841201716738,-0.0288457925974686
3898,700,898,4947,1.63279822712783,101,12.1409788070146,0.134486539601276,0.144492131616595,-0.0100055920153186
3899,700,899,4948,2.20700128641879,120,13.7538337564471,0.160464443987063,0.171673819742489,-0.0112093757554258
3900,700,900,4949,1.93480642869541,120,12.1320583936693,0.159478825926606,0.171673819742489,-0.0121949938158832
3901,700,901,4950,2.0636517712969,124,12.7948094322405,0.161288199111187,0.177396280400572,-0.0161080812893855
3902,700,902,4951,1.83727448086781,115,12.3063566836146,0.14929475295593,0.164520743919886,-0.0152259909639555
3903,700,903,4952,1.95211321097572,120,13.0226659201278,0.149901197108846,0.171673819742489,-0.0217726226336437
3904,700,904,4953,2.26015297877611,121,13.0550038507972,0.173125416476848,0.17310443490701,2.09815698375415e-05
3905,700,905,4954,2.40489359862804,147,13.1604853123073,0.182735935762115,0.210300429184549,-0.0275644934224347
3906,700,906,4955,2.12824522685453,112,13.0542471438763,0.163030866766827,0.160228898426323,0.00280196834050378
3907,700,907,4956,2.17095916916459,127,12.2151647171211,0.177726557065719,0.181688125894134,-0.00396156882841561
3908,700,908,4957,2.12346835456793,128,13.1528003774855,0.161446102246242,0.183118741058655,-0.021672638812413
3909,700,909,4958,2.34850758758384,132,12.9461341654533,0.181406090618991,0.188841201716738,-0.00743511109774722
3910,700,910,4959,2.33397744788497,135,12.9865340410678,0.179722891458502,0.1931330472103,-0.013410155751798
3911,700,911,4960,2.04386224303479,103,12.7982597990609,0.159698449252042,0.147353361945637,0.0123450873064058
3912,700,912,4961,2.76756332201654,158,13.2278418536206,0.209222589190469,0.226037195994278,-0.016814606803809
3913,700,913,4962,2.15588084147807,145,12.8031529322924,0.168386713247832,0.207439198855508,-0.0390524856076756
3914,700,914,4963,2.09241900211398,115,12.4677528130979,0.167826474704872,0.164520743919886,0.00330573078498683
3915,700,915,4964,2.18415951418278,117,12.3634452443097,0.176662691589793,0.167381974248927,0.00928071734086636
3916,700,916,4965,1.71632801574848,127,11.1376611012736,0.154101296505799,0.181688125894134,-0.0275868293883351
3917,700,917,4966,2.16705233140895,107,13.3705897438334,0.162076046975295,0.15307582260372,0.00900022437157549
3918,700,918,4967,2.62583799166113,154,12.4406847068309,0.211068607037307,0.220314735336195,-0.00924612829888746
3919,700,919,4968,2.28069446787145,162,11.6460858480703,0.195833561389155,0.23175965665236,-0.0359260952632054
3920,700,920,4969,1.83956490850272,112,12.2289682206663,0.150426828764993,0.160228898426323,-0.00980206966132985
3921,700,921,4970,2.01787304818732,115,13.2042870252011,0.152819538407193,0.164520743919886,-0.0117012055126921
3922,700,922,4971,2.2671843998655,112,13.4816644196017,0.168167989448626,0.160228898426323,0.00793909102230309
3923,700,923,4972,1.87475450828667,124,11.5805861886655,0.161887703933467,0.177396280400572,-0.0155085764671054
3924,700,924,4973,1.69222018228914,114,12.5738316954093,0.134582697087235,0.163090128755365,-0.02850743166813
3925,700,925,4974,1.98473031977354,148,11.0419067811001,0.179745252257581,0.21173104434907,-0.0319857920914889
3926,700,926,4975,2.54296515854484,154,12.1979529778956,0.20847474679998,0.220314735336195,-0.0118399885362145
3927,700,927,4976,2.43524534328857,141,13.3664198354271,0.182191295296146,0.201716738197425,-0.0195254429012785
3928,700,928,4977,2.31162828967604,137,12.9305124744516,0.178773137897157,0.195994277539342,-0.0172211396421847
3929,700,929,4978,1.94952836234126,134,12.997112067234,0.149997041824088,0.19170243204578,-0.0417053902216912
3930,700,930,4979,2.04572966726243,130,12.0815893259655,0.169326204696082,0.185979971387697,-0.0166537666916152
3931,700,931,4980,2.00928731711498,139,11.9663035183885,0.167912113713924,0.198855507868383,-0.0309433941544593
3932,700,932,4981,2.02596050168897,111,13.0856141316818,0.154823494052441,0.158798283261803,-0.00397478920936131
3933,700,933,4982,2.13638581507655,126,11.7589494522472,0.181681690507503,0.180257510729614,0.0014241797778895
3934,700,934,4983,1.84452227069354,110,12.826484690017,0.14380575155788,0.157367668097282,-0.013561916539402
3935,700,935,4984,1.9771464431329,105,12.7678548657184,0.154853455331916,0.150214592274678,0.00463886305723754
3936,700,936,4985,2.04607275046138,123,12.9421024831835,0.158094309106265,0.175965665236052,-0.0178713561297864
3937,700,937,4986,2.3259348542254,133,13.0709948777772,0.177946275396364,0.190271816881259,-0.0123255414848945
3938,700,938,4987,2.58605796269301,151,13.5936392338136,0.19024029681914,0.216022889842632,-0.0257825930234928
3939,700,939,4988,2.12013731580746,128,11.9098362842672,0.178015655732241,0.183118741058655,-0.00510308532641443
3940,700,940,4989,2.08578166432379,120,13.2829802933836,0.15702663244654,0.171673819742489,-0.0146471872959488
3941,700,941,4990,2.01225098550339,101,13.6856861049642,0.147033255773234,0.144492131616595,0.00254112415663846
3942,700,942,4991,1.93666370679193,115,12.3909308642491,0.156296869703282,0.164520743919886,-0.0082238742166032
3943,700,943,4992,1.96799338278507,117,13.5266204841025,0.145490396887974,0.167381974248927,-0.0218915773609529
3944,700,944,4993,2.22348241838159,131,12.1988601931289,0.182269686116575,0.187410586552217,-0.00514090043564247
3945,700,945,4994,2.1771646076305,146,13.1633056512578,0.165396494263009,0.208869814020029,-0.0434733197570191
3946,700,946,4995,1.82617891112118,113,11.6348017144679,0.156958318322721,0.161659513590844,-0.00470119526812338
3947,700,947,4996,1.96763541817513,109,12.3599160091391,0.159194885848758,0.155937052932761,0.0032578329159971
3948,700,948,4997,2.27189074278443,145,12.7515499443142,0.178165850638215,0.207439198855508,-0.0292733482172928
3949,700,949,4998,1.87618643386571,124,11.8426813840821,0.158425813632672,0.177396280400572,-0.0189704667678998
3950,700,950,4999,1.95896092011718,122,12.7118856012681,0.154104668777208,0.174535050071531,-0.0204303812943223
3951,700,951,5000,1.92099341516632,110,12.5513766892378,0.153050415323243,0.157367668097282,-0.00431725277403874
3952,700,952,5001,1.86281399256527,107,12.8616873764869,0.144834339230696,0.15307582260372,-0.00824148337302336
3953,700,953,5002,1.73692868668044,104,12.3472572843171,0.140673239949945,0.148783977110157,-0.00811073716021246
3954,700,954,5003,2.16165752692984,120,12.9007558652473,0.167560532848546,0.171673819742489,-0.00411328689394325
3955,700,955,5004,2.42174048844155,129,12.8916359561201,0.187853620493516,0.184549356223176,0.00330426427033978
3956,700,956,5005,1.91407367478715,100,13.2398235521778,0.144569424754328,0.143061516452074,0.00150790830225381
3957,700,957,5006,2.16156323590448,123,13.4068577180123,0.161228177502055,0.175965665236052,-0.0147374877339969
3958,700,958,5007,1.94742181285345,108,12.5409962855985,0.155284458148654,0.15450643776824,0.000778020380414107
3959,700,959,5008,2.34239895475412,115,12.5420920532165,0.186763017271381,0.164520743919886,0.0222422733514951
3960,700,960,5009,1.63172917789877,97,11.6309073200312,0.140292509689984,0.138769670958512,0.00152283873147138
3961,700,961,5010,2.11213401463888,122,12.7015143242124,0.166289936831594,0.174535050071531,-0.00824511323993637
3962,700,962,5011,2.19513104362632,119,13.1990372225436,0.166309936597277,0.170243204577969,-0.00393326798069171
3963,700,963,5012,2.01144955799386,142,12.3240906823127,0.163212817062492,0.203147353361946,-0.0399345362994533
3964,700,964,5013,1.77273655525038,104,13.2171158340288,0.134124311045704,0.148783977110157,-0.0146596660644529
3965,700,965,5014,1.81825080154478,109,11.9522608661175,0.152126097473256,0.155937052932761,-0.00381095545950502
3966,700,966,5015,2.25651934911391,127,12.9052247666961,0.174853161406162,0.181688125894134,-0.0068349644879723
3967,700,967,5016,2.16702335340267,119,12.003371448133,0.180534557542141,0.170243204577969,0.0102913529641728
3968,700,968,5017,2.3223262388283,129,13.3425855049528,0.174053689816433,0.184549356223176,-0.0104956664067427
3969,700,969,5018,2.30610072436858,128,13.1797375974061,0.174973189513457,0.183118741058655,-0.00814555154519786
3970,700,970,5019,2.0411619074476,114,12.6009399548943,0.161984892774192,0.163090128755365,-0.00110523598117249
3971,700,971,5020,2.26386212193846,119,14.1987247620246,0.15944122869353,0.170243204577969,-0.0108019758844386
3972,700,972,5021,2.03922743925799,120,12.4381739722506,0.163949100873447,0.171673819742489,-0.00772471886904233
3973,700,973,5022,2.12101878888055,144,12.7297335298821,0.166619260639009,0.206008583690987,-0.0393893230519784
3974,700,974,5023,2.18726327724978,128,12.3152757136042,0.177605709211495,0.183118741058655,-0.00551303184716009
3975,700,975,5024,2.32337290612833,130,13.3613290520926,0.1738878592893,0.185979971387697,-0.0120921120983964
3976,700,976,5025,1.79607133641856,108,13.284108717046,0.135204504470357,0.15450643776824,-0.019301933297883
3977,700,977,5026,1.88363773070593,115,13.0840924077099,0.143963958065291,0.164520743919886,-0.0205567858545947
3978,700,978,5027,2.18641761820659,130,12.280489208198,0.178039944593333,0.185979971387697,-0.00794002679436367
3979,700,979,5028,2.01109119233522,114,13.3548835162284,0.150588448779161,0.163090128755365,-0.0125016799762039
3980,700,980,5029,1.99482463269996,129,12.2484450359523,0.162863500374508,0.184549356223176,-0.0216858558486682
3981,700,981,5030,1.79104298136888,108,12.781758060052,0.140124932184923,0.15450643776824,-0.0143815055833177
3982,700,982,5031,2.19864842375318,116,13.0645103425482,0.16829168228316,0.165951359084406,0.00234032319875407
3983,700,983,5032,1.93150752016934,111,13.0632586897587,0.14785801659762,0.158798283261803,-0.0109402666641826
3984,700,984,5033,2.05320409637656,124,12.932294512162,0.158765646300867,0.177396280400572,-0.0186306340997049
3985,700,985,5034,1.97470711945577,106,12.2833274995068,0.160763206837484,0.151645207439199,0.00911799939828536
3986,700,986,5035,2.43542223633003,130,13.6325184090611,0.178648006424938,0.185979971387697,-0.00733196496275915
3987,700,987,5036,1.77440504861519,99,11.8259426148975,0.150043434709375,0.141630901287554,0.0084125334218213
3988,700,988,5037,2.16592598514232,137,12.3304324603373,0.175656935967927,0.195994277539342,-0.0203373415714148
3989,700,989,5038,2.43280564926363,140,13.0876766308233,0.185885219958295,0.200286123032904,-0.0144009030746088
3990,700,990,5039,2.09376247002457,122,12.9408356605063,0.161794997243837,0.174535050071531,-0.012740052827694
3991,700,991,5040,2.03458215476804,99,13.4094729029294,0.151727228168944,0.141630901287554,0.0100963268813904
3992,700,992,5041,2.44033636859333,144,14.0192532148089,0.174070353905552,0.206008583690987,-0.0319382297854353
3993,700,993,5042,2.21162265235644,156,11.7957185595322,0.187493677574157,0.223175965665236,-0.0356822880910787
3994,700,994,5043,1.98335472606279,124,12.3461503399817,0.160645599757514,0.177396280400572,-0.016750680643058
3995,700,995,5044,1.97471207597648,125,12.6716606794009,0.155836880890173,0.178826895565093,-0.0229900146749197
3996,700,996,5045,1.91040948812251,106,12.8067275903657,0.149172337323681,0.151645207439199,-0.00247287011551803
3997,700,997,5046,2.35487396512985,128,13.1076827347285,0.179656008829895,0.183118741058655,-0.00346273222875998
3998,700,998,5047,1.65400990984381,107,11.5117152950108,0.143680578215886,0.15307582260372,-0.00939524438783351
3999,700,999,5048,2.24191459434873,145,12.0824164851599,0.185551838665911,0.207439198855508,-0.0218873601895967
4000,700,1000,5049,2.15196588750747,134,13.3614336323635,0.161058008198691,0.19170243204578,-0.0306444238470889
4001,750,1,5050,2.19146797767691,132,13.5814122685499,0.161357886377666,0.176234979973298,-0.0148770935956317
4002,750,2,5051,1.92537470502725,104,12.9154615597281,0.149075175991448,0.138851802403204,0.0102233735882438
4003,750,3,5052,2.3325664725187,124,13.9605246177398,0.167083009871611,0.165554072096128,0.00152893777548324
4004,750,4,5053,2.36690329574836,136,13.3264611844642,0.177609288991714,0.181575433911883,-0.0039661449201682
4005,750,5,5054,2.22520920182445,116,13.4535187229248,0.165399792251576,0.154873164218959,0.0105266280326174
4006,750,6,5055,1.8994031399238,113,13.7562202258866,0.138075947370302,0.15086782376502,-0.0127918763947185
4007,750,7,5056,1.81307579674025,116,12.5227475130639,0.144782588233838,0.154873164218959,-0.0100905759851209
4008,750,8,5057,2.21671678591046,130,13.6006227358961,0.162986418265972,0.173564753004005,-0.0105783347380332
4009,750,9,5058,2.34120197037194,155,12.974539391006,0.180445863996904,0.20694259012016,-0.0264967261232559
4010,750,10,5059,1.97198090429863,132,11.742802516798,0.167931028515359,0.176234979973298,-0.00830395145793877
4011,750,11,5060,1.96782685675427,113,13.2752658447935,0.148232576263325,0.15086782376502,-0.002635247501695
4012,750,12,5061,1.92066195144872,117,13.1797639268082,0.145728099692439,0.156208277703605,-0.0104801780111658
4013,750,13,5062,1.93539673954093,123,13.6574786487409,0.14170966613368,0.164218958611482,-0.0225092924778019
4014,750,14,5063,2.19548010889182,120,12.9519098729107,0.16951014409726,0.160213618157543,0.00929652593971644
4015,750,15,5064,2.2704949319057,127,13.7322101403263,0.165340823414733,0.169559412550067,-0.0042185891353333
4016,750,16,5065,1.993530746458,112,12.6210414077,0.157952951904727,0.149532710280374,0.00842024162435337
4017,750,17,5066,2.08378647369191,120,13.0245887117689,0.1599886583604,0.160213618157543,-0.000224959797143098
4018,750,18,5067,2.29145129736129,134,14.3376889885222,0.159820128557375,0.17890520694259,-0.0190850783852148
4019,750,19,5068,1.93842667442422,134,12.3593237115679,0.156839218687178,0.17890520694259,-0.0220659882554124
4020,750,20,5069,2.03459008239099,131,11.6520976688967,0.174611485434249,0.174899866488652,-0.000288381054402959
4021,750,21,5070,2.46983093636192,148,14.2676057785965,0.173107595954678,0.197596795727637,-0.0244891997729588
4022,750,22,5071,2.08877880084895,128,13.0470562638576,0.16009579161816,0.170894526034713,-0.0107987344165529
4023,750,23,5072,2.04641508595059,122,13.9158062389848,0.14705688271353,0.162883845126836,-0.0158269624133063
4024,750,24,5073,1.75981683353431,111,12.4749180042967,0.141068408860739,0.148197596795728,-0.00712918793498904
4025,750,25,5074,1.91077042435815,126,12.3289910631944,0.154981897104488,0.168224299065421,-0.0132424019609322
4026,750,26,5075,2.31711498456326,128,13.5372488957711,0.171165869993504,0.170894526034713,0.000271343958791054
4027,750,27,5076,2.3324744682739,155,13.5479790857222,0.172164014537934,0.20694259012016,-0.0347785755822262
4028,750,28,5077,1.82449860566474,111,13.4356152474438,0.135795687213644,0.148197596795728,-0.0124019095820839
4029,750,29,5078,1.8561598886581,130,12.2633092285942,0.151358809768094,0.173564753004005,-0.0222059432359115
4030,750,30,5079,2.36659115028811,121,14.4340797836233,0.163958574828802,0.16154873164219,0.00240984318661275
4031,750,31,5080,2.59615704157287,165,13.7589836195383,0.188688141025636,0.220293724966622,-0.0316055839409858
4032,750,32,5081,2.27792222600736,138,13.0797061493546,0.174156987932008,0.184245660881175,-0.0100886729491669
4033,750,33,5082,1.86679523362423,106,12.6239035865117,0.14787781139416,0.141522029372497,0.00635578202166301
4034,750,34,5083,2.06538524594256,144,12.1674362479617,0.16974695439958,0.192256341789052,-0.0225093873894716
4035,750,35,5084,2.08288237164458,118,13.1051267931555,0.15893645323084,0.157543391188251,0.00139306204258866
4036,750,36,5085,2.4155112836203,151,13.3728686351234,0.180627758301315,0.201602136181575,-0.0209743778802604
4037,750,37,5086,1.67430244422262,103,12.4555199146214,0.134422525570946,0.137516688918558,-0.00309416334761253
4038,750,38,5087,1.89769836550583,112,13.5778558785286,0.139764214798211,0.149532710280374,-0.00976849548216294
4039,750,39,5088,2.14618717740031,129,13.1212380884663,0.163565904599112,0.172229639519359,-0.00866373492024713
4040,750,40,5089,2.49673323379728,161,12.7436345361818,0.195920027893813,0.214953271028037,-0.0190332431342248
4041,750,41,5090,2.02981167724547,142,12.6907934594001,0.159943638176696,0.18958611481976,-0.0296424766430632
4042,750,42,5091,2.42450654233379,173,13.1778765884555,0.183983096674147,0.230974632843792,-0.0469915361696446
4043,750,43,5092,1.68812167477486,107,12.9227143747023,0.130632127726939,0.142857142857143,-0.0122250151302038
4044,750,44,5093,2.14413522424393,129,12.7494284630876,0.168175007252417,0.172229639519359,-0.00405463226694167
4045,750,45,5094,2.05267108620382,113,13.6401500791723,0.150487426772388,0.15086782376502,-0.000380396992632398
4046,750,46,5095,2.12167647241475,130,13.5573350694314,0.156496572633853,0.173564753004005,-0.0170681803701526
4047,750,47,5096,1.85965388449294,114,12.7884729929868,0.145416414102979,0.152202937249666,-0.00678652314668696
4048,750,48,5097,2.15770603111486,117,13.6414052529278,0.15817329601375,0.156208277703605,0.00196501831014481
4049,750,49,5098,2.05592329131367,118,13.5463129417496,0.15176995394646,0.157543391188251,-0.00577343724179108
4050,750,50,5099,2.09310848370449,154,12.8733643878966,0.162592188074192,0.205607476635514,-0.0430152885613217
4051,750,51,5100,2.30457869967726,127,13.696207231377,0.168264006286181,0.169559412550067,-0.00129540626388569
4052,750,52,5101,1.78920402741491,111,12.0412447161842,0.148589624211366,0.148197596795728,0.000392027415638846
4053,750,53,5102,2.21378406236127,131,12.4415121781767,0.177935288786231,0.174899866488652,0.00303542229757903
4054,750,54,5103,2.13469658869587,127,13.3182031243644,0.160284129079744,0.169559412550067,-0.00927528347032303
4055,750,55,5104,2.00661375844197,129,12.8468267946424,0.156195283903011,0.172229639519359,-0.0160343556163485
4056,750,56,5105,1.90218293479777,123,12.539281418036,0.151697922024602,0.164218958611482,-0.0125210365868797
4057,750,57,5106,2.44613060129786,151,13.9907058407786,0.174839684940565,0.201602136181575,-0.02676245124101
4058,750,58,5107,1.87588452436222,133,12.2947024576829,0.152576650863965,0.177570093457944,-0.0249934425939784
4059,750,59,5108,2.0962549869546,138,13.4064077764689,0.15636216814425,0.184245660881175,-0.0278834927369253
4060,750,60,5109,2.19994639068959,157,12.4413655459837,0.176825154968601,0.209612817089453,-0.0327876621208512
4061,750,61,5110,2.48155927902584,144,13.777329451658,0.180119034514864,0.192256341789052,-0.012137307274188
4062,750,62,5111,2.36503483682269,147,12.9370933877189,0.182810370609816,0.196261682242991,-0.0134513116331749
4063,750,63,5112,1.98367171692992,136,11.7716773779905,0.168512239439962,0.181575433911883,-0.0130631944719202
4064,750,64,5113,2.24397076212339,140,13.1515315741648,0.170624291890954,0.186915887850467,-0.0162915959595135
4065,750,65,5114,2.60537430508903,156,13.7969185821516,0.188837405220284,0.208277703604806,-0.0194402983845227
4066,750,66,5115,1.82022572162847,115,13.2543588243576,0.137330348887449,0.153538050734312,-0.0162077018468637
4067,750,67,5116,1.90053180886873,126,12.6966263557657,0.14968793722166,0.168224299065421,-0.0185363618437608
4068,750,68,5117,2.03744178659293,101,12.688788279529,0.160570240570565,0.134846461949266,0.0257237786212996
4069,750,69,5118,2.11291656961602,123,12.7199651281475,0.166110248599694,0.164218958611482,0.00189128998821245
4070,750,70,5119,2.08074035799585,129,13.1015151869129,0.158816772587822,0.172229639519359,-0.0134128669315367
4071,750,71,5120,2.04533755075705,113,13.5016683301688,0.151487764381447,0.15086782376502,0.000619940616427062
4072,750,72,5121,1.95705722701073,110,13.6798332074144,0.14306148308519,0.146862483311081,-0.00380100022589167
4073,750,73,5122,2.11448506593262,116,13.1557525892489,0.160727031888744,0.154873164218959,0.00585386766978493
4074,750,74,5123,2.32895879793438,145,12.7744600962761,0.182313677476929,0.193591455273698,-0.0112777777967688
4075,750,75,5124,2.10966454363293,115,14.2594498266954,0.147948523209036,0.153538050734312,-0.00558952752527625
4076,750,76,5125,2.42074097100522,142,14.2160042594316,0.170282797249388,0.18958611481976,-0.0193033175703717
4077,750,77,5126,2.11435377234162,138,13.4776387605148,0.15687864988161,0.184245660881175,-0.0273670109995648
4078,750,78,5127,2.02344626949523,110,13.7075165405655,0.147615818190489,0.146862483311081,0.000753334879407125
4079,750,79,5128,2.00442201578388,110,13.0526062541285,0.153564887866734,0.146862483311081,0.00670240455565291
4080,750,80,5129,1.64084650002563,107,11.7434294502116,0.139724644064351,0.142857142857143,-0.00313249879279215
4081,750,81,5130,2.45382086510832,147,13.682879422592,0.179335123063116,0.196261682242991,-0.016926559179875
4082,750,82,5131,1.93840548874239,113,12.7912054154986,0.151542049851978,0.15086782376502,0.000674226086958163
4083,750,83,5132,1.8377564648987,119,13.3073927182672,0.138100415596512,0.158878504672897,-0.0207780890763855
4084,750,84,5133,2.07025500053703,124,12.7047653429715,0.162951061641003,0.165554072096128,-0.00260301045512509
4085,750,85,5134,2.09335347895064,121,13.6444160899445,0.153421990736076,0.16154873164219,-0.00812674090611362
4086,750,86,5135,2.22784654140993,139,12.3739141399504,0.180043801517671,0.185580774365821,-0.00553697284814988
4087,750,87,5136,2.15690005491518,136,13.9685530575022,0.154411129487515,0.181575433911883,-0.0271643044243678
4088,750,88,5137,2.14296182178621,126,13.972140388946,0.15337391137879,0.168224299065421,-0.0148503876866307
4089,750,89,5138,2.39486438287014,136,14.0972731705876,0.169881391520934,0.181575433911883,-0.0116940423909489
4090,750,90,5139,2.56176260630088,176,12.5895199832747,0.203483739626626,0.23497997329773,-0.031496233671104
4091,750,91,5140,2.0446675427242,121,13.5784997937286,0.150581255203801,0.16154873164219,-0.0109674764383884
4092,750,92,5141,2.42701159798414,130,14.2626139036915,0.170165974790636,0.173564753004005,-0.00339877821336929
4093,750,93,5142,2.26743136841941,130,12.4122775808989,0.182676495400709,0.173564753004005,0.00911174239670404
4094,750,94,5143,2.02945389475218,116,13.656694887189,0.148605054994379,0.154873164218959,-0.00626810922457929
4095,750,95,5144,1.97817722214217,111,13.494093189396,0.14659578782935,0.148197596795728,-0.00160180896637799
4096,750,96,5145,2.03393619783526,116,12.8809450018891,0.157902715797402,0.154873164218959,0.00302955157844362
4097,750,97,5146,1.97810026471187,127,13.2378096775823,0.149428063470477,0.169559412550067,-0.0201313490795896
4098,750,98,5147,2.53590051590292,153,13.3489657611471,0.189969811989764,0.204272363150868,-0.0143025511611038
4099,750,99,5148,2.0334752641023,124,13.3376927168752,0.152460797175924,0.165554072096128,-0.0130932749202045
4100,750,100,5149,1.91113145267637,124,13.5287066450457,0.141264904533667,0.165554072096128,-0.0242891675624608
4101,750,101,5150,2.02928735750295,147,12.8846507552893,0.157496496881757,0.196261682242991,-0.0387651853612333
4102,750,102,5151,1.96122790215629,121,13.238609346251,0.14814455588658,0.16154873164219,-0.0134041757556092
4103,750,103,5152,2.02954750738132,141,13.0412362927319,0.155625391782251,0.188251001335113,-0.0326256095528623
4104,750,104,5153,1.89767359070157,135,12.4237271309623,0.15274591680078,0.180240320427236,-0.0274944036264561
4105,750,105,5154,1.97794776342477,126,13.492578132631,0.146595242509008,0.168224299065421,-0.0216290565564129
4106,750,106,5155,2.69869460243067,170,13.1116183559032,0.205824676190002,0.226969292389853,-0.0211446161998508
4107,750,107,5156,2.01449479046503,134,13.5000577754378,0.149221197714444,0.17890520694259,-0.029684009228146
4108,750,108,5157,2.21446298376587,139,13.4392335546279,0.164775987764817,0.185580774365821,-0.0208047866010044
4109,750,109,5158,2.28267837930617,127,13.6182862225842,0.167618622637013,0.169559412550067,-0.00194078991305344
4110,750,110,5159,2.17023020339765,115,13.3302323070135,0.162805129979304,0.153538050734312,0.00926707924499112
4111,750,111,5160,1.77305870666215,106,12.0164013435961,0.147553219634019,0.141522029372497,0.00603119026152246
4112,750,112,5161,2.2345207744184,147,12.9484512013501,0.172570505898452,0.196261682242991,-0.023691176344539
4113,750,113,5162,2.06104654287283,130,12.9293078798072,0.159408884221231,0.173564753004005,-0.014155868782774
4114,750,114,5163,2.37010582987423,127,13.60339795275,0.174228956478856,0.169559412550067,0.00466954392878899
4115,750,115,5164,2.04048630197713,126,12.0170953365841,0.169798628106511,0.168224299065421,0.00157432904109003
4116,750,116,5165,2.0063330792626,118,12.5583489457263,0.159760895953235,0.157543391188251,0.00221750476498397
4117,750,117,5166,2.2873834796607,137,12.9849790875536,0.176156115788682,0.182910547396529,-0.00675443160784678
4118,750,118,5167,1.94858156242671,103,14.1615810984927,0.137596328324816,0.137516688918558,7.96394062580752e-05
4119,750,119,5168,2.0058629742268,124,13.0838968195224,0.153307764643471,0.165554072096128,-0.012246307452657
4120,750,120,5169,2.10702855215569,133,13.2350467936666,0.159200687765152,0.177570093457944,-0.0183694056927917
4121,750,121,5170,2.011568262489,133,12.5437071844101,0.160364733719954,0.177570093457944,-0.0172053597379901
4122,750,122,5171,2.12831711327864,128,11.9822124781048,0.177623048929214,0.170894526034713,0.00672852289450132
4123,750,123,5172,2.24875657812725,147,12.8653677783916,0.174791472491304,0.196261682242991,-0.0214702097516863
4124,750,124,5173,2.08361450090835,123,12.7579122117498,0.163319394766597,0.164218958611482,-0.000899563844885098
4125,750,125,5174,2.02587955124878,113,13.4041934331125,0.151137743673873,0.15086782376502,0.000269919908853333
4126,750,126,5175,1.94617937990784,125,13.9608550967405,0.139402591490418,0.166889185580774,-0.0274865940903563
4127,750,127,5176,2.08365032071872,126,12.7359074238127,0.163604386509818,0.168224299065421,-0.00461991255560237
4128,750,128,5177,2.68376431428865,158,13.399942604108,0.200281776838797,0.210947930574099,-0.0106661537353018
4129,750,129,5178,2.0563797830048,114,13.177640255601,0.15605068457767,0.152202937249666,0.00384774732800378
4130,750,130,5179,2.32013291658132,140,14.1446461929175,0.164029052755173,0.186915887850467,-0.0228868350952944
4131,750,131,5180,2.0880298038776,119,13.4880701348321,0.154805675163669,0.158878504672897,-0.00407282950922855
4132,750,132,5181,1.73929785902307,116,12.2476671774381,0.142010542401666,0.154873164218959,-0.0128626218172927
4133,750,133,5182,1.76077893633623,117,12.1180572282316,0.145302081280333,0.156208277703605,-0.010906196423272
4134,750,134,5183,2.02987684202056,128,13.9512618277478,0.145497723939445,0.170894526034713,-0.0253968020952684
4135,750,135,5184,1.62157170663757,113,12.9628360452337,0.125093899280921,0.15086782376502,-0.0257739244840985
4136,750,136,5185,2.14771208579856,147,13.0985963271621,0.163965056419437,0.196261682242991,-0.0322966258235534
4137,750,137,5186,2.43163891335779,136,13.6341089801803,0.178349675574152,0.181575433911883,-0.00322575833773081
4138,750,138,5187,2.02732643748255,116,13.1316846853819,0.154384337276949,0.154873164218959,-0.000488826942010023
4139,750,139,5188,2.20469352887704,144,12.7206027545648,0.173316750111223,0.192256341789052,-0.0189395916778288
4140,750,140,5189,1.86291129433239,115,12.9517831000732,0.143834349289084,0.153538050734312,-0.00970370144522847
4141,750,141,5190,2.42654510229297,147,12.890292317372,0.18824593287328,0.196261682242991,-0.00801574936971067
4142,750,142,5191,2.00063620152857,122,13.5051766443781,0.148138469729783,0.162883845126836,-0.0147453753970531
4143,750,143,5192,1.87619333476583,104,13.4645249730697,0.139343447950699,0.138851802403204,0.000491645547495201
4144,750,144,5193,2.06602336688192,138,12.4877939118865,0.165443422710185,0.184245660881175,-0.0188022381709902
4145,750,145,5194,1.81622281498351,122,13.5066300287964,0.13446898383322,0.162883845126836,-0.0284148612936162
4146,750,146,5195,2.52345686596418,135,13.9478876036135,0.180920361396547,0.180240320427236,0.000680040969310847
4147,750,147,5196,2.42639477622094,132,14.0785586944423,0.172346816807234,0.176234979973298,-0.00388816316606325
4148,750,148,5197,1.87485167731296,116,12.9335090543694,0.144960789019557,0.154873164218959,-0.00991237519940205
4149,750,149,5198,2.13843345074332,135,13.2312608016012,0.161619779309659,0.180240320427236,-0.0186205411175775
4150,750,150,5199,1.83283667102093,118,12.4837533680496,0.146817757206885,0.157543391188251,-0.0107256339813663
4151,750,151,5200,2.22899597772542,115,14.5949689633869,0.152723584635028,0.153538050734312,-0.000814466099284622
4152,750,152,5201,1.9011737096447,107,13.7069310829516,0.138701631907185,0.142857142857143,-0.00415551094995831
4153,750,153,5202,2.07112609981665,131,11.6895689554439,0.177177285810193,0.174899866488652,0.00227741932154127
4154,750,154,5203,1.86647697491759,121,12.2410143545291,0.152477312815747,0.16154873164219,-0.00907141882644227
4155,750,155,5204,2.27428460296696,121,14.09807799781,0.161318770070661,0.16154873164219,-0.000229961571528436
4156,750,156,5205,2.23443193929531,135,13.1725813104633,0.169627492640372,0.180240320427236,-0.0106128277868646
4157,750,157,5206,2.04491960101652,117,14.1180207225766,0.144844638012637,0.156208277703605,-0.011363639690968
4158,750,158,5207,1.79139063613748,126,12.9270691777165,0.138576703776403,0.168224299065421,-0.0296475952890176
4159,750,159,5208,1.74839747699473,123,12.9614879281179,0.134891725910716,0.164218958611482,-0.0293272327007662
4160,750,160,5209,2.07814201455396,123,12.7667952540531,0.162777108365877,0.164218958611482,-0.00144185024560484
4161,750,161,5210,1.93927943535901,129,12.4095869005061,0.156272682636996,0.172229639519359,-0.0159569568823632
4162,750,162,5211,2.68011970109072,193,12.8111024172037,0.209202894006347,0.257676902536716,-0.0484740085303682
4163,750,163,5212,1.65628460064312,101,12.4387397033574,0.133155338896276,0.134846461949266,-0.00169112305298991
4164,750,164,5213,1.81810688317778,117,12.913176249417,0.140794708293388,0.156208277703605,-0.0154135694102169
4165,750,165,5214,1.95811904706412,128,12.3594169238907,0.158431345032068,0.170894526034713,-0.0124631810026445
4166,750,166,5215,2.08970549875657,120,13.5440927678252,0.154289071595905,0.160213618157543,-0.00592454656163829
4167,750,167,5216,2.0865510953435,129,14.2580667641089,0.146341795831386,0.172229639519359,-0.0258878436879728
4168,750,168,5217,1.82672216264196,110,13.4098842335811,0.136222068052421,0.146862483311081,-0.0106404152586606
4169,750,169,5218,2.16634338462072,132,13.5023745996178,0.160441659253184,0.176234979973298,-0.0157933207201139
4170,750,170,5219,1.86181187714201,120,13.2845003432747,0.140149183562222,0.160213618157543,-0.0200644345953212
4171,750,171,5220,1.94504468200176,123,13.2470802420629,0.146828179980803,0.164218958611482,-0.0173907786306786
4172,750,172,5221,1.99899367301067,112,14.1563274155117,0.141208493865457,0.149532710280374,-0.00832421641491723
4173,750,173,5222,2.38330183074619,140,13.274082071979,0.179545509649759,0.186915887850467,-0.00737037820070829
4174,750,174,5223,2.27263371042416,141,13.6959931492286,0.165934203212723,0.188251001335113,-0.0223167981223908
4175,750,175,5224,1.61822737707141,115,11.3498326782111,0.142577201175663,0.153538050734312,-0.0109608495586494
4176,750,176,5225,2.48429032701951,157,13.3589995167425,0.185963800949765,0.209612817089453,-0.0236490161396881
4177,750,177,5226,1.80890760358643,101,13.4459459890465,0.13453182134303,0.134846461949266,-0.000314640606235289
4178,750,178,5227,2.29256344152506,126,12.8165072279466,0.17887583572895,0.168224299065421,0.010651536663529
4179,750,179,5228,2.09262238088589,136,13.3835341490794,0.156357981201089,0.181575433911883,-0.0252174527107936
4180,750,180,5229,2.79687302887826,147,13.6250740026075,0.20527396976655,0.196261682242991,0.00901228752355956
4181,750,181,5230,1.8092769743656,131,12.2938622602004,0.14716912684331,0.174899866488652,-0.0277307396453419
4182,750,182,5231,1.9751542012008,119,13.0400839940026,0.15146790481635,0.158878504672897,-0.00741059985654693
4183,750,183,5232,2.19458056257962,127,14.1922414487197,0.154632414513889,0.169559412550067,-0.0149269980361778
4184,750,184,5233,2.05678498221091,128,11.6652643820239,0.176317048191416,0.170894526034713,0.00542252215670286
4185,750,185,5234,2.12382966899919,126,13.2393680563376,0.16041775256656,0.168224299065421,-0.00780654649886042
4186,750,186,5235,2.2072468464454,143,12.882951583378,0.171330834565369,0.190921228304406,-0.0195903937390368
4187,750,187,5236,1.726684791593,110,12.1308610845433,0.14233818848961,0.146862483311081,-0.00452429482147157
4188,750,188,5237,2.07928707476157,129,13.5420811169029,0.153542653954882,0.172229639519359,-0.018686985564477
4189,750,189,5238,2.02684262910757,121,13.1431107593391,0.15421331115751,0.16154873164219,-0.0073354204846798
4190,750,190,5239,2.12832267411609,127,12.984221818337,0.163916074747765,0.169559412550067,-0.00564333780230167
4191,750,191,5240,1.90526173907153,101,12.8291109359462,0.148510816422448,0.134846461949266,0.0136643544731825
4192,750,192,5241,2.47841006612209,140,13.7367482428588,0.180421888958366,0.186915887850467,-0.00649399889210162
4193,750,193,5242,2.39017639474668,147,12.8703870566523,0.18571130644523,0.196261682242991,-0.0105503757977604
4194,750,194,5243,2.13499343541719,128,13.3075543102719,0.16043469638664,0.170894526034713,-0.0104598296480732
4195,750,195,5244,2.05293884286257,126,12.3008029193126,0.166894702429498,0.168224299065421,-0.00132959663592269
4196,750,196,5245,2.18114929828899,148,12.7289942098385,0.171352839221431,0.197596795727637,-0.0262439565062055
4197,750,197,5246,2.03555227870161,112,13.5416941679399,0.150317401460801,0.149532710280374,0.000784691180427205
4198,750,198,5247,2.09160811564017,129,12.7607712171802,0.163909224610514,0.172229639519359,-0.00832041490884508
4199,750,199,5248,1.90758712802588,125,12.9032458000106,0.147837773347255,0.166889185580774,-0.0190514122335198
4200,750,200,5249,2.17030186126416,141,13.8701749181069,0.156472566069151,0.188251001335113,-0.0317784352659629
4201,750,201,5250,1.95388711350979,135,13.3916984884829,0.145902860282448,0.180240320427236,-0.0343374601447881
4202,750,202,5251,1.92398181403484,118,12.8937050077662,0.149218693376029,0.157543391188251,-0.00832469781222231
4203,750,203,5252,1.96821051611884,118,12.832181662698,0.153380817685917,0.157543391188251,-0.00416257350233401
4204,750,204,5253,1.76370001924713,115,12.6321995875567,0.13961939146247,0.153538050734312,-0.0139186592718422
4205,750,205,5254,2.38865851261962,145,13.2574798930872,0.180174402064537,0.193591455273698,-0.0134170532091608
4206,750,206,5255,1.83097800990388,129,13.1565970919091,0.139168053647389,0.172229639519359,-0.0330615858719706
4207,750,207,5256,2.0697987514242,131,12.8210362385034,0.161437711657682,0.174899866488652,-0.013462154830969
4208,750,208,5257,1.98762382978039,123,12.8330697680152,0.154882959861582,0.164218958611482,-0.0093359987498996
4209,750,209,5258,1.95682927169775,111,12.8507208067802,0.15227389195673,0.148197596795728,0.00407629516100227
4210,750,210,5259,1.83297774798267,123,12.5745099223969,0.145769318986968,0.164218958611482,-0.0184496396245137
4211,750,211,5260,2.04536892426737,137,12.3647463446611,0.16541940022494,0.182910547396529,-0.0174911471715885
4212,750,212,5261,2.26167071477691,141,13.8299650529693,0.163534087477056,0.188251001335113,-0.0247169138580573
4213,750,213,5262,1.97928278603656,122,13.1060169259706,0.151020923993654,0.162883845126836,-0.0118629211331815
4214,750,214,5263,2.35114769971396,146,13.8484908502075,0.169776456160112,0.194926568758344,-0.0251501125982325
4215,750,215,5264,1.76130207452713,121,11.7713347587547,0.149626368684928,0.16154873164219,-0.011922362957262
4216,750,216,5265,2.19758735613993,146,13.3273578441294,0.16489295041387,0.194926568758344,-0.0300336183444745
4217,750,217,5266,2.01495614473678,119,13.8298993538,0.145695647754887,0.158878504672897,-0.0131828569180101
4218,750,218,5267,2.63295953020808,142,12.6833689401381,0.20759149581116,0.18958611481976,0.0180053809914007
4219,750,219,5268,2.25106040146477,142,12.6908300860959,0.177376923825577,0.18958611481976,-0.0122091909941822
4220,750,220,5269,1.82018648736361,99,14.3719356772858,0.12664866641731,0.132176234979973,-0.00552756856266293
4221,750,221,5270,1.92956160150446,114,12.8530125508321,0.15012524059035,0.152202937249666,-0.00207769665931626
4222,750,222,5271,2.24016238689339,119,12.1665207491443,0.184125144162594,0.158878504672897,0.0252466394896972
4223,750,223,5272,2.50018148271788,145,13.5498330408417,0.184517512148074,0.193591455273698,-0.00907394312562471
4224,750,224,5273,1.97513562644405,102,13.5806249150368,0.145437757010513,0.136181575433912,0.0092561815766016
4225,750,225,5274,2.10126692020264,134,12.5916312131967,0.166878054528822,0.17890520694259,-0.0120271524137686
4226,750,226,5275,2.00069877434617,124,13.3543095140267,0.149816714390567,0.165554072096128,-0.015737357705561
4227,750,227,5276,2.05952812761631,119,13.0978000169503,0.157242294503734,0.158878504672897,-0.00163621016916285
4228,750,228,5277,2.24376422977344,126,13.466811774786,0.166614360347299,0.168224299065421,-0.0016099387181216
4229,750,229,5278,1.86899664820274,134,12.4315762940294,0.150342692189435,0.17890520694259,-0.0285625147531553
4230,750,230,5279,2.31766900809339,132,13.1717164371727,0.175958009660196,0.176234979973298,-0.000276970313102226
4231,750,231,5280,2.57284423131262,172,13.6945103690114,0.187874130727199,0.229639519359146,-0.0417653886319465
4232,750,232,5281,2.08275451306027,133,12.9792672968219,0.16046780341524,0.177570093457944,-0.0171022900427041
4233,750,233,5282,1.96446146017502,118,12.2345297109529,0.16056697777409,0.157543391188251,0.0030235865858392
4234,750,234,5283,2.26963258808098,157,13.0739898676001,0.173599078098231,0.209612817089453,-0.0360137389912218
4235,750,235,5284,2.08792430361832,121,13.0194403441241,0.16036974312499,0.16154873164219,-0.00117898851719953
4236,750,236,5285,1.92158878117527,127,12.7252981303991,0.151005403683615,0.169559412550067,-0.0185540088664521
4237,750,237,5286,2.36371225749998,148,13.33578189632,0.177245869486831,0.197596795727637,-0.020350926240806
4238,750,238,5287,1.99190472577667,125,13.1204770876057,0.151816485976591,0.166889185580774,-0.015072699604183
4239,750,239,5288,2.31976958966223,142,13.3102754578951,0.174284115832196,0.18958611481976,-0.0153019989875633
4240,750,240,5289,1.99227695307752,138,11.6789367709664,0.170587185473107,0.184245660881175,-0.0136584754080682
4241,750,241,5290,2.32224426661059,157,12.4253233518337,0.186896083172586,0.209612817089453,-0.0227167339168663
4242,750,242,5291,2.32565161223486,127,12.5471289657539,0.185353288276744,0.169559412550067,0.0157938757266769
4243,750,243,5292,1.93557403164401,108,13.7213065880204,0.141063390663823,0.144192256341789,-0.0031288656779658
4244,750,244,5293,1.81922091397394,125,13.0863462736209,0.139016718336505,0.166889185580774,-0.0278724672442692
4245,750,245,5294,1.96051664114297,111,13.0515140284735,0.15021373281796,0.148197596795728,0.00201613602223213
4246,750,246,5295,2.04994227848032,125,13.2861650883612,0.154291495314632,0.166889185580774,-0.0125976902661419
4247,750,247,5296,2.06820360438804,118,13.4663688501771,0.153582872071771,0.157543391188251,-0.00396051911648021
4248,750,248,5297,2.43030249271115,147,13.0702390147929,0.185941702363709,0.196261682242991,-0.0103199798792814
4249,750,249,5298,2.15441384060182,134,12.8676937246569,0.167428125560183,0.17890520694259,-0.0114770813824072
4250,750,250,5299,2.16177534383669,142,12.7573982549036,0.169452681545452,0.18958611481976,-0.0201334332743075
4251,750,251,5300,1.68617458506739,106,12.432542879595,0.135625881317879,0.141522029372497,-0.005896148054618
4252,750,252,5301,2.48056375703311,137,13.2767454020559,0.18683522820653,0.182910547396529,0.00392468081000155
4253,750,253,5302,2.09462528642408,122,13.0739136496072,0.160214098284718,0.162883845126836,-0.00266974684211824
4254,750,254,5303,2.44731863752878,143,13.8792950458945,0.176328742161347,0.190921228304406,-0.0145924861430594
4255,750,255,5304,2.60916513362407,160,13.2519791746052,0.196888713696745,0.213618157543391,-0.0167294438466461
4256,750,256,5305,1.94934657084293,118,13.2093041449259,0.147573751762823,0.157543391188251,-0.00996963942542761
4257,750,257,5306,1.88039432302286,110,13.3673711312875,0.14067046575984,0.146862483311081,-0.00619201755124144
4258,750,258,5307,2.05930494823668,118,13.3481383859998,0.154276565666759,0.157543391188251,-0.0032668255214923
4259,750,259,5308,2.04855081286591,137,12.8677357012157,0.159200566473585,0.182910547396529,-0.0237099809229442
4260,750,260,5309,1.96543046132849,118,13.5990018001868,0.144527553581285,0.157543391188251,-0.0130158376069663
4261,750,261,5310,1.90721452017962,133,13.0510952747848,0.146134441594678,0.177570093457944,-0.0314356518632656
4262,750,262,5311,1.80631636959072,117,13.5431706892655,0.133374703090941,0.156208277703605,-0.022833574612664
4263,750,263,5312,1.8477115879549,118,12.9854327363089,0.142291106155321,0.157543391188251,-0.01525228503293
4264,750,264,5313,1.97257423580298,115,13.2913751543396,0.148410093981806,0.153538050734312,-0.00512795675250646
4265,750,265,5314,2.7436681466491,140,13.9338170087833,0.196907146471035,0.186915887850467,0.00999125862056793
4266,750,266,5315,1.90984273766133,120,13.8228308767312,0.138165818181013,0.160213618157543,-0.0220477999765308
4267,750,267,5316,1.91947235305303,113,12.9044246054511,0.148745287894681,0.15086782376502,-0.00212253587033889
4268,750,268,5317,2.11686822491066,122,12.7335061420298,0.166243939516663,0.162883845126836,0.00336009438982732
4269,750,269,5318,2.17236684835462,121,13.7453581354665,0.158043670229978,0.16154873164219,-0.0035050614122118
4270,750,270,5319,1.95266793170991,110,13.697324891928,0.142558342385574,0.146862483311081,-0.0043041409255074
4271,750,271,5320,1.99335268489818,115,12.4925257758499,0.159563623935174,0.153538050734312,0.00602557320086164
4272,750,272,5321,1.95993503840716,105,13.9979050280138,0.140016312047036,0.14018691588785,-0.000170603840814576
4273,750,273,5322,2.70700272164078,153,14.101220724323,0.191969388648141,0.204272363150868,-0.0123029745027273
4274,750,274,5323,2.04878945010946,121,12.7634661432412,0.160519832709736,0.16154873164219,-0.00102889893245359
4275,750,275,5324,1.9158497502677,133,11.8586350550315,0.161557358108835,0.177570093457944,-0.0160127353491092
4276,750,276,5325,2.10923317010013,116,13.187068432207,0.159947086112689,0.154873164218959,0.00507392189373071
4277,750,277,5326,1.79733579721275,103,12.1280362788746,0.148196769525126,0.137516688918558,0.0106800806065677
4278,750,278,5327,2.13782384502202,127,13.2604585431838,0.161217942657112,0.169559412550067,-0.00834146989295448
4279,750,279,5328,2.21627658211421,134,13.4231318958185,0.165108754001338,0.17890520694259,-0.0137964529412521
4280,750,280,5329,2.08029745892358,127,13.7703489732299,0.151070787165072,0.169559412550067,-0.0184886253849949
4281,750,281,5330,1.92653362343102,120,13.3138062530408,0.144701942240673,0.160213618157543,-0.0155116759168705
4282,750,282,5331,2.08893808066154,125,12.5663020178921,0.166233318098457,0.166889185580774,-0.000655867482317246
4283,750,283,5332,1.82682855373124,115,12.7408806694315,0.143383224529702,0.153538050734312,-0.0101548262046107
4284,750,284,5333,2.15232329757025,140,12.2812094337175,0.175253366469034,0.186915887850467,-0.0116625213814329
4285,750,285,5334,2.56128477051897,148,13.4432185031592,0.190526157848068,0.197596795727637,-0.00707063787956896
4286,750,286,5335,1.91741886469391,130,12.1618834874192,0.157658052445361,0.173564753004005,-0.0159067005586439
4287,750,287,5336,2.00300636399169,124,13.2428688462022,0.151251695327792,0.165554072096128,-0.0143023767683364
4288,750,288,5337,2.10246891315954,154,12.3411304238829,0.170362749678975,0.205607476635514,-0.0352447269565389
4289,750,289,5338,2.36806104239775,141,13.3794769289792,0.176992049462611,0.188251001335113,-0.0112589518725028
4290,750,290,5339,1.9505827709217,113,13.5499438423817,0.143955044656395,0.15086782376502,-0.00691277910862512
4291,750,291,5340,2.02988919256884,125,12.2616211393279,0.165548190529079,0.166889185580774,-0.00134099505169497
4292,750,292,5341,1.84704540575713,124,13.1542984170381,0.140413828788067,0.165554072096128,-0.0251402433080612
4293,750,293,5342,2.0635623397891,117,13.2792244976142,0.155397805057054,0.156208277703605,-0.000810472646551263
4294,750,294,5343,2.25192682209047,129,12.6823499504966,0.177563845098147,0.172229639519359,0.00533420557878755
4295,750,295,5344,1.8333068362487,143,11.1703190756989,0.16412305000643,0.190921228304406,-0.026798178297976
4296,750,296,5345,1.99491979927298,144,12.8562107890943,0.155171677876131,0.192256341789052,-0.0370846639129215
4297,750,297,5346,1.97831596783905,123,13.0939016218576,0.151086820794243,0.164218958611482,-0.0131321378172391
4298,750,298,5347,1.9761643740689,146,12.1977735432536,0.16201025269582,0.194926568758344,-0.0329163160625245
4299,750,299,5348,2.0260379138012,129,11.4124375172815,0.17752893811977,0.172229639519359,0.00529929860041073
4300,750,300,5349,1.98249465888182,118,13.3835141987455,0.148129604036856,0.157543391188251,-0.00941378715139474
4301,750,301,5350,2.41088600275088,133,13.7922799897149,0.174799670870133,0.177570093457944,-0.00277042258781107
4302,750,302,5351,2.06273551425535,132,12.1164918251808,0.17024197630939,0.176234979973298,-0.00599300366390798
4303,750,303,5352,2.21201421527447,127,13.581616931235,0.16286825246759,0.169559412550067,-0.00669116008247703
4304,750,304,5353,2.55515959419496,150,13.6056870380387,0.187800850265866,0.200267022696929,-0.0124661724310628
4305,750,305,5354,2.31688771484304,173,12.5195764057037,0.185061190551744,0.230974632843792,-0.0459134422920482
4306,750,306,5355,2.20824147593709,131,13.7993157652581,0.160025432673747,0.174899866488652,-0.014874433814904
4307,750,307,5356,1.84739705766641,101,12.5720851750394,0.146944363798476,0.134846461949266,0.0120979018492099
4308,750,308,5357,1.92900306509504,117,13.1055648075305,0.147189617038606,0.156208277703605,-0.00901866066499904
4309,750,309,5358,1.86258159339182,120,12.1648633178933,0.153111592355677,0.160213618157543,-0.0071020258018662
4310,750,310,5359,2.16397230677594,147,12.8766861715336,0.168053509882055,0.196261682242991,-0.0282081723609355
4311,750,311,5360,2.10146781684607,120,14.083526973169,0.149214598079703,0.160213618157543,-0.0109990200778403
4312,750,312,5361,2.14011393888195,131,13.2604773958847,0.16139041416006,0.174899866488652,-0.013509452328592
4313,750,313,5362,2.04279898080463,124,12.8860255986147,0.158528241712032,0.165554072096128,-0.00702583038409579
4314,750,314,5363,2.3345937169404,130,12.6140490312185,0.185078852251368,0.173564753004005,0.011514099247363
4315,750,315,5364,1.7218616908,114,11.9830763601463,0.143691122300333,0.152202937249666,-0.00851181494933356
4316,750,316,5365,2.30724690289688,149,13.2758095050158,0.173793311965283,0.198931909212283,-0.0251385972470002
4317,750,317,5366,2.64613123814686,178,12.7640190434846,0.207311758869364,0.237650200267023,-0.0303384413976585
4318,750,318,5367,2.31149958342829,128,12.2654750729225,0.188455772783821,0.170894526034713,0.0175612467491077
4319,750,319,5368,2.33023873977084,147,13.4416728132101,0.173359281404376,0.196261682242991,-0.0229024008386148
4320,750,320,5369,2.00753183241974,128,12.0039524434025,0.167239235733818,0.170894526034713,-0.00365529030089459
4321,750,321,5370,2.36880897791848,162,12.5668192656875,0.188497099213187,0.216288384512684,-0.0277912852994966
4322,750,322,5371,2.17928329898563,125,14.0039261817846,0.155619450623805,0.166889185580774,-0.0112697349569695
4323,750,323,5372,1.87878088793346,107,13.5795036167102,0.138354165289336,0.142857142857143,-0.00450297756780682
4324,750,324,5373,2.10214029911231,131,13.8299735998037,0.151998865648027,0.174899866488652,-0.0229010008406247
4325,750,325,5374,1.95397920643398,134,12.7434195324086,0.153332408264885,0.17890520694259,-0.0255727986777053
4326,750,326,5375,1.95492685584588,116,13.0917718982974,0.149324848540946,0.154873164218959,-0.00554831567801248
4327,750,327,5376,2.15003211790515,122,13.8162462677451,0.155616227174854,0.162883845126836,-0.00726761795198211
4328,750,328,5377,2.24843925459184,119,13.3017002197939,0.169033974412233,0.158878504672897,0.0101554697393358
4329,750,329,5378,1.97575581706245,119,13.655777991267,0.144682772254057,0.158878504672897,-0.0141957324188402
4330,750,330,5379,2.34784083169076,144,12.6382735581688,0.185772275056763,0.192256341789052,-0.00648406673228882
4331,750,331,5380,2.12044568847829,119,13.3301773768028,0.159071078241486,0.158878504672897,0.000192573568588872
4332,750,332,5381,2.00266967638097,135,12.8434096126483,0.155929752050322,0.180240320427236,-0.024310568376914
4333,750,333,5382,1.85681624774716,104,12.51115720426,0.14841283003901,0.138851802403204,0.00956102763580538
4334,750,334,5383,1.96704592095038,145,12.2613745093365,0.160426216445192,0.193591455273698,-0.0331652388285063
4335,750,335,5384,1.93567415901232,117,11.4085582151996,0.169668605138328,0.156208277703605,0.0134603274347233
4336,750,336,5385,2.15970014976576,123,13.873530350211,0.155670553582846,0.164218958611482,-0.00854840502863588
4337,750,337,5386,1.99127994483879,119,12.2108838774978,0.163074185686781,0.158878504672897,0.00419568101388362
4338,750,338,5387,2.02927689598141,127,14.2170427951562,0.142735512948783,0.169559412550067,-0.026823899601284
4339,750,339,5388,2.10671975653996,139,12.5730415658994,0.167558481811895,0.185580774365821,-0.0180222925539258
4340,750,340,5389,2.49340612958215,135,13.6895336026343,0.182139596713677,0.180240320427236,0.00189927628644115
4341,750,341,5390,2.10701765744851,135,13.6469563248151,0.154394694853473,0.180240320427236,-0.0258456255737631
4342,750,342,5391,2.09758937402481,131,13.2723532564938,0.15804200909123,0.174899866488652,-0.0168578573974213
4343,750,343,5392,2.17877460764626,131,13.1320306271744,0.165913000776718,0.174899866488652,-0.00898686571193377
4344,750,344,5393,2.2849922063187,151,13.6981012479272,0.166810871445738,0.201602136181575,-0.034791264735837
4345,750,345,5394,1.79129018620958,110,12.9251959776761,0.138589015540146,0.146862483311081,-0.0082734677709359
4346,750,346,5395,2.04962486661642,113,13.1140219288002,0.156292621572879,0.15086782376502,0.00542479780785934
4347,750,347,5396,2.38153314706466,133,12.3208179737491,0.193293428418372,0.177570093457944,0.0157233349604278
4348,750,348,5397,2.21951629354918,129,13.5753844802082,0.163495648818275,0.172229639519359,-0.00873399070108385
4349,750,349,5398,2.08425266943533,128,12.2975323971249,0.169485438389463,0.170894526034713,-0.00140908764525025
4350,750,350,5399,2.05940030635702,125,13.623306131918,0.151167439563884,0.166889185580774,-0.01572174601689
4351,750,351,5400,1.98376726743142,139,11.5846639462229,0.171240812563943,0.185580774365821,-0.0143399618018784
4352,750,352,5401,2.17964958322494,122,13.9135146710781,0.156657008293941,0.162883845126836,-0.00622683683289502
4353,750,353,5402,2.7350058916677,153,13.7637976435572,0.198710120745487,0.204272363150868,-0.00556224240538064
4354,750,354,5403,2.36624894452712,125,13.8300937127919,0.171094209024665,0.166889185580774,0.00420502344389015
4355,750,355,5404,2.04792221167374,137,13.0853346029363,0.156505146701728,0.182910547396529,-0.0264054006948009
4356,750,356,5405,1.97288234885175,118,13.888408290918,0.142052444565723,0.157543391188251,-0.015490946622528
4357,750,357,5406,2.19598112059803,128,14.1288072426747,0.155425796592743,0.170894526034713,-0.0154687294419697
4358,750,358,5407,1.93995053217566,132,12.1594213269488,0.159542997977721,0.176234979973298,-0.0166919819955763
4359,750,359,5408,2.50919472827305,171,13.0026701987194,0.192975341981694,0.228304405874499,-0.0353290638928054
4360,750,360,5409,2.03460449646608,128,12.8814874094518,0.157947947453117,0.170894526034713,-0.0129465785815963
4361,750,361,5410,1.93655921856024,102,13.5545575483864,0.142871444652266,0.136181575433912,0.00668986921835385
4362,750,362,5411,1.84490679947458,117,11.9242727843638,0.154718600692681,0.156208277703605,-0.00148967701092423
4363,750,363,5412,2.04317411674982,119,12.7118796631653,0.160729504281751,0.158878504672897,0.00185099960885335
4364,750,364,5413,2.49615477419845,133,12.9699362517057,0.192456980956261,0.177570093457944,0.0148868874983174
4365,750,365,5414,2.01306848709634,115,13.176678876452,0.152775104104107,0.153538050734312,-0.000762946630205347
4366,750,366,5415,1.94566109231456,120,13.3611293668606,0.145621005447365,0.160213618157543,-0.0145926127101784
4367,750,367,5416,2.07361352825059,116,13.2007885109286,0.15708255052597,0.154873164218959,0.0022093863070112
4368,750,368,5417,2.04525872145901,132,12.3553712226646,0.165535999250852,0.176234979973298,-0.0106989807224455
4369,750,369,5418,2.06259990026909,125,12.5986520602351,0.163715919005275,0.166889185580774,-0.00317326657549899
4370,750,370,5419,2.19693218435122,131,12.9143479627187,0.170115610226188,0.174899866488652,-0.00478425626246304
4371,750,371,5420,2.57870457338425,182,12.3389274380104,0.208989362028379,0.242990654205607,-0.034001292177228
4372,750,372,5421,2.04987122945864,110,13.6289419277572,0.150405749787795,0.146862483311081,0.00354326647671355
4373,750,373,5422,1.82434444251531,117,12.3863746320883,0.147286393049113,0.156208277703605,-0.00892188465449217
4374,750,374,5423,1.93770026975428,113,12.5395509824042,0.154527085736428,0.15086782376502,0.00365926197140773
4375,750,375,5424,1.95607606369781,118,13.473669877821,0.145177674786117,0.157543391188251,-0.0123657164021337
4376,750,376,5425,1.9723599884286,118,12.5630212316145,0.156997266188265,0.157543391188251,-0.000546124999986325
4377,750,377,5426,2.00157650613805,118,12.5796098972423,0.15911276442498,0.157543391188251,0.00156937323672882
4378,750,378,5427,1.85226489914455,116,12.8347584375266,0.144316303899328,0.154873164218959,-0.0105568603196306
4379,750,379,5428,2.09794264851622,119,13.9402163045572,0.150495702697984,0.158878504672897,-0.00838280197491351
4380,750,380,5429,1.96711645006319,125,12.5722913289758,0.156464434253883,0.166889185580774,-0.0104247513268918
4381,750,381,5430,2.01049111089041,117,13.5905554712803,0.147932960881474,0.156208277703605,-0.00827531682213084
4382,750,382,5431,2.23685279025268,150,13.1338010773249,0.170312674684448,0.200267022696929,-0.0299543480124815
4383,750,383,5432,1.73512747225989,114,12.6017741840991,0.137689141775709,0.152202937249666,-0.014513795473957
4384,750,384,5433,1.59052302553443,101,11.9992614409148,0.132551743569075,0.134846461949266,-0.0022947183801911
4385,750,385,5434,1.82418068171022,115,13.1574053860205,0.138642888030825,0.153538050734312,-0.0148951627034873
4386,750,386,5435,2.13084959119025,114,13.8295679205018,0.154079259991294,0.152202937249666,0.00187632274162744
4387,750,387,5436,2.00231790486274,128,12.7863308882218,0.156598317560137,0.170894526034713,-0.0142962084745762
4388,750,388,5437,1.99396278083897,132,13.7015401846737,0.145528367903441,0.176234979973298,-0.0307066120698568
4389,750,389,5438,2.20048286581274,154,13.1782060670604,0.166978938909823,0.205607476635514,-0.0386285377256912
4390,750,390,5439,2.03089840581286,125,12.8492769289179,0.158055462346073,0.166889185580774,-0.00883372323470097
4391,750,391,5440,1.80482819425684,107,13.1919920750193,0.136812407405437,0.142857142857143,-0.00604473545170561
4392,750,392,5441,2.14772300568467,119,14.0108392667513,0.153290103811366,0.158878504672897,-0.00558840086153115
4393,750,393,5442,2.49755250816804,163,13.7142495729035,0.182113683646439,0.21762349799733,-0.0355098143508912
4394,750,394,5443,2.03397744079036,129,13.161339763838,0.154541823042887,0.172229639519359,-0.0176878164764726
4395,750,395,5444,2.57894402357707,142,14.011701628422,0.18405644738722,0.18958611481976,-0.00552966743254019
4396,750,396,5445,1.87004926225363,122,12.4736658669483,0.149919781578304,0.162883845126836,-0.0129640635485319
4397,750,397,5446,1.7549097893436,102,12.7490933882234,0.137649771313515,0.136181575433912,0.00146819587960337
4398,750,398,5447,1.9424437317633,122,12.7200659187895,0.152707049174486,0.162883845126836,-0.0101767959523495
4399,750,399,5448,2.03897002792996,131,12.8119953930932,0.159145391905865,0.174899866488652,-0.0157544745827862
4400,750,400,5449,2.01462085545522,128,12.7256169284622,0.158312234823704,0.170894526034713,-0.0125822912110086
4401,750,401,5450,1.98504949089841,117,12.903726784077,0.153835362768835,0.156208277703605,-0.00237291493477026
4402,750,402,5451,1.99493306035342,132,13.0813233685249,0.152502388646201,0.176234979973298,-0.0237325913270971
4403,750,403,5452,2.01113453751951,119,13.7113208364845,0.146676936635316,0.158878504672897,-0.0122015680375817
4404,750,404,5453,1.88812135804663,133,13.2151092900457,0.142875954833673,0.177570093457944,-0.0346941386242706
4405,750,405,5454,1.94752425306962,127,13.3464285809191,0.145921003604959,0.169559412550067,-0.0236384089451076
4406,750,406,5455,2.08817912650239,115,13.3762387508236,0.156111083646277,0.153538050734312,0.00257303291196445
4407,750,407,5456,2.12580324256266,130,13.5745754071245,0.156601822068553,0.173564753004005,-0.0169629309354521
4408,750,408,5457,2.106485320198,109,12.5661564567643,0.167631632428394,0.145527369826435,0.0221042626019587
4409,750,409,5458,2.04181762398168,139,12.757074926647,0.160053745527255,0.185580774365821,-0.0255270288385663
4410,750,410,5459,2.04301381399566,118,13.0696734352526,0.156317127900463,0.157543391188251,-0.00122626328778824
4411,750,411,5460,2.205088220265,143,13.0513016392159,0.168955425383723,0.190921228304406,-0.0219658029206833
4412,750,412,5461,2.49198971399698,142,13.8829536601716,0.17949996628932,0.18958611481976,-0.01008614853044
4413,750,413,5462,2.55461550094947,141,13.6971176646089,0.186507523955216,0.188251001335113,-0.00174347737989708
4414,750,414,5463,2.24891904791345,141,14.1620502525323,0.158798973864065,0.188251001335113,-0.0294520274710484
4415,750,415,5464,1.95001210578033,116,13.7989961975953,0.141315504248066,0.154873164218959,-0.0135576599708923
4416,750,416,5465,2.0651501119948,115,12.7695546084692,0.161724521748403,0.153538050734312,0.00818647101409076
4417,750,417,5466,2.16533272290406,131,13.8778577082068,0.156027880414394,0.174899866488652,-0.0188719860742579
4418,750,418,5467,2.10539232525323,132,13.680755280473,0.153894451153463,0.176234979973298,-0.022340528819835
4419,750,419,5468,2.0397137698844,138,12.3744873101468,0.164832184054355,0.184245660881175,-0.0194134768268201
4420,750,420,5469,2.09800957623644,129,12.4480815390118,0.16854079639994,0.172229639519359,-0.00368884311941878
4421,750,421,5470,2.60660170234285,146,14.3837337739346,0.181218711588391,0.194926568758344,-0.013707857169953
4422,750,422,5471,2.1603627299458,144,12.3724871762163,0.17461022179103,0.192256341789052,-0.0176461199980217
4423,750,423,5472,1.84683144087452,105,13.4191043427926,0.137627027385509,0.14018691588785,-0.00255988850234143
4424,750,424,5473,1.84243733900266,108,12.3215847151797,0.149529251438969,0.144192256341789,0.00533699509718005
4425,750,425,5474,2.35071008642659,155,13.6621730670536,0.172059750296631,0.20694259012016,-0.0348828398235296
4426,750,426,5475,1.87093988057645,101,13.4390671395025,0.139216499267055,0.134846461949266,0.00437003731778907
4427,750,427,5476,2.19810104703948,136,13.8675682360075,0.158506596804193,0.181575433911883,-0.023068837107689
4428,750,428,5477,1.82126190354475,110,13.1706034417435,0.138282343068075,0.146862483311081,-0.00858014024300638
4429,750,429,5478,1.70115660788617,102,12.7495275183931,0.133428992206338,0.136181575433912,-0.00275258322757393
4430,750,430,5479,1.72242081780183,104,13.4152512720482,0.128392736212898,0.138851802403204,-0.0104590661903066
4431,750,431,5480,2.06089266665594,107,13.5783781731102,0.151777527505988,0.142857142857143,0.00892038464884537
4432,750,432,5481,2.09864283240088,118,13.5286825106754,0.155125440392651,0.157543391188251,-0.00241795079559959
4433,750,433,5482,2.14337320189619,131,13.8444786466834,0.15481790658904,0.174899866488652,-0.0200819598996116
4434,750,434,5483,2.31533891445887,149,13.3512227599922,0.173417742785097,0.198931909212283,-0.0255141664271856
4435,750,435,5484,2.18374853063524,120,13.2374403709753,0.164967582057886,0.160213618157543,0.00475396390034238
4436,750,436,5485,1.99653712854156,116,13.293848833897,0.150185033205037,0.154873164218959,-0.00468813101392196
4437,750,437,5486,1.934234922055,136,12.5009129784523,0.154727492735053,0.181575433911883,-0.0268479411768299
4438,750,438,5487,1.91560723975247,130,12.5980875082551,0.152055400353208,0.173564753004005,-0.0215093526507975
4439,750,439,5488,2.3112591512061,141,12.8635334280982,0.179675294049266,0.188251001335113,-0.00857570728584797
4440,750,440,5489,1.9683085710992,119,13.1625146392708,0.149538946397574,0.158878504672897,-0.00933955827532335
4441,750,441,5490,2.24896828109189,118,13.728169917582,0.163821419358423,0.157543391188251,0.0062780281701722
4442,750,442,5491,2.18782350202133,132,12.2715687741538,0.17828392948661,0.176234979973298,0.00204894951331264
4443,750,443,5492,2.13744717739241,114,13.4667308947249,0.158720568050385,0.152202937249666,0.00651763080071893
4444,750,444,5493,1.80555928858324,111,12.6565722444951,0.142657842400303,0.148197596795728,-0.00553975439542434
4445,750,445,5494,2.52206202615462,172,12.6966979405019,0.198639208239282,0.229639519359146,-0.0310003111198637
4446,750,446,5495,2.36249024374185,140,13.229737942022,0.178574228310131,0.186915887850467,-0.00834165954033586
4447,750,447,5496,2.07523383940148,128,13.4655564275113,0.154114228444477,0.170894526034713,-0.0167802975902359
4448,750,448,5497,1.85704747716376,118,12.8297314648802,0.144745623261656,0.157543391188251,-0.0127977679265951
4449,750,449,5498,1.96203483244259,122,12.8271994250878,0.152958940406368,0.162883845126836,-0.009924904720468
4450,750,450,5499,2.57928926368502,151,13.8125609491382,0.186735050305495,0.201602136181575,-0.0148670858760809
4451,750,451,5500,2.0073126228143,114,13.2228557308275,0.151806286302776,0.152202937249666,-0.00039665094689062
4452,750,452,5501,2.19607030912772,130,12.3249852938431,0.178180359389537,0.173564753004005,0.00461560638553127
4453,750,453,5502,2.51407520289162,171,14.448116956904,0.174007118740153,0.228304405874499,-0.0542972871343463
4454,750,454,5503,2.08842409728822,155,12.0234250076713,0.173696271732535,0.20694259012016,-0.0332463183876252
4455,750,455,5504,1.79629902401104,116,12.1437497786269,0.14791963411273,0.154873164218959,-0.00695353010622907
4456,750,456,5505,1.99886122980385,111,13.2213048111255,0.151184868540498,0.148197596795728,0.00298727174476993
4457,750,457,5506,2.19090564876949,152,12.8427039983573,0.170595355078629,0.202937249666222,-0.0323418945875927
4458,750,458,5507,1.75440459017891,115,12.3066296187078,0.14255768187839,0.153538050734312,-0.0109803688559227
4459,750,459,5508,2.24410596384966,143,13.2636906388793,0.169191669569827,0.190921228304406,-0.0217295587345792
4460,750,460,5509,2.15487280947335,132,13.2920303874364,0.162117655968507,0.176234979973298,-0.014117324004791
4461,750,461,5510,1.63583328478375,97,12.8418790357183,0.127382704683159,0.129506008010681,-0.0021233033275217
4462,750,462,5511,1.82747846215813,139,11.7815512967126,0.155113568335271,0.185580774365821,-0.0304672060305504
4463,750,463,5512,2.04602972731421,124,13.02597471608,0.157073061472204,0.165554072096128,-0.00848101062392373
4464,750,464,5513,2.25761022939989,129,12.8078550721363,0.176267627692896,0.172229639519359,0.00403798817353651
4465,750,465,5514,2.11447346953392,138,13.4089779812475,0.157690874911647,0.184245660881175,-0.0265547859695284
4466,750,466,5515,2.23125447757375,128,13.5092848502224,0.165164514799391,0.170894526034713,-0.00573001123532152
4467,750,467,5516,2.18477318485696,139,12.5444961439709,0.174161892178268,0.185580774365821,-0.0114188821875529
4468,750,468,5517,2.2345474824287,133,12.0688588480387,0.185149856383633,0.177570093457944,0.00757976292568951
4469,750,469,5518,1.84826872843786,119,12.3316688496425,0.149879854135999,0.158878504672897,-0.00899865053689825
4470,750,470,5519,1.80078860501559,107,12.0990481016717,0.148837213463659,0.142857142857143,0.00598007060651645
4471,750,471,5520,2.08946947849196,124,12.9746095762572,0.161042955952645,0.165554072096128,-0.0045111161434829
4472,750,472,5521,1.90123017590115,115,12.0183050601839,0.158194534618683,0.153538050734312,0.00465648388437065
4473,750,473,5522,2.06048608608267,137,13.0742139871864,0.157599232206394,0.182910547396529,-0.0253113151901352
4474,750,474,5523,2.08150460656432,115,12.9322128734557,0.160955021923337,0.153538050734312,0.00741697118902501
4475,750,475,5524,2.14525855011013,147,12.749791047778,0.168258330044084,0.196261682242991,-0.028003352198907
4476,750,476,5525,1.81130120705258,110,13.1748325774301,0.137481914582773,0.146862483311081,-0.009380568728308
4477,750,477,5526,2.21935807643413,142,12.7585104841809,0.17395118961464,0.18958611481976,-0.0156349252051194
4478,750,478,5527,2.05246244707079,126,13.313569821591,0.154163193987404,0.168224299065421,-0.0140611050780164
4479,750,479,5528,2.22342824257087,137,13.1822877538108,0.168667858272788,0.182910547396529,-0.0142426891237402
4480,750,480,5529,2.43998897384826,162,13.6115944359604,0.179258130656764,0.216288384512684,-0.0370302538559197
4481,750,481,5530,1.93868770788071,122,12.9815857681784,0.149341362642535,0.162883845126836,-0.0135424824843006
4482,750,482,5531,2.03791202031329,128,13.1450694246225,0.155032427329444,0.170894526034713,-0.0158620987052688
4483,750,483,5532,1.97351653630368,134,13.1003491945123,0.150646101642114,0.17890520694259,-0.0282591053004763
4484,750,484,5533,2.71322207626383,155,13.9854517984037,0.194003176684898,0.20694259012016,-0.0129394134352627
4485,750,485,5534,2.06377844647227,109,13.137029490611,0.157096278724749,0.145527369826435,0.0115689088983138
4486,750,486,5535,2.11360336552671,145,12.5342480154147,0.168626260061823,0.193591455273698,-0.0249651952118749
4487,750,487,5536,1.8775157190489,108,13.1155410195523,0.143151984066074,0.144192256341789,-0.00104027227571504
4488,750,488,5537,1.97842986647435,121,13.404158437055,0.147598215566081,0.16154873164219,-0.0139505160761089
4489,750,489,5538,2.12070232832005,121,13.413621671832,0.158100651725807,0.16154873164219,-0.00344807991638238
4490,750,490,5539,1.96256179069051,134,12.3413550115388,0.159023201978679,0.17890520694259,-0.0198820049639109
4491,750,491,5540,1.61371129602163,97,11.9471879337347,0.135070386853552,0.129506008010681,0.005564378842871
4492,750,492,5541,2.1741142412069,144,12.8546104382139,0.16913108737576,0.192256341789052,-0.0231252544132922
4493,750,493,5542,1.70186849882684,122,12.2557511205494,0.138862847498044,0.162883845126836,-0.0240209976287915
4494,750,494,5543,1.88873174711516,109,13.8988234871045,0.135891483827213,0.145527369826435,-0.00963588599922213
4495,750,495,5544,2.08781044933805,138,11.8249803060796,0.176559317250163,0.184245660881175,-0.00768634363101184
4496,750,496,5545,1.76293442758256,95,12.2097406781942,0.144387540574965,0.126835781041389,0.017551759533576
4497,750,497,5546,2.05564392345257,144,12.2630762611289,0.167628731949461,0.192256341789052,-0.0246276098395909
4498,750,498,5547,1.69153252953502,106,12.4683708906042,0.135665881643744,0.141522029372497,-0.0058561477287524
4499,750,499,5548,2.05069740842771,124,12.8971189600295,0.159004302804618,0.165554072096128,-0.00654976929151005
4500,750,500,5549,2.03429420462934,129,13.4632904487847,0.151099332839022,0.172229639519359,-0.0211303066803376
4501,750,501,5550,1.70444000628895,115,12.9042533477019,0.13208358208439,0.153538050734312,-0.0214544686499224
4502,750,502,5551,2.44618997033809,130,13.9710008664467,0.17509053171795,0.173564753004005,0.00152577871394444
4503,750,503,5552,1.77275004258694,115,12.6765061866966,0.139845318298141,0.153538050734312,-0.0136927324361715
4504,750,504,5553,1.87236082833768,134,11.9062743191077,0.157258331040872,0.17890520694259,-0.021646875901718
4505,750,505,5554,2.0284173691112,116,13.3933707967705,0.151449355049612,0.154873164218959,-0.00342380916934662
4506,750,506,5555,2.10296381557379,119,13.1669976608916,0.159714755765469,0.158878504672897,0.000836251092571322
4507,750,507,5556,2.12456177747028,118,12.3015637033417,0.172706643537776,0.157543391188251,0.0151632523495248
4508,750,508,5557,1.61126858180049,112,12.1490278449067,0.132625309808307,0.149532710280374,-0.0169074004720668
4509,750,509,5558,1.94819761912283,130,13.1016236485347,0.148698945366265,0.173564753004005,-0.0248658076377407
4510,750,510,5559,1.74718525860635,113,12.9297512308295,0.135129069957695,0.15086782376502,-0.015738753807325
4511,750,511,5560,2.10142588868087,132,13.5918001977537,0.154609827845186,0.176234979973298,-0.0216251521281114
4512,750,512,5561,1.92003616369396,123,11.7049072236282,0.164036854544056,0.164218958611482,-0.000182104067426442
4513,750,513,5562,2.24476522861797,150,13.2164383576711,0.169846456955255,0.200267022696929,-0.0304205657416738
4514,750,514,5563,2.01210119014163,126,14.0021666652302,0.143699274422866,0.168224299065421,-0.0245250246425542
4515,750,515,5564,1.82635948299928,117,12.5248902546564,0.145818402067059,0.156208277703605,-0.0103898756365455
4516,750,516,5565,2.25759767509195,124,13.0870142841517,0.172506702145645,0.165554072096128,0.00695263004951635
4517,750,517,5566,1.92760266063958,125,13.2475991720636,0.145505810947578,0.166889185580774,-0.0213833746331965
4518,750,518,5567,1.99222385788826,123,12.7689977961492,0.156020377612491,0.164218958611482,-0.00819858099899087
4519,750,519,5568,2.55735345981965,131,13.1975702707906,0.19377456663214,0.174899866488652,0.0188747001434882
4520,750,520,5569,1.76336082252672,118,12.5601191198871,0.140393638443659,0.157543391188251,-0.0171497527445916
4521,750,521,5570,2.22291081187266,129,13.5431314178156,0.164135659862865,0.172229639519359,-0.00809397965649386
4522,750,522,5571,2.31766894829342,154,13.6858569837038,0.16934773986409,0.205607476635514,-0.0362597367714241
4523,750,523,5572,2.29531753813476,130,13.8353401669977,0.1659025011622,0.173564753004005,-0.00766225184180569
4524,750,524,5573,2.07871248020241,110,13.2441597753794,0.156953141268101,0.146862483311081,0.0100906579570192
4525,750,525,5574,1.81082704167589,110,13.4646494868503,0.134487499540508,0.146862483311081,-0.0123749837705733
4526,750,526,5575,2.31500576579532,148,13.0224232086861,0.177770736574679,0.197596795727637,-0.019826059152958
4527,750,527,5576,1.88340800868288,123,12.8071704069757,0.147058870057437,0.164218958611482,-0.0171600885540454
4528,750,528,5577,2.50048874369422,164,13.3600484892464,0.18716165182386,0.218958611481976,-0.0317969596581156
4529,750,529,5578,1.78227341445805,111,13.1438992565243,0.135597008138463,0.148197596795728,-0.0126005886572651
4530,750,530,5579,2.40706261000023,147,12.7900223891864,0.188198467270497,0.196261682242991,-0.00806321497249327
4531,750,531,5580,2.24396748340065,147,12.7811662238236,0.175568288848163,0.196261682242991,-0.0206933933948281
4532,750,532,5581,1.78960090909761,128,13.2754302867851,0.134805491832461,0.170894526034713,-0.0360890342022516
4533,750,533,5582,2.14082022863983,138,12.3723284934758,0.173032928261542,0.184245660881175,-0.011212732619633
4534,750,534,5583,2.00432401500915,130,13.2695940415662,0.151046370275588,0.173564753004005,-0.0225183827284172
4535,750,535,5584,2.35852087465938,142,11.8041941812628,0.19980363237358,0.18958611481976,0.01021751755382
4536,750,536,5585,2.08602373738962,113,14.4660978428976,0.144200859142798,0.15086782376502,-0.00666696462222169
4537,750,537,5586,2.02194149191102,133,12.7927734428539,0.158053412025403,0.177570093457944,-0.0195166814325405
4538,750,538,5587,2.3663033698618,163,12.3350156796098,0.191836267689014,0.21762349799733,-0.0257872303083158
4539,750,539,5588,2.11067798400936,116,13.0584912272946,0.161632607264586,0.154873164218959,0.00675944304562784
4540,750,540,5589,2.01202778126645,127,12.8376702060933,0.156728421042586,0.169559412550067,-0.0128309915074811
4541,750,541,5590,2.55463900243348,150,13.7563213977779,0.185706551087571,0.200267022696929,-0.0145604716093579
4542,750,542,5591,1.75238919611834,119,12.9005147675758,0.135838703159567,0.158878504672897,-0.0230398015133302
4543,750,543,5592,2.13685205621318,135,12.7417973677411,0.167704131100306,0.180240320427236,-0.0125361893269303
4544,750,544,5593,1.72843818659439,111,12.2328772148077,0.141294493212287,0.148197596795728,-0.00690310358344096
4545,750,545,5594,2.60122249807626,166,13.0671247387876,0.199066171791791,0.221628838451268,-0.0225626666594774
4546,750,546,5595,1.97717828051602,129,13.5007043640164,0.146450009362905,0.172229639519359,-0.025779630156454
4547,750,547,5596,2.07360063025483,113,12.944304753037,0.160194052119201,0.15086782376502,0.00932622835418062
4548,750,548,5597,2.1073380857996,109,13.0531879012156,0.161442407919628,0.145527369826435,0.0159150380931924
4549,750,549,5598,1.87625564008024,117,12.3255378235991,0.152225052320871,0.156208277703605,-0.00398322538273366
4550,750,550,5599,2.04096980916396,128,13.8645988203259,0.147207274845331,0.170894526034713,-0.0236872511893823
4551,750,551,5600,1.98255322081927,128,11.5809415254059,0.171191022463071,0.170894526034713,0.000296496428357634
4552,750,552,5601,2.08895192956784,127,12.6948714247632,0.16455085362212,0.169559412550067,-0.00500855892794674
4553,750,553,5602,2.08987745928243,143,11.8376670229415,0.176544707266409,0.190921228304406,-0.0143765210379971
4554,750,554,5603,1.8893233146288,105,13.368589278745,0.141325556140218,0.14018691588785,0.00113864025236771
4555,750,555,5604,2.05421786317242,119,13.9975821951964,0.146755192041478,0.158878504672897,-0.0121233126314191
4556,750,556,5605,2.21240137739824,142,13.142980590488,0.168333306297311,0.18958611481976,-0.0212528085224483
4557,750,557,5606,1.97208791948343,121,12.5589284429623,0.157026766132148,0.16154873164219,-0.00452196551004147
4558,750,558,5607,2.26322174653373,139,13.4499454812427,0.168269956907262,0.185580774365821,-0.0173108174585592
4559,750,559,5608,2.0334877409986,144,12.2418124155452,0.166110022925722,0.192256341789052,-0.0261463188633302
4560,750,560,5609,2.45101358565846,152,13.971639546884,0.175427771195622,0.202937249666222,-0.0275094784706
4561,750,561,5610,2.17224407692723,130,13.8263168966737,0.15710938011625,0.173564753004005,-0.0164553728877554
4562,750,562,5611,2.37522324382438,121,13.2757383213132,0.178914587372602,0.16154873164219,0.0173658557304119
4563,750,563,5612,2.12129403342064,139,12.8901551453906,0.16456699003962,0.185580774365821,-0.0210137843262013
4564,750,564,5613,2.00325382868254,123,12.4112560255196,0.161406212599556,0.164218958611482,-0.00281274601192635
4565,750,565,5614,1.85506034827009,122,12.4806343247219,0.148635101390283,0.162883845126836,-0.0142487437365528
4566,750,566,5615,1.8938569606248,116,13.1600645565902,0.143909397441094,0.154873164218959,-0.0109637667778649
4567,750,567,5616,2.17909274904487,128,13.0235182823681,0.167319821095889,0.170894526034713,-0.00357470493882395
4568,750,568,5617,2.15828886069237,153,12.5307324388136,0.172239641316348,0.204272363150868,-0.03203272183452
4569,750,569,5618,1.80857735185895,114,12.6499688839988,0.142970893323434,0.152202937249666,-0.00923204392623217
4570,750,570,5619,1.7914504379236,112,12.5145227471173,0.143149720858213,0.149532710280374,-0.00638298942216084
4571,750,571,5620,2.0550376418199,126,12.5854440880274,0.163286859601154,0.168224299065421,-0.0049374394642662
4572,750,572,5621,1.9826772198036,129,12.9017602662182,0.153674938837223,0.172229639519359,-0.0185547006821365
4573,750,573,5622,1.77521641658278,106,13.9494334001101,0.127260825989446,0.141522029372497,-0.0142612033830506
4574,750,574,5623,2.24752731558957,138,13.6384049654856,0.16479400056512,0.184245660881175,-0.019451660316055
4575,750,575,5624,2.06719721762647,136,12.193025985719,0.169539310426113,0.181575433911883,-0.0120361234857699
4576,750,576,5625,2.14420220132341,131,13.3939609038288,0.160087237578128,0.174899866488652,-0.0148126289105232
4577,750,577,5626,1.93091600569987,111,13.7061476589944,0.14087955665885,0.148197596795728,-0.0073180401368774
4578,750,578,5627,2.01174431075386,117,12.866161067782,0.156359328952554,0.156208277703605,0.000151051248949041
4579,750,579,5628,1.88611445859582,125,13.1214169750217,0.14374319954821,0.166889185580774,-0.0231459860325641
4580,750,580,5629,1.842171651324,128,12.952852102592,0.142221314404983,0.170894526034713,-0.0286732116297295
4581,750,581,5630,2.20170480671799,136,13.3762854411975,0.164597624385091,0.181575433911883,-0.0169778095267913
4582,750,582,5631,1.81522028549279,121,11.893134424961,0.15262757660277,0.16154873164219,-0.00892115503941909
4583,750,583,5632,1.85594166430437,139,12.1026174038474,0.153350436717463,0.185580774365821,-0.0322303376483585
4584,750,584,5633,2.06781718265106,122,13.5925905277126,0.152128262705714,0.162883845126836,-0.0107555824211216
4585,750,585,5634,2.52487346372778,138,13.5877135230948,0.185820333894758,0.184245660881175,0.00157467301358266
4586,750,586,5635,1.99953539657535,122,13.3176020279674,0.150142299820663,0.162883845126836,-0.0127415453061724
4587,750,587,5636,2.64941628676549,157,14.7189558245917,0.180000287951064,0.209612817089453,-0.0296125291383887
4588,750,588,5637,2.22364723167175,134,13.1721916334285,0.168813762626149,0.17890520694259,-0.0100914443164413
4589,750,589,5638,2.25088562179853,119,13.2965195890924,0.169283819477467,0.158878504672897,0.0104053148045702
4590,750,590,5639,2.12267390851416,127,12.9608999166261,0.16377519479116,0.169559412550067,-0.00578421775890711
4591,750,591,5640,2.05799836686547,132,13.8268501398145,0.148840722655947,0.176234979973298,-0.0273942573173506
4592,750,592,5641,2.0818695551199,121,12.546836520974,0.165927845767317,0.16154873164219,0.00437911412512709
4593,750,593,5642,2.19406353563879,120,12.9880896237298,0.16892888786586,0.160213618157543,0.00871526970831629
4594,750,594,5643,2.30344529667375,158,13.2141454333877,0.17431662972724,0.210947930574099,-0.0366313008468583
4595,750,595,5644,2.16597575309674,127,12.8977808516232,0.167933986320146,0.169559412550067,-0.00162542622992048
4596,750,596,5645,2.06930920854569,115,13.4184205283798,0.154214067458172,0.153538050734312,0.000676016723860029
4597,750,597,5646,2.36657978229682,118,12.394300748645,0.190940967973167,0.157543391188251,0.0333975767849164
4598,750,598,5647,2.04608485665921,118,13.5781108982314,0.150689950317443,0.157543391188251,-0.00685344087080839
4599,750,599,5648,2.17432022950862,122,12.4247739528245,0.174998775652923,0.162883845126836,0.0121149305260873
4600,750,600,5649,1.93820489449954,121,12.6523990694839,0.153188726015943,0.16154873164219,-0.00836000562624634
4601,750,601,5650,1.85792276525961,123,12.2622484611855,0.151515667876133,0.164218958611482,-0.0127032907353492
4602,750,602,5651,1.73621032066904,114,12.7997129596146,0.135644473133663,0.152202937249666,-0.0165584641160032
4603,750,603,5652,1.88952867406467,115,12.5789303171953,0.150213780219587,0.153538050734312,-0.00332427051472553
4604,750,604,5653,1.75239105211334,124,12.4189469519052,0.141106251512291,0.165554072096128,-0.0244478205838374
4605,750,605,5654,1.82769542619864,116,12.8461724196779,0.142275486151732,0.154873164218959,-0.0125976780672268
4606,750,606,5655,2.1149158097788,133,12.4620869459207,0.169707996658704,0.177570093457944,-0.0078620967992398
4607,750,607,5656,2.13192056937698,117,12.7704428059251,0.166941789080942,0.156208277703605,0.0107335113773369
4608,750,608,5657,2.30211482353654,141,14.2102216413444,0.162004146144954,0.188251001335113,-0.02624685519016
4609,750,609,5658,2.28142799421094,127,13.8698102945738,0.164488767023979,0.169559412550067,-0.00507064552608799
4610,750,610,5659,2.16516886669544,129,12.8357489773244,0.168682705662165,0.172229639519359,-0.00354693385719446
4611,750,611,5660,2.00187479322035,116,13.7612822386566,0.145471530813961,0.154873164218959,-0.00940163340499756
4612,750,612,5661,1.8862959411396,124,12.6513183763001,0.149098764653115,0.165554072096128,-0.0164553074430132
4613,750,613,5662,1.9463159429283,109,13.4717839472641,0.1444735122347,0.145527369826435,-0.00105385759173487
4614,750,614,5663,2.0365834849608,128,13.0669739132144,0.155857316199372,0.170894526034713,-0.0150372098353405
4615,750,615,5664,2.18045394314472,148,12.4197182778829,0.175563881108936,0.197596795727637,-0.0220329146187005
4616,750,616,5665,1.81253442144403,118,12.1826747649493,0.148779677403755,0.157543391188251,-0.00876371378449586
4617,750,617,5666,2.18473094332573,121,13.5745719045167,0.16094289814022,0.16154873164219,-0.000605833501969327
4618,750,618,5667,2.03954657343866,116,13.0664444032436,0.156090403058109,0.154873164218959,0.0012172388391504
4619,750,619,5668,1.89997617128549,123,12.4802273322366,0.152238907249536,0.164218958611482,-0.0119800513619464
4620,750,620,5669,2.08379193543895,120,12.6078980239067,0.16527671238201,0.160213618157543,0.0050630942244668
4621,750,621,5670,2.0655527154092,114,13.5128703637663,0.152858175931874,0.152202937249666,0.000655238682207876
4622,750,622,5671,1.86283931681034,103,13.0585279261346,0.142653086729796,0.137516688918558,0.00513639781123781
4623,750,623,5672,2.3248691580583,141,13.2724349560009,0.175165232737279,0.188251001335113,-0.0130857685978344
4624,750,624,5673,2.21097142917961,121,13.7742707538594,0.16051459047733,0.16154873164219,-0.00103414116485917
4625,750,625,5674,2.05575566172112,116,13.5523416337892,0.151690070784199,0.154873164218959,-0.00318309343476003
4626,750,626,5675,1.74764045247617,102,13.5000353765291,0.129454509098145,0.136181575433912,-0.00672706633576714
4627,750,627,5676,2.09555661715301,103,13.3014012381672,0.15754404965546,0.137516688918558,0.0200273607369015
4628,750,628,5677,2.00387678893335,129,13.9110344023845,0.144049445279918,0.172229639519359,-0.0281801942394415
4629,750,629,5678,2.11975738492972,125,13.9072238890416,0.152421317283892,0.166889185580774,-0.0144678682968825
4630,750,630,5679,2.25281138594913,143,12.6193163728983,0.178520873823826,0.190921228304406,-0.0124003544805799
4631,750,631,5680,1.90273877802103,113,13.5245928430909,0.140687324202373,0.15086782376502,-0.0101804995626467
4632,750,632,5681,1.72871246198507,119,12.9755221520701,0.133228739600993,0.158878504672897,-0.0256497650719037
4633,750,633,5682,1.71988806192139,106,12.5805699183321,0.136709868717093,0.141522029372497,-0.00481216065540327
4634,750,634,5683,1.83991621907778,105,13.3567205196822,0.137752093889104,0.14018691588785,-0.00243482199874659
4635,750,635,5684,2.01781058555364,116,13.2911146826001,0.151816505518174,0.154873164218959,-0.00305665870078489
4636,750,636,5685,2.7258097561807,152,14.6406260198359,0.186181229715699,0.202937249666222,-0.016756019950523
4637,750,637,5686,1.87500195909646,110,12.7896956803104,0.146602546766066,0.146862483311081,-0.000259936545015188
4638,750,638,5687,2.27277342762018,130,13.1610388599243,0.1726895157601,0.173564753004005,-0.00087523724390523
4639,750,639,5688,2.17286559932297,138,13.2244783519771,0.164306337194626,0.184245660881175,-0.0199393236865494
4640,750,640,5689,2.2069157255191,139,13.0008132786058,0.169752128441904,0.185580774365821,-0.0158286459239173
4641,750,641,5690,2.09504896145792,131,13.0865170929942,0.160092173232211,0.174899866488652,-0.0148076932564407
4642,750,642,5691,1.91589064953005,128,13.1779104407761,0.145386528322559,0.170894526034713,-0.0255079977121536
4643,750,643,5692,1.98395064462931,112,12.8355561181146,0.154566785137529,0.149532710280374,0.00503407485715515
4644,750,644,5693,1.73895759025329,120,12.2198339298493,0.142306155733062,0.160213618157543,-0.0179074624244811
4645,750,645,5694,2.74711854991313,161,13.7307075024303,0.200071157981255,0.214953271028037,-0.0148821130467824
4646,750,646,5695,2.1482804116834,128,13.0052788643897,0.16518526316,0.170894526034713,-0.00570926287471257
4647,750,647,5696,2.12350779282209,135,12.1273573167883,0.17510062063418,0.180240320427236,-0.00513969979305667
4648,750,648,5697,2.11453526049223,144,12.8219818680278,0.164914853433455,0.192256341789052,-0.0273414883555971
4649,750,649,5698,2.17922988776931,139,12.8832633048508,0.169152010341105,0.185580774365821,-0.016428764024716
4650,750,650,5699,1.82656223600593,131,12.2290686127185,0.14936233443864,0.174899866488652,-0.0255375320500117
4651,750,651,5700,2.17072980274705,130,13.4297824746929,0.1616355147105,0.173564753004005,-0.011929238293505
4652,750,652,5701,1.98107992627027,113,13.7804274584061,0.143760411805064,0.15086782376502,-0.00710741195995604
4653,750,653,5702,1.9107197544986,105,13.7195719422952,0.139269633377421,0.14018691588785,-0.000917282510429496
4654,750,654,5703,2.04302392577704,110,13.3298738793102,0.153266560829813,0.146862483311081,0.00640407751873201
4655,750,655,5704,2.07641974532683,119,12.4319707516831,0.167022573234876,0.158878504672897,0.00814406856197916
4656,750,656,5705,1.87186064645653,101,12.9246511337814,0.144828717392922,0.134846461949266,0.00998225544365605
4657,750,657,5706,1.90651072523887,107,12.6051960945085,0.151248002089348,0.142857142857143,0.00839085923220545
4658,750,658,5707,2.14411468955752,140,12.3153268968414,0.174101321671569,0.186915887850467,-0.0128145661788982
4659,750,659,5708,1.95600684560151,132,13.0352681958384,0.150054975180793,0.176234979973298,-0.0261800047925052
4660,750,660,5709,2.24198303728511,153,13.045973152995,0.171852495095041,0.204272363150868,-0.032419868055827
4661,750,661,5710,2.25612720031018,122,12.1165236019472,0.186202517688127,0.162883845126836,0.0233186725612911
4662,750,662,5711,2.19727625656444,135,12.5167200963737,0.175547287120452,0.180240320427236,-0.00469303330678411
4663,750,663,5712,2.32291366346903,134,14.0484014536027,0.165350746214141,0.17890520694259,-0.0135544607284494
4664,750,664,5713,1.89755991789816,122,13.0847452268563,0.145020776866441,0.162883845126836,-0.0178630682603947
4665,750,665,5714,1.77804964432599,101,13.2086762773199,0.134612250841442,0.134846461949266,-0.000234211107823595
4666,750,666,5715,2.0685700406937,122,13.6951544866553,0.151043936211843,0.162883845126836,-0.0118399089149928
4667,750,667,5716,2.19997621619412,116,13.5093953904161,0.162847866437815,0.154873164218959,0.00797470221885632
4668,750,668,5717,1.91317932651236,121,12.3442926656878,0.154984929337444,0.16154873164219,-0.00656380230474524
4669,750,669,5718,1.85065942113642,107,13.043465380108,0.141884029067826,0.142857142857143,-0.000973113789317304
4670,750,670,5719,2.59397607432274,137,14.6614068831076,0.176925454358097,0.182910547396529,-0.00598509303843192
4671,750,671,5720,2.49182570774659,146,13.5155943320784,0.184366713480916,0.194926568758344,-0.0105598552774285
4672,750,672,5721,2.22844608958395,154,12.6336722355859,0.17638941774245,0.205607476635514,-0.0292180588930643
4673,750,673,5722,2.13512189602486,130,12.8079514442012,0.166702841225365,0.173564753004005,-0.00686191177864037
4674,750,674,5723,2.12845598474406,136,13.4651858337559,0.158071044174394,0.181575433911883,-0.0235043897374884
4675,750,675,5724,2.18022733002034,138,11.8984446320665,0.183236330246442,0.184245660881175,-0.00100933063473319
4676,750,676,5725,1.98176528054466,116,13.3695860320399,0.148229367446038,0.154873164218959,-0.00664379677292029
4677,750,677,5726,1.95594879827389,122,13.0973627134665,0.149339133462557,0.162883845126836,-0.0135447116642791
4678,750,678,5727,1.95442099857206,116,12.7885666818862,0.152825648658525,0.154873164218959,-0.00204751556043326
4679,750,679,5728,1.98949192440028,106,13.1847979815343,0.150892863674258,0.141522029372497,0.00937083430176089
4680,750,680,5729,2.03369655264982,128,12.4462882956737,0.163397834305086,0.170894526034713,-0.007496691729627
4681,750,681,5730,2.12281886668265,117,13.6342802014491,0.155697171784472,0.156208277703605,-0.000511105919132809
4682,750,682,5731,2.03312134483735,133,11.9722763586164,0.169819112417508,0.177570093457944,-0.00775098104043587
4683,750,683,5732,2.20195261460371,122,13.528091420398,0.162768904066064,0.162883845126836,-0.000114941060771617
4684,750,684,5733,2.0656421580122,130,11.9059287558404,0.173496935885738,0.173564753004005,-6.78171182669496e-05
4685,750,685,5734,2.23868107330543,144,14.3749710872523,0.15573464876675,0.192256341789052,-0.0365216930223016
4686,750,686,5735,2.14344849637623,113,14.0008630950579,0.153094025834224,0.15086782376502,0.00222620206920421
4687,750,687,5736,1.74044500652752,108,12.9969527034983,0.133911775031624,0.144192256341789,-0.0102804813101648
4688,750,688,5737,2.19211465100999,129,13.4623590928684,0.162832876161449,0.172229639519359,-0.00939676335791051
4689,750,689,5738,1.98975434853051,114,12.3452615682515,0.161175552055341,0.152202937249666,0.00897261480567457
4690,750,690,5739,1.92066100764129,123,12.9279134631349,0.148566975878839,0.164218958611482,-0.0156519827326426
4691,750,691,5740,2.34668230836459,148,13.4809711022996,0.17407368434788,0.197596795727637,-0.0235231113797573
4692,750,692,5741,1.94081632507114,135,12.9379890787276,0.15000911758862,0.180240320427236,-0.0302312028386159
4693,750,693,5742,2.23031912484019,120,13.8602233646736,0.160915092503108,0.160213618157543,0.00070147434556439
4694,750,694,5743,2.04598420343252,123,13.0766563947919,0.156460806314937,0.164218958611482,-0.00775815229654508
4695,750,695,5744,2.35389251300102,146,13.0608321490094,0.180225309241077,0.194926568758344,-0.0147012595172676
4696,750,696,5745,1.75534445739197,107,12.5758228249233,0.139580883241545,0.142857142857143,-0.00327625961559805
4697,750,697,5746,1.84886760826947,110,13.1974082615783,0.140093234339964,0.146862483311081,-0.00676924897111719
4698,750,698,5747,2.03865127809008,130,12.8613911112322,0.158509391438199,0.173564753004005,-0.0150553615658062
4699,750,699,5748,2.0024550141093,139,11.9080610600528,0.168159619270581,0.185580774365821,-0.0174211550952402
4700,750,700,5749,1.90913551534105,108,12.6621614206013,0.150774852090804,0.144192256341789,0.00658259574901482
4701,750,701,5750,2.09237918204081,131,12.3823500748433,0.168980780659061,0.174899866488652,-0.00591908582959064
4702,750,702,5751,1.87048303822888,107,12.4374169078341,0.150391600771275,0.142857142857143,0.00753445791413174
4703,750,703,5752,2.1908058057859,128,13.7285444231027,0.159580341387042,0.170894526034713,-0.0113141846476709
4704,750,704,5753,1.95530961133793,123,13.0162488359412,0.150220669256017,0.164218958611482,-0.0139982893554653
4705,750,705,5754,2.16110200068122,127,12.6467059568407,0.170882600422307,0.169559412550067,0.00132318787224053
4706,750,706,5755,1.93776160409472,120,13.2486302415618,0.146261278997419,0.160213618157543,-0.013952339160124
4707,750,707,5756,2.35663671104639,142,13.6647244013744,0.172461342199434,0.18958611481976,-0.0171247726203254
4708,750,708,5757,2.08064129664971,129,13.2236742646281,0.157342146744736,0.172229639519359,-0.0148874927746228
4709,750,709,5758,1.69496301909603,104,12.70024808282,0.133459048047168,0.138851802403204,-0.00539275435603628
4710,750,710,5759,1.83811686122413,110,11.9948455972222,0.153242227782391,0.146862483311081,0.00637974447130951
4711,750,711,5760,2.27757294146248,135,13.539131908856,0.168221489885383,0.180240320427236,-0.0120188305418535
4712,750,712,5761,2.15126949474839,122,13.0906448867684,0.164336403084528,0.162883845126836,0.001452557957692
4713,750,713,5762,2.13179901772845,134,13.1881876713974,0.161644577014317,0.17890520694259,-0.0172606299282736
4714,750,714,5763,1.89636668550909,113,13.5929357420772,0.139511193276582,0.15086782376502,-0.0113566304884376
4715,750,715,5764,2.22794101882851,150,12.463944074196,0.17875088379456,0.200267022696929,-0.0215161389023691
4716,750,716,5765,1.97227172462286,125,13.0526461471199,0.151101294127861,0.166889185580774,-0.0157878914529131
4717,750,717,5766,2.00706223429755,125,13.0933983152413,0.153288106416288,0.166889185580774,-0.0136010791644862
4718,750,718,5767,1.89747243419433,125,12.8588245084575,0.147561888953872,0.166889185580774,-0.0193272966269028
4719,750,719,5768,2.13632774573805,112,13.6872509076575,0.156081579869545,0.149532710280374,0.00654886958917081
4720,750,720,5769,2.16107590408661,131,13.6749017247223,0.158032280420685,0.174899866488652,-0.0168675860679668
4721,750,721,5770,1.94255117466638,123,13.1994640553927,0.147168943111197,0.164218958611482,-0.0170500155002847
4722,750,722,5771,1.84394318524626,115,12.5148755568695,0.147340113520675,0.153538050734312,-0.00619793721363779
4723,750,723,5772,2.2292059817183,151,13.4555851697928,0.165671425923769,0.201602136181575,-0.0359307102578061
4724,750,724,5773,1.99215572135618,111,13.2509227901484,0.150340904773612,0.148197596795728,0.00214330797788445
4725,750,725,5774,2.39410587550322,120,13.7629845115924,0.173952522687698,0.160213618157543,0.0137389045301544
4726,750,726,5775,2.12530975092749,130,13.69390166291,0.155201183946275,0.173564753004005,-0.0183635690577307
4727,750,727,5776,2.07681893208191,106,13.2786003410067,0.156403452076821,0.141522029372497,0.0148814227043245
4728,750,728,5777,2.47509105805639,123,13.0197266522057,0.190103150716846,0.164218958611482,0.0258841921053637
4729,750,729,5778,1.94686802756862,111,13.1452917223317,0.14810382825215,0.148197596795728,-9.37685435780378e-05
4730,750,730,5779,1.92877341939853,105,13.0216847087007,0.148120113683122,0.14018691588785,0.0079331977952718
4731,750,731,5780,2.27576988795695,115,13.4413579179512,0.169311010230418,0.153538050734312,0.0157729594961059
4732,750,732,5781,2.01465803935073,116,12.7540818598844,0.15796182441697,0.154873164218959,0.00308866019801174
4733,750,733,5782,2.20269326986884,121,13.5344627856255,0.162747004056064,0.16154873164219,0.0011982724138746
4734,750,734,5783,2.09391582861774,131,12.9568189349259,0.161607246279676,0.174899866488652,-0.0132926202089758
4735,750,735,5784,1.93995050251658,128,12.2579668371076,0.158260381048178,0.170894526034713,-0.0126341449865348
4736,750,736,5785,2.03874690835666,135,12.3889573041747,0.164561621959071,0.180240320427236,-0.0156786984681652
4737,750,737,5786,2.03519366735907,119,13.6548036791981,0.149045985220536,0.158878504672897,-0.00983251945236155
4738,750,738,5787,1.99459696946323,119,12.6890715868202,0.157190142384803,0.158878504672897,-0.00168836228809385
4739,750,739,5788,2.20820583985663,129,13.2836124725289,0.166235340305455,0.172229639519359,-0.00599429921390401
4740,750,740,5789,1.86183562600587,117,12.2915866604763,0.151472358893471,0.156208277703605,-0.00473591881013374
4741,750,741,5790,1.99683070024644,116,12.6797060489668,0.157482412647031,0.154873164218959,0.00260924842807231
4742,750,742,5791,1.97892594631754,117,12.6886948672823,0.155959771041557,0.156208277703605,-0.000248506662047454
4743,750,743,5792,2.06298001380065,127,12.0222862993602,0.171596313914969,0.169559412550067,0.00203690136490242
4744,750,744,5793,2.30155329133963,153,12.2947967866404,0.187197343012656,0.204272363150868,-0.0170750201382121
4745,750,745,5794,3.01681232811239,149,13.1220963998788,0.22990322858322,0.198931909212283,0.0309713193709374
4746,750,746,5795,2.18833869423881,131,12.7847246856276,0.171168229903215,0.174899866488652,-0.0037316365854366
4747,750,747,5796,2.16070644866451,142,13.0390205386777,0.165710794170099,0.18958611481976,-0.0238753206496606
4748,750,748,5797,2.19124917377783,137,13.5414961461283,0.161817361252533,0.182910547396529,-0.0210931861439962
4749,750,749,5798,2.25443743466878,134,13.4174019763079,0.168023395188547,0.17890520694259,-0.0108818117540427
4750,750,750,5799,2.16157638842691,149,12.6701037908742,0.170604473657414,0.198931909212283,-0.0283274355548687
4751,750,751,5800,1.95477549217384,110,13.1006952709609,0.149211583945992,0.146862483311081,0.00234910063491051
4752,750,752,5801,2.17047981781168,126,13.5696186882692,0.159951422930406,0.168224299065421,-0.00827287613501454
4753,750,753,5802,2.03231302113334,132,12.4519994892457,0.163211781600905,0.176234979973298,-0.0130231983723932
4754,750,754,5803,1.89079252305034,122,13.3554090293942,0.141575036667829,0.162883845126836,-0.0213088084590065
4755,750,755,5804,1.98486761173074,134,11.6623565229538,0.170194386342429,0.17890520694259,-0.0087108206001616
4756,750,756,5805,1.71437903947271,105,11.9698817386581,0.143224392429537,0.14018691588785,0.00303747654168621
4757,750,757,5806,2.22008513198696,145,12.8033057303981,0.173399368783012,0.193591455273698,-0.0201920864906858
4758,750,758,5807,1.92567510565636,117,13.2573905934017,0.145252950955129,0.156208277703605,-0.0109553267484762
4759,750,759,5808,2.13477493993411,143,12.456556967735,0.171377608231842,0.190921228304406,-0.0195436200725636
4760,750,760,5809,1.88861544077038,119,13.0828762714319,0.144357815635267,0.158878504672897,-0.0145206890376303
4761,750,761,5810,1.99804795661483,112,12.7813890643519,0.156324789626154,0.149532710280374,0.0067920793457801
4762,750,762,5811,2.43560364824379,133,13.796514381139,0.176537608047831,0.177570093457944,-0.00103248541011278
4763,750,763,5812,2.06846507748263,110,12.4721799656909,0.165846314210721,0.146862483311081,0.0189838308996392
4764,750,764,5813,2.34843499218202,150,12.9768391601084,0.180971264512644,0.200267022696929,-0.0192957581842853
4765,750,765,5814,1.87586649408193,108,12.4400626707137,0.150792366866293,0.144192256341789,0.00660011052450407
4766,750,766,5815,1.83216568737901,114,12.1252451052962,0.151103393908198,0.152202937249666,-0.0010995433414687
4767,750,767,5816,1.86389850474683,122,12.8113447408323,0.145488123413478,0.162883845126836,-0.0173957217133574
4768,750,768,5817,1.94748897521415,120,12.388772587933,0.157197895222571,0.160213618157543,-0.00301572293497201
4769,750,769,5818,1.77019027853018,120,11.3782913211224,0.155576107920883,0.160213618157543,-0.00463751023666026
4770,750,770,5819,1.95121599231445,124,13.1030852207913,0.148912714787076,0.165554072096128,-0.0166413573090522
4771,750,771,5820,1.95300556919081,120,13.3438519472912,0.146359954899474,0.160213618157543,-0.0138536632580691
4772,750,772,5821,2.32228248031641,133,12.9089207400314,0.179897493143239,0.177570093457944,0.00232739968529477
4773,750,773,5822,2.03974677388955,114,13.4258107920286,0.151927269457769,0.152202937249666,-0.000275667791897527
4774,750,774,5823,1.82046852005376,122,11.8809075323691,0.153226385702772,0.162883845126836,-0.00965745942406354
4775,750,775,5824,2.43617054574745,151,13.6972401743885,0.177858496655602,0.201602136181575,-0.0237436395259734
4776,750,776,5825,2.00407505235344,126,12.9785105863672,0.154414872108557,0.168224299065421,-0.0138094269568639
4777,750,777,5826,1.94655233938368,107,13.0956198310216,0.148641481999392,0.142857142857143,0.00578433914224907
4778,750,778,5827,1.75283956490291,126,12.9674470587626,0.135172293895616,0.168224299065421,-0.0330520051698041
4779,750,779,5828,1.94174423725362,127,13.2079950645677,0.147012792461032,0.169559412550067,-0.022546620089035
4780,750,780,5829,2.55976882146597,143,13.987663522674,0.183001887149816,0.190921228304406,-0.00791934115459011
4781,750,781,5830,2.1976803718901,132,13.9105160219266,0.157986976789788,0.176234979973298,-0.0182480031835093
4782,750,782,5831,2.39868950055723,140,12.2794912884443,0.195341113423366,0.186915887850467,0.00842522557289863
4783,750,783,5832,2.18656034877812,126,13.466049356787,0.162375786011514,0.168224299065421,-0.00584851305390674
4784,750,784,5833,1.95057934461859,140,12.7083009048985,0.153488602387966,0.186915887850467,-0.0334272854625014
4785,750,785,5834,2.09825879993349,153,12.6191318090596,0.16627600311038,0.204272363150868,-0.0379963600404873
4786,750,786,5835,2.07599766189721,131,12.9515603769617,0.160289386102851,0.174899866488652,-0.0146104803858001
4787,750,787,5836,2.10584119551268,131,12.5571575977775,0.167700467173033,0.174899866488652,-0.00719939931561861
4788,750,788,5837,1.808655082322,116,12.5969324812848,0.143579009017402,0.154873164218959,-0.0112941552015562
4789,750,789,5838,1.83892756455886,113,13.0008994272358,0.141446180308607,0.15086782376502,-0.0094216434564135
4790,750,790,5839,2.14585113062554,145,12.4251781254664,0.172701840485284,0.193591455273698,-0.0208896147884145
4791,750,791,5840,2.02669822877363,109,13.2139265451417,0.153375926667216,0.145527369826435,0.00784855684078073
4792,750,792,5841,2.06251157453877,132,12.9712377912817,0.159006534898699,0.176234979973298,-0.0172284450745983
4793,750,793,5842,2.10304298774747,119,13.6848177290448,0.153677091605243,0.158878504672897,-0.00520141306765462
4794,750,794,5843,2.14610883511473,127,12.7218466628264,0.168694757293823,0.169559412550067,-0.000864655256243435
4795,750,795,5844,2.13386416821955,133,13.6530083698626,0.156292599433968,0.177570093457944,-0.0212774940239762
4796,750,796,5845,1.87484789781451,116,13.4815446376874,0.139067736539136,0.154873164218959,-0.0158054276798228
4797,750,797,5846,1.83294204196385,110,12.1521147744982,0.150833173976464,0.146862483311081,0.0039706906653825
4798,750,798,5847,2.00295306387542,107,13.5000523533132,0.148366318252377,0.142857142857143,0.00550917539523424
4799,750,799,5848,1.93331353997234,126,13.1150426460585,0.147411914101047,0.168224299065421,-0.0208123849643736
4800,750,800,5849,3.05836156501492,175,13.8652985339515,0.220576683403246,0.233644859813084,-0.0130681764098378
4801,750,801,5850,2.02719763790601,131,12.4674906240628,0.162598689586614,0.174899866488652,-0.0123011769020372
4802,750,802,5851,2.1376227996281,151,12.6896702545807,0.168453770408767,0.201602136181575,-0.0331483657728081
4803,750,803,5852,2.14195734702335,127,13.0376131261642,0.16429060490565,0.169559412550067,-0.00526880764441726
4804,750,804,5853,1.80315322154684,110,13.0615777280682,0.138050184984316,0.146862483311081,-0.00881229832676539
4805,750,805,5854,2.1518327719431,135,13.0100367866062,0.165397900654547,0.180240320427236,-0.0148424197726889
4806,750,806,5855,2.27283348234938,137,13.576035282545,0.167415113105342,0.182910547396529,-0.0154954342911865
4807,750,807,5856,2.00793587715361,117,12.9802553835488,0.154691554042802,0.156208277703605,-0.0015167236608026
4808,750,808,5857,1.80244427474584,113,14.0980054672602,0.127851012608248,0.15086782376502,-0.0230168111567716
4809,750,809,5858,2.10336098572526,138,12.567140537864,0.167369894479016,0.184245660881175,-0.0168757664021588
4810,750,810,5859,2.07841854511322,126,13.3036572855431,0.156229110574864,0.168224299065421,-0.0119951884905563
4811,750,811,5860,1.81988638214297,112,12.3752401891633,0.147058671534844,0.149532710280374,-0.00247403874552965
4812,750,812,5861,1.7504541146495,114,12.6133175724023,0.138778248038364,0.152202937249666,-0.0134246892113027
4813,750,813,5862,1.89252123257948,116,13.8593006639228,0.13655243352256,0.154873164218959,-0.0183207306963989
4814,750,814,5863,1.84904800792096,137,12.095725952036,0.152867882031481,0.182910547396529,-0.0300426653650478
4815,750,815,5864,1.992531156848,102,13.4702939593806,0.147920391556149,0.136181575433912,0.0117388161222369
4816,750,816,5865,2.072792040665,128,13.4769040164483,0.153803279902803,0.170894526034713,-0.0170912461319103
4817,750,817,5866,2.39393024096111,164,13.0982889298282,0.182766638740843,0.218958611481976,-0.0361919727411325
4818,750,818,5867,2.1767596078631,135,12.0322579636917,0.180910317450943,0.180240320427236,0.000669997023706209
4819,750,819,5868,1.95711721023291,113,13.4986276636213,0.144986383727534,0.15086782376502,-0.00588144003748578
4820,750,820,5869,2.00089524777838,120,13.4351705751281,0.148929649727153,0.160213618157543,-0.0112839684303905
4821,750,821,5870,2.19205166934155,123,12.5300672355466,0.17494332856594,0.164218958611482,0.0107243699544578
4822,750,822,5871,2.05295709857016,113,12.8977554363649,0.159171656549006,0.15086782376502,0.00830383278398636
4823,750,823,5872,1.91730785275685,132,13.1845656107487,0.145420631165411,0.176234979973298,-0.0308143488078869
4824,750,824,5873,1.97715413961497,128,13.0894138350461,0.151049860943449,0.170894526034713,-0.0198446650912641
4825,750,825,5874,2.43986746406573,165,13.0611005182264,0.186804125782583,0.220293724966622,-0.0334895991840392
4826,750,826,5875,2.31168059454064,146,13.4876192514608,0.171392782628429,0.194926568758344,-0.0235337861299153
4827,750,827,5876,1.86505961269392,105,14.1137574038904,0.132144797400288,0.14018691588785,-0.00804211848756203
4828,750,828,5877,2.35056304228385,139,13.8383911487889,0.169858115514358,0.185580774365821,-0.015722658851463
4829,750,829,5878,2.05087766260479,138,12.4358392093373,0.164916707918265,0.184245660881175,-0.0193289529629095
4830,750,830,5879,2.29462831859689,142,13.3374128115016,0.172044485015722,0.18958611481976,-0.0175416298040375
4831,750,831,5880,1.63358993464991,109,12.5627457228052,0.130034466246057,0.145527369826435,-0.0154929035803786
4832,750,832,5881,1.94836317554903,122,11.86743796093,0.164177237072014,0.162883845126836,0.00129339194517861
4833,750,833,5882,2.38289314562966,137,13.1306514043875,0.181475623123574,0.182910547396529,-0.00143492427295436
4834,750,834,5883,2.00820030254525,136,12.7928795411922,0.156977973260749,0.181575433911883,-0.0245974606511338
4835,750,835,5884,2.21768030912812,130,13.8197166046383,0.160472198712367,0.173564753004005,-0.0130925542916379
4836,750,836,5885,1.97419683892931,121,12.7239959348793,0.155155412578968,0.16154873164219,-0.0063933190632213
4837,750,837,5886,1.90298760216781,118,12.7773018447091,0.148935011890309,0.157543391188251,-0.00860837929794248
4838,750,838,5887,2.04960336636071,129,12.4636838310131,0.164446033303631,0.172229639519359,-0.00778360621572768
4839,750,839,5888,2.34226001139234,146,14.1052506701433,0.166055894089867,0.194926568758344,-0.028870674668477
4840,750,840,5889,2.05771835948115,122,13.9252796615853,0.147768548243784,0.162883845126836,-0.0151152968830517
4841,750,841,5890,2.14722576868168,127,13.3071533178816,0.161358760764883,0.169559412550067,-0.00820065178518392
4842,750,842,5891,2.30878377700872,137,12.8955854394827,0.179036755472913,0.182910547396529,-0.0038737919236155
4843,750,843,5892,2.42404878008401,137,13.2464619249581,0.182995942147902,0.182910547396529,8.53947513732856e-05
4844,750,844,5893,2.31883738202939,157,13.1034755347376,0.176963537336495,0.209612817089453,-0.032649279752958
4845,750,845,5894,1.85173411023206,111,12.7678419864198,0.145031095482041,0.148197596795728,-0.00316650131368668
4846,750,846,5895,1.97885868221337,112,13.3881281711991,0.14780697173712,0.149532710280374,-0.00172573854325364
4847,750,847,5896,2.00171300178457,124,12.8143405633435,0.156208818697283,0.165554072096128,-0.00934525339884504
4848,750,848,5897,2.52730602460723,167,12.3950062234276,0.203897116229793,0.222963951935915,-0.0190668357061212
4849,750,849,5898,2.03581511053445,127,12.4055381123685,0.16410534489469,0.169559412550067,-0.00545406765537712
4850,750,850,5899,1.94212448197143,125,12.5850445921037,0.154320031824916,0.166889185580774,-0.012569153755858
4851,750,851,5900,2.1495324391989,124,13.9693239533137,0.153875194417623,0.165554072096128,-0.0116788776785053
4852,750,852,5901,2.02032605900466,121,13.3393713229868,0.151455867753166,0.16154873164219,-0.0100928638890239
4853,750,853,5902,2.04161391661884,136,13.4049689248083,0.152302771313439,0.181575433911883,-0.0292726625984435
4854,750,854,5903,2.17953896684704,112,12.9371441684457,0.168471413665084,0.149532710280374,0.0189387033847097
4855,750,855,5904,2.26850779433258,138,13.4944769274848,0.168106389489778,0.184245660881175,-0.0161392713913967
4856,750,856,5905,2.03644266254895,115,13.1042655647732,0.155403036704575,0.153538050734312,0.00186498597026288
4857,750,857,5906,1.72270152422698,102,12.7434112822188,0.135183702862255,0.136181575433912,-0.000997872571656983
4858,750,858,5907,2.11844084959611,126,13.0391041617029,0.16246828181787,0.168224299065421,-0.00575601724755004
4859,750,859,5908,2.22855115540595,127,13.4782773931061,0.165343915279991,0.169559412550067,-0.00421549727007589
4860,750,860,5909,2.04082571244557,122,12.8315047052644,0.159048043025561,0.162883845126836,-0.0038358021012751
4861,750,861,5910,2.07029171952673,119,14.2292159952479,0.14549583899901,0.158878504672897,-0.0133826656738867
4862,750,862,5911,2.2896296539007,124,13.0858032089696,0.174970509439672,0.165554072096128,0.00941643734354369
4863,750,863,5912,2.09758574571156,117,13.7402621703475,0.15265980515556,0.156208277703605,-0.0035484725480445
4864,750,864,5913,2.45213129793925,141,13.9762963959101,0.175449291319897,0.188251001335113,-0.0128017100152169
4865,750,865,5914,1.88922463340031,123,11.8978348573667,0.158787263064975,0.164218958611482,-0.00543169554650746
4866,750,866,5915,2.02035407067118,113,13.4877365013048,0.149791929170304,0.15086782376502,-0.00107589459471558
4867,750,867,5916,2.22046494431058,142,12.5648286161652,0.176720671020841,0.18958611481976,-0.0128654437989186
4868,750,868,5917,2.43817842800114,152,12.8510602894759,0.189725857095063,0.202937249666222,-0.0132113925711587
4869,750,869,5918,2.07827463928623,128,13.4224090306295,0.154836187344885,0.170894526034713,-0.0160583386898277
4870,750,870,5919,2.11047224492502,117,12.6503464947941,0.166831180931964,0.156208277703605,0.010622903228359
4871,750,871,5920,2.09473255043043,157,11.4756002325805,0.182537950780409,0.209612817089453,-0.0270748663090435
4872,750,872,5921,1.91184662176327,131,11.9584203800787,0.159874511933715,0.174899866488652,-0.0150253545549367
4873,750,873,5922,2.03698169230215,110,13.7486963554236,0.148158170028869,0.146862483311081,0.0012956867177879
4874,750,874,5923,1.81278137627665,112,12.722449955607,0.142486815244082,0.149532710280374,-0.00704589503629227
4875,750,875,5924,2.08406433800787,139,12.7726496360302,0.163166171264023,0.185580774365821,-0.0224146031017977
4876,750,876,5925,1.86062024227965,110,14.5635453717137,0.127758742448352,0.146862483311081,-0.0191037408627297
4877,750,877,5926,2.17844912999139,111,13.2977638759099,0.163820710784153,0.148197596795728,0.0156231139884249
4878,750,878,5927,1.88768546870822,113,14.0449023488563,0.134403602233799,0.15086782376502,-0.0164642215312215
4879,750,879,5928,2.37243239484803,134,13.6937204988412,0.173249658122407,0.17890520694259,-0.00565554882018315
4880,750,880,5929,2.15591418414784,111,13.4331605657267,0.160491953743814,0.148197596795728,0.0122943569480867
4881,750,881,5930,2.03472421204319,131,12.3167774655094,0.16519939714272,0.174899866488652,-0.00970046934593158
4882,750,882,5931,1.83945338130042,115,12.9190326787342,0.142383212972928,0.153538050734312,-0.0111548377613845
4883,750,883,5932,2.32318121601526,143,13.3186459571053,0.17443073593948,0.190921228304406,-0.0164904923649263
4884,750,884,5933,2.27649420052026,135,13.2448474381977,0.171877721592694,0.180240320427236,-0.00836259883454199
4885,750,885,5934,1.83996625695494,110,12.8454991803246,0.143238205937003,0.146862483311081,-0.00362427737407836
4886,750,886,5935,2.00375624824832,127,14.0441716029852,0.142675289429133,0.169559412550067,-0.0268841231209336
4887,750,887,5936,2.37584706447411,148,13.0747485071718,0.181712639686408,0.197596795727637,-0.0158841560412285
4888,750,888,5937,2.72177580883113,165,13.4325448576375,0.202625476979783,0.220293724966622,-0.0176682479868392
4889,750,889,5938,2.11152528901817,126,13.1970475263534,0.159999824566944,0.168224299065421,-0.00822447449847621
4890,750,890,5939,2.07269332407485,121,13.9064434137399,0.149045536835607,0.16154873164219,-0.0125031948065827
4891,750,891,5940,2.08659006742801,116,13.5936365842977,0.15349756148684,0.154873164218959,-0.00137560273211831
4892,750,892,5941,1.94453912108018,122,13.4625531311194,0.144440590290803,0.162883845126836,-0.0184432548360332
4893,750,893,5942,1.90313448775138,125,12.5490733543445,0.151655379964172,0.166889185580774,-0.0152338056166021
4894,750,894,5943,2.13356744099661,120,13.6563543155133,0.156232578014831,0.160213618157543,-0.00398104014271197
4895,750,895,5944,2.01925558462817,132,12.484264075165,0.16174406216263,0.176234979973298,-0.0144909178106682
4896,750,896,5945,2.14838139090081,135,12.5417103667786,0.171298916022778,0.180240320427236,-0.00894140440445873
4897,750,897,5946,1.89021637059338,114,13.5993301688669,0.138993343578103,0.152202937249666,-0.013209593671563
4898,750,898,5947,1.99254864322244,118,12.4795659106048,0.159664900004993,0.157543391188251,0.00212150881674217
4899,750,899,5948,2.55361353176807,153,13.7510671100387,0.185702935730991,0.204272363150868,-0.0185694274198766
4900,750,900,5949,2.03511661378131,116,12.5461206640107,0.16221082741689,0.154873164218959,0.00733766319793125
4901,750,901,5950,1.92942350021417,116,13.8300465559004,0.139509544846109,0.154873164218959,-0.0153636193728494
4902,750,902,5951,2.26976048811283,136,13.3727907229559,0.169729754629042,0.181575433911883,-0.0118456792828409
4903,750,903,5952,2.22057885261358,148,13.267504646951,0.167369743723729,0.197596795727637,-0.0302270520039077
4904,750,904,5953,2.05879668848434,105,14.1123818487669,0.145885840572279,0.14018691588785,0.00569892468442892
4905,750,905,5954,2.35519907505419,128,13.8766804075871,0.169723522188094,0.170894526034713,-0.00117100384661914
4906,750,906,5955,1.75940922976817,101,13.049099389152,0.134829935560979,0.134846461949266,-1.65263882871136e-05
4907,750,907,5956,1.86409783258452,116,12.4673613357843,0.149518232637897,0.154873164218959,-0.00535493158106129
4908,750,908,5957,1.90899081639602,117,13.0635055235935,0.146131588718531,0.156208277703605,-0.0100766889850739
4909,750,909,5958,2.37637056865383,149,12.875766735499,0.184561480296321,0.198931909212283,-0.0143704289159623
4910,750,910,5959,2.19546571570059,142,12.8958127583194,0.170246401436329,0.18958611481976,-0.0193397133834302
4911,750,911,5960,1.84906723389687,121,12.2702278974802,0.150695427122147,0.16154873164219,-0.0108533045200423
4912,750,912,5961,2.29839773004949,133,13.6933367375499,0.167847893767691,0.177570093457944,-0.00972219969025326
4913,750,913,5962,2.03298483573211,115,13.2644291912769,0.153265911892317,0.153538050734312,-0.000272138841995645
4914,750,914,5963,1.8722627546851,120,11.9141670609195,0.157145920911789,0.160213618157543,-0.00306769724575406
4915,750,915,5964,1.89962222316448,127,12.7386256045459,0.149123012335536,0.169559412550067,-0.0204364002145305
4916,750,916,5965,1.99788819269621,114,12.9623036861081,0.154130642289872,0.152202937249666,0.00192770504020581
4917,750,917,5966,1.98408924533873,117,12.5483383021293,0.158115696084003,0.156208277703605,0.00190741838039821
4918,750,918,5967,2.30802303839672,164,13.3884541611455,0.172389060799477,0.218958611481976,-0.046569550682499
4919,750,919,5968,2.28642211118004,133,13.5406174745746,0.168856561783337,0.177570093457944,-0.0087135316746069
4920,750,920,5969,2.2331460770328,128,12.7025482772225,0.17580299860282,0.170894526034713,0.0049084725681067
4921,750,921,5970,1.7905039640355,129,12.3665184648581,0.144786422235455,0.172229639519359,-0.027443217283904
4922,750,922,5971,2.13018349320917,123,13.466674987556,0.158181844826401,0.164218958611482,-0.00603711378508082
4923,750,923,5972,2.82303156174374,167,13.27306465027,0.212688752456753,0.222963951935915,-0.0102751994791618
4924,750,924,5973,2.07042137964154,124,13.2659449770609,0.156070403067528,0.165554072096128,-0.00948366902860034
4925,750,925,5974,2.20405098533095,127,13.6496657090656,0.161472891154183,0.169559412550067,-0.00808652139588331
4926,750,926,5975,2.28895337645662,147,13.1517649464708,0.174041536308846,0.196261682242991,-0.0222201459341443
4927,750,927,5976,1.7417431419326,110,12.0503018086996,0.144539379144443,0.146862483311081,-0.00232310416663833
4928,750,928,5977,2.42767872725207,171,13.7438690418974,0.17663721328044,0.228304405874499,-0.0516671925940588
4929,750,929,5978,2.05694854041503,127,12.4458339009688,0.165272054631464,0.169559412550067,-0.00428735791860316
4930,750,930,5979,1.93078876726912,110,13.8555837083499,0.139350951061379,0.146862483311081,-0.00751153224970208
4931,750,931,5980,2.53422188292694,164,12.6703793340581,0.200011524210244,0.218958611481976,-0.0189470872717317
4932,750,932,5981,1.91422113609327,120,12.7295147135733,0.150376599514211,0.160213618157543,-0.00983701864333239
4933,750,933,5982,1.75457929849311,110,12.4942737356201,0.14043067533337,0.146862483311081,-0.00643180797771134
4934,750,934,5983,1.98886048467697,116,13.4535835975349,0.147831280064398,0.154873164218959,-0.00704188415456086
4935,750,935,5984,1.92462835685094,114,12.1246443477624,0.158736891709829,0.152202937249666,0.0065339544601625
4936,750,936,5985,2.16184988602045,113,14.0848888790778,0.153487180806357,0.15086782376502,0.00261935704133651
4937,750,937,5986,2.40118970724171,148,13.4163750121461,0.178974551998424,0.197596795727637,-0.018622243729213
4938,750,938,5987,2.0207938136038,112,13.2923505355912,0.152026822358693,0.149532710280374,0.00249411207831965
4939,750,939,5988,1.85911021529188,122,12.613150252436,0.147394598342538,0.162883845126836,-0.015489246784298
4940,750,940,5989,2.16704831694602,139,13.5095978271246,0.160408055419311,0.185580774365821,-0.02517271894651
4941,750,941,5990,1.92128326640065,117,13.5092721550604,0.142219598831678,0.156208277703605,-0.0139886788719273
4942,750,942,5991,1.76943155311425,119,13.2914722135019,0.133125324621061,0.158878504672897,-0.025753180051836
4943,750,943,5992,2.4372305356222,136,14.0481287169695,0.17349147240359,0.181575433911883,-0.00808396150829263
4944,750,944,5993,1.90016909326207,122,12.8838422399364,0.147484660078503,0.162883845126836,-0.0153991850483329
4945,750,945,5994,1.86501072375474,97,13.7943783228684,0.135200781079269,0.129506008010681,0.00569477306858768
4946,750,946,5995,2.17546918971118,133,12.5100281720719,0.173898024831616,0.177570093457944,-0.00367206862632743
4947,750,947,5996,2.07297447093274,130,12.974871914917,0.159768395751905,0.173564753004005,-0.0137963572521005
4948,750,948,5997,2.08166525161161,106,13.8190839079233,0.150636993413005,0.141522029372497,0.00911496404050852
4949,750,949,5998,2.12777796042234,140,12.0878019227092,0.176026871885194,0.186915887850467,-0.0108890159652731
4950,750,950,5999,2.37921001657153,150,12.9221664183709,0.184118509198977,0.200267022696929,-0.016148513497952
4951,750,951,6000,1.94979941664633,122,12.5353361961413,0.155544245972958,0.162883845126836,-0.0073395991538773
4952,750,952,6001,1.87788381226902,117,13.2542523749408,0.141681609731488,0.156208277703605,-0.0145266679721167
4953,750,953,6002,1.97700066261934,121,12.1615244602776,0.162561911467324,0.16154873164219,0.00101317982513457
4954,750,954,6003,2.23030082181421,125,14.4300752151924,0.154559195884584,0.166889185580774,-0.0123299896961901
4955,750,955,6004,2.001497762497,133,12.448279609551,0.160785090412119,0.177570093457944,-0.0167850030458254
4956,750,956,6005,1.97577244694162,120,12.9719038125438,0.152311678801615,0.160213618157543,-0.00790193935592817
4957,750,957,6006,2.00393470033878,131,13.5806539894388,0.147558041158929,0.174899866488652,-0.0273418253297227
4958,750,958,6007,2.164632042127,142,13.122995881121,0.164949532998107,0.18958611481976,-0.0246365818216522
4959,750,959,6008,2.26426719102094,130,13.557017280822,0.167018094328463,0.173564753004005,-0.00654665867554208
4960,750,960,6009,2.22686613990795,118,13.9298582154749,0.159862800142078,0.157543391188251,0.00231940895382721
4961,750,961,6010,2.17917199337664,140,12.9920863307163,0.16773071990944,0.186915887850467,-0.0191851679410275
4962,750,962,6011,2.10878928567878,126,14.1211445972153,0.149335577662355,0.168224299065421,-0.0188887214030657
4963,750,963,6012,2.37742177038633,144,12.952625112042,0.183547485534501,0.192256341789052,-0.00870885625455128
4964,750,964,6013,2.09740183965662,123,13.9331297181894,0.15053343233563,0.164218958611482,-0.0136855262758522
4965,750,965,6014,2.05921853446005,142,12.10180519007,0.170157964214274,0.18958611481976,-0.0194281506054852
4966,750,966,6015,2.21947053626811,129,13.3381583479907,0.166400074010402,0.172229639519359,-0.00582956550895763
4967,750,967,6016,2.34385638654022,150,13.8110723895839,0.169708500572912,0.200267022696929,-0.0305585221240177
4968,750,968,6017,1.9599250473701,119,12.0036591917488,0.163277298702161,0.158878504672897,0.00439879402926344
4969,750,969,6018,2.07426107131489,125,13.1475032006056,0.157768440111073,0.166889185580774,-0.00912074546970107
4970,750,970,6019,1.93317510603842,123,13.2986449127805,0.145366322562727,0.164218958611482,-0.0188526360487547
4971,750,971,6020,2.11809938686564,136,14.019014357909,0.15108761092542,0.181575433911883,-0.0304878229864626
4972,750,972,6021,2.13566366935119,120,12.6004236967985,0.169491417173044,0.160213618157543,0.00927779901550074
4973,750,973,6022,1.93736202407641,133,13.1642717171524,0.147168188693046,0.177570093457944,-0.0304019047648983
4974,750,974,6023,2.28600767597585,126,12.859121684336,0.17777323615815,0.168224299065421,0.00954893709272947
4975,750,975,6024,2.11511890848633,119,13.0616707811786,0.161933258303688,0.158878504672897,0.00305475363079077
4976,750,976,6025,1.92430436810835,128,12.3074550548995,0.156352743887722,0.170894526034713,-0.0145417821469906
4977,750,977,6026,2.11030028767337,126,13.5873143990257,0.155314010237718,0.168224299065421,-0.0129102888277022
4978,750,978,6027,2.32859148836291,140,12.784641274611,0.182139759602584,0.186915887850467,-0.0047761282478837
4979,750,979,6028,2.35439768310631,125,14.7476353584813,0.159645775466798,0.166889185580774,-0.00724341011397686
4980,750,980,6029,1.90161904059495,111,12.7810757428232,0.148783958319216,0.148197596795728,0.000586361523488538
4981,750,981,6030,2.10763389835691,117,12.8695155406592,0.163769482363044,0.156208277703605,0.00756120465943944
4982,750,982,6031,2.01874041709526,111,12.9704265398294,0.155641791031015,0.148197596795728,0.00744419423528753
4983,750,983,6032,1.89255112342,115,12.8568379019146,0.147201912154324,0.153538050734312,-0.0063361385799888
4984,750,984,6033,1.8747244515822,103,13.3820899886537,0.140092052375356,0.137516688918558,0.00257536345679799
4985,750,985,6034,1.82543986306264,116,12.9474454654575,0.140988418752775,0.154873164218959,-0.0138847454661837
4986,750,986,6035,2.29905861996332,121,14.3023246060484,0.160747199024629,0.16154873164219,-0.000801532617560136
4987,750,987,6036,1.90767741158108,108,13.2062808732041,0.144452282205492,0.144192256341789,0.000260025863703356
4988,750,988,6037,2.15089434702036,112,13.5438613665875,0.158809536571792,0.149532710280374,0.00927682629141824
4989,750,989,6038,2.0023364630213,123,11.9048342923391,0.16819524017313,0.164218958611482,0.00397628156164836
4990,750,990,6039,1.93863315166085,112,13.2123828293602,0.146728502852103,0.149532710280374,-0.00280420742827051
4991,750,991,6040,2.08010925727104,114,13.6456444930421,0.152437597090536,0.152202937249666,0.000234659840869678
4992,750,992,6041,2.15769366436346,111,14.3135354472992,0.150744983467421,0.148197596795728,0.00254738667169382
4993,750,993,6042,2.16804640174757,144,13.2768390275575,0.163295374542657,0.192256341789052,-0.0289609672463948
4994,750,994,6043,2.34111138042677,137,13.1943540021889,0.177432815584482,0.182910547396529,-0.0054777318120463
4995,750,995,6044,1.70088448894378,122,11.7181186659237,0.145149962842581,0.162883845126836,-0.0177338822842549
4996,750,996,6045,1.71482354983254,107,12.2933741062497,0.139491691622787,0.142857142857143,-0.00336545123435589
4997,750,997,6046,1.93759342083119,106,13.4849847068352,0.143685251630213,0.141522029372497,0.00216322225771615
4998,750,998,6047,2.09485741275054,138,11.4798547672691,0.18248117726396,0.184245660881175,-0.00176448361721515
4999,750,999,6048,1.78435375923831,111,12.3161354937876,0.144879354415868,0.148197596795728,-0.00331824237986009
5000,750,1000,6049,2.12048478819257,151,12.5523793228772,0.168930904145632,0.201602136181575,-0.0326712320359438
