"run_id","n","replicate","seed","weighted_diameter","hop_diameter","mst_length","weighted_stringy","hop_stringy","difference"
1,250,1,1050,1.76610398035091,54,8.26376224047379,0.213716698152445,0.216867469879518,-0.00315077172707318
2,250,2,1051,1.99056160893395,58,8.61065550303536,0.231174224567717,0.232931726907631,-0.00175750233991306
3,250,3,1052,1.89833949557222,63,8.71234183816973,0.217890841616819,0.253012048192771,-0.0351212065759522
4,250,4,1053,2.21931616920821,62,8.75883279396301,0.253380355740763,0.248995983935743,0.00438437180502027
5,250,5,1054,2.0460840793605,63,8.43939793638177,0.242444318277723,0.253012048192771,-0.010567729915048
6,250,6,1055,1.68525487462237,53,7.83147623408666,0.215189936641481,0.21285140562249,0.00233853101899123
7,250,7,1056,1.95206435009053,73,7.47595097825955,0.261112513413642,0.293172690763052,-0.0320601773494101
8,250,8,1057,2.03924968301456,53,8.5338645805477,0.238959695665066,0.21285140562249,0.0261082900425758
9,250,9,1058,2.34894066406638,78,8.50377034496746,0.276223436049926,0.313253012048193,-0.0370295759982671
10,250,10,1059,1.8204272505455,66,7.31501952254819,0.248861571036703,0.265060240963855,-0.0161986699271523
11,250,11,1060,1.82669859270908,53,7.77715183699635,0.234880150342363,0.21285140562249,0.0220287447198727
12,250,12,1061,1.73585471407305,54,8.49904912482816,0.204241049625436,0.216867469879518,-0.0126264202540818
13,250,13,1062,1.89495659718199,51,8.73465317065468,0.216946976618187,0.204819277108434,0.0121276995097531
14,250,14,1063,1.84646065723546,58,8.0649699312952,0.228948238240849,0.232931726907631,-0.00398348866678144
15,250,15,1064,1.76267778659607,53,8.96336006858212,0.196653684902664,0.21285140562249,-0.0161977207198264
16,250,16,1065,1.9654994116537,69,8.38976757726046,0.23427340430514,0.27710843373494,-0.0428350294297993
17,250,17,1066,2.196872113184,80,7.91814080369462,0.277447972655264,0.321285140562249,-0.0438371679069845
18,250,18,1067,2.19171792287893,76,8.10761241172047,0.270328403922042,0.305220883534137,-0.034892479612095
19,250,19,1068,2.07319830353488,68,8.31529322322973,0.24932353530759,0.273092369477912,-0.0237688341703222
20,250,20,1069,1.76678985048737,54,7.95564535804767,0.222080016261678,0.216867469879518,0.00521254638216026
21,250,21,1070,2.03125117615728,63,8.13719443373383,0.249625493491522,0.253012048192771,-0.00338655470124863
22,250,22,1071,2.13136099188828,69,8.36518007571841,0.254789612727523,0.27710843373494,-0.0223188210074168
23,250,23,1072,2.15391619924749,66,8.55928220108703,0.251646826059076,0.265060240963855,-0.0134134149047794
24,250,24,1073,2.33254255440432,67,8.68837043003865,0.268467208343227,0.269076305220884,-0.000609096877656368
25,250,25,1074,2.04951848972831,70,8.64790063226042,0.236996073021782,0.281124497991968,-0.0441284249701855
26,250,26,1075,1.87490056922345,59,8.19649053852583,0.228744309581142,0.236947791164659,-0.00820348158351664
27,250,27,1076,2.20695117448552,62,8.69108047333779,0.25393288915641,0.248995983935743,0.00493690522066687
28,250,28,1077,1.91680647561471,68,8.1389399936611,0.235510579646439,0.273092369477912,-0.0375817898314728
29,250,29,1078,2.1865003074673,68,7.62739193055466,0.286664213321512,0.273092369477912,0.0135718438436007
30,250,30,1079,1.86859100879014,67,7.63674491292354,0.244684224770682,0.269076305220884,-0.0243920804502017
31,250,31,1080,2.0181342910788,64,7.73811174588953,0.260804490468986,0.257028112449799,0.00377637801918712
32,250,32,1081,2.12440482447023,72,7.93833387572007,0.267613438503496,0.289156626506024,-0.0215431880025277
33,250,33,1082,1.7176537738119,54,8.56612514907594,0.200517006688513,0.216867469879518,-0.0163504631910054
34,250,34,1083,1.66171581529277,58,8.01176098645492,0.207409559284425,0.232931726907631,-0.0255221676232055
35,250,35,1084,2.09721215579874,67,8.30758674382786,0.252445411702366,0.269076305220884,-0.0166308935185179
36,250,36,1085,2.83374424195414,78,8.51164782155539,0.332925457133905,0.313253012048193,0.0196724450857125
37,250,37,1086,2.26120395273813,65,8.39638373126283,0.269306885572515,0.261044176706827,0.00826270886568797
38,250,38,1087,2.40410059032438,74,9.37556862379415,0.256421843494701,0.29718875502008,-0.0407669115253791
39,250,39,1088,1.80854179442412,63,7.26702594548308,0.248869593695099,0.253012048192771,-0.00414245449767237
40,250,40,1089,1.97358632311472,62,8.60265245096927,0.229416024227778,0.248995983935743,-0.0195799597079646
41,250,41,1090,1.71814850793359,53,8.59896514592042,0.199808753585742,0.21285140562249,-0.0130426520367484
42,250,42,1091,1.94206392387732,55,7.95935595837722,0.243997621671047,0.220883534136546,0.0231140875345008
43,250,43,1092,1.79722013415803,57,7.75119447441558,0.231863635997023,0.228915662650602,0.00294797334642094
44,250,44,1093,1.66173968400126,58,7.37804498236247,0.225227643362669,0.232931726907631,-0.00770408354496155
45,250,45,1094,1.98805081153009,63,7.9055100843836,0.251476601801729,0.253012048192771,-0.00153544639104236
46,250,46,1095,2.03863087616114,74,8.19520395740723,0.248759016463346,0.29718875502008,-0.0484297385567348
47,250,47,1096,1.90250472205766,66,7.88442949420391,0.241298970769699,0.265060240963855,-0.0237612701941566
48,250,48,1097,1.93644532534735,62,8.2440237150365,0.234890799964029,0.248995983935743,-0.014105183971714
49,250,49,1098,1.86882587980827,68,7.83794025591988,0.238433289714958,0.273092369477912,-0.0346590797629539
50,250,50,1099,1.6876004935662,58,7.44180621354841,0.22677296951025,0.232931726907631,-0.00615875739738034
51,250,51,1100,1.75074158719128,57,8.2919895873848,0.211136491277655,0.228915662650602,-0.017779171372947
52,250,52,1101,1.94864315955008,57,8.5725981614571,0.22731068491129,0.228915662650602,-0.00160497773931281
53,250,53,1102,1.94341567456466,62,8.04722782013257,0.241501262049848,0.248995983935743,-0.0074947218858949
54,250,54,1103,1.72492002930211,68,7.34412523002479,0.234870726638778,0.273092369477912,-0.0382216428391333
55,250,55,1104,2.19742866680228,82,7.52351739239338,0.292074644370993,0.329317269076305,-0.0372426247053126
56,250,56,1105,2.09183828091901,68,8.04443010538152,0.260035608926432,0.273092369477912,-0.0130567605514794
57,250,57,1106,1.94827740417776,69,8.1634562349168,0.238658400083603,0.27710843373494,-0.0384500336513363
58,250,58,1107,2.07267605336378,70,8.0417003141636,0.25774102147443,0.281124497991968,-0.0233834765175374
59,250,59,1108,2.01136398263878,59,8.25716302187512,0.243590198874627,0.236947791164659,0.00664240770996885
60,250,60,1109,2.1758676480863,68,8.17479403849643,0.266167886045788,0.273092369477912,-0.00692448343212415
61,250,61,1110,1.990066808202,61,7.89400727439877,0.25209842593584,0.244979919678715,0.00711850625712485
62,250,62,1111,1.88799633875863,54,8.4783745498063,0.222683761806886,0.216867469879518,0.00581629192736763
63,250,63,1112,1.67851816893016,59,7.63865845462947,0.219739916230039,0.236947791164659,-0.0172078749346195
64,250,64,1113,1.76660749439856,64,7.89277143012522,0.223826004596529,0.257028112449799,-0.0332021078532702
65,250,65,1114,1.90131169590852,60,8.53977835660568,0.222641808313189,0.240963855421687,-0.0183220471084975
66,250,66,1115,1.99761975065228,61,8.39723803421926,0.237890094637291,0.244979919678715,-0.00708982504142358
67,250,67,1116,1.95541994970604,68,8.30212800329217,0.235532377835011,0.273092369477912,-0.0375599916429006
68,250,68,1117,1.90365969380202,53,7.91040849337923,0.240652514392313,0.21285140562249,0.0278011087698229
69,250,69,1118,1.91606470330031,60,8.34892672542009,0.229498325511283,0.240963855421687,-0.011465529910404
70,250,70,1119,1.88022308902099,70,7.51523464875622,0.25018820794001,0.281124497991968,-0.0309362900519579
71,250,71,1120,2.03872772301117,70,7.90109967451765,0.25803088266136,0.281124497991968,-0.0230936153306079
72,250,72,1121,1.71413140199266,54,7.89830326938342,0.217025270305489,0.216867469879518,0.000157800425970966
73,250,73,1122,1.89576817269299,63,7.94359429376742,0.238653700401142,0.253012048192771,-0.0143583477916292
74,250,74,1123,2.08585655991263,72,8.09955269049544,0.257527377080998,0.289156626506024,-0.0316292494250262
75,250,75,1124,1.8328754071017,62,8.21007846282126,0.223247002498423,0.248995983935743,-0.0257489814373203
76,250,76,1125,2.07302687762436,72,7.53120761586075,0.275258229936266,0.289156626506024,-0.0138983965697581
77,250,77,1126,1.77125610554293,57,8.27355824276031,0.21408637657115,0.228915662650602,-0.0148292860794524
78,250,78,1127,1.84331816410782,66,7.83535404452806,0.235256524929481,0.265060240963855,-0.0298037160343746
79,250,79,1128,2.09221466612182,67,8.06057754940625,0.259561384193361,0.269076305220884,-0.00951492102752277
80,250,80,1129,2.4660398951103,80,8.01418353688737,0.307709435872002,0.321285140562249,-0.0135757046902473
81,250,81,1130,1.84930006019193,62,8.45903101464799,0.218618427688657,0.248995983935743,-0.0303775562470857
82,250,82,1131,2.03906492681907,66,8.4210652716466,0.242138596607785,0.265060240963855,-0.0229216443560701
83,250,83,1132,2.13326414024073,64,8.0205324181698,0.265975377820058,0.257028112449799,0.00894726537025847
84,250,84,1133,1.87975651878128,63,7.86091943637712,0.239126801132516,0.253012048192771,-0.0138852470602553
85,250,85,1134,2.11088329821595,71,8.1756311768709,0.258192089705281,0.285140562248996,-0.0269484725437147
86,250,86,1135,1.94590722437793,69,7.79936425513805,0.249495620504711,0.27710843373494,-0.0276128132302291
87,250,87,1136,2.00843201397764,60,8.18514342837232,0.245375298741349,0.240963855421687,0.00441144331966195
88,250,88,1137,2.23145348355639,63,7.91304813536145,0.281996702836241,0.253012048192771,0.02898465464347
89,250,89,1138,2.00069372580767,65,8.34626900440921,0.23971114814904,0.261044176706827,-0.0213330285577878
90,250,90,1139,1.9586066022778,63,7.72006155047834,0.253703495687343,0.253012048192771,0.000691447494571729
91,250,91,1140,1.97052710126589,66,7.711948829854,0.255516101667806,0.265060240963855,-0.0095441392960493
92,250,92,1141,1.82024540008157,53,8.56048425888766,0.212633461499769,0.21285140562249,-0.00021794412272097
93,250,93,1142,1.60264354014417,49,7.83320485549716,0.204596148027391,0.196787148594378,0.00780899943301322
94,250,94,1143,2.29739256412135,72,8.04180515846909,0.285681202024883,0.289156626506024,-0.00347542448114152
95,250,95,1144,1.8809325767973,63,8.52868502400205,0.220541920765492,0.253012048192771,-0.0324701274272794
96,250,96,1145,2.21017453740003,73,8.55763859400952,0.258269207459543,0.293172690763052,-0.0349034833035094
97,250,97,1146,1.88497058035322,60,8.18431097851428,0.230315121859581,0.240963855421687,-0.0106487335621055
98,250,98,1147,1.7608517950278,61,8.39825771835335,0.209668702018953,0.244979919678715,-0.0353112176597616
99,250,99,1148,2.47526674260491,74,8.49305312839064,0.29144604480697,0.29718875502008,-0.00574271021311029
100,250,100,1149,2.2805247804351,68,8.62900087975419,0.264286075782631,0.273092369477912,-0.00880629369528108
101,250,101,1150,1.83642338863196,59,7.93911431018409,0.231313382939485,0.236947791164659,-0.00563440822517319
102,250,102,1151,2.13104148615105,68,8.26471515319282,0.257848146808519,0.273092369477912,-0.0152442226693931
103,250,103,1152,1.87830496816748,61,7.83275947640149,0.239801180391972,0.244979919678715,-0.00517873928674309
104,250,104,1153,1.94360533696372,68,8.53157318897252,0.227813240760323,0.273092369477912,-0.0452791287175885
105,250,105,1154,1.98384896299439,64,8.17077225881922,0.242798220309359,0.257028112449799,-0.0142298921404398
106,250,106,1155,2.13788462064662,67,8.77465088506035,0.243643268393341,0.269076305220884,-0.0254330368275427
107,250,107,1156,1.9447825322253,53,8.52030352899882,0.228252728979224,0.21285140562249,0.0154013233567344
108,250,108,1157,1.87093339040174,74,8.11700426845257,0.230495553350055,0.29718875502008,-0.0666932016700251
109,250,109,1158,2.86088403198778,102,8.29628535235097,0.344839155174077,0.409638554216867,-0.0647993990427906
110,250,110,1159,2.24488692763913,76,8.05763021196609,0.278603865973562,0.305220883534137,-0.0266170175605742
111,250,111,1160,2.44152571570427,77,8.95757818737047,0.272565381471818,0.309236947791165,-0.0366715663193465
112,250,112,1161,1.73926181029358,61,8.382969468261,0.207475622675074,0.244979919678715,-0.037504297003641
113,250,113,1162,1.94593323037536,78,7.14078234743527,0.272509808546997,0.313253012048193,-0.0407432035011957
114,250,114,1163,2.01729886199177,61,9.03173583371566,0.223356716707895,0.244979919678715,-0.0216232029708198
115,250,115,1164,2.05053493502587,64,8.53246703649929,0.240321459931143,0.257028112449799,-0.0167066525186558
116,250,116,1165,2.05801692421804,69,8.42540203704234,0.244263349709599,0.27710843373494,-0.0328450840253407
117,250,117,1166,2.0843651596131,59,8.10085346963302,0.257301921016913,0.236947791164659,0.0203541298522547
118,250,118,1167,2.06495257697951,66,7.84290385200782,0.263289288756342,0.265060240963855,-0.00177095220751367
119,250,119,1168,2.1426175707422,73,8.33802671098199,0.256969381966618,0.293172690763052,-0.0362033087964339
120,250,120,1169,2.02959896144492,61,8.28094275800908,0.245092741340587,0.244979919678715,0.000112821661871931
121,250,121,1170,1.80820540070067,59,8.08204640733594,0.223731133127297,0.236947791164659,-0.0132166580373618
122,250,122,1171,1.64272216512662,59,7.90548096046045,0.207795347726819,0.236947791164659,-0.0291524434378398
123,250,123,1172,1.76416065097004,50,8.08023757493767,0.2183302946985,0.200803212851406,0.0175270818470946
124,250,124,1173,2.02138077278691,62,8.33099100009899,0.242633892265986,0.248995983935743,-0.0063620916697574
125,250,125,1174,1.85517927408131,69,7.35346205105425,0.252286509565292,0.27710843373494,-0.0248219241696473
126,250,126,1175,1.82690914763862,59,8.60591933804972,0.212285181382218,0.236947791164659,-0.0246626097824404
127,250,127,1176,1.95839820755055,63,8.24816741639077,0.237434342525446,0.253012048192771,-0.0155777056673255
128,250,128,1177,2.16189584436277,71,8.23900702981263,0.262397621040984,0.285140562248996,-0.0227429412080125
129,250,129,1178,2.16025613688108,71,8.69720076736052,0.248385221252825,0.285140562248996,-0.0367553409961715
130,250,130,1179,1.75605589282134,57,7.55087054410396,0.232563369026706,0.228915662650602,0.00364770637610387
131,250,131,1180,1.94495088713968,53,8.73196181950735,0.222739279825368,0.21285140562249,0.00988787420287837
132,250,132,1181,1.95003797623907,61,8.19612652656609,0.237921897608391,0.244979919678715,-0.00705802207032377
133,250,133,1182,2.0340560004481,64,7.81098788016973,0.260409570678262,0.257028112449799,0.00338145822846253
134,250,134,1183,2.487662959551,76,9.07983599955485,0.273976640070697,0.305220883534137,-0.0312442434634398
135,250,135,1184,2.09858390059185,63,7.83202838697117,0.267948965057751,0.253012048192771,0.0149369168649796
136,250,136,1185,2.21199707721386,66,8.35221264013649,0.264839650583622,0.265060240963855,-0.000220590380233032
137,250,137,1186,1.8110086695938,53,7.89722740484918,0.229322086949373,0.21285140562249,0.0164706813268835
138,250,138,1187,1.8974200509671,62,7.72320909847469,0.245677674496969,0.248995983935743,-0.00331830943877354
139,250,139,1188,1.73590176305434,55,8.73237238392835,0.198789250702273,0.220883534136546,-0.0220942834342733
140,250,140,1189,1.95519093370664,58,7.98930892793989,0.244725914511708,0.232931726907631,0.011794187604077
141,250,141,1190,1.95487672234505,67,7.90759800072595,0.247214985152961,0.269076305220884,-0.0218613200679226
142,250,142,1191,1.75736581394131,48,7.99124580199662,0.219911370202407,0.192771084337349,0.027140285865058
143,250,143,1192,1.92227004819046,50,8.65221636037793,0.222170825153347,0.200803212851406,0.0213676123019418
144,250,144,1193,2.09149018318587,67,7.97485066142466,0.262260733395631,0.269076305220884,-0.00681557182525222
145,250,145,1194,2.47273106142123,79,8.85661116094374,0.27919607358688,0.317269076305221,-0.0380730027183409
146,250,146,1195,1.88144535605559,55,8.58197368735536,0.219232244772284,0.220883534136546,-0.00165128936426254
147,250,147,1196,2.28792379670662,72,8.66674577627142,0.26398879761429,0.289156626506024,-0.0251678288917342
148,250,148,1197,2.05662594176633,69,8.3359584965227,0.246717392202018,0.27710843373494,-0.030391041532922
149,250,149,1198,2.33229745610298,68,8.81212493728546,0.264669131758978,0.273092369477912,-0.00842323771893405
150,250,150,1199,1.71347226143864,53,8.17636926389762,0.209563952670827,0.21285140562249,-0.00328745295166311
151,250,151,1200,1.81212142548531,67,8.14990761324454,0.222348707676195,0.269076305220884,-0.0467275975446882
152,250,152,1201,1.99771152519467,67,8.45606808342279,0.236245913051596,0.269076305220884,-0.032830392169288
153,250,153,1202,2.11385258669922,69,8.67736002901497,0.243605495177221,0.27710843373494,-0.0335029385577188
154,250,154,1203,1.73019195219216,54,8.25835335527424,0.209508103826432,0.216867469879518,-0.0073593660530856
155,250,155,1204,1.85717546198372,62,7.79350354864545,0.238297891364469,0.248995983935743,-0.0106980925712742
156,250,156,1205,2.04987271184482,65,8.33099795396475,0.246053680864161,0.261044176706827,-0.0149904958426665
157,250,157,1206,2.07287234067048,75,6.94379269620839,0.2985216338331,0.301204819277108,-0.00268318544400825
158,250,158,1207,2.09769151260397,59,8.94926141554504,0.234398283299696,0.236947791164659,-0.00254950786496244
159,250,159,1208,2.16078117181755,66,8.02322789753824,0.269315691815328,0.265060240963855,0.00425545085147278
160,250,160,1209,2.05182041675894,63,8.19802907241434,0.250282159118359,0.253012048192771,-0.00272988907441163
161,250,161,1210,2.09970033106321,78,7.99412158257234,0.262655541246794,0.313253012048193,-0.050597470801399
162,250,162,1211,1.74969964139995,60,7.85256364267826,0.222818906158293,0.240963855421687,-0.0181449492633936
163,250,163,1212,1.98423658082336,62,8.56706809459719,0.231612093999196,0.248995983935743,-0.0173838899365467
164,250,164,1213,1.65484545996379,56,8.38237719671865,0.197419588874096,0.224899598393574,-0.0274800095194787
165,250,165,1214,1.81657317674007,56,8.42247508951503,0.215681632469473,0.224899598393574,-0.00921796592410146
166,250,166,1215,1.98259755794041,60,7.76471758997985,0.255334148984233,0.240963855421687,0.0143702935625459
167,250,167,1216,2.27441911008366,74,8.13406673858065,0.279616480068436,0.29718875502008,-0.0175722749516447
168,250,168,1217,1.80421401008947,67,7.7198760221105,0.23371023121641,0.269076305220884,-0.0353660740044735
169,250,169,1218,2.12949912414335,79,8.13763122983275,0.261685380425763,0.317269076305221,-0.0555836958794577
170,250,170,1219,1.96728607948272,66,6.87674392050192,0.286078135557378,0.265060240963855,0.0210178945935227
171,250,171,1220,2.29111854163242,66,8.45446345943552,0.270995143881714,0.265060240963855,0.00593490291785864
172,250,172,1221,1.95430224695487,64,8.54861954472264,0.228610272890355,0.257028112449799,-0.0284178395594438
173,250,173,1222,1.75281043650131,63,7.61871056495568,0.230066547555151,0.253012048192771,-0.0229455006376202
174,250,174,1223,1.97295380008574,58,7.98444356322207,0.247099723914833,0.232931726907631,0.0141679970072029
175,250,175,1224,1.97719184115006,61,7.95274401471814,0.248617563634749,0.244979919678715,0.00363764395603433
176,250,176,1225,1.79129380257318,58,8.13350362212912,0.220236430177463,0.232931726907631,-0.0126952967301675
177,250,177,1226,2.49527685919094,85,8.2081820696834,0.303998722007782,0.34136546184739,-0.0373667398396076
178,250,178,1227,2.06948013308064,69,8.76457539281282,0.236118698320249,0.27710843373494,-0.0409897354146911
179,250,179,1228,1.73331859538943,60,7.9407071453287,0.218282649601188,0.240963855421687,-0.0226812058204991
180,250,180,1229,1.6803154559933,54,8.21013211767978,0.204663631706352,0.216867469879518,-0.0122038381731664
181,250,181,1230,2.30271119500032,72,8.21965593862854,0.280146907874654,0.289156626506024,-0.00900971863137057
182,250,182,1231,1.89595789927273,59,8.30841018686097,0.228197435686435,0.236947791164659,-0.00875035547822381
183,250,183,1232,2.48712235296463,81,7.79736659104193,0.318969529510384,0.325301204819277,-0.00633167530889323
184,250,184,1233,1.89601665141383,68,7.76246806704629,0.24425435763954,0.273092369477912,-0.0288380118383719
185,250,185,1234,1.68330272319186,55,7.67832820022609,0.219227764077901,0.220883534136546,-0.00165577005864542
186,250,186,1235,1.7483494942051,67,8.30811785788183,0.210438696719553,0.269076305220884,-0.0586376085013301
187,250,187,1236,2.42776973230457,81,8.18141345270891,0.296742090634806,0.325301204819277,-0.0285591141844712
188,250,188,1237,2.31911761555951,67,8.65408963590668,0.267979384675803,0.269076305220884,-0.00109692054508076
189,250,189,1238,1.99565700389884,75,8.38229164151038,0.238080120478754,0.301204819277108,-0.0631246987983549
190,250,190,1239,2.39990250892428,77,8.53483167354513,0.281189202168228,0.309236947791165,-0.0280477456229364
191,250,191,1240,2.49507619700903,87,8.02287094384272,0.310995429749984,0.349397590361446,-0.0384021606114613
192,250,192,1241,2.13500077071756,72,7.99956209333598,0.266889705437266,0.289156626506024,-0.0222669210687579
193,250,193,1242,2.04507175249187,68,8.65007971393572,0.236422301310952,0.273092369477912,-0.0366700681669592
194,250,194,1243,1.7812251502868,70,7.39893673230965,0.240740692173857,0.281124497991968,-0.040383805818111
195,250,195,1244,1.87643440929396,66,8.02416340926187,0.233847980604195,0.265060240963855,-0.0312122603596606
196,250,196,1245,2.26441158987551,64,8.1820266744461,0.276754364165991,0.257028112449799,0.019726251716192
197,250,197,1246,1.8782767794299,63,8.3505505666221,0.224928495964989,0.253012048192771,-0.0280835522277816
198,250,198,1247,1.81572827723708,62,8.46947819713063,0.214384904828284,0.248995983935743,-0.0346110791074588
199,250,199,1248,2.03495588922583,60,8.37192234952185,0.243069130871962,0.240963855421687,0.00210527545027486
200,250,200,1249,2.09855286423234,58,7.90641982738535,0.265423909942603,0.232931726907631,0.0324921830349726
201,250,201,1250,1.89817855215951,65,8.44271736802162,0.224830285015724,0.261044176706827,-0.0362138916911029
202,250,202,1251,2.164204187889,69,8.30190839912147,0.260687553251976,0.27710843373494,-0.016420880482964
203,250,203,1252,1.72758881893887,58,7.71770096439001,0.223847597478845,0.232931726907631,-0.009084129428786
204,250,204,1253,2.02824796535677,78,7.50555681579725,0.270232844162585,0.313253012048193,-0.0430201678856079
205,250,205,1254,2.07426964158851,72,7.89671848690454,0.262674887680035,0.289156626506024,-0.0264817388259887
206,250,206,1255,2.11467728364622,69,8.02820430723154,0.263406012443081,0.27710843373494,-0.0137024212918592
207,250,207,1256,2.14665525479738,61,8.16261100379446,0.262986347603664,0.244979919678715,0.0180064279249493
208,250,208,1257,1.88373986541622,56,7.85943873594087,0.239678675374358,0.224899598393574,0.0147790769807835
209,250,209,1258,2.19604031701903,77,8.04938761561783,0.272820793566726,0.309236947791165,-0.0364161542244386
210,250,210,1259,2.08274107061875,64,8.35513830810577,0.249276671889222,0.257028112449799,-0.00775144056057764
211,250,211,1260,2.0089514544148,68,7.81781494668835,0.256970965431434,0.273092369477912,-0.0161214040464777
212,250,212,1261,2.22717875959992,72,8.30498558585029,0.268173705610579,0.289156626506024,-0.0209829208954448
213,250,213,1262,2.07839861108878,59,9.0098064290546,0.230681827346081,0.236947791164659,-0.00626596381857794
214,250,214,1263,1.95350271554056,62,7.73448076654158,0.252570634604352,0.248995983935743,0.00357465066860918
215,250,215,1264,2.16141698986158,66,8.31070752740287,0.260076170739344,0.265060240963855,-0.00498407022451147
216,250,216,1265,1.88978771345389,62,8.36128485721643,0.226016425193654,0.248995983935743,-0.0229795587420894
217,250,217,1266,1.9689133093526,58,7.83686594550837,0.251237334291914,0.232931726907631,0.018305607384283
218,250,218,1267,1.97794888562101,67,7.96225886849683,0.248415546177089,0.269076305220884,-0.0206607590437948
219,250,219,1268,1.76200316271861,49,8.50163788606054,0.207254553338202,0.196787148594378,0.0104674047438246
220,250,220,1269,2.6017473190226,92,8.28641586950472,0.313977401085725,0.369477911646586,-0.0555005105608616
221,250,221,1270,1.84568646040843,56,8.39179887766079,0.219939310666953,0.224899598393574,-0.00496028772662091
222,250,222,1271,2.05783983721114,63,8.46016536450211,0.24323872507807,0.253012048192771,-0.0097733231147015
223,250,223,1272,1.73934502096263,60,8.03001750408363,0.21660538349737,0.240963855421687,-0.0243584719243163
224,250,224,1273,1.53249060519176,53,7.57919958042984,0.202196892815541,0.21285140562249,-0.010654512806949
225,250,225,1274,1.99826098739182,57,8.8896276608439,0.224785678729104,0.228915662650602,-0.00412998392149808
226,250,226,1275,1.65867108537616,54,7.44899883884972,0.222670337485553,0.216867469879518,0.00580286760603513
227,250,227,1276,1.94213606271776,54,9.10349543284994,0.213339598733643,0.216867469879518,-0.00352787114587527
228,250,228,1277,2.50637227497032,72,8.25347274555576,0.303674871443651,0.289156626506024,0.0145182449376267
229,250,229,1278,2.44304659541341,87,8.06310585099786,0.302990763182287,0.349397590361446,-0.0464068271791584
230,250,230,1279,1.87455159852574,63,8.57381855514146,0.218636723703656,0.253012048192771,-0.0343753244891154
231,250,231,1280,1.95879289536117,69,8.36691200705372,0.234111807762506,0.27710843373494,-0.0429966259724334
232,250,232,1281,1.74421551647014,60,7.42172526735185,0.235014831947896,0.240963855421687,-0.00594902347379112
233,250,233,1282,2.04598817971524,62,8.14312162434566,0.251253545519732,0.248995983935743,0.0022575615839886
234,250,234,1283,1.91625520829406,65,7.36146610994993,0.260308908534402,0.261044176706827,-0.000735268172424974
235,250,235,1284,1.90342745466693,73,6.97431296977916,0.272919707348207,0.293172690763052,-0.0202529834148454
236,250,236,1285,1.98617299081425,66,7.94144976095586,0.250102065819175,0.265060240963855,-0.0149581751446805
237,250,237,1286,1.83347352765755,59,7.49849666067842,0.244512148317963,0.236947791164659,0.00756435715330425
238,250,238,1287,2.12238807706884,61,8.66469228763628,0.244946734011235,0.244979919678715,-3.31856674799513e-05
239,250,239,1288,1.95090180587779,60,7.47059125848504,0.261144230540249,0.240963855421687,0.0201803751185626
240,250,240,1289,1.81766961228881,63,7.94795621144858,0.228696480444943,0.253012048192771,-0.0243155677478278
241,250,241,1290,1.99051775513131,72,8.06153333467074,0.246915527418409,0.289156626506024,-0.0422410990876154
242,250,242,1291,2.15361053069302,69,8.44988531738628,0.254868610614371,0.27710843373494,-0.0222398231205684
243,250,243,1292,2.32042708461067,80,8.59601833843529,0.269942081700241,0.321285140562249,-0.0513430588620083
244,250,244,1293,2.05811418550244,67,8.66047055868209,0.237644614291678,0.269076305220884,-0.0314316909292056
245,250,245,1294,1.91618572001206,62,8.18157540336828,0.234207426508981,0.248995983935743,-0.014788557426762
246,250,246,1295,1.99606946245852,69,7.49931235065712,0.266166998936058,0.27710843373494,-0.0109414347988817
247,250,247,1296,2.22008648034167,67,8.24462299082609,0.269276895112365,0.269076305220884,0.000200589891481362
248,250,248,1297,1.96699711368158,72,7.38631383101555,0.266302943346659,0.289156626506024,-0.0228536831593648
249,250,249,1298,2.17957145332515,62,9.0429254465826,0.24102503843475,0.248995983935743,-0.00797094550099336
250,250,250,1299,1.84034933733137,63,8.08937604872793,0.227502013288252,0.253012048192771,-0.025510034904519
251,250,251,1300,2.02812549375211,62,8.20214580981948,0.247267671262814,0.248995983935743,-0.0017283126729285
252,250,252,1301,1.7503054720153,70,7.89205836445481,0.221780604144861,0.281124497991968,-0.0593438938471064
253,250,253,1302,2.21078522912967,60,8.28917090661494,0.266707642300561,0.240963855421687,0.0257437868788741
254,250,254,1303,1.82962217231502,72,7.95831672192584,0.229900648120004,0.289156626506024,-0.0592559783860199
255,250,255,1304,2.10153511345892,80,7.77503999354454,0.270292514920024,0.321285140562249,-0.0509926256422252
256,250,256,1305,2.47935212674484,78,8.49878248799641,0.291730271982681,0.313253012048193,-0.0215227400655122
257,250,257,1306,1.95464552814434,65,7.73013202370324,0.252860562038361,0.261044176706827,-0.0081836146684659
258,250,258,1307,2.01503613538542,68,7.87218270902075,0.255969177782978,0.273092369477912,-0.0171231916949338
259,250,259,1308,2.5982847176958,83,8.2607650834092,0.314533180820522,0.333333333333333,-0.0188001525128112
260,250,260,1309,1.99568957171866,63,8.44897952118947,0.236204806357218,0.253012048192771,-0.016807241835553
261,250,261,1310,2.04112673350319,67,7.75040576078871,0.263357403018791,0.269076305220884,-0.00571890220209242
262,250,262,1311,2.2376474239271,72,7.69067839990878,0.290955791878339,0.289156626506024,0.00179916537231489
263,250,263,1312,2.01839787761592,65,6.88465927307485,0.29317324177678,0.261044176706827,0.0321290650699527
264,250,264,1313,1.81971528392658,53,8.31264375814884,0.218909330998663,0.21285140562249,0.00605792537617336
265,250,265,1314,2.3402442425543,63,9.32994186497536,0.250831599641536,0.253012048192771,-0.00218044855123528
266,250,266,1315,2.09469693557166,69,9.0467284935143,0.231541925578221,0.27710843373494,-0.0455665081567188
267,250,267,1316,1.72048349931995,58,7.83978704339884,0.219455386963427,0.232931726907631,-0.013476339944204
268,250,268,1317,2.24599456273198,76,8.03984783525665,0.27935784466999,0.305220883534137,-0.0258630388641465
269,250,269,1318,1.81283201153469,62,7.88438692091272,0.229926819893414,0.248995983935743,-0.019069164042329
270,250,270,1319,2.01746854009181,71,8.15839104644951,0.247287550768948,0.285140562248996,-0.0378530114800479
271,250,271,1320,2.10258471441987,70,8.59414950179993,0.244653029829131,0.281124497991968,-0.0364714681628371
272,250,272,1321,2.0261464137171,65,8.19603176293621,0.247210659050842,0.261044176706827,-0.0138335176559853
273,250,273,1322,1.72220550228906,55,8.00159246584196,0.215232843917131,0.220883534136546,-0.00565069021941494
274,250,274,1323,1.93958981499651,72,7.74505248635874,0.250429524966123,0.289156626506024,-0.0387271015399015
275,250,275,1324,2.12758810754645,63,8.53279414673084,0.24934248628998,0.253012048192771,-0.00366956190279116
276,250,276,1325,1.99063254345988,58,8.34395337382994,0.238571868067158,0.232931726907631,0.00564014115952796
277,250,277,1326,1.88656472903709,60,8.50408490286041,0.221842179445143,0.240963855421687,-0.0191216759765436
278,250,278,1327,2.01430608887163,64,8.15673131401627,0.246950158258898,0.257028112449799,-0.0100779541909015
279,250,279,1328,1.77965557672429,51,8.0227575749422,0.221825919591882,0.204819277108434,0.0170066424834482
280,250,280,1329,2.32047589148249,68,8.43311350065371,0.275162416739987,0.273092369477912,0.00207004726207582
281,250,281,1330,2.31739911860104,66,8.89178360281002,0.260622527730959,0.265060240963855,-0.00443771323289693
282,250,282,1331,2.44760667955675,70,8.9139422686183,0.274581841097804,0.281124497991968,-0.00654265689416395
283,250,283,1332,2.22716731560871,62,8.67854752434684,0.256629039520796,0.248995983935743,0.00763305558505306
284,250,284,1333,1.80079383869374,63,7.77796856630664,0.231524957107,0.253012048192771,-0.0214870910857714
285,250,285,1334,2.02021832366854,64,8.25045350977874,0.244861488071426,0.257028112449799,-0.0121666243783728
286,250,286,1335,2.19230479080682,64,8.4580799981159,0.259196506925351,0.257028112449799,0.00216839447555178
287,250,287,1336,1.81002221103699,58,8.1168513536766,0.222995609032205,0.232931726907631,-0.0099361178754255
288,250,288,1337,1.85306217731437,59,7.68471932830133,0.241135960618614,0.236947791164659,0.00418816945395556
289,250,289,1338,2.12976582886988,57,9.09704408581745,0.234116247956877,0.228915662650602,0.00520058530627446
290,250,290,1339,1.91517019374787,52,8.38486345397558,0.228408036011584,0.208835341365462,0.0195726946461226
291,250,291,1340,2.02240327010092,65,8.81425252163987,0.229446940070723,0.261044176706827,-0.0315972366361045
292,250,292,1341,2.59250743520578,80,8.49409608173957,0.305212869063149,0.321285140562249,-0.0160722714991003
293,250,293,1342,1.93596531734308,68,8.1195730286036,0.238431911446953,0.273092369477912,-0.0346604580309585
294,250,294,1343,2.05293401396648,67,9.07834833667024,0.226135188674579,0.269076305220884,-0.0429411165463041
295,250,295,1344,1.80544149471206,60,7.78772801237232,0.231831606322636,0.240963855421687,-0.00913224909905078
296,250,296,1345,2.34364748080002,68,8.428403419126,0.27806541337138,0.273092369477912,0.00497304389346825
297,250,297,1346,1.97066662369665,62,8.63608602482279,0.228189786210135,0.248995983935743,-0.0208061977256083
298,250,298,1347,1.90867372151677,60,7.9304722889563,0.240675920925254,0.240963855421687,-0.000287934496432746
299,250,299,1348,2.19148063241309,67,8.30035800350427,0.264022423067522,0.269076305220884,-0.00505388215336189
300,250,300,1349,1.82700174718243,59,8.17064154161922,0.22360566644322,0.236947791164659,-0.0133421247214384
301,250,301,1350,1.82627854843903,56,8.07265147790989,0.226230322643866,0.224899598393574,0.00133072425029146
302,250,302,1351,2.5583987978554,68,8.00967815153019,0.319413433280917,0.273092369477912,0.0463210638030049
303,250,303,1352,2.10038991410518,69,8.3608862887797,0.251216179907135,0.27710843373494,-0.025892253827805
304,250,304,1353,2.06090242309493,64,8.5052072307554,0.242310665358343,0.257028112449799,-0.0147174470914565
305,250,305,1354,2.0937966076312,64,8.49729457644473,0.246407440485281,0.257028112449799,-0.0106206719645184
306,250,306,1355,2.11771720863138,58,8.0166664199683,0.264164316898164,0.232931726907631,0.0312325899905338
307,250,307,1356,1.9773677254421,55,7.9658204747522,0.248231520118913,0.220883534136546,0.0273479859823666
308,250,308,1357,1.7766850294471,58,7.98282481976471,0.222563449600973,0.232931726907631,-0.0103682773066572
309,250,309,1358,2.00101183188208,64,8.85870099609494,0.225880953964262,0.257028112449799,-0.0311471584855371
310,250,310,1359,1.97121759425098,66,8.6052432963827,0.229071686454188,0.265060240963855,-0.0359885545096676
311,250,311,1360,2.09303137768324,67,8.91772480915746,0.23470463851205,0.269076305220884,-0.0343716667088335
312,250,312,1361,2.35268786787874,68,7.9903522591337,0.294441069877665,0.273092369477912,0.0213487003997532
313,250,313,1362,2.11371802874983,66,8.80674314054522,0.240011318034077,0.265060240963855,-0.025048922929778
314,250,314,1363,2.00261263332863,65,8.20313126025702,0.244127829945987,0.261044176706827,-0.0169163467608406
315,250,315,1364,2.44205442177923,80,8.50895542724673,0.286998144796888,0.321285140562249,-0.0342869957653606
316,250,316,1365,1.66951660367938,53,7.69345055763542,0.217004917516817,0.21285140562249,0.00415351189432697
317,250,317,1366,1.72331900161847,54,7.45672847056067,0.231109260370975,0.216867469879518,0.0142417904914572
318,250,318,1367,1.91174204301684,65,8.32601416709502,0.229610712238778,0.261044176706827,-0.0314334644680498
319,250,319,1368,2.0174395822055,63,8.37977546227321,0.24075103101369,0.253012048192771,-0.012261017179081
320,250,320,1369,2.17873045540886,69,8.17982184267381,0.266354267527259,0.27710843373494,-0.0107541662076807
321,250,321,1370,2.07963572562302,55,8.4073298885743,0.247359834000243,0.220883534136546,0.0264762998636972
322,250,322,1371,1.68472043766282,51,8.35198284450617,0.201715026123528,0.204819277108434,-0.00310425098490541
323,250,323,1372,1.83639827396175,60,7.99798279001157,0.229607680108436,0.240963855421687,-0.0113561753132508
324,250,324,1373,2.05874293964016,53,8.05725184782114,0.255514284339627,0.21285140562249,0.0426628787171371
325,250,325,1374,1.97289752559592,60,8.5051646934373,0.231964646977176,0.240963855421687,-0.00899920844451113
326,250,326,1375,2.05547559349819,67,7.83889532690759,0.262214956033743,0.269076305220884,-0.00686134918714021
327,250,327,1376,1.92289786302135,62,7.63113983023173,0.251980425703057,0.248995983935743,0.00298444176731394
328,250,328,1377,2.41031984035317,74,8.3825000163038,0.287541883169119,0.29718875502008,-0.00964687185096103
329,250,329,1378,2.05252655170495,62,8.1512777520089,0.251804270956059,0.248995983935743,0.0028082870203161
330,250,330,1379,1.97623887032827,63,7.9364253717705,0.249008688137818,0.253012048192771,-0.00400336005495297
331,250,331,1380,2.1559229294887,73,8.00151406543993,0.269439372580815,0.293172690763052,-0.023733318182237
332,250,332,1381,1.90886484460446,60,7.8061732942572,0.244532727195381,0.240963855421687,0.00356887177369394
333,250,333,1382,1.88544836577862,63,7.89382821449561,0.238850949697173,0.253012048192771,-0.014161098495598
334,250,334,1383,1.83189207966881,56,8.18809837348329,0.22372619332485,0.224899598393574,-0.00117340506872443
335,250,335,1384,2.58959944025178,75,8.4407103128015,0.306798757958118,0.301204819277108,0.00559393868100982
336,250,336,1385,1.94303590565735,61,8.8844662995538,0.218700351843862,0.244979919678715,-0.0262795678348527
337,250,337,1386,2.40424904634953,77,8.22703973186698,0.292237441984971,0.309236947791165,-0.0169995058061939
338,250,338,1387,2.32539802138816,75,7.93603646180234,0.293017557641115,0.301204819277108,-0.00818726163599376
339,250,339,1388,1.68036322664998,54,8.32006302128434,0.201965204151854,0.216867469879518,-0.0149022657276646
340,250,340,1389,1.87915736015792,58,8.59368206069521,0.218667312437889,0.232931726907631,-0.0142644144697418
341,250,341,1390,1.83155156636932,69,7.58513227146349,0.241466002281848,0.27710843373494,-0.0356424314530921
342,250,342,1391,1.978386804445,61,7.91696084363276,0.249892205294424,0.244979919678715,0.00491228561570942
343,250,343,1392,1.69259851316233,57,8.09195831265597,0.209170444009217,0.228915662650602,-0.019745218641385
344,250,344,1393,2.27176932616074,87,7.74344564976175,0.293379643754668,0.349397590361446,-0.0560179466067774
345,250,345,1394,1.90846311339606,58,8.89151651440681,0.214638651382337,0.232931726907631,-0.0182930755252935
346,250,346,1395,1.95771256186132,66,8.17763154268568,0.239398480066316,0.265060240963855,-0.025661760897539
347,250,347,1396,2.29706074772423,70,8.38700967706116,0.273883164103983,0.281124497991968,-0.00724133388798526
348,250,348,1397,1.99975037375271,63,7.72058915865031,0.259015255527767,0.253012048192771,0.0060032073349956
349,250,349,1398,2.33198591817738,66,8.57550901722217,0.271935568313678,0.265060240963855,0.00687532734982227
350,250,350,1399,2.11109444053147,73,8.43693738900413,0.250220470200818,0.293172690763052,-0.0429522205622346
351,250,351,1400,1.96222043443168,67,8.00407356871724,0.245152723495787,0.269076305220884,-0.0239235817250961
352,250,352,1401,2.07381176585946,67,8.75884762531979,0.236767649646576,0.269076305220884,-0.0323086555743074
353,250,353,1402,2.23452003139925,57,8.77564502249373,0.254627440566674,0.228915662650602,0.0257117779160713
354,250,354,1403,1.77499216526307,60,7.73678620527588,0.22942241366999,0.240963855421687,-0.0115414417516969
355,250,355,1404,2.3989319204443,77,8.70499248575529,0.275581159245096,0.309236947791165,-0.0336557885460683
356,250,356,1405,2.0932368579024,69,8.42782507484502,0.24837212914518,0.27710843373494,-0.0287363045897596
357,250,357,1406,1.9701410437307,70,8.32836833294978,0.236557866435394,0.281124497991968,-0.044566631556574
358,250,358,1407,2.04653778169636,69,8.01171185481062,0.255443258417678,0.27710843373494,-0.0216651753172619
359,250,359,1408,2.09704054711009,66,7.55424320056271,0.277597701243439,0.265060240963855,0.0125374602795832
360,250,360,1409,1.93190780221922,71,7.36861854805719,0.262180460234108,0.285140562248996,-0.0229601020148877
361,250,361,1410,1.92367560310469,53,8.65772038048461,0.222191930273107,0.21285140562249,0.00934052465061683
362,250,362,1411,1.87603920173391,65,8.27484493968083,0.226715934305624,0.261044176706827,-0.034328242401203
363,250,363,1412,1.81952666045058,66,7.75027602307547,0.234769272092138,0.265060240963855,-0.0302909688717174
364,250,364,1413,2.03493946069804,57,8.4249160660291,0.241538247354571,0.228915662650602,0.0126225847039685
365,250,365,1414,2.26225000373043,71,8.65816878096355,0.261285043172682,0.285140562248996,-0.0238555190763138
366,250,366,1415,1.76193173689476,57,7.79699240787405,0.225975817946856,0.228915662650602,-0.00293984470374684
367,250,367,1416,2.04275687163324,63,8.52165950036308,0.23971350551453,0.253012048192771,-0.0132985426782406
368,250,368,1417,1.98971647561996,70,7.34331965594074,0.270955993861751,0.281124497991968,-0.0101685041302165
369,250,369,1418,2.04130640299048,63,8.43240785809903,0.242078708399984,0.253012048192771,-0.0109333397927875
370,250,370,1419,1.78038618014159,57,8.04635490476078,0.221266175953561,0.228915662650602,-0.00764948669704171
371,250,371,1420,2.10641163140048,61,8.52127186016951,0.247194511097147,0.244979919678715,0.00221459141843203
372,250,372,1421,1.93707228974487,67,8.15342364558087,0.237577780077054,0.269076305220884,-0.0314985251438291
373,250,373,1422,1.99921335995648,65,8.0713779093575,0.24769170548175,0.261044176706827,-0.0133524712250774
374,250,374,1423,1.46183488646227,55,7.17005715397412,0.203880506817442,0.220883534136546,-0.0170030273191041
375,250,375,1424,2.09000187511334,67,7.75314231474823,0.269568362125597,0.269076305220884,0.000492056904713822
376,250,376,1425,2.35094621196304,77,8.68831546869695,0.270587114433545,0.309236947791165,-0.0386498333576194
377,250,377,1426,1.96382786308457,64,8.28507980687153,0.237031858335969,0.257028112449799,-0.0199962541138305
378,250,378,1427,2.00441294599942,53,8.81865581886341,0.227292343319706,0.21285140562249,0.014440937697216
379,250,379,1428,2.34888714846916,76,8.15004483696159,0.288205426529266,0.305220883534137,-0.0170154570048702
380,250,380,1429,1.9935742558763,67,7.8482434441408,0.254015343696382,0.269076305220884,-0.015060961524502
381,250,381,1430,2.14671850054692,63,9.02582085223932,0.23784191329416,0.253012048192771,-0.0151701348986114
382,250,382,1431,1.74253752942115,57,8.20783312527054,0.212301773540713,0.228915662650602,-0.0166138891098891
383,250,383,1432,2.08268241434444,69,8.47771469566124,0.245665546566497,0.27710843373494,-0.0314428871684429
384,250,384,1433,1.98356529992802,66,8.68629198117081,0.228355816754465,0.265060240963855,-0.0367044242093902
385,250,385,1434,1.75598153581256,52,8.3370961503708,0.210622680144388,0.208835341365462,0.00178733877892615
386,250,386,1435,2.34632183263639,82,8.02013751933353,0.292553815564919,0.329317269076305,-0.0367634535113866
387,250,387,1436,2.30646819898158,72,8.22353515811002,0.280471616480772,0.289156626506024,-0.00868501002525168
388,250,388,1437,1.79789191627565,62,7.46809629525229,0.240743001321318,0.248995983935743,-0.00825298261442511
389,250,389,1438,2.43013426052124,77,8.53461834907666,0.284738480518482,0.309236947791165,-0.0244984672726827
390,250,390,1439,2.07550184314329,52,8.7689754677749,0.236686925487538,0.208835341365462,0.0278515841220763
391,250,391,1440,2.25782231140237,72,8.16071448863689,0.276669685546063,0.289156626506024,-0.0124869409599613
392,250,392,1441,2.09597693073289,58,8.29238416460634,0.252759265505205,0.232931726907631,0.0198275385975742
393,250,393,1442,1.81824309512258,52,8.42286468930268,0.215869916256854,0.208835341365462,0.00703457489139203
394,250,394,1443,1.77705217157678,61,8.32369651292552,0.213493148004288,0.244979919678715,-0.0314867716744273
395,250,395,1444,1.67749521922771,57,8.04408901986968,0.20853762496712,0.228915662650602,-0.0203780376834822
396,250,396,1445,1.68419946475198,63,7.80121930888864,0.215889260135658,0.253012048192771,-0.0371227880571127
397,250,397,1446,1.91386464306519,56,8.3552094119934,0.229062438616793,0.224899598393574,0.00416284022321842
398,250,398,1447,1.91652028153402,67,8.05952985348308,0.237795543459121,0.269076305220884,-0.0312807617617627
399,250,399,1448,1.84964554956222,57,8.58644311958215,0.215414639543112,0.228915662650602,-0.0135010231074906
400,250,400,1449,1.84032844882179,59,8.13207941954498,0.226304780595068,0.236947791164659,-0.0106430105695909
401,250,401,1450,1.9018060010024,54,8.39043213722635,0.226663653301543,0.216867469879518,0.00979618342202529
402,250,402,1451,2.03232855150382,59,8.21372013213909,0.247430947099307,0.236947791164659,0.0104831559346485
403,250,403,1452,2.16308273153025,75,8.26164910654725,0.261822149988921,0.301204819277108,-0.0393826692881876
404,250,404,1453,2.05215432055803,73,7.70305204107243,0.266407952278656,0.293172690763052,-0.0267647384843958
405,250,405,1454,2.44006508920687,79,8.24686203677316,0.295878005273582,0.317269076305221,-0.0213910710316392
406,250,406,1455,2.03926691766519,67,8.15610450288887,0.250029522910463,0.269076305220884,-0.0190467823104202
407,250,407,1456,2.05257465112635,66,7.76973895093869,0.264175497283389,0.265060240963855,-0.000884743680466205
408,250,408,1457,1.93141347366456,60,7.51607658306731,0.256970967807296,0.240963855421687,0.016007112385609
409,250,409,1458,1.77543148046576,60,8.61540513544812,0.206076377437057,0.240963855421687,-0.03488747798463
410,250,410,1459,2.23109610130712,62,8.56625577890906,0.260451725805374,0.248995983935743,0.0114557418696311
411,250,411,1460,1.61877080601835,57,7.83374960499195,0.206640611155967,0.228915662650602,-0.0222750514946355
412,250,412,1461,2.28464823600772,69,8.04883150015339,0.283848436380384,0.27710843373494,0.00674000264544378
413,250,413,1462,1.54222466881237,62,6.9622474419579,0.221512475916637,0.248995983935743,-0.0274835080191063
414,250,414,1463,2.56607147436507,69,8.9694425207589,0.286090408453608,0.27710843373494,0.0089819747186683
415,250,415,1464,2.30203790336241,60,9.09930491700914,0.25299052228256,0.240963855421687,0.0120266668608736
416,250,416,1465,2.05643337202857,68,8.2941785830767,0.247936953784005,0.273092369477912,-0.0251554156939068
417,250,417,1466,1.81632183285494,62,8.16318525337102,0.22250160647829,0.248995983935743,-0.0264943774574528
418,250,418,1467,2.0091676943358,66,7.95737255166397,0.252491344509899,0.265060240963855,-0.0125688964539564
419,250,419,1468,1.63859586541587,53,8.06593465096376,0.203150153865936,0.21285140562249,-0.00970125175655429
420,250,420,1469,2.0505940584985,57,8.70844497561286,0.235471897019616,0.228915662650602,0.00655623436901373
421,250,421,1470,2.17053843689382,59,8.36104506408254,0.259601332160981,0.236947791164659,0.0226535409963223
422,250,422,1471,2.00293526982777,71,7.79888327633434,0.256823342375909,0.285140562248996,-0.0283172198730866
423,250,423,1472,1.72275683957591,57,7.6869410222439,0.224114746632078,0.228915662650602,-0.0048009160185247
424,250,424,1473,1.67479487760264,57,7.42787311460896,0.225474352046845,0.228915662650602,-0.0034413106037571
425,250,425,1474,1.9362854002047,65,7.79757484986683,0.248318924471468,0.261044176706827,-0.0127252522353593
426,250,426,1475,2.18000372093521,71,8.24437366689939,0.264423206542394,0.285140562248996,-0.0207173557066022
427,250,427,1476,1.74797106748167,60,8.79453699371169,0.198756463101072,0.240963855421687,-0.0422073923206143
428,250,428,1477,2.09239217835748,76,8.22813760987535,0.254297178482554,0.305220883534137,-0.0509237050515831
429,250,429,1478,1.92395983815835,56,8.72499441188513,0.220511297467141,0.224899598393574,-0.00438830092643316
430,250,430,1479,2.18962698704688,66,8.28459705931645,0.264300963748688,0.265060240963855,-0.000759277215167331
431,250,431,1480,1.67714439501882,54,8.02035251608143,0.209111057357642,0.216867469879518,-0.00775641252187559
432,250,432,1481,1.90801087506436,58,8.23852062774829,0.231596297597164,0.232931726907631,-0.00133542931046693
433,250,433,1482,1.83995913739719,62,7.68767250105352,0.239338907471025,0.248995983935743,-0.0096570764647177
434,250,434,1483,2.49964182711912,89,7.32145445524086,0.34141328644472,0.357429718875502,-0.0160164324307815
435,250,435,1484,2.06492096243367,61,8.67967407835869,0.237903053016957,0.244979919678715,-0.00707686666175786
436,250,436,1485,1.60041460536253,57,7.22193981977864,0.221604533587984,0.228915662650602,-0.00731112906261838
437,250,437,1486,1.91238141715732,67,7.10271615399523,0.26924649327027,0.269076305220884,0.000170188049386677
438,250,438,1487,1.69588599353589,59,7.9980856188625,0.212036489023868,0.236947791164659,-0.0249113021407908
439,250,439,1488,2.80598025713005,73,8.74245214423091,0.320960322211395,0.293172690763052,0.0277876314483427
440,250,440,1489,2.16313211664307,69,7.65620247608184,0.282533295507891,0.27710843373494,0.00542486177295082
441,250,441,1490,2.16514039476016,71,8.62846214441969,0.250930045067234,0.285140562248996,-0.0342105171817617
442,250,442,1491,1.80621501865623,62,8.14091038305407,0.221868922966651,0.248995983935743,-0.0271270609690918
443,250,443,1492,1.59731216020002,43,8.3623379902323,0.191012628533524,0.172690763052209,0.0183218654813151
444,250,444,1493,2.20013423734335,74,8.33876827406537,0.2638440312805,0.29718875502008,-0.03334472373958
445,250,445,1494,2.14313759501012,76,8.65696241654775,0.24756230787297,0.305220883534137,-0.0576585756611669
446,250,446,1495,2.11616147767165,73,7.66733375605709,0.275997047343858,0.293172690763052,-0.0171756434191939
447,250,447,1496,1.72505456812477,52,8.28442949141997,0.208228529183739,0.208835341365462,-0.00060681218172276
448,250,448,1497,1.74170897266267,64,7.60706529115597,0.228959382626516,0.257028112449799,-0.0280687298232832
449,250,449,1498,2.45546299805369,76,8.13374475500823,0.301885917497199,0.305220883534137,-0.00333496603693773
450,250,450,1499,2.00698306727237,60,8.89385520026834,0.22565951683268,0.240963855421687,-0.0153043385890069
451,250,451,1500,2.00149145673724,57,8.46493730058672,0.236444924004164,0.228915662650602,0.00752926135356136
452,250,452,1501,2.1811887108696,72,7.96800447982083,0.273743409205344,0.289156626506024,-0.0154132173006806
453,250,453,1502,1.80214100345713,65,6.884312735473,0.261775005393231,0.261044176706827,0.00073082868640395
454,250,454,1503,1.94708831154793,60,7.93899048382011,0.245256410813963,0.240963855421687,0.00429255539227649
455,250,455,1504,1.91665192435285,58,9.29386487953809,0.206227651165089,0.232931726907631,-0.0267040757425415
456,250,456,1505,1.72461573869444,64,8.35370448292508,0.206449215700596,0.257028112449799,-0.0505788967492027
457,250,457,1506,1.83627234144208,62,7.85665488845173,0.23372190423448,0.248995983935743,-0.0152740797012627
458,250,458,1507,1.71511374488479,54,7.95158533672506,0.215694565580953,0.216867469879518,-0.00117290429856476
459,250,459,1508,1.76826684943026,64,7.85413781275052,0.225138250892367,0.257028112449799,-0.0318898615574317
460,250,460,1509,1.87290905478408,55,8.06923688694889,0.232104854650296,0.220883534136546,0.0112213205137494
461,250,461,1510,2.28924824281364,82,7.35622056879737,0.311198967105998,0.329317269076305,-0.018118301970307
462,250,462,1511,2.13899729933289,70,8.73724381028348,0.244813735976482,0.281124497991968,-0.0363107620154859
463,250,463,1512,2.07026527847262,68,8.10982954938848,0.255278519217303,0.273092369477912,-0.0178138502606083
464,250,464,1513,1.80099384688097,62,7.67261427963024,0.234730142979084,0.248995983935743,-0.0142658409566587
465,250,465,1514,1.87232295185393,66,7.60573674542123,0.246172463565886,0.265060240963855,-0.0188877773979693
466,250,466,1515,1.78105919023978,54,8.26499761237113,0.215494217151844,0.216867469879518,-0.00137325272767386
467,250,467,1516,1.54187412000338,51,8.08160541953623,0.190788097161499,0.204819277108434,-0.0140311799469343
468,250,468,1517,1.97495411565818,68,8.05083244513412,0.245310547588384,0.273092369477912,-0.0277818218895278
469,250,469,1518,1.76634411775683,65,8.37405222834361,0.210930630666273,0.261044176706827,-0.0501135460405543
470,250,470,1519,1.845415670009,56,8.52650097268588,0.216432939598632,0.224899598393574,-0.00846665879494224
471,250,471,1520,1.88338980358505,66,8.02563172293461,0.234671844984233,0.265060240963855,-0.0303883959796226
472,250,472,1521,2.02764831875956,69,8.2111635421566,0.246938001946922,0.27710843373494,-0.0301704317880178
473,250,473,1522,1.78435920628763,68,8.34148881317862,0.213913756435007,0.273092369477912,-0.0591786130429043
474,250,474,1523,2.27400966261496,76,8.2778983613383,0.274708574973047,0.305220883534137,-0.0305123085610899
475,250,475,1524,1.77772661427067,65,8.27001179689542,0.214960589891544,0.261044176706827,-0.0460835868152835
476,250,476,1525,1.74753534462866,54,7.54376580098226,0.231652915895284,0.216867469879518,0.0147854460157655
477,250,477,1526,2.0804973679787,70,8.10389919221317,0.25672794276338,0.281124497991968,-0.0243965552285877
478,250,478,1527,2.17829941211035,66,8.88576754370958,0.245144766773964,0.265060240963855,-0.0199154741898911
479,250,479,1528,1.99887001653777,67,7.65043077086783,0.261275485839215,0.269076305220884,-0.00780081938166843
480,250,480,1529,2.08868519092834,61,8.14672347631233,0.256383464714553,0.244979919678715,0.0114035450358382
481,250,481,1530,2.12144105808114,71,8.47763020336274,0.250239867414794,0.285140562248996,-0.034900694834202
482,250,482,1531,1.84999014356096,58,7.88546675200132,0.234607563730001,0.232931726907631,0.00167583682237063
483,250,483,1532,2.4231912991003,68,8.77303170579486,0.276209112238784,0.273092369477912,0.00311674276087187
484,250,484,1533,2.11627621963881,69,8.90251573051421,0.237716650405354,0.27710843373494,-0.0393917833295856
485,250,485,1534,1.82935131854711,55,7.75799469417756,0.235802084257683,0.220883534136546,0.014918550121137
486,250,486,1535,2.10475019775298,58,8.45180950818055,0.249029535712534,0.232931726907631,0.0160978088049033
487,250,487,1536,1.7217911968569,60,7.68646218876779,0.224003078994254,0.240963855421687,-0.0169607764274327
488,250,488,1537,1.73470145293871,59,8.22766985882472,0.210837513257551,0.236947791164659,-0.0261102779071076
489,250,489,1538,2.06657558993739,68,8.44242007780476,0.244784738367905,0.273092369477912,-0.0283076311100064
490,250,490,1539,1.73944724707562,55,7.84647593288922,0.221685156744643,0.220883534136546,0.000801622608097047
491,250,491,1540,1.67446341898661,52,8.1137702044086,0.206373039512112,0.208835341365462,-0.00246230185335022
492,250,492,1541,1.83530096009233,66,7.99839246056802,0.229458728005702,0.265060240963855,-0.0356015129581537
493,250,493,1542,2.05937718002393,77,7.40132073295347,0.278244553145064,0.309236947791165,-0.0309923946461008
494,250,494,1543,1.75023350974224,56,7.99667453805191,0.218870169270215,0.224899598393574,-0.0060294291233588
495,250,495,1544,1.86888591615825,59,7.49809741618294,0.249248017520375,0.236947791164659,0.0123002263557165
496,250,496,1545,2.08955397709987,72,7.51600433636541,0.278013939799074,0.289156626506024,-0.0111426867069502
497,250,497,1546,2.14203803665451,68,8.24344988873612,0.259847280636885,0.273092369477912,-0.0132450888410267
498,250,498,1547,2.02196362443927,72,7.47925842723506,0.270342794557876,0.289156626506024,-0.0188138319481484
499,250,499,1548,2.00423498036508,64,8.16227877908592,0.245548459518499,0.257028112449799,-0.0114796529313003
500,250,500,1549,2.22859948975957,62,8.6161596379607,0.258653458547925,0.248995983935743,0.00965747461218203
501,250,501,1550,1.91157577004884,68,8.12536863777151,0.235260190062357,0.273092369477912,-0.0378321794155551
502,250,502,1551,2.060011754747,68,7.91942491512418,0.260121382148959,0.273092369477912,-0.012970987328953
503,250,503,1552,2.02445665235693,64,8.1063477388409,0.249737208121101,0.257028112449799,-0.00729090432869803
504,250,504,1553,1.88577652111256,66,7.96795923083334,0.236669951047846,0.265060240963855,-0.0283902899160098
505,250,505,1554,1.7166947686211,69,7.45586110370547,0.230247686315927,0.27710843373494,-0.0468607474190129
506,250,506,1555,2.24338908839207,59,8.17483712690149,0.274426151073958,0.236947791164659,0.0374783599092997
507,250,507,1556,1.87565357127129,69,7.86225313607689,0.238564383365455,0.27710843373494,-0.0385440503694851
508,250,508,1557,2.42835194131552,76,8.64246055257043,0.280979233465321,0.305220883534137,-0.0242416500688154
509,250,509,1558,1.89321988063872,73,7.84929796806812,0.241196077450565,0.293172690763052,-0.0519766133124872
510,250,510,1559,2.00557499060292,67,7.68006221256185,0.261140461508568,0.269076305220884,-0.00793584371231532
511,250,511,1560,2.20058138102829,79,8.517068176576,0.258373108610358,0.317269076305221,-0.058895967694863
512,250,512,1561,2.10944021874984,66,8.38643907148875,0.251529904500382,0.265060240963855,-0.0135303364634736
513,250,513,1562,2.3309289930988,61,8.71608202448787,0.267428528844732,0.244979919678715,0.0224486091660173
514,250,514,1563,1.9922465823325,71,8.22449550250334,0.242233287345845,0.285140562248996,-0.0429072749031514
515,250,515,1564,2.09453184701779,63,7.96287823721233,0.263037030659287,0.253012048192771,0.0100249824665164
516,250,516,1565,2.13348118539208,63,8.27700609378783,0.257760011436179,0.253012048192771,0.00474796324340815
517,250,517,1566,1.91604114414039,65,7.68041709193775,0.249470975495808,0.261044176706827,-0.011573201211019
518,250,518,1567,2.14355052535454,76,8.23847050826401,0.260187922406755,0.305220883534137,-0.0450329611273814
519,250,519,1568,1.65607601658067,57,7.8773719984042,0.210232044000989,0.228915662650602,-0.0186836186496135
520,250,520,1569,1.90113452558592,61,8.37350040267247,0.227041790668471,0.244979919678715,-0.0179381290102443
521,250,521,1570,1.81262710780634,54,8.22985104582506,0.2202502934395,0.216867469879518,0.00338282355998154
522,250,522,1571,2.41172756842099,81,7.76898359335762,0.310430256344342,0.325301204819277,-0.0148709484749351
523,250,523,1572,1.86251058045066,59,8.04864562241162,0.231406707143927,0.236947791164659,-0.00554108402073128
524,250,524,1573,1.82820189914364,60,8.25823117757305,0.221379355921702,0.240963855421687,-0.0195844994999848
525,250,525,1574,1.81446877680367,53,8.71583003957023,0.208180835166117,0.21285140562249,-0.00467057045637254
526,250,526,1575,1.90830256692847,58,8.5563400093063,0.223027902684197,0.232931726907631,-0.00990382422343311
527,250,527,1576,1.84802520529818,63,8.56350398860646,0.215802457470323,0.253012048192771,-0.0372095907224483
528,250,528,1577,2.05736262857499,64,8.63236517249026,0.238331278562151,0.257028112449799,-0.0186968338876481
529,250,529,1578,2.51083390724771,78,8.192139162343,0.306493073114446,0.313253012048193,-0.00675993893374677
530,250,530,1579,1.85223414468933,54,8.51102489462511,0.217627626240297,0.216867469879518,0.000760156360778558
531,250,531,1580,1.87320447471674,64,8.02338976978178,0.233467964098133,0.257028112449799,-0.0235601483516665
532,250,532,1581,2.22343878906869,69,8.13305023061988,0.273383137447957,0.27710843373494,-0.00372529628698298
533,250,533,1582,2.02248719473428,65,8.0698057434293,0.250624024795275,0.261044176706827,-0.0104201519115522
534,250,534,1583,2.39394537211108,68,8.47534857743653,0.282459812742612,0.273092369477912,0.00936744326470024
535,250,535,1584,2.02013021435156,68,8.22367208140361,0.245648196371999,0.273092369477912,-0.0274441731059127
536,250,536,1585,2.18012380637598,76,7.82007308102173,0.278785605171242,0.305220883534137,-0.0264352783628949
537,250,537,1586,1.82522474057391,60,8.50258973365148,0.214666918874147,0.240963855421687,-0.02629693654754
538,250,538,1587,2.17881304728449,69,8.06180043347215,0.270263828193784,0.27710843373494,-0.00684460554115579
539,250,539,1588,1.60305293220296,50,8.07105632479837,0.198617487933713,0.200803212851406,-0.00218572491769281
540,250,540,1589,2.18251127672715,75,7.94385540994539,0.274742069700153,0.301204819277108,-0.0264627495769557
541,250,541,1590,2.33416318005607,74,8.27385681974025,0.282113073855362,0.29718875502008,-0.0150756811647183
542,250,542,1591,2.08514492922813,64,8.19668285971804,0.254388874733145,0.257028112449799,-0.00263923771665453
543,250,543,1592,2.31499810808286,75,8.31223798393854,0.278504791676569,0.301204819277108,-0.0227000276005398
544,250,544,1593,2.57511302542078,79,8.66217587684403,0.297282468288903,0.317269076305221,-0.0199866080163181
545,250,545,1594,1.90715929647689,63,7.66979089594832,0.248658577834811,0.253012048192771,-0.00435347035796008
546,250,546,1595,1.77948622857655,52,8.55197766066163,0.208078914513778,0.208835341365462,-0.0007564268516842
547,250,547,1596,1.74143776725162,60,7.68861114233944,0.226495752615439,0.240963855421687,-0.0144681028062479
548,250,548,1597,1.77550685188931,48,8.83122084782128,0.201048856379504,0.192771084337349,0.00827777204215502
549,250,549,1598,1.84872330493061,57,8.57944153137369,0.215482942353545,0.228915662650602,-0.0134327202970574
550,250,550,1599,1.63432815383394,54,7.69862876242519,0.212288214468871,0.216867469879518,-0.00457925541064724
551,250,551,1600,1.8078032292207,69,8.11228144200611,0.222847696069781,0.27710843373494,-0.0542607376651586
552,250,552,1601,2.19726343384094,67,8.4797375035796,0.259119274967344,0.269076305220884,-0.00995703025353989
553,250,553,1602,2.40157262636857,64,8.82839753704748,0.272028147383555,0.257028112449799,0.015000034933756
554,250,554,1603,2.09396074104663,67,7.82187212956902,0.267705826221683,0.269076305220884,-0.00137047899920073
555,250,555,1604,1.96362710880958,68,8.2762510079644,0.237260458499862,0.273092369477912,-0.0358319109780495
556,250,556,1605,1.66676941612658,54,7.81388673109618,0.213308622646589,0.216867469879518,-0.00355884723292912
557,250,557,1606,2.33779333612849,82,8.59532586283198,0.271984259053819,0.329317269076305,-0.0573330100224861
558,250,558,1607,1.85782581526758,57,7.41277873216674,0.250624749826378,0.228915662650602,0.0217090871757755
559,250,559,1608,1.94073921666793,73,7.65057335276905,0.253672388614573,0.293172690763052,-0.0395003021484791
560,250,560,1609,2.25085502766929,72,9.04973207057278,0.24872062621483,0.289156626506024,-0.0404360002911945
561,250,561,1610,2.0895785872165,63,7.7600351909939,0.269274369997911,0.253012048192771,0.0162623218051399
562,250,562,1611,1.64429275964487,56,8.09706233421276,0.203072755497656,0.224899598393574,-0.0218268428959181
563,250,563,1612,2.0750358327627,73,8.19936085561857,0.25307287595969,0.293172690763052,-0.0400998148033621
564,250,564,1613,2.20882585166178,63,8.35475674785463,0.264379432977384,0.253012048192771,0.0113673847846125
565,250,565,1614,1.94287381458984,69,7.63559487892475,0.25444956750553,0.27710843373494,-0.0226588662294099
566,250,566,1615,2.07514786507765,66,8.41579662553048,0.246577710633168,0.265060240963855,-0.0184825303306873
567,250,567,1616,2.15112061033635,70,7.56903679081877,0.284200046820443,0.281124497991968,0.00307554882847549
568,250,568,1617,2.09467562692882,61,9.03458370965529,0.231850818393572,0.244979919678715,-0.0131291012851426
569,250,569,1618,2.05361598016592,77,7.72907662815485,0.265700041410532,0.309236947791165,-0.0435369063806326
570,250,570,1619,2.07301580628971,60,8.31295202315091,0.249371799634658,0.240963855421687,0.0084079442129712
571,250,571,1620,1.67833370228593,52,7.39048516097116,0.227093846443145,0.208835341365462,0.0182585050776834
572,250,572,1621,2.1631168253829,62,8.14597818927533,0.265544146463683,0.248995983935743,0.0165481625279402
573,250,573,1622,2.19600100113488,70,9.19053555559581,0.238941570689839,0.281124497991968,-0.0421829273021288
574,250,574,1623,2.14750533933308,85,7.43243787859909,0.288936870298855,0.34136546184739,-0.0524285915485344
575,250,575,1624,1.90357863872933,59,8.05321908020881,0.236374873174315,0.236947791164659,-0.00057291799034398
576,250,576,1625,2.200011978504,81,8.58313697649349,0.256317938829258,0.325301204819277,-0.0689832659900188
577,250,577,1626,1.77389857489795,64,7.68573174481525,0.23080412298993,0.257028112449799,-0.0262239894598696
578,250,578,1627,2.19506982152507,71,8.44702050899816,0.259863204923769,0.285140562248996,-0.0252773573252272
579,250,579,1628,2.11600083145625,54,8.40206905257159,0.25184282802444,0.216867469879518,0.0349753581449216
580,250,580,1629,2.12445817143065,64,8.73017307162664,0.243346627151667,0.257028112449799,-0.013681485298132
581,250,581,1630,2.37440964322957,83,8.30722751443573,0.285824559289304,0.333333333333333,-0.0475087740440295
582,250,582,1631,2.03665704865706,64,8.50509340514829,0.239463219466142,0.257028112449799,-0.0175648929836568
583,250,583,1632,1.78794033535449,59,8.64178929541189,0.206894692086944,0.236947791164659,-0.0300530990777148
584,250,584,1633,2.1062510191236,71,8.00012331174778,0.263277319242151,0.285140562248996,-0.0218632430068449
585,250,585,1634,1.79651026102654,61,7.72392768427116,0.232590248700141,0.244979919678715,-0.0123896709785736
586,250,586,1635,1.80899580088847,62,7.70183602877604,0.234878513919226,0.248995983935743,-0.0141174700165171
587,250,587,1636,2.43531391748521,59,8.92977669395734,0.272718344584491,0.236947791164659,0.0357705534198323
588,250,588,1637,2.10944100317687,68,8.19391684908108,0.257439884005344,0.273092369477912,-0.0156524854725673
589,250,589,1638,2.11679123319279,79,8.09391324530267,0.261528777124128,0.317269076305221,-0.0557402991810933
590,250,590,1639,2.2657291784461,61,8.59897719690298,0.263488218024596,0.244979919678715,0.0185082983458814
591,250,591,1640,1.77756149134033,63,7.18160586064569,0.247515879572444,0.253012048192771,-0.00549616862032745
592,250,592,1641,1.86276423751783,64,7.30454971671941,0.255014245882145,0.257028112449799,-0.00201386656765457
593,250,593,1642,2.30834139683154,76,8.83301325926958,0.261331136847226,0.305220883534137,-0.0438897466869103
594,250,594,1643,1.70197308928605,63,7.48065167618267,0.227516687443809,0.253012048192771,-0.0254953607489624
595,250,595,1644,1.73851086473028,52,8.13437203611821,0.213724041267223,0.208835341365462,0.00488869990176163
596,250,596,1645,1.7716667614713,64,7.84930743438938,0.225709946550096,0.257028112449799,-0.0313181658997028
597,250,597,1646,2.66922353565428,76,8.36599145199573,0.319056450268967,0.305220883534137,0.0138355667348306
598,250,598,1647,1.78424896501539,56,8.20415631662525,0.217481103011131,0.224899598393574,-0.00741849538244371
599,250,599,1648,1.61692163386494,55,7.90586538264413,0.204521776631132,0.220883534136546,-0.0163617575054145
600,250,600,1649,2.11197353917508,68,7.93176929388591,0.266267646085353,0.273092369477912,-0.00682472339255896
601,250,601,1650,2.26598020573327,71,8.52708761767982,0.265739055036219,0.285140562248996,-0.0194015072127774
602,250,602,1651,1.91972638076549,64,8.26497892889523,0.232272386570028,0.257028112449799,-0.0247557258797711
603,250,603,1652,1.68757962635203,56,7.66632561521426,0.220128874124905,0.224899598393574,-0.00477072426866954
604,250,604,1653,2.29736797774204,63,8.33513000430192,0.275624732494433,0.253012048192771,0.0226126843016623
605,250,605,1654,2.11546741712076,68,8.139245310059,0.259909529266347,0.273092369477912,-0.0131828402115647
606,250,606,1655,2.16159674169939,73,7.67606300962757,0.281602266550997,0.293172690763052,-0.0115704242120556
607,250,607,1656,2.10960865447726,62,8.57775499098339,0.245939486112018,0.248995983935743,-0.00305649782372461
608,250,608,1657,1.80587682094783,59,7.96031187241008,0.226860058989256,0.236947791164659,-0.0100877321754024
609,250,609,1658,2.32146937321925,71,9.06013850789341,0.25622890546284,0.285140562248996,-0.0289116567861564
610,250,610,1659,1.9012580338322,57,7.78700191318224,0.2441578999247,0.228915662650602,0.0152422372740977
611,250,611,1660,2.63201598190772,82,8.58865595014122,0.306452604131202,0.329317269076305,-0.0228646649451036
612,250,612,1661,1.73630265612673,64,7.89760415974553,0.2198518210088,0.257028112449799,-0.0371762914409988
613,250,613,1662,2.14591361824028,68,8.84008760672313,0.24274800360669,0.273092369477912,-0.0303443658712222
614,250,614,1663,2.13152668880092,55,8.60989139061478,0.247567198248794,0.220883534136546,0.0266836641122479
615,250,615,1664,2.09597033261197,66,8.335874104695,0.251439777795044,0.265060240963855,-0.0136204631688114
616,250,616,1665,2.13098889780755,72,7.89830746843602,0.269803233961658,0.289156626506024,-0.0193533925443662
617,250,617,1666,1.81515588885577,51,8.18604626992074,0.221737799788095,0.204819277108434,0.0169185226796613
618,250,618,1667,2.13860784492586,69,8.52197946461751,0.250952006374243,0.27710843373494,-0.0261564273606963
619,250,619,1668,1.8491421878876,55,8.0606704679359,0.229403024877794,0.220883534136546,0.00851949074124761
620,250,620,1669,2.16139304269506,69,8.65943034287333,0.249599910977271,0.27710843373494,-0.0275085227576688
621,250,621,1670,2.12859797591043,60,7.91013984265198,0.26909738870012,0.240963855421687,0.0281335332784333
622,250,622,1671,2.17917993771431,66,8.79723498159805,0.247711916559315,0.265060240963855,-0.0173483244045401
623,250,623,1672,2.09562957952085,68,7.86861053128035,0.266327780640563,0.273092369477912,-0.0067645888373491
624,250,624,1673,2.12538570217937,66,8.35760002887501,0.254305745050766,0.265060240963855,-0.0107544959130891
625,250,625,1674,2.3027397253335,62,8.35695664134752,0.275547645412002,0.248995983935743,0.0265516614762592
626,250,626,1675,2.00484957494274,64,7.09790869227486,0.282456377203719,0.257028112449799,0.02542826475392
627,250,627,1676,1.70530771030738,58,8.35938762938039,0.203999118824662,0.232931726907631,-0.0289326080829685
628,250,628,1677,2.1091938797176,57,8.06212764881287,0.261617524752064,0.228915662650602,0.0327018621014619
629,250,629,1678,2.07832395775246,67,8.26472199687012,0.251469312402708,0.269076305220884,-0.0176069928181755
630,250,630,1679,1.8359629499587,59,7.6903423649906,0.238736178810024,0.236947791164659,0.0017883876453654
631,250,631,1680,2.0404439146803,73,8.30122600175367,0.245800308803694,0.293172690763052,-0.0473723819593584
632,250,632,1681,1.99439191394825,65,8.01568301668589,0.248811225418547,0.261044176706827,-0.0122329512882808
633,250,633,1682,2.13772272072266,68,8.75514416021691,0.244167620955506,0.273092369477912,-0.0289247485224053
634,250,634,1683,2.02535122845851,68,7.60103821378268,0.266457182755116,0.273092369477912,-0.00663518672279612
635,250,635,1684,2.05683833859599,61,8.52292052048906,0.2413302263762,0.244979919678715,-0.00364969330251469
636,250,636,1685,2.14193041221005,62,8.1031518042502,0.264332998313889,0.248995983935743,0.0153370143781456
637,250,637,1686,1.78142569686864,52,8.0912985561497,0.220165611799689,0.208835341365462,0.0113302704342274
638,250,638,1687,1.79138017804653,57,7.51361550074334,0.238417866587571,0.228915662650602,0.0095022039369691
639,250,639,1688,2.30756870680253,72,8.19861790459743,0.281458257190952,0.289156626506024,-0.0076983693150719
640,250,640,1689,1.67583519232621,61,7.88080271642654,0.212647778738725,0.244979919678715,-0.03233214093999
641,250,641,1690,1.83210314971037,56,7.9791774757474,0.229610527561146,0.224899598393574,0.00471092916757129
642,250,642,1691,1.8059686373483,63,8.08924696968703,0.223255470393702,0.253012048192771,-0.0297565777990693
643,250,643,1692,1.65137372108709,64,8.04959149175438,0.205150003298761,0.257028112449799,-0.0518781091510378
644,250,644,1693,1.7880173673845,52,9.10519422135872,0.196373336352367,0.208835341365462,-0.0124620050130952
645,250,645,1694,2.25095593276983,77,8.21855213662097,0.273887163499252,0.309236947791165,-0.0353497842919132
646,250,646,1695,2.46688640901597,68,8.44494384818282,0.292114009680099,0.273092369477912,0.0190216402021873
647,250,647,1696,2.04695705273805,63,8.12283714066795,0.252000257704258,0.253012048192771,-0.00101179048851269
648,250,648,1697,2.10239876243528,65,8.26984972844844,0.254224542339988,0.261044176706827,-0.00681963436683941
649,250,649,1698,2.14289271880102,63,8.85756674805231,0.241927922165782,0.253012048192771,-0.0110841260269888
650,250,650,1699,1.97990040118098,63,8.14238538993507,0.243159750658372,0.253012048192771,-0.00985229753439892
651,250,651,1700,1.83467695595301,63,8.13923951515354,0.225411348632416,0.253012048192771,-0.0276006995603549
652,250,652,1701,1.93980641789056,64,8.30866770434182,0.233467805780328,0.257028112449799,-0.0235603066694708
653,250,653,1702,2.02962520612698,73,8.11600990195564,0.250076728669086,0.293172690763052,-0.0430959620939658
654,250,654,1703,2.41921210114696,85,7.02923697708178,0.34416425410533,0.34136546184739,0.00279879225794061
655,250,655,1704,1.62897544942647,52,8.35591707977577,0.194948733199993,0.208835341365462,-0.0138866081654689
656,250,656,1705,1.9178410091954,69,7.9395381984336,0.241555738036977,0.27710843373494,-0.0355526956979628
657,250,657,1706,2.10669991992308,59,8.88012640390039,0.237237604973479,0.236947791164659,0.000289813808820066
658,250,658,1707,2.04979868569828,71,7.97530900253253,0.257018089837946,0.285140562248996,-0.0281224724110504
659,250,659,1708,1.95946682764741,61,8.17399901219435,0.239719484272531,0.244979919678715,-0.00526043540618398
660,250,660,1709,1.95984049085833,60,8.11206016734941,0.241595901710219,0.240963855421687,0.000632046288532501
661,250,661,1710,1.95318391723685,67,8.2040946896407,0.238074277677845,0.269076305220884,-0.0310020275430386
662,250,662,1711,1.93304585213997,49,8.16614575170743,0.236714591058554,0.196787148594378,0.039927442464176
663,250,663,1712,1.73435621905819,64,7.60139942555478,0.228162752930407,0.257028112449799,-0.0288653595193926
664,250,664,1713,2.09994239078849,70,8.30333330001394,0.252903540652158,0.281124497991968,-0.0282209573398099
665,250,665,1714,2.11993162444834,66,8.77714917176409,0.241528494384955,0.265060240963855,-0.0235317465789002
666,250,666,1715,1.91971598280039,62,7.94344412326117,0.241673001409904,0.248995983935743,-0.00732298252583935
667,250,667,1716,1.8055990852837,57,8.12063685239177,0.222346980674538,0.228915662650602,-0.00656868197606394
668,250,668,1717,1.71675374071869,58,8.25804214264089,0.207888711520873,0.232931726907631,-0.0250430153867574
669,250,669,1718,1.72642114982599,61,7.67789929793367,0.22485592514747,0.244979919678715,-0.0201239945312446
670,250,670,1719,1.87675225659405,64,7.76920037978883,0.241563116517927,0.257028112449799,-0.0154649959318723
671,250,671,1720,1.85814424944006,72,7.72459346507188,0.240549131529314,0.289156626506024,-0.0486074949767098
672,250,672,1721,2.31585928141407,67,8.36942721193948,0.276704632559604,0.269076305220884,0.00762832733872071
673,250,673,1722,2.46341263182483,77,8.50063725118481,0.289791524921438,0.309236947791165,-0.0194454228697268
674,250,674,1723,1.84421150598792,56,8.51498197021722,0.216584311327775,0.224899598393574,-0.00831528706579951
675,250,675,1724,1.63203229190149,63,7.63270627732914,0.213820921780914,0.253012048192771,-0.039191126411857
676,250,676,1725,1.93613247492621,60,8.34299641640511,0.232066799299965,0.240963855421687,-0.00889705612172145
677,250,677,1726,2.41948401595119,85,8.40342161058684,0.287916533058756,0.34136546184739,-0.0534489287886339
678,250,678,1727,2.1172504432826,58,8.69190905522919,0.243588655821108,0.232931726907631,0.0106569289134776
679,250,679,1728,2.02860839551934,72,8.01992282922894,0.252946124135508,0.289156626506024,-0.0362105023705164
680,250,680,1729,2.04919782739347,65,8.63916091208488,0.237198710412599,0.261044176706827,-0.023845466294228
681,250,681,1730,1.72680287507427,68,7.27655494890243,0.237310497508815,0.273092369477912,-0.0357818719690965
682,250,682,1731,1.78398462251692,64,7.78810801173595,0.229065213249305,0.257028112449799,-0.0279628992004938
683,250,683,1732,1.77712849168604,65,7.95200513630555,0.223481808829877,0.261044176706827,-0.0375623678769503
684,250,684,1733,1.8961596253364,54,8.33929700379403,0.227376435264714,0.216867469879518,0.010508965385196
685,250,685,1734,2.28273525386013,57,8.62938527660471,0.264530459666565,0.228915662650602,0.0356147970159627
686,250,686,1735,2.34286620868634,64,7.9118946558255,0.296119489781288,0.257028112449799,0.0390913773314884
687,250,687,1736,1.89720010724335,67,8.40064357843054,0.2258398525697,0.269076305220884,-0.0432364526511831
688,250,688,1737,1.92131445618204,60,8.61652610810977,0.222980169975198,0.240963855421687,-0.0179836854464892
689,250,689,1738,2.13748963968996,73,8.10376032031923,0.263765160271393,0.293172690763052,-0.0294075304916592
690,250,690,1739,1.88889491571297,57,8.36799993917447,0.225728361549117,0.228915662650602,-0.00318730110148521
691,250,691,1740,2.17734265029603,71,8.47540874165183,0.256901196941172,0.285140562248996,-0.0282393653078235
692,250,692,1741,2.41878596741373,81,8.0413769495994,0.300792511353946,0.325301204819277,-0.0245086934653315
693,250,693,1742,1.52304470063,51,7.56338791732459,0.201370697533752,0.204819277108434,-0.00344857957468217
694,250,694,1743,1.75050503445582,62,7.2391525029408,0.24181076911209,0.248995983935743,-0.00718521482365339
695,250,695,1744,1.76263017117902,61,8.19262145985013,0.215148494266115,0.244979919678715,-0.0298314254125994
696,250,696,1745,2.02543726362451,64,7.95862852427715,0.254495766129312,0.257028112449799,-0.00253234632048688
697,250,697,1746,1.97844269798141,59,8.30788785094911,0.238140275058646,0.236947791164659,0.00119248389398766
698,250,698,1747,1.7571938370504,60,7.79378520905949,0.225460901207264,0.240963855421687,-0.0155029542144228
699,250,699,1748,1.77104199631067,61,8.66856567416251,0.204306232758833,0.244979919678715,-0.0406736869198822
700,250,700,1749,2.08662713885426,71,7.92236938634971,0.263384227255237,0.285140562248996,-0.0217563349937594
701,250,701,1750,2.02898245067885,62,8.10987292374088,0.250186713128291,0.248995983935743,0.00119072919254803
702,250,702,1751,2.19815124202146,73,7.60490627257256,0.28904383081606,0.293172690763052,-0.00412885994699219
703,250,703,1752,2.2776282284539,75,8.0325876711158,0.283548505376912,0.301204819277108,-0.0176563139001962
704,250,704,1753,1.83719264158272,65,8.17016980726294,0.224865906697501,0.261044176706827,-0.0361782700093268
705,250,705,1754,1.94318019132442,62,8.33428206592709,0.233155078740219,0.248995983935743,-0.0158409051955244
706,250,706,1755,1.72160159561706,59,8.62077386530096,0.199703834309655,0.236947791164659,-0.0372439568550039
707,250,707,1756,1.80031447654911,65,7.69897126716927,0.233838316065186,0.261044176706827,-0.0272058606416418
708,250,708,1757,2.15675994312653,70,8.38905965397074,0.257091978372771,0.281124497991968,-0.0240325196191972
709,250,709,1758,2.14660436302225,74,8.38994283743639,0.25585446821449,0.29718875502008,-0.0413342868055905
710,250,710,1759,1.94145039977575,57,8.15436881434078,0.238087146164077,0.228915662650602,0.00917148351347463
711,250,711,1760,2.17943933197465,66,8.47624629413094,0.257123171784628,0.265060240963855,-0.00793706917922699
712,250,712,1761,2.30635418499399,64,8.99050169739171,0.256532311835623,0.257028112449799,-0.000495800614176367
713,250,713,1762,2.04349591528578,63,7.9212050712376,0.257977908273811,0.253012048192771,0.00496586008104
714,250,714,1763,2.11146726367508,61,8.47181359081042,0.249234386597628,0.244979919678715,0.00425446691891287
715,250,715,1764,2.39277023917086,71,8.3433817540006,0.286786618390504,0.285140562248996,0.00164605614150798
716,250,716,1765,1.81945840279463,66,6.7534953859321,0.269409883152458,0.265060240963855,0.0043496421886029
717,250,717,1766,1.74765530398489,57,7.75875681711685,0.225249398219226,0.228915662650602,-0.00366626443137649
718,250,718,1767,2.05364124538541,66,8.26732561607357,0.248404543470825,0.265060240963855,-0.0166556974930301
719,250,719,1768,1.77967834927188,69,7.75565718307817,0.229468413476927,0.27710843373494,-0.0476400202580131
720,250,720,1769,1.96746708675356,65,7.91007671013126,0.248729204387313,0.261044176706827,-0.0123149723195147
721,250,721,1770,2.34591882861552,78,7.38694596656453,0.317576281082038,0.313253012048193,0.00432326903384511
722,250,722,1771,2.39554253457707,79,8.78678555697361,0.272630135223438,0.317269076305221,-0.0446389410817824
723,250,723,1772,1.99955218545869,66,8.57577713296781,0.233162797313357,0.265060240963855,-0.0318974436504987
724,250,724,1773,2.02524070776944,62,8.47853603778991,0.238866792420612,0.248995983935743,-0.0101291915151308
725,250,725,1774,1.98293420669073,62,8.37363577901043,0.236806837438667,0.248995983935743,-0.012189146497076
726,250,726,1775,1.82959909940059,66,8.1583760896273,0.224260205621897,0.265060240963855,-0.0408000353419582
727,250,727,1776,1.92640097046885,65,8.30120600933775,0.232062783203055,0.261044176706827,-0.028981393503772
728,250,728,1777,2.13046422744311,76,7.91060441370541,0.269317502939725,0.305220883534137,-0.0359033805944118
729,250,729,1778,1.85164582309908,57,8.22180184198526,0.225211682145331,0.228915662650602,-0.0037039805052711
730,250,730,1779,2.24629044007033,59,9.15433250291156,0.245380036103767,0.236947791164659,0.00843224493910855
731,250,731,1780,2.79140543694097,83,8.28931938739623,0.336747241418307,0.333333333333333,0.00341390808497405
732,250,732,1781,2.33608734474364,69,8.47578432166181,0.275619017200949,0.27710843373494,-0.00148941653399126
733,250,733,1782,2.4194049701204,80,8.46173813697355,0.285922931075923,0.321285140562249,-0.0353622094863257
734,250,734,1783,1.74775301554801,57,7.79100048036116,0.224329727607332,0.228915662650602,-0.00458593504327032
735,250,735,1784,1.95376615643091,61,8.17938966340701,0.238864540855863,0.244979919678715,-0.00611537882285218
736,250,736,1785,1.85116077901956,59,7.23149645787018,0.255985851587455,0.236947791164659,0.0190380604227965
737,250,737,1786,1.75033955219379,62,7.48366032179961,0.233888161264498,0.248995983935743,-0.0151078226712453
738,250,738,1787,2.10004073104334,68,7.77650785070222,0.270049329514109,0.273092369477912,-0.00304303996380223
739,250,739,1788,1.85076016363479,60,8.23953131753349,0.224619592099423,0.240963855421687,-0.0163442633222639
740,250,740,1789,1.7720144022956,68,7.18067984610268,0.246775297085187,0.273092369477912,-0.0263170723927245
741,250,741,1790,2.04791851347465,60,8.49496389527906,0.241074422295396,0.240963855421687,0.000110566873709389
742,250,742,1791,2.12429409382558,63,8.5387206265782,0.248783651172912,0.253012048192771,-0.00422839701985922
743,250,743,1792,1.79626075961568,66,8.12216103187521,0.221155521611342,0.265060240963855,-0.0439047193525137
744,250,744,1793,2.00572228032484,62,8.14221431291624,0.246336218041215,0.248995983935743,-0.00265976589452804
745,250,745,1794,1.69724489464432,51,8.21169110637509,0.206686402673704,0.204819277108434,0.00186712556527072
746,250,746,1795,1.76542231659528,58,8.416825317556,0.20974919283556,0.232931726907631,-0.0231825340720702
747,250,747,1796,1.78213495891351,60,7.85424978675587,0.226900723468028,0.240963855421687,-0.0140631319536585
748,250,748,1797,2.41088091523253,86,7.66242951304609,0.314636618989806,0.345381526104418,-0.0307449071146118
749,250,749,1798,1.82440720299427,60,7.8223954747345,0.233228709656385,0.240963855421687,-0.00773514576530182
750,250,750,1799,2.18933990224825,67,7.20393175788725,0.303909028545592,0.269076305220884,0.0348327233247084
751,250,751,1800,2.0601637006073,60,8.92751728356961,0.230765579630842,0.240963855421687,-0.0101982757908446
752,250,752,1801,2.0638667835933,66,8.12086875924698,0.254143595319557,0.265060240963855,-0.0109166456442981
753,250,753,1802,1.78783783429024,52,7.85766136548293,0.227527982071592,0.208835341365462,0.0186926407061299
754,250,754,1803,2.03781408017418,63,7.96438400960093,0.255865874588371,0.253012048192771,0.00285382639560033
755,250,755,1804,2.16403508165724,63,7.41164144961147,0.291977842745035,0.253012048192771,0.0389657945522635
756,250,756,1805,2.0304831788508,79,7.71048386021837,0.263340565347256,0.317269076305221,-0.0539285109579645
757,250,757,1806,1.87242218948358,62,8.17324924563347,0.229091531802229,0.248995983935743,-0.0199044521335139
758,250,758,1807,2.17442610244703,57,8.56703777269739,0.253813063527838,0.228915662650602,0.0248974008772357
759,250,759,1808,1.84516064698617,60,8.19751715448895,0.225087744522225,0.240963855421687,-0.0158761108994615
760,250,760,1809,2.55628894168433,88,7.97286212264154,0.320623748706868,0.353413654618474,-0.032789905911606
761,250,761,1810,1.93543387868451,58,8.33420403578826,0.232227801284139,0.232931726907631,-0.000703925623491392
762,250,762,1811,2.03573704712707,59,8.42767591626385,0.241553788654649,0.236947791164659,0.00460599748999044
763,250,763,1812,2.25504471252001,59,8.71419161013872,0.258778417254026,0.236947791164659,0.0218306260893677
764,250,764,1813,2.20481609446446,65,8.23511097785084,0.267733622581959,0.261044176706827,0.0066894458751317
765,250,765,1814,2.06135599459725,66,8.69403327422976,0.237100081122001,0.265060240963855,-0.0279601598418542
766,250,766,1815,1.78655161474191,54,8.61141708108688,0.207463138519406,0.216867469879518,-0.0094043313601119
767,250,767,1816,1.76893868388535,58,8.16687757310762,0.216599143069099,0.232931726907631,-0.0163325838385319
768,250,768,1817,1.70856228943091,53,7.9647014486232,0.214516802726643,0.21285140562249,0.00166539710415334
769,250,769,1818,1.70914463347884,63,7.76354343693606,0.220150070307762,0.253012048192771,-0.0328619778850089
770,250,770,1819,1.79254716325322,55,8.1234556234704,0.220663132334245,0.220883534136546,-0.000220401802301179
771,250,771,1820,1.77382136866089,63,7.5797604936109,0.234020767563311,0.253012048192771,-0.01899128062946
772,250,772,1821,1.73991219437444,61,8.12338721231463,0.214185554486043,0.244979919678715,-0.0307943651926714
773,250,773,1822,1.97236101252667,66,7.92914378579736,0.248748296891722,0.265060240963855,-0.0163119440721335
774,250,774,1823,2.11936975336184,58,8.2406529604112,0.257184687128978,0.232931726907631,0.0242529602213477
775,250,775,1824,2.1336979047864,58,8.3775729679775,0.254691652694911,0.232931726907631,0.0217599257872804
776,250,776,1825,1.9168675165481,60,8.35515707402465,0.229423277092832,0.240963855421687,-0.0115405783288545
777,250,777,1826,2.09145722730917,76,7.72412046809108,0.270769628198982,0.305220883534137,-0.0344512553351544
778,250,778,1827,2.05422026403389,80,7.37921718119534,0.278379157787728,0.321285140562249,-0.0429059827745208
779,250,779,1828,2.23609032535645,81,8.55692359936342,0.261319421564405,0.325301204819277,-0.0639817832548724
780,250,780,1829,2.28300609030359,65,7.99541460846234,0.285539425045858,0.261044176706827,0.0244952483390303
781,250,781,1830,1.93585879825401,60,8.32756547722707,0.232463954026887,0.240963855421687,-0.00849990139479961
782,250,782,1831,2.06397313710035,67,8.4257082868764,0.244961380910271,0.269076305220884,-0.0241149243106128
783,250,783,1832,1.81845777592148,56,7.9264252025245,0.229417136913412,0.224899598393574,0.00451753851983741
784,250,784,1833,2.18267133418558,74,7.58646897485946,0.287705827496119,0.29718875502008,-0.00948292752396107
785,250,785,1834,2.5315212320069,77,9.29476401570235,0.272359925193389,0.309236947791165,-0.0368770225977752
786,250,786,1835,2.31067931023376,76,8.54366584967429,0.270455253153639,0.305220883534137,-0.0347656303804974
787,250,787,1836,1.62643173409092,66,7.39737131025441,0.219866174871649,0.265060240963855,-0.0451940660922063
788,250,788,1837,1.95886691621516,61,8.75381413655066,0.223772961780867,0.244979919678715,-0.021206957897848
789,250,789,1838,1.59805246865566,52,8.11556869364179,0.196911951457902,0.208835341365462,-0.0119233899075603
790,250,790,1839,2.36141629057652,73,8.58216459205763,0.27515392710621,0.293172690763052,-0.0180187636568418
791,250,791,1840,2.4006364415056,80,8.51828871643021,0.281821445764713,0.321285140562249,-0.0394636947975361
792,250,792,1841,1.8085732465016,62,8.43461891195502,0.214422639052273,0.248995983935743,-0.0345733448834704
793,250,793,1842,1.99398655421403,63,8.55837846271698,0.232986489543606,0.253012048192771,-0.0200255586491654
794,250,794,1843,1.85269506903977,63,8.01096018244706,0.231270038403041,0.253012048192771,-0.0217420097897298
795,250,795,1844,1.59275717195328,54,8.27813217519677,0.192405380615394,0.216867469879518,-0.0244620892641236
796,250,796,1845,1.91026616719849,68,8.15134385052614,0.234349844912406,0.273092369477912,-0.038742524565506
797,250,797,1846,2.08242316043483,65,8.14758536271108,0.255587768366984,0.261044176706827,-0.00545640833984329
798,250,798,1847,1.90123162066706,65,8.12948474433518,0.233868649792582,0.261044176706827,-0.0271755269142457
799,250,799,1848,1.76318977074626,62,8.15974174937322,0.216084016492519,0.248995983935743,-0.0329119674432236
800,250,800,1849,2.25415475852573,73,7.92837224743513,0.284314949926191,0.293172690763052,-0.0088577408368607
801,250,801,1850,1.97793610712963,66,8.10040299069962,0.244177494551885,0.265060240963855,-0.0208827464119705
802,250,802,1851,2.02763949257834,68,7.81631177704223,0.259411286347845,0.273092369477912,-0.0136810831300662
803,250,803,1852,1.78042635319611,53,8.22189133068418,0.216547054879155,0.21285140562249,0.00369564925666474
804,250,804,1853,1.85769683469057,72,7.71150596497398,0.240899357807452,0.289156626506024,-0.0482572686985722
805,250,805,1854,1.64946369699473,48,7.70506922757183,0.214075130057532,0.192771084337349,0.0213040457201827
806,250,806,1855,1.88648169823072,64,7.98813303074642,0.236160525991446,0.257028112449799,-0.0208675864583527
807,250,807,1856,2.06414560554562,61,8.06428102056882,0.255961517248815,0.244979919678715,0.0109815975701004
808,250,808,1857,1.65134465624984,54,8.43851535226035,0.195691373104809,0.216867469879518,-0.0211760967747094
809,250,809,1858,2.0931454133001,77,8.32610911255952,0.251395385888313,0.309236947791165,-0.0578415619028513
810,250,810,1859,2.0778741999377,62,7.96937574311337,0.260732366864903,0.248995983935743,0.0117363829291602
811,250,811,1860,2.05827867470288,70,8.11564474071167,0.253618626795926,0.281124497991968,-0.0275058711960415
812,250,812,1861,2.01145661322509,64,7.31388781511671,0.275018794937996,0.257028112449799,0.0179906824881965
813,250,813,1862,2.64764018368524,73,8.59774536883381,0.307945870702654,0.293172690763052,0.0147731799396019
814,250,814,1863,2.16408985583433,74,8.53399221416516,0.253584700047214,0.29718875502008,-0.0436040549728663
815,250,815,1864,2.06639269512311,61,8.02486100151333,0.257498876894369,0.244979919678715,0.0125189572156545
816,250,816,1865,2.32197886606449,79,7.96439274987449,0.291544997715122,0.317269076305221,-0.0257240785900991
817,250,817,1866,2.14975153570058,57,8.68398482369551,0.247553580452452,0.228915662650602,0.0186379178018493
818,250,818,1867,1.625553557913,63,7.36554566049141,0.220696962973487,0.253012048192771,-0.0323150852192845
819,250,819,1868,2.12099670024455,71,8.48423842822165,0.249992585449902,0.285140562248996,-0.0351479767990935
820,250,820,1869,1.98038336731365,56,8.86284729110417,0.223447759198266,0.224899598393574,-0.00145183919530817
821,250,821,1870,1.98447149945173,60,8.62692290906107,0.23003236731922,0.240963855421687,-0.0109314881024667
822,250,822,1871,2.22246161160613,66,8.29863967479445,0.267810351900979,0.265060240963855,0.0027501109371233
823,250,823,1872,2.21288376657984,76,8.40557661050695,0.263263767510457,0.305220883534137,-0.0419571160236792
824,250,824,1873,2.15615957811058,77,7.8305769482323,0.275351304554554,0.309236947791165,-0.0338856432366107
825,250,825,1874,2.16615592136369,64,7.93099955917885,0.273125210157995,0.257028112449799,0.0160970977081957
826,250,826,1875,2.01498398997974,65,8.03181030829121,0.250875445589107,0.261044176706827,-0.0101687311177207
827,250,827,1876,1.98589896631649,66,8.65504168409802,0.229449959780691,0.265060240963855,-0.0356102811831645
828,250,828,1877,1.71674603107525,62,7.22780281807825,0.237519765589247,0.248995983935743,-0.0114762183464958
829,250,829,1878,2.0140579858533,60,8.41082953184199,0.239460088714011,0.240963855421687,-0.00150376670767596
830,250,830,1879,1.68369926085638,67,7.23155565061562,0.232826703160757,0.269076305220884,-0.0362496020601265
831,250,831,1880,2.18713467452506,64,8.25844612025376,0.264836101450264,0.257028112449799,0.00780798900046498
832,250,832,1881,1.777110002284,59,7.98877636035058,0.222450838792289,0.236947791164659,-0.0144969523723697
833,250,833,1882,2.21481110089849,65,8.40760374862728,0.263429529639774,0.261044176706827,0.00238535293294695
834,250,834,1883,2.03959903928081,70,7.95205486451589,0.256487043164405,0.281124497991968,-0.0246374548275627
835,250,835,1884,2.18702219309855,56,8.61966439833011,0.253724749831588,0.224899598393574,0.0288251514380135
836,250,836,1885,1.75308237802361,52,8.11712848596079,0.215973220216448,0.208835341365462,0.00713787885098599
837,250,837,1886,1.74526908283246,56,8.52766905154245,0.204659570192488,0.224899598393574,-0.0202400282010864
838,250,838,1887,1.89484695477435,66,8.39813985773713,0.225626982507162,0.265060240963855,-0.0394332584566939
839,250,839,1888,2.0006772726503,66,7.35565280855706,0.271991803409053,0.265060240963855,0.0069315624451971
840,250,840,1889,1.7981486767218,57,7.99948992467426,0.224782916617652,0.228915662650602,-0.00413274603295066
841,250,841,1890,1.87648201997914,62,8.00832599388543,0.234316387895783,0.248995983935743,-0.0146795960399596
842,250,842,1891,1.71781839460256,59,7.6951371798862,0.22323427827806,0.236947791164659,-0.0137135128865986
843,250,843,1892,2.14890336980323,69,7.97306513675552,0.269520357973355,0.27710843373494,-0.00758807576158427
844,250,844,1893,1.77408577298748,62,7.57693657660305,0.234142882819649,0.248995983935743,-0.0148531011160937
845,250,845,1894,1.98738334919809,69,8.21198034347455,0.24201024187513,0.27710843373494,-0.0350981918598102
846,250,846,1895,2.45575191936392,76,8.35385926599263,0.293966158774178,0.305220883534137,-0.011254724759959
847,250,847,1896,1.92339944628932,56,8.32835559293459,0.23094588419364,0.224899598393574,0.00604628580006564
848,250,848,1897,2.25028546832041,72,7.92810037359906,0.283836652196529,0.289156626506024,-0.00531997430949466
849,250,849,1898,1.68810689854842,57,7.53777434583411,0.223952962916883,0.228915662650602,-0.00496269973371957
850,250,850,1899,1.86507278275981,63,7.93705771927291,0.23498289274513,0.253012048192771,-0.0180291554476413
851,250,851,1900,2.13512556022905,70,8.681426401627,0.245941791296982,0.281124497991968,-0.0351827066949863
852,250,852,1901,2.20996879160923,60,8.87903656840099,0.248897363422755,0.240963855421687,0.00793350800106823
853,250,853,1902,2.22245256032774,68,8.29280723164622,0.267997615071364,0.273092369477912,-0.00509475440654811
854,250,854,1903,1.93264429048069,68,8.37777033392653,0.230687189245839,0.273092369477912,-0.0424051802320722
855,250,855,1904,1.63586599850974,54,8.01754437542683,0.204035789751728,0.216867469879518,-0.0128316801277899
856,250,856,1905,1.89069889780945,73,7.23320217761343,0.261391683984877,0.293172690763052,-0.0317810067781754
857,250,857,1906,1.92833825695679,58,8.30169892877379,0.232282364549881,0.232931726907631,-0.000649362357749372
858,250,858,1907,1.79450894491721,65,7.60833306510646,0.235860986836556,0.261044176706827,-0.0251831898702711
859,250,859,1908,1.74526066280665,55,7.90043117092475,0.220907014446195,0.220883534136546,2.34803096491043e-05
860,250,860,1909,1.7206157517883,57,7.25075733600426,0.237301522041626,0.228915662650602,0.00838585939102371
861,250,861,1910,1.86590268264012,66,7.80007664490443,0.239215942045783,0.265060240963855,-0.0258442989180725
862,250,862,1911,1.92535405908832,67,8.3181640499241,0.231463823931903,0.269076305220884,-0.0376124812889806
863,250,863,1912,1.89785116922886,61,7.89115506471265,0.240503595945744,0.244979919678715,-0.00447632373297085
864,250,864,1913,2.16407279762958,61,8.56166379270569,0.252763113575344,0.244979919678715,0.00778319389662874
865,250,865,1914,2.61174921100928,83,7.55156602811184,0.345855310181577,0.333333333333333,0.0125219768482435
866,250,866,1915,1.92533054257721,51,8.41907272789835,0.22868676929197,0.204819277108434,0.0238674921835366
867,250,867,1916,2.00236776192391,57,8.27048218936464,0.242110159489714,0.228915662650602,0.0131944968391118
868,250,868,1917,1.77278843513006,61,7.94428340778636,0.223152718015134,0.244979919678715,-0.0218272016635808
869,250,869,1918,2.35647455884249,68,8.18812282799398,0.28779179408326,0.273092369477912,0.0146994246053484
870,250,870,1919,1.96992758206205,63,8.46731665808218,0.232650751307585,0.253012048192771,-0.020361296885186
871,250,871,1920,1.82946960085797,69,6.76695443196638,0.270353468351397,0.27710843373494,-0.0067549653835432
872,250,872,1921,1.97124201636776,57,8.73514777017341,0.225667849958837,0.228915662650602,-0.00324781269176558
873,250,873,1922,2.2713971631568,62,8.73916056384792,0.259910222104522,0.248995983935743,0.0109142381687793
874,250,874,1923,2.4877947177474,80,8.01921371565944,0.310229257625268,0.321285140562249,-0.0110558829369806
875,250,875,1924,2.01475778172721,69,7.89628081646735,0.255152752106475,0.27710843373494,-0.0219556816284648
876,250,876,1925,1.63603592789154,56,8.17567564940741,0.200110180252824,0.224899598393574,-0.0247894181407501
877,250,877,1926,1.99181268035962,68,7.84102177994122,0.254024633046555,0.273092369477912,-0.0190677364313562
878,250,878,1927,1.88199424025838,59,8.40832454760383,0.223825118738393,0.236947791164659,-0.0131226724262652
879,250,879,1928,1.88110369890325,59,8.66380492912055,0.217122120626301,0.236947791164659,-0.0198256705383575
880,250,880,1929,1.83016451485831,51,8.66153267443115,0.21129799813155,0.204819277108434,0.00647872102311636
881,250,881,1930,2.25835690106324,77,8.04288971394829,0.280789241352733,0.309236947791165,-0.0284477064384318
882,250,882,1931,2.15743614367537,77,8.00392478478386,0.269547278577235,0.309236947791165,-0.0396896692139293
883,250,883,1932,2.18157737985725,68,8.39998707620333,0.259711992419313,0.273092369477912,-0.0133803770585986
884,250,884,1933,1.92745288627625,56,8.21693261996278,0.234570852095533,0.224899598393574,0.00967125370195868
885,250,885,1934,2.46126559763869,71,8.93463313299197,0.275474724143987,0.285140562248996,-0.00966583810500887
886,250,886,1935,2.04009252037654,72,8.45153874916902,0.241387110788213,0.289156626506024,-0.0477695157178106
887,250,887,1936,1.8689988279626,58,8.63571151312872,0.216426732773691,0.232931726907631,-0.0165049941339392
888,250,888,1937,2.02129050242092,63,8.35886657695391,0.241813944966389,0.253012048192771,-0.0111981032263817
889,250,889,1938,2.27910407092257,72,8.60101308076628,0.264980886498026,0.289156626506024,-0.0241757400079977
890,250,890,1939,2.04564515252014,65,8.91058477036731,0.229574736702248,0.261044176706827,-0.0314694400045794
891,250,891,1940,1.81532395747941,59,8.25612705472921,0.21987597155976,0.236947791164659,-0.0170718196048984
892,250,892,1941,1.87914025252815,56,7.53606028482794,0.249353134330858,0.224899598393574,0.0244535359372842
893,250,893,1942,2.1021638461522,65,8.4559203355543,0.248602607727193,0.261044176706827,-0.012441568979634
894,250,894,1943,1.97017280442075,65,8.11677544824444,0.242728509244009,0.261044176706827,-0.018315667462818
895,250,895,1944,1.76114633305531,57,7.94793950776976,0.221585271419547,0.228915662650602,-0.00733039123105517
896,250,896,1945,1.95824020448102,76,7.61747251349181,0.257072172037726,0.305220883534137,-0.0481487114964105
897,250,897,1946,2.15362714332525,69,8.51263487565206,0.25299183798956,0.27710843373494,-0.0241165957453797
898,250,898,1947,1.92802832515287,65,7.79381734873435,0.247379203140547,0.261044176706827,-0.0136649735662803
899,250,899,1948,1.73100798744965,65,8.0587392934992,0.214798856794637,0.261044176706827,-0.0462453199121902
900,250,900,1949,2.17448144836369,84,7.86594123936199,0.276442625515986,0.337349397590361,-0.0609067720743757
901,250,901,1950,1.84633674401292,62,8.59519659216613,0.214810298311933,0.248995983935743,-0.0341856856238098
902,250,902,1951,1.65783239132147,51,7.67077600789646,0.216123165324455,0.204819277108434,0.0113038882160217
903,250,903,1952,2.04259423757634,60,8.50613299185161,0.240131942391805,0.240963855421687,-0.00083191302988192
904,250,904,1953,2.03125721051446,65,8.4309624192433,0.240928272420976,0.261044176706827,-0.0201159042858514
905,250,905,1954,2.17047978918169,83,8.02434920961799,0.270486706458407,0.333333333333333,-0.0628466268749268
906,250,906,1955,1.80054152411052,59,8.17693161662514,0.220197698663604,0.236947791164659,-0.0167500925010548
907,250,907,1956,2.38468402411493,73,8.77979192313094,0.271610539861694,0.293172690763052,-0.0215621509013586
908,250,908,1957,1.91557986792434,57,8.98407115387273,0.213219578865267,0.228915662650602,-0.0156960837853351
909,250,909,1958,1.77775261114418,62,7.85790933483141,0.226237353396789,0.248995983935743,-0.0227586305389536
910,250,910,1959,1.95565179596729,57,8.18758697773432,0.238855697201822,0.228915662650602,0.00994003455121997
911,250,911,1960,2.04980669465127,69,8.17543023253897,0.250727684824812,0.27710843373494,-0.0263807489101279
912,250,912,1961,1.86819218496778,65,9.0490306650897,0.206452188539386,0.261044176706827,-0.0545919881674414
913,250,913,1962,1.74571104089008,69,7.8245988293048,0.223105500866321,0.27710843373494,-0.0540029328686187
914,250,914,1963,1.70293095477173,65,7.38988324022898,0.230440847224938,0.261044176706827,-0.0306033294818898
915,250,915,1964,1.73933830981783,56,8.41683408056226,0.206649946187562,0.224899598393574,-0.0182496522060124
916,250,916,1965,1.64595781230584,51,8.34006991165062,0.197355397465736,0.204819277108434,-0.0074638796426974
917,250,917,1966,1.96809125898334,64,7.89339850476903,0.24933382722211,0.257028112449799,-0.00769428522768967
918,250,918,1967,1.96044581310342,76,8.10462435426988,0.241892249092405,0.305220883534137,-0.0633286344417321
919,250,919,1968,1.68864839501881,59,7.08614720532113,0.238302754104624,0.236947791164659,0.00135496293996551
920,250,920,1969,2.19977715752612,70,8.56519499646101,0.256827446244368,0.281124497991968,-0.0242970517476002
921,250,921,1970,1.9882283687885,57,8.82863019086393,0.225202361612787,0.228915662650602,-0.00371330103781586
922,250,922,1971,1.78156886872878,58,7.94493128612222,0.224239682455244,0.232931726907631,-0.00869204445238606
923,250,923,1972,2.02819494289253,68,8.6851951155019,0.233523244546629,0.273092369477912,-0.0395691249312831
924,250,924,1973,2.07532111892841,57,8.45239730601393,0.245530474230288,0.228915662650602,0.0166148115796854
925,250,925,1974,1.95949295575809,55,8.86302064561798,0.221086358038317,0.220883534136546,0.000202823901770344
926,250,926,1975,2.06262722766518,74,7.92162083102456,0.260379444013153,0.29718875502008,-0.0368093110069275
927,250,927,1976,1.67492343264312,57,8.53928802999291,0.196143217884233,0.228915662650602,-0.0327724447663697
928,250,928,1977,2.46291299841625,83,8.02682536551315,0.306835253822517,0.333333333333333,-0.0264980795108161
929,250,929,1978,1.99801106418527,70,7.16250975969467,0.278954044213469,0.281124497991968,-0.00217045377849845
930,250,930,1979,1.73844636922003,59,8.09589148545535,0.214731925735817,0.236947791164659,-0.0222158654288414
931,250,931,1980,2.033710848981,59,9.0013213619074,0.225934700830418,0.236947791164659,-0.011013090334241
932,250,932,1981,2.24854127979087,66,8.38888287359624,0.268038225550637,0.265060240963855,0.00297798458678161
933,250,933,1982,2.11414389319354,66,8.64620633735932,0.244516937336848,0.265060240963855,-0.0205433036270077
934,250,934,1983,1.62123210614003,57,7.80179253892471,0.207802514364664,0.228915662650602,-0.0211131482859381
935,250,935,1984,2.13038085716906,71,8.13551453196343,0.261861846451021,0.285140562248996,-0.0232787157979751
936,250,936,1985,2.02029245888367,76,7.7943222842612,0.259200528949537,0.305220883534137,-0.0460203545845992
937,250,937,1986,2.36661145140069,72,9.31410178273285,0.254089069091781,0.289156626506024,-0.0350675574142431
938,250,938,1987,2.03119644209,54,9.34001857030432,0.217472420081475,0.216867469879518,0.000604950201957055
939,250,939,1988,1.75899868746429,55,7.15283372904182,0.245916339467313,0.220883534136546,0.0250328053307665
940,250,940,1989,2.05600897271098,70,8.5140822271839,0.241483335238004,0.281124497991968,-0.0396411627539641
941,250,941,1990,2.05264722182807,75,7.48506485463434,0.274232389657543,0.301204819277108,-0.0269724296195654
942,250,942,1991,1.89941651975543,52,7.85170114827146,0.24191146401103,0.208835341365462,0.033076122645568
943,250,943,1992,2.05589469060843,73,8.33845354473243,0.246555872690228,0.293172690763052,-0.0466168180728239
944,250,944,1993,1.59099886581408,57,7.17525934559466,0.221733987467769,0.228915662650602,-0.00718167518283294
945,250,945,1994,1.90708384085276,60,9.02087522777212,0.211407850424703,0.240963855421687,-0.0295560049969833
946,250,946,1995,1.72640328742875,52,8.22268632464047,0.209956116440357,0.208835341365462,0.00112077507489519
947,250,947,1996,1.99135418562273,75,7.67494092880669,0.259461825712365,0.301204819277108,-0.0417429935647439
948,250,948,1997,1.85641685659387,69,7.58108259497277,0.244874901880757,0.27710843373494,-0.0322335318541831
949,250,949,1998,1.9873797191634,71,7.68950787305048,0.258453434468622,0.285140562248996,-0.026687127780374
950,250,950,1999,1.75104369028772,55,8.37907773236974,0.208978093558335,0.220883534136546,-0.0119054405782114
951,250,951,2000,2.32022804198098,87,8.28489725801664,0.280055137646503,0.349397590361446,-0.0693424527149432
952,250,952,2001,1.80164867843449,66,7.7362454699727,0.23288411483676,0.265060240963855,-0.0321761261270953
953,250,953,2002,2.14977590468748,60,8.38366403265081,0.256424386320231,0.240963855421687,0.0154605308985445
954,250,954,2003,2.24291177625113,70,8.3527044943616,0.268525215726856,0.281124497991968,-0.012599282265112
955,250,955,2004,2.40340803771185,73,8.92670936814077,0.269237849984179,0.293172690763052,-0.0239348407788733
956,250,956,2005,2.29049548766604,78,8.40327227907012,0.272571851964257,0.313253012048193,-0.0406811600839362
957,250,957,2006,1.90488689342169,63,8.04519012899297,0.236773384205915,0.253012048192771,-0.0162386639868561
958,250,958,2007,2.01051684127931,70,8.31650233411502,0.241750288824185,0.281124497991968,-0.0393742091677833
959,250,959,2008,1.90909326551404,67,8.07060571938965,0.236548944638373,0.269076305220884,-0.0325273605825102
960,250,960,2009,1.75951832971275,57,8.44404502134966,0.208373868834668,0.228915662650602,-0.0205417938159342
961,250,961,2010,2.03062309555873,54,8.6629100651488,0.234404268344883,0.216867469879518,0.0175367984653653
962,250,962,2011,2.08693418712793,55,9.03579750383891,0.230962921229839,0.220883534136546,0.0100793870932932
963,250,963,2012,1.82305829938283,59,8.23379953976005,0.221411547679719,0.236947791164659,-0.0155362434849394
964,250,964,2013,1.95645179811793,59,8.48893655065347,0.230470776456367,0.236947791164659,-0.0064770147082921
965,250,965,2014,2.04570509672371,63,8.15379080741403,0.250890063902989,0.253012048192771,-0.00212198428978172
966,250,966,2015,1.65050867379755,55,7.40099279976233,0.223011792938179,0.220883534136546,0.00212825880163275
967,250,967,2016,1.98844815273677,62,9.00117349889585,0.220909879470792,0.248995983935743,-0.0280861044649512
968,250,968,2017,1.71963424396416,61,8.09172432432285,0.212517650755244,0.244979919678715,-0.0324622689234704
969,250,969,2018,2.20206540837707,67,8.84172443659873,0.249053838328417,0.269076305220884,-0.0200224668924668
970,250,970,2019,1.89990894323788,53,8.25059526423159,0.230275378005083,0.21285140562249,0.0174239723825927
971,250,971,2020,1.90736583078016,57,8.46193047651618,0.225405518997532,0.228915662650602,-0.00351014365307067
972,250,972,2021,1.91818255298577,60,8.96099786469047,0.214059034713544,0.240963855421687,-0.0269048207081426
973,250,973,2022,1.93463612353483,64,7.42914227018798,0.260411774761432,0.257028112449799,0.00338366231163328
974,250,974,2023,2.19943415804385,93,6.87093569046416,0.320106934066686,0.373493975903614,-0.0533870418369287
975,250,975,2024,1.75309815989347,65,8.17597022113786,0.214420810310815,0.261044176706827,-0.0466233663960127
976,250,976,2025,1.88885894005479,58,7.83711751352187,0.241014497587388,0.232931726907631,0.00808277067975754
977,250,977,2026,1.76713326769588,54,8.91004475934574,0.198330459097002,0.216867469879518,-0.018537010782516
978,250,978,2027,1.98808564451589,59,8.55544870277034,0.232376548978913,0.236947791164659,-0.00457124218574592
979,250,979,2028,2.82632823056613,83,8.81323712075744,0.320691272893294,0.333333333333333,-0.0126420604400396
980,250,980,2029,2.15976237843105,59,8.36029765644026,0.258335584112523,0.236947791164659,0.0213877929478647
981,250,981,2030,2.08448299669281,65,8.00946426664053,0.260252487219987,0.261044176706827,-0.000791689486840275
982,250,982,2031,1.9126242973244,64,8.33726027477097,0.22940681162517,0.257028112449799,-0.0276213008246287
983,250,983,2032,1.67348914331318,52,8.13603309404907,0.20568858606748,0.208835341365462,-0.00314675529798214
984,250,984,2033,1.86040936128677,60,8.61671138173936,0.215907122667399,0.240963855421687,-0.0250567327542878
985,250,985,2034,1.79804207586248,65,7.94302363569669,0.22636745883292,0.261044176706827,-0.0346767178739078
986,250,986,2035,1.80443067437696,64,8.32936022421234,0.216634966648665,0.257028112449799,-0.0403931458011345
987,250,987,2036,1.85528310155077,61,8.82520098519077,0.210225591990941,0.244979919678715,-0.0347543276877737
988,250,988,2037,2.26534761813621,72,8.6840569207973,0.260862824690954,0.289156626506024,-0.02829380181507
989,250,989,2038,2.0348767873663,60,9.27353269659051,0.219428437246406,0.240963855421687,-0.0215354181752808
990,250,990,2039,2.1849243711371,74,7.93954234289347,0.275195253929565,0.29718875502008,-0.0219935010905158
991,250,991,2040,1.96386476192319,76,7.92760299291922,0.2477249130257,0.305220883534137,-0.0574959705084364
992,250,992,2041,1.76200341692315,63,7.87053614592804,0.223873365708987,0.253012048192771,-0.0291386824837843
993,250,993,2042,1.84104474975709,54,8.46902456934367,0.217385690014566,0.216867469879518,0.000518220135048375
994,250,994,2043,2.01683252392653,60,7.85689729188886,0.256695798481243,0.240963855421687,0.0157319430595563
995,250,995,2044,1.9788554687992,59,8.61860526782017,0.229602749784559,0.236947791164659,-0.00734504138009917
996,250,996,2045,2.0759314404058,73,7.94871417581817,0.261165692272753,0.293172690763052,-0.032006998490299
997,250,997,2046,2.1072586372601,65,8.51581589939796,0.247452347743811,0.261044176706827,-0.0135918289630159
998,250,998,2047,1.94573081520153,65,8.31023101474585,0.234136790150477,0.261044176706827,-0.0269073865563506
999,250,999,2048,1.76959573976973,60,7.78500938522979,0.227308106156829,0.240963855421687,-0.0136557492648575
1000,250,1000,2049,1.99154988999392,70,8.29050739123205,0.240220507142923,0.281124497991968,-0.0409039908490444
1001,300,1,2050,1.65453031480171,57,9.01457808213701,0.183539406916922,0.190635451505017,-0.00709604458809449
1002,300,2,2051,2.07098095133275,84,8.25522782057815,0.250869024616175,0.280936454849498,-0.0300674302333236
1003,300,3,2052,2.1930825287808,87,7.58178897657923,0.289256603626849,0.290969899665552,-0.00171329603870241
1004,300,4,2053,1.95117473729355,77,8.49450238318513,0.229698533154326,0.25752508361204,-0.0278265504577138
1005,300,5,2054,2.31221649454239,87,8.93326971509289,0.258832047871102,0.290969899665552,-0.0321378517944499
1006,300,6,2055,1.75307820100458,65,8.56130958497435,0.204767528098895,0.217391304347826,-0.012623776248931
1007,300,7,2056,1.83686910701714,69,8.54396429652594,0.21499026017279,0.230769230769231,-0.0157789705964411
1008,300,8,2057,2.17480231641823,71,9.14445782973325,0.237827365701972,0.237458193979933,0.00036917172203843
1009,300,9,2058,2.06489227598955,74,8.42914010562566,0.244970690973736,0.247491638795987,-0.00252094782225018
1010,300,10,2059,2.02922635655954,80,8.91282666807638,0.227674836741496,0.267558528428094,-0.0398836916865978
1011,300,11,2060,2.1874438513742,68,8.9445265216692,0.244556695770855,0.22742474916388,0.017131946606975
1012,300,12,2061,1.90827582923742,73,8.33811610684812,0.228861748239528,0.244147157190635,-0.0152854089511079
1013,300,13,2062,2.11840333948147,65,10.2465845361879,0.206742386402015,0.217391304347826,-0.0106489179458112
1014,300,14,2063,2.34044005131563,78,8.64645334115229,0.270682088825535,0.260869565217391,0.00981252360814355
1015,300,15,2064,1.75617328754311,62,9.04317368344725,0.19419877899256,0.207357859531773,-0.0131590805392127
1016,300,16,2065,2.0203187354193,80,8.56220209740326,0.23595784267134,0.267558528428094,-0.0316006857567537
1017,300,17,2066,2.00165035703589,91,9.01811917441429,0.221958738659704,0.304347826086957,-0.0823890874272524
1018,300,18,2067,2.14637541910554,78,8.6558674005614,0.247967687093535,0.260869565217391,-0.0129018781238562
1019,300,19,2068,1.85079643185614,68,8.63521251718121,0.214331312422673,0.22742474916388,-0.0130934367412065
1020,300,20,2069,2.27076311723513,86,9.32641048783207,0.243476643044796,0.287625418060201,-0.0441487750154047
1021,300,21,2070,2.12849778683449,71,8.90482325848412,0.239027516330159,0.237458193979933,0.00156932235022558
1022,300,22,2071,2.39494074147775,90,8.70474147529757,0.275130599601854,0.301003344481605,-0.0258727448797509
1023,300,23,2072,2.10102140717145,64,9.7626744359374,0.215209615045379,0.214046822742475,0.00116279230290434
1024,300,24,2073,2.22655980820615,82,8.32962539572099,0.267306115512704,0.274247491638796,-0.00694137612609158
1025,300,25,2074,1.91213836855071,67,8.89826529549575,0.214888891829133,0.224080267558528,-0.00919137572939574
1026,300,26,2075,2.11099418391177,75,8.83497825716773,0.238935979519717,0.250836120401338,-0.011900140881621
1027,300,27,2076,2.1155205042718,83,8.4119899181534,0.251488711334095,0.277591973244147,-0.0261032619100525
1028,300,28,2077,1.82390171175174,73,8.72585309003015,0.209022738858125,0.244147157190635,-0.0351244183325101
1029,300,29,2078,2.23926438544433,85,8.28074806515586,0.270418127423393,0.28428093645485,-0.0138628090314568
1030,300,30,2079,2.13916087916251,79,8.79223288583052,0.243301207661362,0.264214046822742,-0.0209128391613802
1031,300,31,2080,2.0547882413723,67,8.02716312408911,0.255979380212915,0.224080267558528,0.0318991126543866
1032,300,32,2081,1.74853294768651,66,8.1422353378211,0.214748515013375,0.220735785953177,-0.00598727093980206
1033,300,33,2082,1.72010550046791,71,8.5133642276663,0.202047681089221,0.237458193979933,-0.0354105128907118
1034,300,34,2083,2.51676452905089,86,9.29063256027723,0.270892698933278,0.287625418060201,-0.0167327191269225
1035,300,35,2084,2.10469961499055,76,8.43592526969571,0.249492444243341,0.254180602006689,-0.00468815776334766
1036,300,36,2085,2.38735913500547,73,9.45299685661311,0.252550505539978,0.244147157190635,0.0084033483493427
1037,300,37,2086,2.12990740884884,79,8.87059415172966,0.240108765254866,0.264214046822742,-0.0241052815678766
1038,300,38,2087,2.06781897018538,76,9.27867871826516,0.222857050337874,0.254180602006689,-0.0313235516688146
1039,300,39,2088,2.27222049351918,92,8.79356742808361,0.258395754863093,0.307692307692308,-0.0492965528292142
1040,300,40,2089,1.83547309224485,67,8.28005063705487,0.221674138565137,0.224080267558528,-0.00240612899339185
1041,300,41,2090,1.85619318485167,69,8.8507140753514,0.209722421157072,0.230769230769231,-0.0210468096121587
1042,300,42,2091,2.40196555310778,90,9.35217886022212,0.256834860518347,0.301003344481605,-0.0441684839632586
1043,300,43,2092,1.76662850139733,69,8.12586152659843,0.217408147507143,0.230769230769231,-0.0133610832620882
1044,300,44,2093,2.0303590599627,83,8.64007404825777,0.23499324758358,0.277591973244147,-0.0425987256605672
1045,300,45,2094,1.90564562610957,70,8.51152889414602,0.223889932092015,0.234113712374582,-0.0102237802825674
1046,300,46,2095,2.01013674152837,72,8.99268974315556,0.223530089321531,0.240802675585284,-0.0172725862637537
1047,300,47,2096,1.94263449785663,69,9.21523768471876,0.210806770733436,0.230769230769231,-0.0199624600357947
1048,300,48,2097,1.79915302929761,66,9.18090793452715,0.195966786959211,0.220735785953177,-0.0247689989939661
1049,300,49,2098,2.25712331813971,79,8.47984050791535,0.266175208841821,0.264214046822742,0.00196116201907892
1050,300,50,2099,2.15583271941718,72,8.99301711254747,0.239722964210672,0.240802675585284,-0.00107971137461205
1051,300,51,2100,2.10476564055413,67,9.16901251584417,0.22955205229757,0.224080267558528,0.00547178473904122
1052,300,52,2101,2.58217532365928,78,9.62884742644356,0.268170759105383,0.260869565217391,0.00730119388799161
1053,300,53,2102,2.16430188537494,76,8.94768238350177,0.241884075966487,0.254180602006689,-0.0122965260402017
1054,300,54,2103,2.18260767725865,72,9.13616343033379,0.238897617572381,0.240802675585284,-0.00190505801290328
1055,300,55,2104,2.01451985263409,67,9.35189243450247,0.215413069252359,0.224080267558528,-0.00866719830616947
1056,300,56,2105,2.10669409467358,63,9.03329481029353,0.233214362966764,0.210702341137124,0.0225120218296403
1057,300,57,2106,1.85852259196291,70,8.70614662005132,0.213472466416141,0.234113712374582,-0.0206412459584406
1058,300,58,2107,1.85808556682002,70,8.85227355453791,0.20989924852328,0.234113712374582,-0.0242144638513015
1059,300,59,2108,2.09031778076934,68,9.16480384780483,0.228081016842495,0.22742474916388,0.000656267678615707
1060,300,60,2109,2.43374239107722,83,9.02621109412984,0.269630564330585,0.277591973244147,-0.00796140891356217
1061,300,61,2110,2.28083209561693,79,9.01476115893736,0.253010818079821,0.264214046822742,-0.0112032287429217
1062,300,62,2111,2.09933123593311,64,9.38958205991806,0.223580903019599,0.214046822742475,0.00953408027712402
1063,300,63,2112,2.07368960038884,69,9.31220826846426,0.222685053921246,0.230769230769231,-0.00808417684798488
1064,300,64,2113,2.05031233002693,75,9.31634601700022,0.220076876308112,0.250836120401338,-0.0307592440932262
1065,300,65,2114,2.1856213873343,75,8.9372202566707,0.24455270481926,0.250836120401338,-0.00628341558207732
1066,300,66,2115,1.89051936887432,77,8.40198070407475,0.22500877298581,0.25752508361204,-0.0325163106262296
1067,300,67,2116,2.12335315675855,72,8.72361418103767,0.243402919099062,0.240802675585284,0.00260024351377819
1068,300,68,2117,1.91854819465219,69,8.76787014853385,0.21881576279651,0.230769230769231,-0.0119534679727206
1069,300,69,2118,2.150340567587,71,9.5192005186055,0.225895080514809,0.237458193979933,-0.0115631134651246
1070,300,70,2119,1.85025576265113,78,8.38678207520023,0.220615695753244,0.260869565217391,-0.0402538694641475
1071,300,71,2120,1.68333870875535,66,7.9897791835028,0.210686512116766,0.220735785953177,-0.0100492738364115
1072,300,72,2121,2.25152008394798,74,9.51541500352443,0.236618169897375,0.247491638795987,-0.0108734688986112
1073,300,73,2122,2.58880626891453,83,8.59813756448135,0.301089189315697,0.277591973244147,0.0234972160715498
1074,300,74,2123,2.19648384871934,77,8.98578081064254,0.244439954079214,0.25752508361204,-0.0130851295328263
1075,300,75,2124,2.40262236887762,82,8.69500462884298,0.276322149491177,0.274247491638796,0.00207465785238076
1076,300,76,2125,2.07219530398167,71,9.45790443580558,0.219096663330281,0.237458193979933,-0.0183615306496521
1077,300,77,2126,1.82428247337333,63,9.09506783847309,0.200579314610104,0.210702341137124,-0.0101230265270196
1078,300,78,2127,1.7744345909207,66,8.08625428750952,0.219438386158792,0.220735785953177,-0.00129739979438559
1079,300,79,2128,1.78778311881345,68,8.81910368685468,0.202717099412067,0.22742474916388,-0.0247076497518123
1080,300,80,2129,2.04894720020621,77,8.36993661733147,0.244798412925075,0.25752508361204,-0.0127266706869652
1081,300,81,2130,1.89250309066716,71,8.47403214921261,0.223329703893442,0.237458193979933,-0.0141284900864909
1082,300,82,2131,2.34286599373795,93,8.50906286150654,0.27533772306897,0.311036789297659,-0.0356990662286885
1083,300,83,2132,1.92073107600634,64,9.02708144251836,0.212774315623157,0.214046822742475,-0.00127250711931839
1084,300,84,2133,2.04554432758975,87,8.16361657604311,0.250568398029936,0.290969899665552,-0.0404015016356158
1085,300,85,2134,1.80484475180494,71,8.4578217701659,0.213393566434723,0.237458193979933,-0.0240646275452104
1086,300,86,2135,1.95688413256736,87,7.89840179536288,0.247756974545945,0.290969899665552,-0.0432129251196073
1087,300,87,2136,2.61204686653056,80,9.66747644502414,0.270189111024416,0.267558528428094,0.00263058259632282
1088,300,88,2137,2.36302400672769,74,9.19979262114216,0.25685622535634,0.247491638795987,0.00936458656035349
1089,300,89,2138,1.97899622502158,74,8.62472709300246,0.22945609799378,0.247491638795987,-0.0180355408022068
1090,300,90,2139,2.4724809017539,88,9.08607589779783,0.272117570837499,0.294314381270903,-0.0221968104334037
1091,300,91,2140,2.11932827833714,78,8.99285971588729,0.235667890447909,0.260869565217391,-0.0252016747694819
1092,300,92,2141,1.71968788944607,61,8.57210996484928,0.200614305754104,0.204013377926421,-0.00339907217231775
1093,300,93,2142,1.79663281171642,62,8.58463733060767,0.209284649138375,0.207357859531773,0.00192678960660256
1094,300,94,2143,1.86767254635345,65,8.5788019551843,0.217707851994973,0.217391304347826,0.000316547647147392
1095,300,95,2144,2.52351568988501,93,8.79825100329937,0.28682015197551,0.311036789297659,-0.0242166373221486
1096,300,96,2145,1.78365954116598,65,8.6531282634174,0.206128868874706,0.217391304347826,-0.0112624354731198
1097,300,97,2146,1.89543781865174,63,8.85959654452812,0.213941775917821,0.210702341137124,0.00323943478069749
1098,300,98,2147,1.7844864839086,69,8.09711388997039,0.220385498852744,0.230769230769231,-0.0103837319164873
1099,300,99,2148,1.95339742991924,71,8.99045347944599,0.217274627401733,0.237458193979933,-0.0201835665782004
1100,300,100,2149,1.91998432793167,68,8.47237080934168,0.226617126556204,0.22742474916388,-0.000807622607675834
1101,300,101,2150,2.04651606037309,78,8.22916380018764,0.248690645862029,0.260869565217391,-0.0121789193553626
1102,300,102,2151,2.23949061515652,73,8.61281540451833,0.260018415578914,0.244147157190635,0.0158712583882786
1103,300,103,2152,2.10532115044576,62,9.6181029659397,0.218891517163132,0.207357859531773,0.0115336576313597
1104,300,104,2153,2.12757128137104,70,8.56761283157226,0.248327197224738,0.234113712374582,0.0142134848501557
1105,300,105,2154,2.01663661926689,68,9.24410767291854,0.218153735397827,0.22742474916388,-0.00927101376605283
1106,300,106,2155,2.16197673595782,77,8.89424066501755,0.24307603283788,0.25752508361204,-0.01444905077416
1107,300,107,2156,2.0124555648466,71,8.3877507579394,0.23992791666368,0.237458193979933,0.00246972268374657
1108,300,108,2157,2.16593186698902,84,9.2645618409033,0.233786756911306,0.280936454849498,-0.0471496979381926
1109,300,109,2158,1.85808723335625,64,8.93099310913712,0.208049341282693,0.214046822742475,-0.00599748145978207
1110,300,110,2159,1.90543300000578,66,9.28081146065944,0.2053088793025,0.220735785953177,-0.0154269066506778
1111,300,111,2160,2.29234996606557,87,8.90989711865905,0.257281305893527,0.290969899665552,-0.0336885937720248
1112,300,112,2161,2.13010586061021,77,9.06390520160586,0.23500972409032,0.25752508361204,-0.0225153595217198
1113,300,113,2162,2.32519363001423,75,9.38811688155544,0.247674124571507,0.250836120401338,-0.00316199582983129
1114,300,114,2163,2.47281945630315,81,9.62379178275924,0.256948561660814,0.270903010033445,-0.0139544483726304
1115,300,115,2164,1.87675269457815,74,8.80243782060063,0.213208287616178,0.247491638795987,-0.0342833511798082
1116,300,116,2165,2.00217966688347,71,8.52020743400118,0.234991892203641,0.237458193979933,-0.00246630177629198
1117,300,117,2166,2.57579809689606,91,9.09053588427512,0.283349422925847,0.304347826086957,-0.0209984031611091
1118,300,118,2167,1.87951333775958,60,9.08760681436888,0.20682159518475,0.20066889632107,0.00615269886368011
1119,300,119,2168,2.48664785870746,75,9.50481729060155,0.261619743197619,0.250836120401338,0.0107836227962809
1120,300,120,2169,2.1292226439156,78,9.14336597810187,0.23287076652242,0.260869565217391,-0.0279987986949709
1121,300,121,2170,2.12670063989708,80,8.84584119621989,0.240418134660374,0.267558528428094,-0.0271403937677193
1122,300,122,2171,1.89500879634892,78,8.72506206820309,0.217191440191003,0.260869565217391,-0.0436781250263883
1123,300,123,2172,1.92988542241267,74,8.58832232085966,0.224710409124409,0.247491638795987,-0.022781229671578
1124,300,124,2173,2.04944175684389,69,8.83851687133866,0.231876205779475,0.230769230769231,0.00110697501024468
1125,300,125,2174,2.20194842556932,69,9.58354348171458,0.229763492988856,0.230769230769231,-0.00100573778037483
1126,300,126,2175,1.54288007106911,61,7.98207152462858,0.193293190409103,0.204013377926421,-0.0107201875173185
1127,300,127,2176,2.04061572820987,78,8.57489906657129,0.237975480803626,0.260869565217391,-0.0228940844137651
1128,300,128,2177,1.91947219013934,62,8.31815681844714,0.230756913103939,0.207357859531773,0.0233990535721661
1129,300,129,2178,1.83804464364423,80,8.31405594353842,0.22107677120849,0.267558528428094,-0.0464817572196031
1130,300,130,2179,1.81774122408076,72,8.20606853140992,0.221511825927738,0.240802675585284,-0.0192908496575465
1131,300,131,2180,1.83375990220374,69,8.14751680565825,0.225069790703622,0.230769230769231,-0.00569944006560896
1132,300,132,2181,1.96740253889995,68,8.54889653531954,0.230135261407326,0.22742474916388,0.00271051224344648
1133,300,133,2182,1.7351016698901,59,9.23620872266871,0.187858646549594,0.197324414715719,-0.00946576816612535
1134,300,134,2183,1.8593282882356,68,9.24406989499384,0.201137411265413,0.22742474916388,-0.0262873378984666
1135,300,135,2184,2.3943022018828,93,8.48195878398581,0.282281753880167,0.311036789297659,-0.028755035417492
1136,300,136,2185,2.23913106662433,71,9.57625057381358,0.233821269542306,0.237458193979933,-0.00363692443762689
1137,300,137,2186,1.77998949055327,66,8.79815125337691,0.202314036130042,0.220735785953177,-0.0184217498231353
1138,300,138,2187,1.64455509510686,65,9.10827785781446,0.180556096419029,0.217391304347826,-0.036835207928797
1139,300,139,2188,1.93942607419976,71,8.88938809834353,0.218173180509596,0.237458193979933,-0.019285013470337
1140,300,140,2189,1.86028172687106,75,9.02302596663747,0.206170494659932,0.250836120401338,-0.0446656257414055
1141,300,141,2190,2.07714327311075,86,8.57864656791252,0.242129484723159,0.287625418060201,-0.0454959333370418
1142,300,142,2191,2.21345930967179,74,9.23597888791232,0.239656168180362,0.247491638795987,-0.00783547061562428
1143,300,143,2192,1.92537710023463,73,9.23493257962016,0.208488484743635,0.244147157190635,-0.0356586724470007
1144,300,144,2193,2.11114835451062,78,9.46555091721039,0.223034916084188,0.260869565217391,-0.0378346491332036
1145,300,145,2194,1.86656133241803,74,8.6110720129274,0.216762945381928,0.247491638795987,-0.0307286934140583
1146,300,146,2195,1.90030063476158,80,8.82078728902125,0.215434356650543,0.267558528428094,-0.052124171777551
1147,300,147,2196,1.83688886110726,66,8.89015787546015,0.206620499527651,0.220735785953177,-0.0141152864255262
1148,300,148,2197,1.90720880971894,68,9.26512370669989,0.205848175382675,0.22742474916388,-0.0215765737812044
1149,300,149,2198,1.88901075081983,68,9.33178916882431,0.202427499876513,0.22742474916388,-0.0249972492873665
1150,300,150,2199,1.98292415984738,73,8.70289717600878,0.227846442367915,0.244147157190635,-0.0163007148227203
1151,300,151,2200,2.27638066158174,85,9.77956315225595,0.232769156059555,0.28428093645485,-0.051511780395294
1152,300,152,2201,1.87333833820874,81,8.24648959742017,0.227167974454828,0.270903010033445,-0.0437350355786173
1153,300,153,2202,1.79809531707468,63,8.43936365886064,0.213060532731852,0.210702341137124,0.0023581915947285
1154,300,154,2203,2.02193353074058,65,8.81722349094353,0.229316352570328,0.217391304347826,0.0119250482225016
1155,300,155,2204,1.81379531964523,72,9.18925977591659,0.197382092124424,0.240802675585284,-0.0434205834608601
1156,300,156,2205,2.11991297111376,80,8.46892382230269,0.250316689061605,0.267558528428094,-0.017241839366489
1157,300,157,2206,1.86720517914792,63,8.85818582799858,0.210788666596509,0.210702341137124,8.63254593854446e-05
1158,300,158,2207,2.07366310188768,79,8.26895792533205,0.250776835559289,0.264214046822742,-0.0134372112634531
1159,300,159,2208,2.14840502181399,68,9.07279808877236,0.236796300412841,0.22742474916388,0.00937155124896114
1160,300,160,2209,1.85813300500058,69,8.36509812981717,0.222129253735507,0.230769230769231,-0.00863997703372338
1161,300,161,2210,1.71094067561997,68,8.87403341733475,0.192803046276317,0.22742474916388,-0.0346217028875628
1162,300,162,2211,2.37727363081899,97,8.31694712226945,0.285834885790436,0.324414715719064,-0.0385798299286272
1163,300,163,2212,2.43902393445057,75,9.49163552698745,0.256965612250463,0.250836120401338,0.00612949184912503
1164,300,164,2213,2.08436655178198,82,9.17148353791628,0.227266018977726,0.274247491638796,-0.04698147266107
1165,300,165,2214,1.9417611046398,72,8.60342918356118,0.225696180349805,0.240802675585284,-0.0151064952354794
1166,300,166,2215,2.05827734418154,71,8.72114794858107,0.236009910199542,0.237458193979933,-0.00144828378039075
1167,300,167,2216,2.0206404918933,87,8.71113775930123,0.231960571365753,0.290969899665552,-0.0590093282997989
1168,300,168,2217,1.8461821047354,71,8.54334184898205,0.21609601223617,0.237458193979933,-0.0213621817437636
1169,300,169,2218,2.40050819026127,92,8.92575818730556,0.268941656258998,0.307692307692308,-0.0387506514333093
1170,300,170,2219,2.21256042782994,73,9.28539920450616,0.238283823786079,0.244147157190635,-0.00586333340455675
1171,300,171,2220,2.43631674281318,81,8.92784268514312,0.272889748255474,0.270903010033445,0.00198673822202916
1172,300,172,2221,1.99905153368317,72,8.76464323181176,0.228081335521736,0.240802675585284,-0.0127213400635483
1173,300,173,2222,1.70183056848737,66,8.81749260608212,0.193006180386642,0.220735785953177,-0.0277296055665352
1174,300,174,2223,2.00151766123407,68,9.62773028713728,0.207890915256331,0.22742474916388,-0.0195338339075485
1175,300,175,2224,1.83601444429496,77,8.63235087760231,0.212689969433324,0.25752508361204,-0.0448351141787162
1176,300,176,2225,2.14302853841964,69,9.07420826678587,0.236166999413461,0.230769230769231,0.00539776864422986
1177,300,177,2226,2.31799709078845,85,8.77426777632798,0.264181257043711,0.28428093645485,-0.0200996794111384
1178,300,178,2227,1.94458469933613,68,9.65835222190177,0.201337107475382,0.22742474916388,-0.0260876416884975
1179,300,179,2228,1.81854599433709,73,8.3791178323649,0.217033109059863,0.244147157190635,-0.0271140481307728
1180,300,180,2229,1.93126458487583,67,8.74202698934459,0.220917252626856,0.224080267558528,-0.00316301493167254
1181,300,181,2230,1.97977475331752,72,8.05604947572921,0.245750073814972,0.240802675585284,0.00494739822968776
1182,300,182,2231,1.78044987041591,62,8.38267720600752,0.212396329556855,0.207357859531773,0.00503847002508206
1183,300,183,2232,1.87818843091406,78,8.72804112659672,0.21519014446331,0.260869565217391,-0.0456794207540813
1184,300,184,2233,2.16036152218495,84,8.42445601679905,0.256439290308717,0.280936454849498,-0.0244971645407814
1185,300,185,2234,1.69286902406701,61,8.55545899776189,0.197870041164345,0.204013377926421,-0.00614333676207635
1186,300,186,2235,2.3173980506147,78,9.16847081011588,0.252757313472366,0.260869565217391,-0.00811225174502533
1187,300,187,2236,1.6656152184136,60,8.43901768617484,0.197370746259045,0.20066889632107,-0.00329815006202561
1188,300,188,2237,1.67062599887409,57,8.32121610181407,0.200767048762246,0.190635451505017,0.0101315972572293
1189,300,189,2238,1.80873095474857,66,8.41177898327109,0.215023594693308,0.220735785953177,-0.00571219125986899
1190,300,190,2239,1.88289166545028,64,8.15172201855877,0.230980848115718,0.214046822742475,0.016934025373243
1191,300,191,2240,1.81767945232565,74,8.62152398395728,0.210830411851541,0.247491638795987,-0.0366612269444458
1192,300,192,2241,2.08189207403973,83,9.31064624545404,0.223603391124029,0.277591973244147,-0.0539885821201186
1193,300,193,2242,2.10851463040795,73,9.53378488263402,0.221162387904163,0.244147157190635,-0.0229847692864728
1194,300,194,2243,2.24158456385127,85,8.44396773357204,0.265465789848894,0.28428093645485,-0.0188151466059556
1195,300,195,2244,2.13493272507034,66,9.13304358015263,0.233759174182618,0.220735785953177,0.0130233882294408
1196,300,196,2245,1.94451971331329,82,7.54081641729833,0.257865939933591,0.274247491638796,-0.0163815517052047
1197,300,197,2246,2.17125689397148,79,9.25168431284638,0.234687741231788,0.264214046822742,-0.0295263055909548
1198,300,198,2247,2.24562875829796,68,9.66079505127129,0.232447613926191,0.22742474916388,0.00502286476231112
1199,300,199,2248,2.63126899604731,84,9.56854497932395,0.274991548007879,0.280936454849498,-0.00594490684161975
1200,300,200,2249,2.14085613844675,90,9.0122760792374,0.23754888550062,0.301003344481605,-0.0634544589809851
1201,300,201,2250,2.16123247927276,80,9.46887029174775,0.228246075052513,0.267558528428094,-0.0393124533755811
1202,300,202,2251,2.46905983652536,87,9.17952787774522,0.268974599718939,0.290969899665552,-0.0219952999466128
1203,300,203,2252,2.4934260574825,82,9.549872692101,0.261095214341956,0.274247491638796,-0.0131522772968402
1204,300,204,2253,1.62166832124847,67,7.8014245538129,0.207868230995824,0.224080267558528,-0.0162120365627048
1205,300,205,2254,2.53684594036454,85,8.93254503310282,0.284000352750904,0.28428093645485,-0.00028058370394507
1206,300,206,2255,2.09920932551548,73,8.73075988741973,0.240438329834298,0.244147157190635,-0.00370882735633768
1207,300,207,2256,1.9017670829481,60,8.87894043767466,0.214188516782771,0.20066889632107,0.0135196204617006
1208,300,208,2257,2.1871254250818,75,9.50048853695351,0.230211890322762,0.250836120401338,-0.0206242300785753
1209,300,209,2258,2.30518209968214,74,9.21685935411855,0.25010494476647,0.247491638795987,0.00261330597048332
1210,300,210,2259,2.16376911346657,82,8.94149602074028,0.241991844367832,0.274247491638796,-0.0322556472709642
1211,300,211,2260,2.21460922384181,88,9.14545792489067,0.242154000601154,0.294314381270903,-0.0521603806697487
1212,300,212,2261,2.17192670811057,76,9.55676688021926,0.227265845796245,0.254180602006689,-0.0269147562104438
1213,300,213,2262,1.91419689153587,77,8.03096377225363,0.238352076515308,0.25752508361204,-0.0191730070967317
1214,300,214,2263,1.67552956700085,63,8.07677997169352,0.207450193378182,0.210702341137124,-0.00325214775894186
1215,300,215,2264,2.10010220176997,75,8.60332488020713,0.244103556591415,0.250836120401338,-0.00673256380992276
1216,300,216,2265,2.33642326514217,80,9.80594254663337,0.238266056937517,0.267558528428094,-0.0292924714905765
1217,300,217,2266,2.30861624016413,76,8.53245991848598,0.27056865924004,0.254180602006689,0.0163880572333513
1218,300,218,2267,1.93122083963072,69,8.56780357320044,0.225404425198479,0.230769230769231,-0.005364805570752
1219,300,219,2268,2.00656149637677,71,8.68427183063305,0.231056965455502,0.237458193979933,-0.00640122852443081
1220,300,220,2269,1.64707374919977,67,8.50954431052636,0.193556045905106,0.224080267558528,-0.0305242216534223
1221,300,221,2270,1.92070354073163,64,8.77684526066965,0.21883757588146,0.214046822742475,0.00479075313898514
1222,300,222,2271,1.87350044359664,66,8.54785409332876,0.219177868871068,0.220735785953177,-0.00155791708210895
1223,300,223,2272,2.20309442972648,68,8.44017079254622,0.261024863581209,0.22742474916388,0.0336001144173292
1224,300,224,2273,2.51227081896404,87,9.79580583591107,0.25646392558682,0.290969899665552,-0.0345059740787316
1225,300,225,2274,2.13543206069228,78,9.05183750021987,0.235911444570277,0.260869565217391,-0.0249581206471142
1226,300,226,2275,2.01418030756175,74,9.06621779515541,0.222163238637179,0.247491638795987,-0.0253284001588074
1227,300,227,2276,1.91969080748615,61,8.71037575558967,0.220391273735147,0.204013377926421,0.0163778958087256
1228,300,228,2277,2.39516948112775,95,8.25516392694134,0.290141964753836,0.317725752508361,-0.0275837877545255
1229,300,229,2278,2.0811402706136,79,9.14881848793917,0.227476397455819,0.264214046822742,-0.0367376493669233
1230,300,230,2279,1.58691972249105,69,7.66076343452018,0.207149031040462,0.230769230769231,-0.0236201997287692
1231,300,231,2280,2.14425417893513,69,9.20120386725374,0.233040611844971,0.230769230769231,0.00227138107574071
1232,300,232,2281,1.71577659379167,72,8.89867034548743,0.192812693040343,0.240802675585284,-0.0479899825449418
1233,300,233,2282,2.09972414693158,75,9.25374904480371,0.226905239894164,0.250836120401338,-0.0239308805071733
1234,300,234,2283,2.06933197579054,77,9.27314747918471,0.223153139798061,0.25752508361204,-0.0343719438139792
1235,300,235,2284,1.88248424046989,78,9.15581361275615,0.205605347606373,0.260869565217391,-0.0552642176110179
1236,300,236,2285,2.09430031177102,65,9.24022180778579,0.226650437114655,0.217391304347826,0.00925913276682913
1237,300,237,2286,2.18820222401065,72,8.77795254733767,0.249283897607116,0.240802675585284,0.00848122202183163
1238,300,238,2287,2.20344692053859,68,9.40181106408371,0.234364092781664,0.22742474916388,0.00693934361778467
1239,300,239,2288,2.0550383247038,76,9.10868448012186,0.225613076091127,0.254180602006689,-0.0285675259155615
1240,300,240,2289,1.95595802032646,67,8.69342798097226,0.224992721468167,0.224080267558528,0.00091245390963815
1241,300,241,2290,2.29602517903114,91,8.76561065066605,0.261935565077452,0.304347826086957,-0.042412261009505
1242,300,242,2291,2.29279997044519,80,9.64917578969084,0.237616146748493,0.267558528428094,-0.0299423816796005
1243,300,243,2292,1.77768064638107,66,8.42511995912049,0.210997665909394,0.220735785953177,-0.00973812004378327
1244,300,244,2293,2.36173423234145,77,9.28832683684662,0.254269070611566,0.25752508361204,-0.00325601300047446
1245,300,245,2294,1.79210078020756,61,9.65423171064789,0.185628523731309,0.204013377926421,-0.0183848541951125
1246,300,246,2295,2.09593031613592,70,9.07921610182744,0.230849259741053,0.234113712374582,-0.00326445263352854
1247,300,247,2296,1.86952291262798,73,8.44865375430102,0.221280569306826,0.244147157190635,-0.0228665878838099
1248,300,248,2297,1.76507425288524,63,8.38594080626642,0.210480170759884,0.210702341137124,-0.000222170377239705
1249,300,249,2298,2.20556043132108,79,9.52374695346709,0.231585366778163,0.264214046822742,-0.0326286800445799
1250,300,250,2299,1.64234257569198,59,8.65433940478758,0.189770992201142,0.197324414715719,-0.00755342251457694
1251,300,251,2300,2.46418490020338,90,8.47240922719499,0.290848191361409,0.301003344481605,-0.0101551531201959
1252,300,252,2301,1.87301359383956,73,9.2815358738331,0.201799962775562,0.244147157190635,-0.0423471944150732
1253,300,253,2302,1.94564245590243,82,8.25264172066505,0.235759956842721,0.274247491638796,-0.0384875347960746
1254,300,254,2303,1.81472408102471,66,8.42523408188549,0.215391532554142,0.220735785953177,-0.00534425339903483
1255,300,255,2304,1.80565166551278,71,8.76035481757991,0.206116270757581,0.237458193979933,-0.0313419232223521
1256,300,256,2305,2.04506642460963,76,8.27416206403352,0.247162964513254,0.254180602006689,-0.00701763749343451
1257,300,257,2306,1.73383086710063,61,9.07216687217968,0.191115407325401,0.204013377926421,-0.0128979706010199
1258,300,258,2307,1.82294078743947,62,8.70627025396029,0.20938251791693,0.207357859531773,0.00202465838515692
1259,300,259,2308,1.96429236417695,68,8.97285162474821,0.218915061379059,0.22742474916388,-0.00850968778482025
1260,300,260,2309,1.81344791807416,66,8.93022574805664,0.203068541516859,0.220735785953177,-0.0176672444363183
1261,300,261,2310,1.98483349852307,68,9.2635505720641,0.214262715260463,0.22742474916388,-0.0131620339034168
1262,300,262,2311,2.04245368251897,83,8.36604854624681,0.244136006530258,0.277591973244147,-0.0334559667138888
1263,300,263,2312,1.82173600706586,73,8.37170538450575,0.217606320742905,0.244147157190635,-0.0265408364477304
1264,300,264,2313,2.07306964271256,67,8.89774775271812,0.232988133663294,0.224080267558528,0.00890786610476543
1265,300,265,2314,2.02171977269622,86,8.50556944608936,0.237693641267694,0.287625418060201,-0.0499317767925071
1266,300,266,2315,1.8178719509282,80,8.15228480510197,0.222989259377999,0.267558528428094,-0.0445692690500944
1267,300,267,2316,2.49233308817625,81,9.23822549007144,0.269784829440981,0.270903010033445,-0.00111818059246344
1268,300,268,2317,1.90279114634712,64,8.71806019854125,0.218258546398373,0.214046822742475,0.00421172365589792
1269,300,269,2318,2.0246885186168,76,8.77947663705977,0.230616083659272,0.254180602006689,-0.0235645183474166
1270,300,270,2319,1.91714602049213,68,8.65395877138848,0.221533990528191,0.22742474916388,-0.00589075863568861
1271,300,271,2320,1.65765337246306,66,7.99814095604611,0.207254833538533,0.220735785953177,-0.0134809524146441
1272,300,272,2321,1.5726438625608,62,8.57872615570446,0.18331904224674,0.207357859531773,-0.0240388172850328
1273,300,273,2322,1.81610512507621,61,8.8891073235832,0.204306805955419,0.204013377926421,0.000293428028997428
1274,300,274,2323,2.02321154442033,60,9.39770007056274,0.215287945904745,0.20066889632107,0.014619049583675
1275,300,275,2324,1.77059414228205,67,8.86528848638993,0.19972211225842,0.224080267558528,-0.0243581553001084
1276,300,276,2325,2.23727436031236,70,8.81065496835955,0.253928268482509,0.234113712374582,0.0198145561079274
1277,300,277,2326,1.83036154028946,68,8.90569624195338,0.205527057128549,0.22742474916388,-0.0218976920353302
1278,300,278,2327,2.07423801903835,85,8.65164333335133,0.239750754754573,0.28428093645485,-0.0445301817002769
1279,300,279,2328,2.42465908538784,97,8.82293369461666,0.2748132502534,0.324414715719064,-0.049601465465664
1280,300,280,2329,1.91350930928687,76,8.44846096123455,0.22649205791054,0.254180602006689,-0.0276885440961492
1281,300,281,2330,2.00970327487692,73,9.74361681519556,0.206258447247505,0.244147157190635,-0.0378887099431303
1282,300,282,2331,1.6051254311994,60,9.12191948333741,0.175963560534755,0.20066889632107,-0.0247053357863155
1283,300,283,2332,2.20024777167297,72,9.10086786079626,0.24176241269813,0.240802675585284,0.000959737112845832
1284,300,284,2333,2.05972576890364,82,8.66184086787939,0.237793074280746,0.274247491638796,-0.0364544173580501
1285,300,285,2334,1.98437526260059,76,8.56314918587012,0.231734286011853,0.254180602006689,-0.0224463159948365
1286,300,286,2335,2.00892285832576,74,8.72099713321356,0.230354720640242,0.247491638795987,-0.0171369181557444
1287,300,287,2336,1.82497271201623,68,8.52552900214948,0.214059762339218,0.22742474916388,-0.0133649868246614
1288,300,288,2337,2.26110535342388,88,8.59868914201756,0.26295930880615,0.294314381270903,-0.0313550724647535
1289,300,289,2338,2.11820735315006,78,9.1583591192064,0.231286775892842,0.260869565217391,-0.029582789324549
1290,300,290,2339,2.19588071797971,68,8.69561742668633,0.252527291649318,0.22742474916388,0.0251025424854385
1291,300,291,2340,1.88885518999321,76,8.78201386693851,0.215082237242206,0.254180602006689,-0.0390983647644827
1292,300,292,2341,2.04129224128052,71,9.0585777885634,0.22534356815456,0.237458193979933,-0.012114625825373
1293,300,293,2342,1.76891337751585,57,8.90332633411814,0.198680056322013,0.190635451505017,0.00804460481699582
1294,300,294,2343,1.89743840485294,68,8.732882662113,0.21727515166153,0.22742474916388,-0.01014959750235
1295,300,295,2344,2.12821291207931,65,9.35065200727275,0.227600482877988,0.217391304347826,0.010209178530162
1296,300,296,2345,1.99174354445714,69,8.69268945043258,0.229128574742541,0.230769230769231,-0.00164065602669014
1297,300,297,2346,2.36545383806953,89,8.87558204186581,0.266512531449967,0.297658862876254,-0.0311463314262869
1298,300,298,2347,1.9412436078625,76,8.17546411782282,0.237447511222086,0.254180602006689,-0.0167330907846028
1299,300,299,2348,1.68594332362783,72,6.87859550444933,0.245099936831188,0.240802675585284,0.00429726124590396
1300,300,300,2349,1.85272020447074,61,8.72852136916894,0.212260487900615,0.204013377926421,0.00824710997419353
1301,300,301,2350,2.17931100274239,75,8.77666620674596,0.248307381345701,0.250836120401338,-0.00252873905563716
1302,300,302,2351,2.5181059840348,73,9.65415465126707,0.260831328582902,0.244147157190635,0.0166841713922669
1303,300,303,2352,2.13108533914141,89,7.78110113482444,0.273879660759542,0.297658862876254,-0.0237792021167119
1304,300,304,2353,1.62850549292051,57,8.91446597491089,0.182681216968444,0.190635451505017,-0.00795423453657246
1305,300,305,2354,2.17951235719058,87,9.03403275923217,0.241255750922894,0.290969899665552,-0.0497141487426578
1306,300,306,2355,1.97559076656489,72,9.55847288849975,0.206684769587182,0.240802675585284,-0.0341179059981025
1307,300,307,2356,2.40955267911236,77,9.54301514533983,0.252493854658611,0.25752508361204,-0.00503122895342939
1308,300,308,2357,2.40226360152376,75,8.92581260834322,0.269136683339991,0.250836120401338,0.0183005629386527
1309,300,309,2358,1.72917137537978,76,8.61733266883027,0.200662019424452,0.254180602006689,-0.0535185825822374
1310,300,310,2359,2.10821119322416,77,8.68836670015007,0.242647584521006,0.25752508361204,-0.0148774990910338
1311,300,311,2360,2.17126475421144,81,9.09424137466087,0.238751608271713,0.270903010033445,-0.0321514017617314
1312,300,312,2361,1.97305437734308,70,8.77862432451618,0.224756670795549,0.234113712374582,-0.00935704157903267
1313,300,313,2362,2.08217827428999,89,8.11917770221069,0.256451866267572,0.297658862876254,-0.0412069966086822
1314,300,314,2363,1.85894621482182,64,8.80652997871931,0.211087252222374,0.214046822742475,-0.00295957052010087
1315,300,315,2364,1.7823545037608,70,8.62005292983693,0.206768394378585,0.234113712374582,-0.0273453179959972
1316,300,316,2365,2.04657402410507,76,8.57748333149804,0.238598426252802,0.254180602006689,-0.0155821757538874
1317,300,317,2366,2.17693637788474,85,8.66215137730908,0.251315900988215,0.28428093645485,-0.0329650354666343
1318,300,318,2367,2.29596016630724,77,9.24277825613812,0.248405847536426,0.25752508361204,-0.00911923607561457
1319,300,319,2368,2.28515622741941,91,9.13175964586286,0.250242704148998,0.304347826086957,-0.054105121937959
1320,300,320,2369,1.79891005794435,78,8.46926712760613,0.212404453754999,0.260869565217391,-0.0484651114623927
1321,300,321,2370,1.65633793973772,67,8.60379636660172,0.192512452545635,0.224080267558528,-0.0315678150128931
1322,300,322,2371,1.79270919280955,73,9.11260090900571,0.196728597105341,0.244147157190635,-0.0474185600852942
1323,300,323,2372,2.1296548126107,74,8.50236654616877,0.250477887661799,0.247491638795987,0.00298624886581272
1324,300,324,2373,2.00806560432,77,8.05219426986496,0.249381167048479,0.25752508361204,-0.00814391656356098
1325,300,325,2374,1.99148034426289,64,8.72447181126618,0.228263714680266,0.214046822742475,0.0142168919377915
1326,300,326,2375,2.20950932164228,67,9.66009657672263,0.228725386345143,0.224080267558528,0.00464511878661464
1327,300,327,2376,2.23481446901199,88,8.78195019029909,0.254478153551891,0.294314381270903,-0.0398362277190124
1328,300,328,2377,2.53149595322567,84,8.59739286740638,0.294449258312114,0.280936454849498,0.0135128034626155
1329,300,329,2378,1.9959519195017,74,9.03271096832193,0.220969311040902,0.247491638795987,-0.0265223277550842
1330,300,330,2379,2.20473157819525,73,8.66193485138564,0.254531073717618,0.244147157190635,0.0103839165269828
1331,300,331,2380,2.14126068628113,77,8.38209500744651,0.25545650393832,0.25752508361204,-0.00206857967372059
1332,300,332,2381,2.00419770710928,76,8.58417633970145,0.233475831320001,0.254180602006689,-0.0207047706866883
1333,300,333,2382,1.7290117039073,64,8.73176925666858,0.198013902232566,0.214046822742475,-0.016032920509909
1334,300,334,2383,2.04410910032142,64,9.04610663517121,0.225965620654298,0.214046822742475,0.0119187979118227
1335,300,335,2384,2.06931631201657,68,9.39173310617383,0.220333807256114,0.22742474916388,-0.00709094190776569
1336,300,336,2385,1.65822202635002,59,8.45277234271055,0.196174930439246,0.197324414715719,-0.00114948427647327
1337,300,337,2386,1.83971829358454,68,8.59286173810152,0.214098440037394,0.22742474916388,-0.013326309126486
1338,300,338,2387,2.40074080875756,77,9.4730740403068,0.253427852304616,0.25752508361204,-0.00409723130742451
1339,300,339,2388,1.81009804446404,61,9.04540436525038,0.200112451734925,0.204013377926421,-0.00390092619149679
1340,300,340,2389,1.96663257280516,65,9.29639267318704,0.211547924226284,0.217391304347826,-0.00584338012154167
1341,300,341,2390,2.0912494637414,84,8.14117846509304,0.256873064840436,0.280936454849498,-0.0240633900090628
1342,300,342,2391,2.15090548060253,66,9.5412358626056,0.225432586676999,0.220735785953177,0.00469680072382211
1343,300,343,2392,2.08545236103529,74,8.82956530797593,0.236189697713823,0.247491638795987,-0.0113019410821639
1344,300,344,2393,1.90546374711767,70,9.08546469281179,0.209726614052578,0.234113712374582,-0.0243870983220036
1345,300,345,2394,1.84551521167009,59,8.7638930033012,0.210581668554707,0.197324414715719,0.013257253838988
1346,300,346,2395,2.35844110540796,71,9.16341378727161,0.257375816497989,0.237458193979933,0.0199176225180562
1347,300,347,2396,1.96484659599504,65,9.56092001945019,0.205508109261229,0.217391304347826,-0.0118831950865972
1348,300,348,2397,2.36925870615214,79,9.08573718368072,0.260766810469454,0.264214046822742,-0.00344723635328881
1349,300,349,2398,1.66543422611937,72,8.53160473192476,0.195207616673498,0.240802675585284,-0.0455950589117863
1350,300,350,2399,2.04459695802121,65,8.93014854845885,0.228954417379099,0.217391304347826,0.0115631130312734
1351,300,351,2400,1.88922266331201,76,9.13080258818516,0.206906528212161,0.254180602006689,-0.0472740737945279
1352,300,352,2401,2.09459675161016,63,9.19898375103385,0.227698711977261,0.210702341137124,0.016996370840137
1353,300,353,2402,1.66246517635222,68,8.31291828788319,0.199985747336817,0.22742474916388,-0.0274390018270622
1354,300,354,2403,1.83478608858212,62,8.98559144102192,0.204192022375486,0.207357859531773,-0.0031658371562866
1355,300,355,2404,1.72137755966791,70,8.19827650657781,0.209968224209902,0.234113712374582,-0.0241454881646795
1356,300,356,2405,1.93800679263223,75,8.77583442889919,0.220834475437491,0.250836120401338,-0.0300016449638467
1357,300,357,2406,1.80744165469136,71,7.96985926756136,0.226784638726049,0.237458193979933,-0.0106735552538838
1358,300,358,2407,2.11430864438867,81,8.05603808925869,0.262450179723918,0.270903010033445,-0.00845283030952698
1359,300,359,2408,1.99439420434917,64,8.75957577696524,0.227681597274808,0.214046822742475,0.0136347745323335
1360,300,360,2409,1.77133931173477,61,8.48035673577614,0.208875565842886,0.204013377926421,0.00486218791646506
1361,300,361,2410,2.05898224245231,80,8.64593259788697,0.238144609519106,0.267558528428094,-0.0294139189089872
1362,300,362,2411,2.21801743248242,92,8.11931594586632,0.27317786957307,0.307692307692308,-0.0345144381192373
1363,300,363,2412,2.14072882814614,79,8.84677965514618,0.241978314323775,0.264214046822742,-0.0222357324989672
1364,300,364,2413,2.00546681074465,73,8.53060360275224,0.235090845165707,0.244147157190635,-0.00905631202492843
1365,300,365,2414,1.67086279330923,60,8.47474298649388,0.197157931039569,0.20066889632107,-0.00351096528150102
1366,300,366,2415,1.81883145961036,79,8.56373856983104,0.212387550691688,0.264214046822742,-0.0518264961310543
1367,300,367,2416,2.03680417849445,69,9.28022959827784,0.219477778747244,0.230769230769231,-0.0112914520219866
1368,300,368,2417,1.77298448671942,60,8.78695720591685,0.201774567142031,0.20066889632107,0.0011056708209605
1369,300,369,2418,1.82675521568706,62,9.09201301610659,0.2009186758148,0.207357859531773,-0.00643918371697239
1370,300,370,2419,1.86613769423982,67,8.41400954845818,0.221789348287794,0.224080267558528,-0.00229091927073413
1371,300,371,2420,2.32985376677099,86,9.30532009407274,0.250378680498595,0.287625418060201,-0.037246737561606
1372,300,372,2421,1.96235982892918,75,8.63419744555355,0.227277618018772,0.250836120401338,-0.023558502382566
1373,300,373,2422,1.69913796047055,58,8.42423387288716,0.201696437457549,0.193979933110368,0.00771650434718071
1374,300,374,2423,2.06153357058987,68,8.99443638505927,0.229200972949712,0.22742474916388,0.00177622378583206
1375,300,375,2424,2.07924261821552,67,9.10467394379704,0.228370903895146,0.224080267558528,0.00429063633661772
1376,300,376,2425,2.04687337607256,66,9.27379645979223,0.220715796917373,0.220735785953177,-1.99890358042465e-05
1377,300,377,2426,1.88721839202908,74,8.68391056191078,0.217323563914483,0.247491638795987,-0.0301680748815031
1378,300,378,2427,1.94786263339968,88,8.14252102299452,0.239221075131266,0.294314381270903,-0.0550933061396372
1379,300,379,2428,2.07435821008634,75,8.79462304375817,0.235866642579818,0.250836120401338,-0.0149694778215193
1380,300,380,2429,2.07709045424354,59,9.77563592756396,0.212476249078267,0.197324414715719,0.015151834362548
1381,300,381,2430,1.8124519108098,73,9.18337158435646,0.197362362413523,0.244147157190635,-0.0467847947771129
1382,300,382,2431,1.92358529398139,68,9.2565474165779,0.207808074372997,0.22742474916388,-0.0196166747908831
1383,300,383,2432,1.81216274044043,74,9.20545476046193,0.196857492388512,0.247491638795987,-0.0506341464074747
1384,300,384,2433,1.80484951153543,66,8.08918074630902,0.223118949636396,0.220735785953177,0.00238316368321922
1385,300,385,2434,1.68678251303063,63,8.60666015656499,0.19598572295712,0.210702341137124,-0.0147166181800035
1386,300,386,2435,2.11971054129118,81,9.03884418487993,0.234511238155539,0.270903010033445,-0.0363917718779061
1387,300,387,2436,2.17151808287116,75,9.9801062856412,0.217584665004562,0.250836120401338,-0.0332514553967757
1388,300,388,2437,2.06913514362733,64,8.94064059048858,0.23143030107133,0.214046822742475,0.017383478328855
1389,300,389,2438,1.94329213589861,72,8.40759567036034,0.231135298614487,0.240802675585284,-0.00966737697079686
1390,300,390,2439,2.63480752021375,98,8.65504612905322,0.304424434130887,0.327759197324415,-0.0233347631935275
1391,300,391,2440,1.96340453037677,63,8.64244735394501,0.227181543602986,0.210702341137124,0.0164792024658623
1392,300,392,2441,2.12387346628697,76,9.17811902721226,0.231406180284859,0.254180602006689,-0.0227744217218302
1393,300,393,2442,1.9698110510168,76,8.78707020996255,0.224171538857568,0.254180602006689,-0.0300090631491212
1394,300,394,2443,2.22306409108702,81,9.61632882062943,0.231175964606992,0.270903010033445,-0.0397270454264533
1395,300,395,2444,2.01909281198766,71,8.49574154253745,0.237659396990626,0.237458193979933,0.000201203010692569
1396,300,396,2445,2.01009367257857,82,8.41550500472053,0.238855977324122,0.274247491638796,-0.0353915143146736
1397,300,397,2446,2.20580874897858,75,8.86594361288971,0.248795711465125,0.250836120401338,-0.00204040893621235
1398,300,398,2447,1.97246817006138,74,8.82847538218287,0.223421155372093,0.247491638795987,-0.0240704834238934
1399,300,399,2448,1.90726276024995,67,9.26556051692825,0.205844293690097,0.224080267558528,-0.0182359738684313
1400,300,400,2449,1.778567374169,62,8.9026733965452,0.199779020856723,0.207357859531773,-0.00757883867504933
1401,300,401,2450,1.98500786673542,69,9.51523820678172,0.208613575782124,0.230769230769231,-0.0221556549871072
1402,300,402,2451,2.01760130123306,81,9.17274682555978,0.219956065462423,0.270903010033445,-0.0509469445710221
1403,300,403,2452,2.48964878015539,92,9.44255966476809,0.26366248861998,0.307692307692308,-0.0440298190723282
1404,300,404,2453,2.15642007758415,77,9.10448287785437,0.23685256005362,0.25752508361204,-0.0206725235584205
1405,300,405,2454,2.24403632642443,76,8.18769289436481,0.274074315607133,0.254180602006689,0.0198937136004445
1406,300,406,2455,2.23270078669526,72,9.25107877180077,0.241344911417359,0.240802675585284,0.000542235832074273
1407,300,407,2456,1.97364446916525,68,9.83373245892592,0.200701460753471,0.22742474916388,-0.026723288410409
1408,300,408,2457,2.21473327235188,84,8.66056115407551,0.255726301442912,0.280936454849498,-0.0252101534065868
1409,300,409,2458,2.33244589247502,87,8.91287230708651,0.261694077073283,0.290969899665552,-0.0292758225922692
1410,300,410,2459,1.79534772912956,59,8.26692170634672,0.217172460669517,0.197324414715719,0.019848045953798
1411,300,411,2460,2.18933947618603,79,7.638649763457,0.286613412577147,0.264214046822742,0.0223993657544044
1412,300,412,2461,1.87149879191676,65,8.86221621314586,0.211177288717087,0.217391304347826,-0.00621401563073862
1413,300,413,2462,1.85550952065481,71,9.29721814960566,0.199576850924329,0.237458193979933,-0.0378813430556043
1414,300,414,2463,2.02169376788907,80,8.62829501818076,0.234309763821142,0.267558528428094,-0.0332487646069521
1415,300,415,2464,2.2381426476778,70,8.91187510665967,0.251141608347415,0.234113712374582,0.0170278959728335
1416,300,416,2465,1.87490121933017,74,8.05583454313972,0.232738297849826,0.247491638795987,-0.014753340946161
1417,300,417,2466,1.77203867326548,60,9.24114566817476,0.19175530144148,0.20066889632107,-0.00891359487959034
1418,300,418,2467,1.88176933763688,58,9.06979336208626,0.207476539157231,0.193979933110368,0.0134966060468629
1419,300,419,2468,1.87468086271919,61,8.95035451390555,0.209453252360744,0.204013377926421,0.00543987443432292
1420,300,420,2469,1.80009381303281,82,8.12403218511869,0.221576400981049,0.274247491638796,-0.0526710906577467
1421,300,421,2470,1.53651876262704,65,8.03363186753222,0.191260788142017,0.217391304347826,-0.0261305162058088
1422,300,422,2471,1.84868901799263,63,8.51460120428926,0.217119859596166,0.210702341137124,0.00641751845904209
1423,300,423,2472,2.17555593124196,81,9.21805900316738,0.236010198079056,0.270903010033445,-0.0348928119543888
1424,300,424,2473,1.80929550756876,86,8.23379890926034,0.21974006500619,0.287625418060201,-0.0678853530540106
1425,300,425,2474,1.81762078042108,71,8.97318618485277,0.202561358137127,0.237458193979933,-0.0348968358428061
1426,300,426,2475,1.65547568177717,54,8.65864060511717,0.191193486053549,0.180602006688963,0.0105914793645861
1427,300,427,2476,2.30225301923733,80,9.06563164683073,0.253953955877104,0.267558528428094,-0.0136045725509897
1428,300,428,2477,1.92970674164323,77,8.6204398933625,0.223852467567119,0.25752508361204,-0.0336726160449207
1429,300,429,2478,1.79433144984122,55,9.06295856639264,0.197985176330274,0.183946488294314,0.01403868803596
1430,300,430,2479,2.05256795234976,71,8.33440450958235,0.246276497617778,0.237458193979933,0.00881830363784522
1431,300,431,2480,1.95580574519053,60,8.44645127690364,0.231553546107413,0.20066889632107,0.0308846497863429
1432,300,432,2481,2.56623267330122,79,9.79433884599588,0.262011832922275,0.264214046822742,-0.00220221390046754
1433,300,433,2482,2.00246932115048,75,8.96458691671545,0.223375526363256,0.250836120401338,-0.0274605940380813
1434,300,434,2483,1.83171859348228,71,8.80957726978221,0.207923551538082,0.237458193979933,-0.0295346424418512
1435,300,435,2484,1.96917964677873,67,8.04447046046157,0.24478673350312,0.224080267558528,0.0207064659445919
1436,300,436,2485,2.02163645551445,87,8.06125783436569,0.250784244475605,0.290969899665552,-0.0401856551899465
1437,300,437,2486,1.79088966439911,63,8.71114489201384,0.205586026475229,0.210702341137124,-0.00511631466189508
1438,300,438,2487,2.20367627149325,75,9.20881928733009,0.239300631572298,0.250836120401338,-0.0115354888290398
1439,300,439,2488,2.2818826505861,84,8.74048174826576,0.261070581268459,0.280936454849498,-0.0198658735810394
1440,300,440,2489,1.89505320549181,72,8.5969956651452,0.220432029897947,0.240802675585284,-0.0203706456873376
1441,300,441,2490,1.76967474988222,72,8.60181906036192,0.205732617422408,0.240802675585284,-0.0350700581628761
1442,300,442,2491,1.89441504804736,65,8.43141078915039,0.224685416880068,0.217391304347826,0.00729411253224149
1443,300,443,2492,1.97722710450111,66,9.27822271355424,0.213104078824563,0.220735785953177,-0.00763170712861408
1444,300,444,2493,2.20391935128487,89,8.13762292417778,0.270830852181266,0.297658862876254,-0.0268280106949885
1445,300,445,2494,1.8946420787351,82,8.71950854634172,0.217287713942318,0.274247491638796,-0.0569597776964776
1446,300,446,2495,1.94976208177358,68,8.47020647099618,0.230190620317225,0.22742474916388,0.00276587115334517
1447,300,447,2496,2.3418876192936,70,8.68489463977419,0.26965066548631,0.234113712374582,0.0355369531117281
1448,300,448,2497,1.8588427133189,78,8.85020028372219,0.210033971404895,0.260869565217391,-0.0508355938124964
1449,300,449,2498,1.97502159160704,67,8.78542356252246,0.224806644500584,0.224080267558528,0.00072637694205599
1450,300,450,2499,2.05565756894746,66,9.02510964722875,0.227770924597982,0.220735785953177,0.00703513864480432
1451,300,451,2500,2.23274297978551,69,9.87655927184246,0.226064859059869,0.230769230769231,-0.00470437170936186
1452,300,452,2501,2.0760228995827,74,8.40268358820418,0.247066651717918,0.247491638795987,-0.000424987078068928
1453,300,453,2502,2.50956627520594,91,9.07000926131076,0.276688391698871,0.304347826086957,-0.0276594343880855
1454,300,454,2503,2.24016767098823,71,9.24216310945412,0.242385645487763,0.237458193979933,0.00492745150783006
1455,300,455,2504,1.90664574162815,64,8.8717209538206,0.214912726803817,0.214046822742475,0.000865904061342404
1456,300,456,2505,2.23830727893104,71,9.16871409913817,0.2441244491571,0.237458193979933,0.00666625517716646
1457,300,457,2506,2.45001038818691,87,8.32752599261848,0.294206273310777,0.290969899665552,0.00323637364522478
1458,300,458,2507,2.12570454094144,67,9.06455712258914,0.234507269598878,0.224080267558528,0.0104270020403496
1459,300,459,2508,1.58933630461782,66,8.07711321930726,0.196770338791181,0.220735785953177,-0.0239654471619959
1460,300,460,2509,1.94229136804899,71,8.75724475702097,0.221792518302265,0.237458193979933,-0.0156656756776682
1461,300,461,2510,2.56701087490908,87,10.0826598927348,0.254596594769478,0.290969899665552,-0.0363733048960735
1462,300,462,2511,2.09535676152291,65,8.44067309601155,0.248245221404561,0.217391304347826,0.0308539170567345
1463,300,463,2512,1.87925707839002,76,8.47997870401241,0.221611061063257,0.254180602006689,-0.0325695409434316
1464,300,464,2513,2.22698022762439,67,9.38524723059466,0.237285195893906,0.224080267558528,0.0132049283353776
1465,300,465,2514,1.94878998991032,80,8.88885992994579,0.219239588121421,0.267558528428094,-0.0483189403066728
1466,300,466,2515,1.98575573299061,77,8.10583949296074,0.24497841768457,0.25752508361204,-0.0125466659274706
1467,300,467,2516,2.37165877834451,79,9.60950560265385,0.246803412830055,0.264214046822742,-0.0174106339926872
1468,300,468,2517,1.93688716295746,66,8.78081088783039,0.220581810461475,0.220735785953177,-0.000153975491701791
1469,300,469,2518,2.43777670092833,80,9.03496427189682,0.269815865073314,0.267558528428094,0.00225733664522049
1470,300,470,2519,1.96243997186619,66,9.39801984994884,0.208814197373383,0.220735785953177,-0.0119215885797941
1471,300,471,2520,1.94897090571596,80,8.8037820304819,0.221378823211196,0.267558528428094,-0.0461797052168975
1472,300,472,2521,2.31002775434411,79,9.30485768688332,0.248260406776609,0.264214046822742,-0.0159536400461337
1473,300,473,2522,2.09530149590062,63,9.44717269746928,0.221791382776554,0.210702341137124,0.0110890416394306
1474,300,474,2523,2.19760375697868,82,8.56581005888944,0.256555275201094,0.274247491638796,-0.0176922164377019
1475,300,475,2524,1.8348995515897,61,8.73132655140965,0.21015129153467,0.204013377926421,0.00613791360824903
1476,300,476,2525,2.50440450657152,81,9.41877054481658,0.265895054418728,0.270903010033445,-0.00500795561471634
1477,300,477,2526,1.90214262427464,75,8.57205885282253,0.22190032254017,0.250836120401338,-0.0289357978611682
1478,300,478,2527,2.24137523210981,94,7.98180804528998,0.28081046542236,0.31438127090301,-0.0335708054806503
1479,300,479,2528,2.01019608424042,72,8.98464416384145,0.22373686120263,0.240802675585284,-0.017065814382654
1480,300,480,2529,1.86213760387571,63,9.63983394593316,0.193171128706144,0.210702341137124,-0.0175312124309795
1481,300,481,2530,2.00596033721775,78,8.25447268722931,0.243014958462607,0.260869565217391,-0.0178546067547848
1482,300,482,2531,1.89249729222736,76,8.44498756212269,0.224097108291261,0.254180602006689,-0.0300834937154276
1483,300,483,2532,1.82885150847532,70,8.42633184148797,0.217040052881702,0.234113712374582,-0.01707365949288
1484,300,484,2533,1.89103800524795,69,8.50163724538584,0.22243221519176,0.230769230769231,-0.00833701557747052
1485,300,485,2534,1.95131252695675,86,8.22426036950928,0.237262980412326,0.287625418060201,-0.0503624376478745
1486,300,486,2535,1.93804452677609,67,8.4233966511366,0.23007874460175,0.224080267558528,0.00599847704322171
1487,300,487,2536,2.2187805322015,76,8.80982989495834,0.25185282334126,0.254180602006689,-0.00232777866542849
1488,300,488,2537,2.18985820583998,77,8.52818025967744,0.256779071168789,0.25752508361204,-0.000746012443250843
1489,300,489,2538,2.54222083155029,68,9.82706088036494,0.258695948106905,0.22742474916388,0.0312711989430259
1490,300,490,2539,1.84111291669359,83,8.36497472843469,0.220097845655788,0.277591973244147,-0.0574941275883588
1491,300,491,2540,2.19782620533412,66,9.04736323988644,0.242924501543691,0.220735785953177,0.0221887155905136
1492,300,492,2541,1.81948119561977,66,8.82991429456705,0.206058760586077,0.220735785953177,-0.0146770253671004
1493,300,493,2542,2.10027528674012,71,9.43262953421067,0.222660635522974,0.237458193979933,-0.0147975584569592
1494,300,494,2543,2.05032155965358,84,9.0196328353627,0.227317630005405,0.280936454849498,-0.0536188248440931
1495,300,495,2544,1.78045412246175,72,8.43271208991781,0.211136595614413,0.240802675585284,-0.0296660799708709
1496,300,496,2545,2.0667536569629,74,8.71332329973808,0.237194648455777,0.247491638795987,-0.0102969903402099
1497,300,497,2546,2.01970477033934,79,9.00100562938884,0.224386568956793,0.264214046822742,-0.0398274778659491
1498,300,498,2547,1.87678786714338,68,8.92434240589438,0.210299849757422,0.22742474916388,-0.0171248994064575
1499,300,499,2548,1.78124944828658,67,8.7077942439143,0.204558054358193,0.224080267558528,-0.0195222132003359
1500,300,500,2549,2.0275793371893,79,9.04149442634261,0.224252677884963,0.264214046822742,-0.0399613689377794
1501,300,501,2550,1.75834044203045,70,8.74615746116555,0.201041480197193,0.234113712374582,-0.0330722321773888
1502,300,502,2551,1.96063774353101,70,9.28081870344252,0.211256981326847,0.234113712374582,-0.0228567310477351
1503,300,503,2552,1.89563721755959,68,9.17495484947873,0.206609977777416,0.22742474916388,-0.0208147713864641
1504,300,504,2553,2.02568011669287,81,8.8486932509214,0.228924210530401,0.270903010033445,-0.0419787995030435
1505,300,505,2554,1.77685742285773,71,8.31569898878474,0.21367505308383,0.237458193979933,-0.0237831408961033
1506,300,506,2555,2.0515040560967,68,8.68854058312333,0.236116069950982,0.22742474916388,0.00869132078710289
1507,300,507,2556,2.0011126988036,82,8.4115925665341,0.237899385042152,0.274247491638796,-0.0363481065966443
1508,300,508,2557,1.98317341979278,77,7.74949547210037,0.25591000432642,0.25752508361204,-0.00161507928561966
1509,300,509,2558,2.30435577454806,85,8.55848917851624,0.269247962634868,0.28428093645485,-0.0150329738199811
1510,300,510,2559,2.02510024637216,71,8.7148029567923,0.232374760096418,0.237458193979933,-0.00508343388351509
1511,300,511,2560,2.0592661472876,64,8.98960981420469,0.22907180510034,0.214046822742475,0.015024982357865
1512,300,512,2561,2.42044243344281,91,8.84788629656599,0.27356165668429,0.304347826086957,-0.030786169402667
1513,300,513,2562,1.58004695192967,64,7.87723775885393,0.200583884897179,0.214046822742475,-0.0134629378452961
1514,300,514,2563,2.57346244197394,81,9.17287217098285,0.280551434055164,0.270903010033445,0.00964842402171934
1515,300,515,2564,2.41495881777522,80,9.70737944143687,0.248775566294106,0.267558528428094,-0.0187829621339876
1516,300,516,2565,1.88769786040916,65,8.62740094092514,0.218802611972586,0.217391304347826,0.00141130762475974
1517,300,517,2566,1.95451421572303,65,9.01324702316972,0.216849067899581,0.217391304347826,-0.000542236448244804
1518,300,518,2567,1.4951729560414,61,7.75939736864803,0.192691891522745,0.204013377926421,-0.0113214864036766
1519,300,519,2568,1.95342743167903,71,8.62616260435645,0.226453815128931,0.237458193979933,-0.0110043788510024
1520,300,520,2569,2.24768208201153,71,8.97441836864169,0.250454345862163,0.237458193979933,0.0129961518822299
1521,300,521,2570,1.73584220914519,80,8.56083314275452,0.202765569682236,0.267558528428094,-0.0647929587458578
1522,300,522,2571,1.92082685500135,69,9.13712945024364,0.210222134365201,0.230769230769231,-0.0205470964040299
1523,300,523,2572,1.83128052315182,66,8.24138301895815,0.222205486498955,0.220735785953177,0.00146970054577764
1524,300,524,2573,1.97632841711875,79,8.87535697485327,0.222675935482744,0.264214046822742,-0.0415381113399982
1525,300,525,2574,1.7643246154764,68,9.2101447478295,0.191563179926372,0.22742474916388,-0.0358615692375071
1526,300,526,2575,1.83957467301313,73,8.74086746445256,0.210456763072352,0.244147157190635,-0.0336903941182831
1527,300,527,2576,2.21217138786337,71,8.94668161653488,0.247261664456119,0.237458193979933,0.00980347047618568
1528,300,528,2577,2.04605985250044,69,9.03071485717074,0.226566765185349,0.230769230769231,-0.00420246558388215
1529,300,529,2578,1.94973077861697,70,9.10762525051531,0.214076746131672,0.234113712374582,-0.02003696624291
1530,300,530,2579,2.1313598502137,85,8.47060418724086,0.251618397354008,0.28428093645485,-0.0326625391008412
1531,300,531,2580,2.15112870504652,71,8.70233904121566,0.247189714725941,0.237458193979933,0.00973152074600778
1532,300,532,2581,1.79738849816365,66,9.20192568195788,0.195327430397288,0.220735785953177,-0.0254083555558888
1533,300,533,2582,2.16831113577355,67,9.68483775446769,0.223887192614382,0.224080267558528,-0.000193074944146027
1534,300,534,2583,1.87063072161716,70,8.22378592841798,0.227465882246891,0.234113712374582,-0.00664783012769093
1535,300,535,2584,2.07969906714047,74,8.70849898535305,0.238812575007282,0.247491638795987,-0.00867906378870426
1536,300,536,2585,1.87746950157206,66,8.5973708682099,0.21837716789842,0.220735785953177,-0.00235861805475684
1537,300,537,2586,1.88790566338666,60,8.93994101013203,0.211176523563971,0.20066889632107,0.010507627242901
1538,300,538,2587,1.9941144174992,71,9.33259748127607,0.213671962334171,0.237458193979933,-0.0237862316457618
1539,300,539,2588,1.98543064773533,66,8.36248749221822,0.237421060370241,0.220735785953177,0.0166852744170637
1540,300,540,2589,2.01012451234004,61,8.54778092494879,0.235163316653682,0.204013377926421,0.031149938727261
1541,300,541,2590,2.18346196342558,80,8.89766286320551,0.245397246107722,0.267558528428094,-0.0221612823203716
1542,300,542,2591,1.67296084301067,67,8.85784732367393,0.188867653943349,0.224080267558528,-0.0352126136151791
1543,300,543,2592,2.10669692445906,80,8.90762167872751,0.236504984208086,0.267558528428094,-0.0310535442200072
1544,300,544,2593,1.96778153326221,73,9.01033852943451,0.218391520677493,0.244147157190635,-0.0257556365131424
1545,300,545,2594,2.24437014678679,76,9.09969349678496,0.246642389392539,0.254180602006689,-0.00753821261415008
1546,300,546,2595,1.82202842817213,74,8.57250887301808,0.212543195365706,0.247491638795987,-0.0349484434302806
1547,300,547,2596,1.85757389768031,70,9.06809353598154,0.204847236115242,0.234113712374582,-0.0292664762593395
1548,300,548,2597,1.97400111102748,67,8.70142606243308,0.226859493704129,0.224080267558528,0.00277922614560069
1549,300,549,2598,1.86888394015374,75,8.11358149362743,0.230340194601064,0.250836120401338,-0.0204959258002735
1550,300,550,2599,2.73398792035115,91,10.003916759888,0.273291750218618,0.304347826086957,-0.0310560758683386
1551,300,551,2600,1.79044194833271,69,8.03213650421195,0.222909800822462,0.230769230769231,-0.00785942994676886
1552,300,552,2601,2.21239261619856,76,9.35556351229543,0.236478819612624,0.254180602006689,-0.0177017823940651
1553,300,553,2602,1.81747841542085,65,8.18553926665031,0.222035269298097,0.217391304347826,0.00464396495027092
1554,300,554,2603,2.3343272495579,83,8.70048182730206,0.268298617926285,0.277591973244147,-0.00929335531786246
1555,300,555,2604,2.13838279252194,72,9.10823964962713,0.234774542038919,0.240802675585284,-0.00602813354636497
1556,300,556,2605,2.21694390820733,82,8.52427828512864,0.260074088861573,0.274247491638796,-0.0141734027772227
1557,300,557,2606,2.16791129299599,72,9.14929345338397,0.236948492694172,0.240802675585284,-0.00385418289111247
1558,300,558,2607,2.10294116541687,78,8.95555912831101,0.234819639431433,0.260869565217391,-0.0260499257859584
1559,300,559,2608,2.00214801865181,64,8.85555074207151,0.226089610569321,0.214046822742475,0.0120427878268457
1560,300,560,2609,2.10920256788583,81,8.68504352271833,0.242854576648762,0.270903010033445,-0.0280484333846831
1561,300,561,2610,2.18558056889053,81,9.60248649050943,0.227605690573024,0.270903010033445,-0.0432973194604205
1562,300,562,2611,2.07932479051524,70,9.24837187170026,0.224831442697272,0.234113712374582,-0.00928226967730955
1563,300,563,2612,1.83150123190527,68,8.76313412660327,0.209000707446114,0.22742474916388,-0.0184240417177651
1564,300,564,2613,1.92467868011643,72,8.44249109148589,0.227975210072467,0.240802675585284,-0.0128274655128169
1565,300,565,2614,2.21728954408224,78,8.80889311882266,0.251710347051933,0.260869565217391,-0.00915921816545828
1566,300,566,2615,1.65635745114441,59,9.10839562235816,0.181849528700596,0.197324414715719,-0.0154748860151229
1567,300,567,2616,1.86868214432672,66,8.78021082996204,0.21282884665479,0.220735785953177,-0.00790693929838687
1568,300,568,2617,1.99333647812063,74,8.7447505100392,0.227946637909478,0.247491638795987,-0.0195450008865083
1569,300,569,2618,2.35378518392677,80,9.80078035000775,0.240163038030427,0.267558528428094,-0.027395490397667
1570,300,570,2619,2.17076117488201,82,8.97166188156636,0.241957532900584,0.274247491638796,-0.0322899587382121
1571,300,571,2620,2.08672364436215,72,9.25856678340712,0.225383009398593,0.240802675585284,-0.0154196661866911
1572,300,572,2621,2.08006395023202,77,9.0149369134105,0.230735275267178,0.25752508361204,-0.0267898083448619
1573,300,573,2622,1.81352644368845,63,8.27433087554887,0.21917499686259,0.210702341137124,0.00847265572546618
1574,300,574,2623,1.84627725360491,68,8.80366385766141,0.209716918257638,0.22742474916388,-0.0177078309062411
1575,300,575,2624,2.15827464526002,64,9.17390322762573,0.235262416847905,0.214046822742475,0.02121559410543
1576,300,576,2625,1.76379169810975,63,7.93297362918291,0.222336765575687,0.210702341137124,0.0116344244385629
1577,300,577,2626,2.22777498326631,80,8.99253993350794,0.247735901062301,0.267558528428094,-0.019822627365793
1578,300,578,2627,1.80805736169966,76,8.13684712137293,0.222206136446937,0.254180602006689,-0.0319744655597517
1579,300,579,2628,1.84439368214898,67,8.50836346339209,0.216774199889865,0.224080267558528,-0.00730606766866373
1580,300,580,2629,2.19061268069884,71,9.35484521134739,0.234168778981146,0.237458193979933,-0.00328941499878738
1581,300,581,2630,2.06487755915387,66,8.8789843577068,0.232557855264335,0.220735785953177,0.0118220693111575
1582,300,582,2631,2.03987767164776,71,8.85434322690977,0.230381590070762,0.237458193979933,-0.00707660390917086
1583,300,583,2632,1.99890564170478,73,8.9107674152417,0.224324746517981,0.244147157190635,-0.0198224106726546
1584,300,584,2633,2.20355195407137,86,9.37862696359674,0.234954643427496,0.287625418060201,-0.052670774632705
1585,300,585,2634,1.96836424983958,71,8.73533131059592,0.225333668506879,0.237458193979933,-0.0121245254730544
1586,300,586,2635,2.29544349878161,82,9.29920009291154,0.246843112939504,0.274247491638796,-0.0274043786992922
1587,300,587,2636,2.15485385915186,78,8.59616993093874,0.250676042524038,0.260869565217391,-0.0101935226933531
1588,300,588,2637,2.42749061735788,73,9.67285266964816,0.25095912242879,0.244147157190635,0.00681196523815419
1589,300,589,2638,1.50267884925993,58,7.97445803895303,0.188436485830104,0.193979933110368,-0.0055434472802644
1590,300,590,2639,2.43682045451217,77,9.07803121030055,0.268430499748358,0.25752508361204,0.0109054161363183
1591,300,591,2640,1.86718188693658,71,8.71859322604351,0.214160913180245,0.237458193979933,-0.0232972807996881
1592,300,592,2641,2.44245311214248,84,8.97451346155301,0.272154376123675,0.280936454849498,-0.0087820787258237
1593,300,593,2642,2.21754579571597,81,8.233615311336,0.269328321990324,0.270903010033445,-0.00157468804312055
1594,300,594,2643,2.02011114038838,79,8.77619279790955,0.230180806974701,0.264214046822742,-0.0340332398480415
1595,300,595,2644,1.71303527050488,61,8.5385117922766,0.200624571609117,0.204013377926421,-0.00338880631730487
1596,300,596,2645,2.03040388962356,64,9.05333286667353,0.22427142793984,0.214046822742475,0.0102246051973652
1597,300,597,2646,2.03180303918746,72,9.59382447120523,0.211782386188707,0.240802675585284,-0.0290202893965771
1598,300,598,2647,2.42835931480574,88,9.42413956523745,0.25767437950125,0.294314381270903,-0.036640001769653
1599,300,599,2648,1.92386664720177,67,9.23212092736705,0.208388371679448,0.224080267558528,-0.0156918958790805
1600,300,600,2649,2.47731064522366,82,9.08898131745914,0.272561969124632,0.274247491638796,-0.00168552251416371
1601,300,601,2650,2.00905176273605,74,8.97024868078142,0.223968346277891,0.247491638795987,-0.0235232925180954
1602,300,602,2651,2.30402803687771,73,9.66491058365797,0.238391034964514,0.244147157190635,-0.00575612222612165
1603,300,603,2652,1.90928680061581,72,8.85580167717444,0.215597285284396,0.240802675585284,-0.0252053903008883
1604,300,604,2653,2.09659985202653,73,8.55332961121407,0.245120899968326,0.244147157190635,0.000973742777690717
1605,300,605,2654,1.69729170080721,64,8.57679874630303,0.197893380853645,0.214046822742475,-0.0161534418888303
1606,300,606,2655,2.04984965656814,70,8.41320032686526,0.243646837936629,0.234113712374582,0.00953312556204736
1607,300,607,2656,2.11958941694207,91,8.33171008862558,0.254400284502905,0.304347826086957,-0.0499475415840514
1608,300,608,2657,1.94244536438273,72,8.52726233853538,0.227792377819158,0.240802675585284,-0.0130102977661258
1609,300,609,2658,2.12830102324537,73,8.92575935211596,0.238444813408602,0.244147157190635,-0.0057023437820336
1610,300,610,2659,1.9731831596074,65,8.83461217897247,0.223346890574759,0.217391304347826,0.00595558622693318
1611,300,611,2660,2.18058914938648,82,8.50035635750966,0.256529145094021,0.274247491638796,-0.0177183465447752
1612,300,612,2661,2.44493647026296,95,8.42232816383431,0.29029223543694,0.317725752508361,-0.0274335170714208
1613,300,613,2662,2.04259061281829,85,8.61442814646288,0.237112734367282,0.28428093645485,-0.0471682020875676
1614,300,614,2663,1.86638017062691,69,8.24017313255351,0.226497688896076,0.230769230769231,-0.0042715418731544
1615,300,615,2664,2.18179085002002,72,9.80184177623098,0.22258988665893,0.240802675585284,-0.0182127889263544
1616,300,616,2665,1.90227951663932,74,8.73386736722794,0.217804946726949,0.247491638795987,-0.0296866920690373
1617,300,617,2666,1.72218509786123,60,8.87073160509596,0.194142397101936,0.20066889632107,-0.00652649921913445
1618,300,618,2667,2.08219470420562,68,9.52477052488719,0.21860838523774,0.22742474916388,-0.00881636392613913
1619,300,619,2668,2.06355477310662,61,9.12450365691895,0.226155290270705,0.204013377926421,0.0221419123442841
1620,300,620,2669,1.78567539780471,66,8.57086653516049,0.208342457612575,0.220735785953177,-0.0123933283406026
1621,300,621,2670,1.98859715059525,85,8.43349248931767,0.235797583636212,0.28428093645485,-0.0484833528186371
1622,300,622,2671,1.98857519597438,62,9.09189600097517,0.218719527341832,0.207357859531773,0.0113616678100597
1623,300,623,2672,1.84171891455396,61,8.86505653132309,0.207750385803698,0.204013377926421,0.0037370078772761
1624,300,624,2673,1.92750157345903,74,8.52852597801502,0.226006414054172,0.247491638795987,-0.0214852247418143
1625,300,625,2674,1.94891665833685,79,8.73066298846133,0.223226650818224,0.264214046822742,-0.0409873960045187
1626,300,626,2675,1.70126322642734,63,8.48907188520875,0.200406269310971,0.210702341137124,-0.0102960718261526
1627,300,627,2676,1.7464898075801,66,8.76714274327634,0.19920855160246,0.220735785953177,-0.0215272343507172
1628,300,628,2677,2.36129458633691,90,9.19764014447123,0.256728307397012,0.301003344481605,-0.0442750370845936
1629,300,629,2678,1.75343036567479,68,7.97564990245531,0.219847960620111,0.22742474916388,-0.00757678854376889
1630,300,630,2679,1.70783497751591,60,9.15279054376611,0.186591725151965,0.20066889632107,-0.0140771711691052
1631,300,631,2680,2.11646244975318,88,8.51724019502139,0.24849157723535,0.294314381270903,-0.0458228040355532
1632,300,632,2681,1.83966180228623,71,8.56970853230138,0.214670288417872,0.237458193979933,-0.0227879055620615
1633,300,633,2682,2.26972740678,79,9.13013271226715,0.248597416741864,0.264214046822742,-0.0156166300808783
1634,300,634,2683,2.30723281496129,75,9.0800555610281,0.254098975436231,0.250836120401338,0.00326285503489288
1635,300,635,2684,2.19162087209671,69,8.80474331487117,0.248913658663402,0.230769230769231,0.0181444278941714
1636,300,636,2685,2.32941664064239,83,9.38889706637707,0.248103331432224,0.277591973244147,-0.029488641811923
1637,300,637,2686,2.01173115335924,76,8.81143068711488,0.228309252469185,0.254180602006689,-0.0258713495375035
1638,300,638,2687,2.06936067327707,75,9.81682011844842,0.210797452566966,0.250836120401338,-0.0400386678343721
1639,300,639,2688,2.3128309857299,85,9.43487928709918,0.245136256156701,0.28428093645485,-0.0391446802981486
1640,300,640,2689,1.90654247744913,73,9.55986917093973,0.199431858674873,0.244147157190635,-0.0447152985157626
1641,300,641,2690,2.21730902202266,86,8.53540059233468,0.259777968009368,0.287625418060201,-0.027847450050833
1642,300,642,2691,1.95230883136977,70,8.8526722750168,0.220533277491746,0.234113712374582,-0.0135804348828357
1643,300,643,2692,2.12365551944027,75,9.33828390015345,0.227413895545131,0.250836120401338,-0.0234222248562072
1644,300,644,2693,2.16138723039843,95,7.98117007498377,0.270810822234336,0.317725752508361,-0.046914930274025
1645,300,645,2694,1.96992960486648,65,9.54123132823116,0.206464924400034,0.217391304347826,-0.0109263799477923
1646,300,646,2695,2.01571305067653,61,9.75657847349319,0.206600403630519,0.204013377926421,0.00258702570409802
1647,300,647,2696,2.37160513925325,81,9.26934341510519,0.255854706536011,0.270903010033445,-0.0150483034974335
1648,300,648,2697,1.86587004397839,70,9.03297710096206,0.206562025246324,0.234113712374582,-0.0275516871282578
1649,300,649,2698,2.30992398422114,80,9.27431262459224,0.249066866486259,0.267558528428094,-0.0184916619418347
1650,300,650,2699,2.15913764529974,75,9.07564869757085,0.237904497766385,0.250836120401338,-0.0129316226349526
1651,300,651,2700,2.07425167219508,82,9.36169878721262,0.221567871317153,0.274247491638796,-0.0526796203216427
1652,300,652,2701,2.46617927465658,78,8.84083458101977,0.278953220089784,0.260869565217391,0.0180836548723923
1653,300,653,2702,1.95029167605602,68,8.72382688017059,0.223559190575992,0.22742474916388,-0.00386555858788726
1654,300,654,2703,1.88803703609212,64,8.42703925218203,0.224045121850269,0.214046822742475,0.00999829910779382
1655,300,655,2704,2.0393980028189,68,8.8906752297007,0.22938617710452,0.22742474916388,0.00196142794064044
1656,300,656,2705,2.75833887965517,83,9.43819846061636,0.292252689023774,0.277591973244147,0.0146607157796267
1657,300,657,2706,1.92067954908825,74,9.38113928329217,0.204738410878195,0.247491638795987,-0.0427532279177916
1658,300,658,2707,1.92888988129795,65,8.879423215785,0.217231438847171,0.217391304347826,-0.000159865500655082
1659,300,659,2708,2.12523730131116,65,9.06295186701363,0.234497251281492,0.217391304347826,0.0171059469336659
1660,300,660,2709,2.50588601427027,87,9.41128065619541,0.266264083052359,0.290969899665552,-0.0247058166131932
1661,300,661,2710,2.17065729066707,71,9.19883315721659,0.235970938223199,0.237458193979933,-0.00148725575673422
1662,300,662,2711,2.17913950646827,71,9.49257173522435,0.229562606135708,0.237458193979933,-0.00789558784422473
1663,300,663,2712,2.13588060192501,71,8.92592033389241,0.239289677929894,0.237458193979933,0.00183148394996066
1664,300,664,2713,1.96042449686994,82,8.8795193990661,0.220780473442754,0.274247491638796,-0.0534670181960416
1665,300,665,2714,1.72432136455731,71,8.78748786084361,0.196224608427712,0.237458193979933,-0.0412335855522214
1666,300,666,2715,1.73462413734927,71,8.27283662283402,0.209677069236626,0.237458193979933,-0.0277811247433069
1667,300,667,2716,1.56040373016962,55,8.45821741858405,0.18448375738618,0.183946488294314,0.000537269091865689
1668,300,668,2717,1.8707490039918,63,9.21436240264678,0.203025333956307,0.210702341137124,-0.00767700718081671
1669,300,669,2718,2.57790854726601,84,9.09549621895535,0.283426927482368,0.280936454849498,0.00249047263287011
1670,300,670,2719,1.85740121167638,64,8.8399684083338,0.210114010127608,0.214046822742475,-0.00393281261486739
1671,300,671,2720,1.71192236689402,64,7.84533779890403,0.218208879053387,0.214046822742475,0.00416205631091213
1672,300,672,2721,2.26132877759855,83,9.12432827283129,0.247835096456569,0.277591973244147,-0.0297568767875777
1673,300,673,2722,2.09134320220019,67,8.92036596230659,0.234445897291351,0.224080267558528,0.0103656297328224
1674,300,674,2723,2.2507408610891,80,8.41842601245147,0.267358869432372,0.267558528428094,-0.00019965899572183
1675,300,675,2724,2.1404574974725,73,8.54592333153992,0.25046532883964,0.244147157190635,0.00631817164900417
1676,300,676,2725,2.2666010296995,83,8.01193986002233,0.282902901082583,0.277591973244147,0.00531092783843617
1677,300,677,2726,1.75764821753865,64,8.75818273734259,0.200686406101633,0.214046822742475,-0.0133604166408418
1678,300,678,2727,2.05200519121038,69,9.61685346921849,0.213375944406184,0.230769230769231,-0.0173932863630466
1679,300,679,2728,1.63674425935267,70,8.46456058784932,0.193364350383666,0.234113712374582,-0.0407493619909156
1680,300,680,2729,2.19214202184198,87,8.71982415777002,0.251397503227014,0.290969899665552,-0.0395723964385383
1681,300,681,2730,2.02683816763539,71,9.08732610751824,0.223040104828914,0.237458193979933,-0.0144180891510194
1682,300,682,2731,1.80104828529411,72,7.98771361157036,0.225477323408948,0.240802675585284,-0.0153253521763361
1683,300,683,2732,1.98344602448947,80,8.65459928769876,0.229178262165026,0.267558528428094,-0.0383802662630681
1684,300,684,2733,1.90509194719017,68,8.23721780801801,0.231278569001268,0.22742474916388,0.00385381983738811
1685,300,685,2734,1.94735784052892,73,8.76526540437014,0.222167584287638,0.244147157190635,-0.0219795729029975
1686,300,686,2735,1.85928529196488,69,8.38387484562432,0.221769208892147,0.230769230769231,-0.0090000218770839
1687,300,687,2736,1.80466524387819,67,8.6236468869153,0.209269380755422,0.224080267558528,-0.0148108868031063
1688,300,688,2737,2.22371400480545,84,9.00027308021647,0.247071837152742,0.280936454849498,-0.0338646176967562
1689,300,689,2738,2.29279785958196,84,8.63420495007744,0.26554823204207,0.280936454849498,-0.0153882228074279
1690,300,690,2739,2.0521731608157,76,9.61366963804918,0.213464081675281,0.254180602006689,-0.0407165203314078
1691,300,691,2740,1.84126407586455,73,8.24710173803754,0.223261957273088,0.244147157190635,-0.0208851999175473
1692,300,692,2741,1.88428110808129,70,8.50152485580947,0.221640369232548,0.234113712374582,-0.0124733431420344
1693,300,693,2742,1.89474499513758,64,8.14341556747497,0.232672025569375,0.214046822742475,0.0186252028269002
1694,300,694,2743,1.91623396430598,82,8.55863715213292,0.223894754532084,0.274247491638796,-0.0503527371067119
1695,300,695,2744,2.08626643371715,80,8.35114537528091,0.249817999803048,0.267558528428094,-0.017740528625046
1696,300,696,2745,2.18943992011464,77,8.89458157231733,0.24615434715095,0.25752508361204,-0.0113707364610903
1697,300,697,2746,1.97231204157621,70,8.94402677223315,0.22051723365803,0.234113712374582,-0.0135964787165525
1698,300,698,2747,2.56661516400005,81,9.65139903194253,0.265931929195499,0.270903010033445,-0.0049710808379459
1699,300,699,2748,1.80050217860427,68,8.33682435939757,0.21596978669398,0.22742474916388,-0.0114549624698992
1700,300,700,2749,2.07857585438445,70,8.59522222383515,0.24182921630815,0.234113712374582,0.00771550393356851
1701,300,701,2750,2.17513409190066,77,9.19991183166151,0.236429884514211,0.25752508361204,-0.0210951990978287
1702,300,702,2751,2.11406628041209,74,9.11746707714635,0.23186991107554,0.247491638795987,-0.0156217277204467
1703,300,703,2752,1.92818469775328,62,8.68901793997365,0.221910543984804,0.207357859531773,0.0145526844530319
1704,300,704,2753,1.9051711592417,76,8.45141831969848,0.225426205066805,0.254180602006689,-0.0287543969398841
1705,300,705,2754,2.32315340500421,81,9.38811669324165,0.247456809593836,0.270903010033445,-0.0234462004396087
1706,300,706,2755,2.22963628489419,86,8.64514526208406,0.257906167831898,0.287625418060201,-0.0297192502283024
1707,300,707,2756,2.18036869960016,74,8.47482849779117,0.257275849318773,0.247491638795987,0.00978421052278622
1708,300,708,2757,2.55545733964449,85,9.20625732995454,0.277578308758518,0.28428093645485,-0.00670262769633173
1709,300,709,2758,1.52834955411969,61,8.40942110568352,0.181742540290527,0.204013377926421,-0.0222708376358949
1710,300,710,2759,1.83260711327829,73,8.37062858267962,0.218933034141581,0.244147157190635,-0.0252141230490542
1711,300,711,2760,1.75845309678059,55,9.18875909342802,0.191370029282656,0.183946488294314,0.00742354098834114
1712,300,712,2761,2.05353647887727,75,9.01398508713556,0.227816715806198,0.250836120401338,-0.0230194045951399
1713,300,713,2762,1.91229000785826,58,9.6504144670759,0.198156256851183,0.193979933110368,0.00417632374081464
1714,300,714,2763,2.1956967496209,74,8.87128795510111,0.247505972158005,0.247491638795987,1.43333620188091e-05
1715,300,715,2764,1.91348538693061,68,8.85262752082425,0.216148864552301,0.22742474916388,-0.0112758846115789
1716,300,716,2765,1.9737268107491,71,9.18436970945707,0.21490062717279,0.237458193979933,-0.0225575668071436
1717,300,717,2766,2.00607468706733,69,9.3069966420058,0.215544795408348,0.230769230769231,-0.0152244353608825
1718,300,718,2767,1.69804886419569,67,8.22248430041755,0.206512873987423,0.224080267558528,-0.0175673935711055
1719,300,719,2768,1.73840422553962,76,8.10261493777892,0.214548542524736,0.254180602006689,-0.039632059481953
1720,300,720,2769,1.86148577816946,74,8.78583393962535,0.211873544499162,0.247491638795987,-0.0356180942968246
1721,300,721,2770,1.85747781835881,75,8.14531080335583,0.228042595697335,0.250836120401338,-0.0227935247040026
1722,300,722,2771,2.56121234160672,94,9.18589781891544,0.278820033936445,0.31438127090301,-0.0355612369665652
1723,300,723,2772,1.82026293833791,73,8.10272388616708,0.224648274322349,0.244147157190635,-0.0194988828682866
1724,300,724,2773,2.38753363449089,81,9.01280755439533,0.26490453946579,0.270903010033445,-0.00599847056765479
1725,300,725,2774,1.9292456218223,68,8.41198780277164,0.229344795434277,0.22742474916388,0.00192004627039769
1726,300,726,2775,2.16501722870592,70,8.97433966852299,0.241245295885066,0.234113712374582,0.00713158351048448
1727,300,727,2776,1.61762864775564,58,8.18726355713177,0.197578670390616,0.193979933110368,0.00359873728024773
1728,300,728,2777,2.03353504158393,79,9.06709693002236,0.224276309967595,0.264214046822742,-0.039937736855147
1729,300,729,2778,1.6776929727646,66,8.15544624896551,0.205714429541781,0.220735785953177,-0.0150213564113962
1730,300,730,2779,2.00993697095499,89,8.51560844805431,0.236029754446287,0.297658862876254,-0.0616291084299671
1731,300,731,2780,1.9076773491329,78,8.52524959751776,0.223767917562008,0.260869565217391,-0.0371016476553834
1732,300,732,2781,1.78839055406457,67,8.08040750228018,0.221324302463695,0.224080267558528,-0.00275596509483325
1733,300,733,2782,1.86084789211129,63,8.58243055792931,0.216820617370688,0.210702341137124,0.00611827623356404
1734,300,734,2783,2.16768128506889,71,9.03939778278534,0.239803727765696,0.237458193979933,0.00234553378576322
1735,300,735,2784,1.93914250094745,76,8.02546810200544,0.241623600804405,0.254180602006689,-0.0125570012022843
1736,300,736,2785,1.6770271048143,55,8.76054405973613,0.191429561152714,0.183946488294314,0.00748307285839953
1737,300,737,2786,2.06557716349386,89,7.94741845620509,0.259905423990997,0.297658862876254,-0.0377534388852575
1738,300,738,2787,2.27981126210623,78,9.52544077304295,0.239339188225086,0.260869565217391,-0.0215303769923056
1739,300,739,2788,1.8660234704,72,8.33782354272913,0.223802226184943,0.240802675585284,-0.0170004494003417
1740,300,740,2789,2.29941415118897,79,9.2415074108725,0.248813753964396,0.264214046822742,-0.0154002928583464
1741,300,741,2790,2.36754565025486,81,8.41220728491228,0.281441668050807,0.270903010033445,0.0105386580173624
1742,300,742,2791,1.9777048097228,75,8.66371540940209,0.228274443038207,0.250836120401338,-0.0225616773631303
1743,300,743,2792,2.05159470366762,66,9.4638764681774,0.216781644452585,0.220735785953177,-0.00395414150059242
1744,300,744,2793,1.91362236872678,69,8.62015036341898,0.221994082243339,0.230769230769231,-0.00877514852589206
1745,300,745,2794,2.0283575866582,73,9.50432156792715,0.213414242369809,0.244147157190635,-0.0307329148208269
1746,300,746,2795,1.97684613681947,71,8.42267166578828,0.234705354222596,0.237458193979933,-0.00275283975733664
1747,300,747,2796,1.8548353894423,66,9.38719858724265,0.197592004920728,0.220735785953177,-0.0231437810324491
1748,300,748,2797,1.95599928918,64,8.97213691219891,0.218008185599636,0.214046822742475,0.00396136285716103
1749,300,749,2798,2.3163175681335,76,9.03606044988795,0.256341530800873,0.254180602006689,0.00216092879418361
1750,300,750,2799,2.02383115435935,75,9.20924654270306,0.219760774670858,0.250836120401338,-0.0310753457304797
1751,300,751,2800,1.79033766229388,61,8.2707314328886,0.216466666439511,0.204013377926421,0.01245328851309
1752,300,752,2801,2.20375909282132,87,8.90607927884169,0.247444360624189,0.290969899665552,-0.0435255390413629
1753,300,753,2802,1.89934766608753,68,9.05160923128857,0.209835358283263,0.22742474916388,-0.0175893908806162
1754,300,754,2803,2.38715495029801,78,9.16639219386277,0.260424701432292,0.260869565217391,-0.000444863785098837
1755,300,755,2804,2.17252908580206,69,9.51990774416714,0.22820904825818,0.230769230769231,-0.00256018251105086
1756,300,756,2805,1.77407815851447,59,8.83507233969308,0.200799505686458,0.197324414715719,0.00347509097073903
1757,300,757,2806,2.23499166219053,72,8.78339105707561,0.254456581480576,0.240802675585284,0.013653905895292
1758,300,758,2807,2.29546623147925,74,9.68911633802394,0.236911824711086,0.247491638795987,-0.0105798140849006
1759,300,759,2808,1.74311353288473,61,8.87940660091633,0.196309687260503,0.204013377926421,-0.00770369066591886
1760,300,760,2809,1.78504755372615,55,8.52243859014746,0.209452674236901,0.183946488294314,0.0255061859425871
1761,300,761,2810,2.2013078688016,78,9.01445125286676,0.244197656302323,0.260869565217391,-0.0166719089150685
1762,300,762,2811,2.05014792533946,71,8.27209921663584,0.247838894535555,0.237458193979933,0.0103807005556222
1763,300,763,2812,1.94064518114575,69,8.84155972031608,0.219491271057815,0.230769230769231,-0.0112779597114161
1764,300,764,2813,2.06241399474712,69,8.89821437894825,0.231778411590809,0.230769230769231,0.00100918082157805
1765,300,765,2814,1.94958744826199,68,8.71163957780427,0.22379110508993,0.22742474916388,-0.00363364407394925
1766,300,766,2815,2.02996886898817,76,9.03341191412034,0.224717846178925,0.254180602006689,-0.0294627558277635
1767,300,767,2816,1.9518426400852,73,8.85597211859955,0.22039846263584,0.244147157190635,-0.0237486945547954
1768,300,768,2817,2.00221648684144,69,9.01288121548002,0.222150546420444,0.230769230769231,-0.00861868434878696
1769,300,769,2818,1.76840737106183,65,8.56631881455089,0.206437258447348,0.217391304347826,-0.0109540459004776
1770,300,770,2819,2.50607927777082,88,8.674005936495,0.288918326332559,0.294314381270903,-0.00539605493834416
1771,300,771,2820,2.0580441175373,67,9.47230826485113,0.21726954613313,0.224080267558528,-0.00681072142539885
1772,300,772,2821,2.11797245182036,86,8.18803149379877,0.258666866807292,0.287625418060201,-0.0289585512529087
1773,300,773,2822,1.83628690406695,73,8.74711532177663,0.209930569852597,0.244147157190635,-0.0342165873380382
1774,300,774,2823,1.78238669045742,68,8.3448741281983,0.213590602215859,0.22742474916388,-0.0138341469480205
1775,300,775,2824,2.04234621876638,67,9.55407702576278,0.213766982750835,0.224080267558528,-0.0103132848076935
1776,300,776,2825,2.3495273531212,83,9.69053532167457,0.24245588867171,0.277591973244147,-0.0351360845724372
1777,300,777,2826,2.12782766955346,86,9.08459251160082,0.234223787895415,0.287625418060201,-0.0534016301647861
1778,300,778,2827,1.75863456999049,66,9.01760289948495,0.195022401140655,0.220735785953177,-0.0257133848125219
1779,300,779,2828,2.05517811466778,72,9.19753354655804,0.223448830522274,0.240802675585284,-0.0173538450630098
1780,300,780,2829,2.79241019959133,101,8.89640239243828,0.313880833668766,0.337792642140468,-0.0239118084717027
1781,300,781,2830,2.19093955717974,77,9.22682884094863,0.237453148307722,0.25752508361204,-0.0200719353043179
1782,300,782,2831,2.11568725590091,75,9.20652596918554,0.229802996589828,0.250836120401338,-0.0210331238115098
1783,300,783,2832,1.83295711555005,62,8.30579186152072,0.220684210019977,0.207357859531773,0.0133263504882045
1784,300,784,2833,2.28969881619653,77,9.09599057742123,0.251726164039813,0.25752508361204,-0.00579891957222711
1785,300,785,2834,1.99594852407356,70,8.30430277114335,0.240351126287121,0.234113712374582,0.00623741391253871
1786,300,786,2835,1.85438883837158,60,8.15599527309485,0.227365119311542,0.20066889632107,0.0266962229904714
1787,300,787,2836,2.02058251762129,74,8.82186180899864,0.229042639906263,0.247491638795987,-0.0184489988897234
1788,300,788,2837,2.40327380158865,88,8.61648890492168,0.278915672973932,0.294314381270903,-0.0153987082969708
1789,300,789,2838,2.01796875633324,74,8.46076702320215,0.238508961516056,0.247491638795987,-0.0089826772799308
1790,300,790,2839,1.92605533110712,68,8.91416075423999,0.216066928139141,0.22742474916388,-0.0113578210247388
1791,300,791,2840,1.69912581169968,69,7.95880340678288,0.213490109612659,0.230769230769231,-0.0172791211565713
1792,300,792,2841,2.14499174389585,80,9.22014144978625,0.232641956262567,0.267558528428094,-0.0349165721655271
1793,300,793,2842,1.94366295617535,64,9.12550398327624,0.212992395788483,0.214046822742475,-0.0010544269539923
1794,300,794,2843,1.73863302497556,64,8.27597011636081,0.21008208107693,0.214046822742475,-0.00396474166554542
1795,300,795,2844,2.29059918065045,76,9.0481478713158,0.25315669164869,0.254180602006689,-0.00102391035799876
1796,300,796,2845,1.67997564191137,65,8.78676452263549,0.191193884573054,0.217391304347826,-0.0261974197747722
1797,300,797,2846,1.97367643671345,75,8.66029007390775,0.227899576096171,0.250836120401338,-0.022936544305167
1798,300,798,2847,1.93618418078964,65,9.39780665081463,0.20602511338343,0.217391304347826,-0.0113661909643963
1799,300,799,2848,1.70571875462518,67,8.18267618379566,0.208454876657963,0.224080267558528,-0.0156253909005654
1800,300,800,2849,2.03073582364909,77,8.29318690225194,0.244867967837269,0.25752508361204,-0.0126571157747715
1801,300,801,2850,2.02750761216932,69,8.27122992754454,0.245127705302617,0.230769230769231,0.0143584745333859
1802,300,802,2851,1.99881251908929,72,9.16087614534564,0.2181901040224,0.240802675585284,-0.0226125715628841
1803,300,803,2852,2.05218938344924,65,9.2188168651687,0.222608759178523,0.217391304347826,0.00521745483069658
1804,300,804,2853,1.94471831440745,64,9.01902129465936,0.215624096104421,0.214046822742475,0.00157727336194607
1805,300,805,2854,2.11468423672371,69,9.04529874050893,0.233788213898696,0.230769230769231,0.00301898312946494
1806,300,806,2855,1.71519868974256,54,9.51707277819995,0.180223344899856,0.180602006688963,-0.00037866178910706
1807,300,807,2856,2.14933213158037,73,8.59713147299536,0.250005730205672,0.244147157190635,0.00585857301503651
1808,300,808,2857,2.37633397018459,73,9.45123795710728,0.251430974542081,0.244147157190635,0.00728381735144568
1809,300,809,2858,1.67403860712158,59,8.99059047658766,0.18619896117846,0.197324414715719,-0.0111254535372593
1810,300,810,2859,2.12632825133043,71,8.54559627771911,0.248821519555563,0.237458193979933,0.01136332557563
1811,300,811,2860,1.87277546626463,69,9.63901921083996,0.194291081416097,0.230769230769231,-0.0364781493531341
1812,300,812,2861,1.85955962185365,53,9.36863098164529,0.198487871440004,0.177257525083612,0.021230346356392
1813,300,813,2862,3.02314996522569,93,8.72812502732275,0.346368774022134,0.311036789297659,0.0353319847244752
1814,300,814,2863,2.29251963459218,77,8.73789055295533,0.262365341005193,0.25752508361204,0.00484025739315258
1815,300,815,2864,2.04158160456271,77,9.11033183829761,0.224095196618459,0.25752508361204,-0.0334298869935812
1816,300,816,2865,2.14635915512051,80,8.54185962215717,0.251275395530144,0.267558528428094,-0.0162831328979495
1817,300,817,2866,1.89775599935477,71,8.42095730022997,0.225361076145457,0.237458193979933,-0.0120971178344758
1818,300,818,2867,2.41321559444489,86,9.53568640359512,0.253072038268275,0.287625418060201,-0.0345533797919255
1819,300,819,2868,1.52968057409796,55,8.72292958573988,0.175363168882925,0.183946488294314,-0.0085833194113896
1820,300,820,2869,1.66765961209043,63,8.67472410018936,0.192243533376932,0.210702341137124,-0.018458807760192
1821,300,821,2870,1.99011503453298,60,8.81498028453501,0.225765114645172,0.20066889632107,0.0250962183241021
1822,300,822,2871,2.0290381305784,76,7.96050135378774,0.254888233843833,0.254180602006689,0.000707631837144229
1823,300,823,2872,1.92056594704867,72,9.00491149183207,0.213279824992253,0.240802675585284,-0.0275228505930313
1824,300,824,2873,1.79529733179114,64,9.08797048948484,0.197546562664169,0.214046822742475,-0.0165002600783057
1825,300,825,2874,1.91807400161663,69,9.02143502492428,0.212612959725077,0.230769230769231,-0.0181562710441537
1826,300,826,2875,2.07190879823647,81,8.76809960715036,0.236300782503296,0.270903010033445,-0.0346022275301491
1827,300,827,2876,1.78015670295837,65,8.57496086016895,0.207599396893724,0.217391304347826,-0.00979190745410163
1828,300,828,2877,2.10320433566716,81,8.83305944115813,0.238105986909491,0.270903010033445,-0.0327970231239536
1829,300,829,2878,2.31080425328954,88,8.93856218217114,0.258520800794861,0.294314381270903,-0.0357935804760422
1830,300,830,2879,1.78096250173864,72,8.50005266781099,0.209523701951048,0.240802675585284,-0.031278973634236
1831,300,831,2880,1.86613128103007,79,8.38862666648065,0.222459689198803,0.264214046822742,-0.0417543576239396
1832,300,832,2881,1.84295526364332,65,9.42928101257037,0.19545024283256,0.217391304347826,-0.0219410615152663
1833,300,833,2882,2.05324497098271,83,9.03127006588959,0.227348418993432,0.277591973244147,-0.0502435542507152
1834,300,834,2883,1.82561792053779,60,9.34083053478082,0.195444924703435,0.20066889632107,-0.00522397161763477
1835,300,835,2884,2.06333507170384,72,8.95294455716618,0.230464408500362,0.240802675585284,-0.0103382670849226
1836,300,836,2885,2.07310199642425,66,8.94900628539687,0.23165722878161,0.220735785953177,0.0109214428284324
1837,300,837,2886,2.15091359024853,76,8.52633927910164,0.252266948316318,0.254180602006689,-0.00191365369037066
1838,300,838,2887,1.9489674997041,71,8.63631208188385,0.22567126815535,0.237458193979933,-0.0117869258245836
1839,300,839,2888,2.08302995399358,78,9.05576849569568,0.230022438734346,0.260869565217391,-0.0308471264830454
1840,300,840,2889,1.91380163296842,77,8.60695146258777,0.222355341643,0.25752508361204,-0.03516974196904
1841,300,841,2890,2.04317513297382,87,8.46000525988251,0.241509912843978,0.290969899665552,-0.0494599868215733
1842,300,842,2891,1.73780674572853,68,8.95577210491964,0.194043207595011,0.22742474916388,-0.0333815415688687
1843,300,843,2892,2.29559503203148,79,9.16049909317641,0.250597157281687,0.264214046822742,-0.0136168895410559
1844,300,844,2893,1.9580241987103,75,8.48967458879729,0.230635954091108,0.250836120401338,-0.0202001663102301
1845,300,845,2894,1.96400153861904,78,8.30016152143766,0.236622086636076,0.260869565217391,-0.0242474785813157
1846,300,846,2895,1.84342406549058,70,8.33678218389158,0.221119374937307,0.234113712374582,-0.0129943374372753
1847,300,847,2896,1.95579833063945,67,8.87928073579202,0.220265400862449,0.224080267558528,-0.00381486669607936
1848,300,848,2897,2.29569418963947,87,9.50442758643328,0.241539447669249,0.290969899665552,-0.0494304519963026
1849,300,849,2898,2.22244073665551,77,9.2890775641264,0.239253114349952,0.25752508361204,-0.0182719692620877
1850,300,850,2899,1.65717284704726,64,8.63167247955794,0.191987456772935,0.214046822742475,-0.0220593659695403
1851,300,851,2900,2.00486023058081,63,9.29216832645723,0.215758062073891,0.210702341137124,0.00505572093676768
1852,300,852,2901,1.770551795808,71,8.32521849180682,0.212673312724521,0.237458193979933,-0.0247848812554123
1853,300,853,2902,2.25167306083678,78,8.77184974188515,0.256693072395569,0.260869565217391,-0.00417649282182259
1854,300,854,2903,2.65882460319996,87,8.94114526437258,0.297369579017408,0.290969899665552,0.00639967935185576
1855,300,855,2904,1.91355125862817,75,8.89694867741121,0.215079498377523,0.250836120401338,-0.0357566220238149
1856,300,856,2905,1.8636873512878,65,9.78636227077655,0.19043719205583,0.217391304347826,-0.0269541122919964
1857,300,857,2906,1.72394156502487,57,8.9705701495025,0.192177479947635,0.190635451505017,0.00154202844261875
1858,300,858,2907,1.83291172942318,61,8.71934601158933,0.21021206487126,0.204013377926421,0.0061986869448388
1859,300,859,2908,1.90680933923582,64,9.72143760912848,0.196144790092087,0.214046822742475,-0.0179020326503881
1860,300,860,2909,1.70111422187717,68,8.99286633572403,0.189162627172553,0.22742474916388,-0.0382621219913263
1861,300,861,2910,1.92494855739955,73,9.30073673293687,0.206967320189022,0.244147157190635,-0.0371798370016132
1862,300,862,2911,1.99262681218518,69,8.67981313898636,0.229570243077593,0.230769230769231,-0.00119898769163815
1863,300,863,2912,2.018903085346,72,8.77160450162457,0.230163487760088,0.240802675585284,-0.0106391878251967
1864,300,864,2913,2.1539602553498,68,9.48650359490898,0.227055229969632,0.22742474916388,-0.000369519194247298
1865,300,865,2914,2.01098101530256,71,9.03160076694528,0.222660530197763,0.237458193979933,-0.0147976637821705
1866,300,866,2915,1.74072171835087,60,9.152078232783,0.190199610850742,0.20066889632107,-0.0104692854703284
1867,300,867,2916,2.26345130048488,85,8.56458426442966,0.264280346903168,0.28428093645485,-0.0200005895516818
1868,300,868,2917,2.08371363563217,81,8.16208988995312,0.255291679426008,0.270903010033445,-0.0156113306074369
1869,300,869,2918,2.48574809760962,72,8.92648839284579,0.278468753692868,0.240802675585284,0.0376660781075834
1870,300,870,2919,2.14819003582292,80,9.04061530078568,0.237615468013138,0.267558528428094,-0.029943060414956
1871,300,871,2920,1.94050773601704,67,8.93956796216274,0.217069521058552,0.224080267558528,-0.00701074649997604
1872,300,872,2921,2.0629109204134,72,9.50536939540243,0.21702585503002,0.240802675585284,-0.0237768205552644
1873,300,873,2922,1.84313711914801,67,8.89684380416582,0.207167525891035,0.224080267558528,-0.0169127416674937
1874,300,874,2923,2.15044478018188,78,8.79358769247777,0.244546919344583,0.260869565217391,-0.0163226458728085
1875,300,875,2924,2.35371795061225,86,8.76713490865546,0.268470597878962,0.287625418060201,-0.0191548201812384
1876,300,876,2925,1.77906082590661,72,8.70065371047765,0.204474386075634,0.240802675585284,-0.0363282895096499
1877,300,877,2926,1.91388552226501,77,8.50104717183128,0.225135266700647,0.25752508361204,-0.0323898169113935
1878,300,878,2927,2.11906283313557,79,8.58096687015804,0.246949191763579,0.264214046822742,-0.0172648550591639
1879,300,879,2928,2.29653917429961,70,9.62723752243313,0.238546017894363,0.234113712374582,0.00443230551978069
1880,300,880,2929,1.58367127121619,64,8.4473158226936,0.187476271096871,0.214046822742475,-0.0265705516456041
1881,300,881,2930,2.04337002642652,76,8.38558373647272,0.243676539480367,0.254180602006689,-0.0105040625263222
1882,300,882,2931,1.83640107382863,69,8.60963877421856,0.213295949108539,0.230769230769231,-0.0174732816606917
1883,300,883,2932,1.89437091651033,77,8.13084547166931,0.232985723700072,0.25752508361204,-0.0245393599119682
1884,300,884,2933,2.47506068521511,81,9.13444660570773,0.270959018323951,0.270903010033445,5.60082905062265e-05
1885,300,885,2934,1.90273544342624,76,8.45621562635951,0.225010279716032,0.254180602006689,-0.0291703222906566
1886,300,886,2935,2.21703857000222,78,9.06324653075403,0.244618588105179,0.260869565217391,-0.016250977112212
1887,300,887,2936,2.09692071501371,74,8.70353683031456,0.240927424780935,0.247491638795987,-0.00656421401505153
1888,300,888,2937,2.29052288345009,83,9.24402659825465,0.247784107834843,0.277591973244147,-0.0298078654093041
1889,300,889,2938,1.82201523995372,64,8.61155124042934,0.211578052441906,0.214046822742475,-0.00246877030056919
1890,300,890,2939,2.24418918948904,74,9.92465249437359,0.226122697067862,0.247491638795987,-0.0213689417281241
1891,300,891,2940,2.17829682943669,83,8.81111205426343,0.247221555692585,0.277591973244147,-0.0303704175515626
1892,300,892,2941,2.11055537135447,80,8.74370755979626,0.241379913145637,0.267558528428094,-0.0261786152824564
1893,300,893,2942,1.9062866967533,66,8.52438224519058,0.223627547653534,0.220735785953177,0.00289176170035679
1894,300,894,2943,1.87879494957922,80,8.42933451863602,0.222887695988988,0.267558528428094,-0.044670832439106
1895,300,895,2944,1.99662162455412,75,8.74616543006017,0.228285371517422,0.250836120401338,-0.0225507488839154
1896,300,896,2945,2.50433703025743,85,8.78921362965689,0.284933002630316,0.28428093645485,0.00065206617546637
1897,300,897,2946,1.9396900578411,65,8.84303004184522,0.219346767868309,0.217391304347826,0.00195546352048256
1898,300,898,2947,1.99006614290984,80,8.40807302943182,0.236685163882826,0.267558528428094,-0.0308733645452675
1899,300,899,2948,1.91463225575799,77,9.01215856889068,0.212449907657768,0.25752508361204,-0.0450751759542718
1900,300,900,2949,1.82111308030644,71,9.14594041152225,0.199117094400939,0.237458193979933,-0.0383410995789941
1901,300,901,2950,2.00192613869345,71,8.59478818402122,0.23292326649949,0.237458193979933,-0.00453492748044262
1902,300,902,2951,1.9310890192628,74,8.38999595957832,0.230165667369387,0.247491638795987,-0.0173259714265996
1903,300,903,2952,1.7844939286451,64,8.09759083511784,0.220373437603943,0.214046822742475,0.00632661486146821
1904,300,904,2953,2.05497714701384,72,9.15478537122054,0.224470270321571,0.240802675585284,-0.016332405263713
1905,300,905,2954,2.20168526060764,87,8.76551566612207,0.251175782973837,0.290969899665552,-0.0397941166917151
1906,300,906,2955,1.98135360151917,68,9.1897225097097,0.215605378663578,0.22742474916388,-0.0118193705003012
1907,300,907,2956,1.60886191397253,60,8.34929732386568,0.192694289299502,0.20066889632107,-0.00797460702156796
1908,300,908,2957,2.019603925893,81,8.42229672143637,0.239792540288057,0.270903010033445,-0.0311104697453876
1909,300,909,2958,2.06794964810128,64,9.34947068328135,0.221183606875111,0.214046822742475,0.00713678413263605
1910,300,910,2959,1.933558705653,70,8.49101367595192,0.227718241831265,0.234113712374582,-0.00639547054331666
1911,300,911,2960,1.79631465398233,74,8.75475693758354,0.205181556357194,0.247491638795987,-0.0423100824387931
1912,300,912,2961,2.4174486736098,86,9.45102865186011,0.255786831535423,0.287625418060201,-0.0318385865247779
1913,300,913,2962,1.9694550590519,62,9.06286207121572,0.217310496791849,0.207357859531773,0.00995263726007689
1914,300,914,2963,2.43323473023754,92,9.000062252609,0.270357544419449,0.307692307692308,-0.0373347632728592
1915,300,915,2964,1.81753631635477,57,9.42424014638328,0.192857597867164,0.190635451505017,0.00222214636214701
1916,300,916,2965,1.78578705569539,61,8.73547760698949,0.204429240854162,0.204013377926421,0.000415862927740124
1917,300,917,2966,2.16851949345452,88,9.12814032302696,0.237564215351088,0.294314381270903,-0.0567501659198155
1918,300,918,2967,1.92821542551103,58,9.46781477531366,0.203660028345575,0.193979933110368,0.00968009523520663
1919,300,919,2968,2.37072532025189,74,7.58519140688056,0.312546538786272,0.247491638795987,0.0650548999902855
1920,300,920,2969,1.77299014462981,60,9.56104725881156,0.185438906077554,0.20066889632107,-0.015229990243516
1921,300,921,2970,2.25301625116078,86,8.95893689744084,0.251482544966286,0.287625418060201,-0.036142873093915
1922,300,922,2971,2.29537015103827,73,8.99218057648653,0.255262906645846,0.244147157190635,0.0111157494552107
1923,300,923,2972,2.07486627892537,73,8.79422747074215,0.235935025086436,0.244147157190635,-0.00821213210419963
1924,300,924,2973,2.26502889536077,75,9.82822317102886,0.230461687320808,0.250836120401338,-0.0203744330805296
1925,300,925,2974,2.50385671827237,81,9.02958157838636,0.277294877568383,0.270903010033445,0.00639186753493792
1926,300,926,2975,2.49935555434701,79,9.87503579404665,0.253098379233601,0.264214046822742,-0.0111156675891411
1927,300,927,2976,1.83594571552962,58,9.31860224556186,0.197019431364186,0.193979933110368,0.00303949825381797
1928,300,928,2977,2.22347761485929,74,8.94761297527272,0.248499529539779,0.247491638795987,0.00100789074379201
1929,300,929,2978,2.09192157289028,67,9.63766731871267,0.217056835820486,0.224080267558528,-0.00702343173804246
1930,300,930,2979,2.0017655884026,67,9.21783774877572,0.217162163509383,0.224080267558528,-0.00691810404914533
1931,300,931,2980,2.00840276043173,77,8.60703685459659,0.233344273338291,0.25752508361204,-0.0241808102737494
1932,300,932,2981,1.8490916688067,56,9.09457622170688,0.203318068234263,0.187290969899666,0.0160270983345971
1933,300,933,2982,2.09631585088503,72,9.58017466236599,0.218818124383476,0.240802675585284,-0.0219845512018079
1934,300,934,2983,1.82372527520796,74,8.34710880346386,0.218485863566455,0.247491638795987,-0.0290057752295315
1935,300,935,2984,1.63867555689501,64,8.14904605159214,0.201088022637307,0.214046822742475,-0.0129588001051684
1936,300,936,2985,2.53006360539259,96,9.40342651687995,0.269057624989243,0.321070234113712,-0.0520126091244696
1937,300,937,2986,2.01728484730384,64,9.06594294389753,0.222512413743097,0.214046822742475,0.00846559100062216
1938,300,938,2987,1.97977114035071,81,7.9200848532889,0.249968425468143,0.270903010033445,-0.0209345845653019
1939,300,939,2988,2.20437536592442,77,8.67000506153565,0.254253065630158,0.25752508361204,-0.00327201798188259
1940,300,940,2989,2.6974149377574,93,8.52903040165397,0.316262788468231,0.311036789297659,0.00522599917057215
1941,300,941,2990,1.89659697215038,65,9.06706095048411,0.20917439316972,0.217391304347826,-0.00821691117810641
1942,300,942,2991,2.01978890506782,72,8.58543779400941,0.235257531826408,0.240802675585284,-0.00554514375887616
1943,300,943,2992,2.10650071381488,79,8.42229063270736,0.250110190407635,0.264214046822742,-0.0141038564151071
1944,300,944,2993,2.03108449384419,70,9.21434011112565,0.220426473230763,0.234113712374582,-0.0136872391438185
1945,300,945,2994,2.02038244132074,74,8.9529984238241,0.225665452586752,0.247491638795987,-0.0218261862092348
1946,300,946,2995,1.80112242804787,59,9.26376179607072,0.194426677595685,0.197324414715719,-0.00289773712003361
1947,300,947,2996,2.30648351969811,75,9.30745421723975,0.247810353493432,0.250836120401338,-0.00302576690790615
1948,300,948,2997,2.20198479582669,84,9.1568688176804,0.240473554843881,0.280936454849498,-0.0404629000056174
1949,300,949,2998,1.97325576233263,69,9.57391394868749,0.206107530620029,0.230769230769231,-0.0246617001492015
1950,300,950,2999,2.12159286224168,74,9.08230348176133,0.233596341115683,0.247491638795987,-0.0138952976803035
1951,300,951,3000,2.1383465393439,84,8.46314422185269,0.25266573312345,0.280936454849498,-0.0282707217260486
1952,300,952,3001,2.52675858036255,76,9.79808237110967,0.257882969815897,0.254180602006689,0.00370236780920818
1953,300,953,3002,2.29137986525821,76,9.24582679494487,0.2478285518512,0.254180602006689,-0.00635205015548862
1954,300,954,3003,1.92280123964398,67,8.20844499512007,0.234246710648251,0.224080267558528,0.0101664430897225
1955,300,955,3004,2.41811466339669,91,8.73448973146714,0.276846700578869,0.304347826086957,-0.0275011255080878
1956,300,956,3005,2.18077067048986,87,8.94114762740274,0.243902769685433,0.290969899665552,-0.0470671299801192
1957,300,957,3006,2.21251813892996,74,8.92789525079167,0.24782079950297,0.247491638795987,0.00032916070698305
1958,300,958,3007,1.75606707474948,71,8.67569052127047,0.202412369418212,0.237458193979933,-0.0350458245617214
1959,300,959,3008,1.8365188684139,64,9.00687096854586,0.203901984921008,0.214046822742475,-0.0101448378214669
1960,300,960,3009,2.10735928686038,75,7.85061184739359,0.268432490081652,0.250836120401338,0.0175963696803141
1961,300,961,3010,1.98473228234067,79,8.65981395035898,0.229188790165451,0.264214046822742,-0.0350252566572911
1962,300,962,3011,2.46558392766441,70,9.36460451896356,0.263287565713164,0.234113712374582,0.0291738533385816
1963,300,963,3012,1.98564391754539,67,9.21311683744886,0.21552357932489,0.224080267558528,-0.00855668823363823
1964,300,964,3013,1.91522597353592,72,8.62588631889886,0.22203236893347,0.240802675585284,-0.0187703066518145
1965,300,965,3014,2.33642116386662,85,9.4726442421799,0.246649309752706,0.28428093645485,-0.0376316267021431
1966,300,966,3015,2.07873662335477,73,9.5856475702089,0.216859279264058,0.244147157190635,-0.0272878779265776
1967,300,967,3016,2.13923132825447,85,8.65116809176635,0.247276588035604,0.28428093645485,-0.0370043484192459
1968,300,968,3017,1.92450981479894,63,9.02607643682382,0.213216653799595,0.210702341137124,0.00251431266247112
1969,300,969,3018,1.62958654971045,58,9.21018602349259,0.17693307665598,0.193979933110368,-0.0170468564543881
1970,300,970,3019,2.27052401879705,73,9.60131240362093,0.236480589668218,0.244147157190635,-0.00766656752241782
1971,300,971,3020,2.09760217148905,73,9.12403344886802,0.229898562214203,0.244147157190635,-0.0142485949764329
1972,300,972,3021,1.83887088990425,82,7.99738966702733,0.229933886738792,0.274247491638796,-0.0443136049000042
1973,300,973,3022,1.77301660477262,65,8.5501018330741,0.207367893317261,0.217391304347826,-0.0100234110305654
1974,300,974,3023,2.15817419832875,86,9.2282793390115,0.233865287237818,0.287625418060201,-0.0537601308223825
1975,300,975,3024,2.17254507617608,76,8.68639010897498,0.250109084317011,0.254180602006689,-0.00407151768967751
1976,300,976,3025,2.36416084308571,75,9.42285603191088,0.250896419841222,0.250836120401338,6.02994398844481e-05
1977,300,977,3026,2.73745143857535,88,10.0857538702404,0.271417632612733,0.294314381270903,-0.0228967486581696
1978,300,978,3027,2.23853891314514,80,8.413330088672,0.26607049640893,0.267558528428094,-0.00148803201916398
1979,300,979,3028,2.40318991075519,85,8.96909379654295,0.267941217392718,0.28428093645485,-0.0163397190621316
1980,300,980,3029,2.24150466428446,80,9.16701367558444,0.2445185251828,0.267558528428094,-0.023040003245294
1981,300,981,3030,2.02786613864211,70,9.35690855457675,0.21672394539436,0.234113712374582,-0.0173897669802218
1982,300,982,3031,1.87453742550891,64,9.23578507686512,0.202964600183743,0.214046822742475,-0.0110822225587315
1983,300,983,3032,2.23312511477912,78,9.07094252145915,0.24618446313558,0.260869565217391,-0.0146851020818114
1984,300,984,3033,2.15927853853742,65,9.80377606761474,0.220249679679064,0.217391304347826,0.00285837533123742
1985,300,985,3034,1.9182538635099,59,8.78558163093583,0.218341134837941,0.197324414715719,0.0210167201222222
1986,300,986,3035,1.95002487229076,79,8.38289212357394,0.232619583258981,0.264214046822742,-0.0315944635637615
1987,300,987,3036,1.94202779239809,66,8.65114016498242,0.224482294282887,0.220735785953177,0.00374650832971007
1988,300,988,3037,1.87390116076159,75,8.6638145468802,0.216290543919407,0.250836120401338,-0.0345455764819309
1989,300,989,3038,2.11045895406497,77,8.32621973349061,0.253471445820251,0.25752508361204,-0.00405363779178958
1990,300,990,3039,2.04489287550678,81,8.77239332816182,0.233105470652132,0.270903010033445,-0.0377975393813129
1991,300,991,3040,1.95385136192677,74,8.41556125602884,0.232171248296368,0.247491638795987,-0.0153203904996182
1992,300,992,3041,1.8514262060938,62,8.55799959613711,0.216338664812452,0.207357859531773,0.00898080528067929
1993,300,993,3042,1.57899092156668,57,8.41330659107527,0.187677805922543,0.190635451505017,-0.00295764558247363
1994,300,994,3043,2.03154679140523,74,9.05072548530701,0.224462314618121,0.247491638795987,-0.0230293241778656
1995,300,995,3044,1.96189195349563,67,8.98651771315687,0.218315037717367,0.224080267558528,-0.00576522984116148
1996,300,996,3045,1.98380285044575,81,8.51088004583552,0.233090213909952,0.270903010033445,-0.0378127961234926
1997,300,997,3046,1.80235311418462,69,8.66990258504606,0.207886201315957,0.230769230769231,-0.022883029453274
1998,300,998,3047,2.03449979538424,76,8.06003916323669,0.252418102962076,0.254180602006689,-0.00176249904461334
1999,300,999,3048,1.99868779985626,73,9.22239034549661,0.216721232238043,0.244147157190635,-0.0274259249525923
2000,300,1000,3049,2.19482690783533,75,9.58470775736308,0.228992574776132,0.250836120401338,-0.0218435456252062
2001,350,1,3050,2.07927787401567,83,9.82701628174941,0.211587913808312,0.237822349570201,-0.0262344357618884
2002,350,2,3051,2.04942461404349,73,9.88804214025501,0.207262932840883,0.209169054441261,-0.00190612160037795
2003,350,3,3052,1.72126286419299,82,8.04150026950499,0.21404747951329,0.234957020057307,-0.0209095405440163
2004,350,4,3053,1.90378542153895,72,9.67164550591245,0.196841935570854,0.206303724928367,-0.00946178935751321
2005,350,5,3054,1.7990929602955,71,8.90045776207817,0.202134879844138,0.203438395415473,-0.00130351557133435
2006,350,6,3055,2.09632225614604,87,8.65556379423166,0.242193611644696,0.249283667621777,-0.00709005597708012
2007,350,7,3056,2.04942853408203,75,9.07426457137378,0.225850648056624,0.214899713467049,0.010950934589575
2008,350,8,3057,1.69995996676717,84,8.66215416208606,0.196251409863823,0.240687679083095,-0.0444362692192718
2009,350,9,3058,1.84339381484842,71,8.93744796632845,0.206255054216074,0.203438395415473,0.00281665880060131
2010,350,10,3059,2.40232379461981,90,10.4098849551172,0.230773327945273,0.257879656160458,-0.0271063282151855
2011,350,11,3060,2.06111744880314,79,9.57956701733729,0.215157683543827,0.226361031518625,-0.0112033479747975
2012,350,12,3061,1.96345562526937,69,9.86564233938552,0.19901954254219,0.197707736389685,0.00131180615250553
2013,350,13,3062,2.31556112818103,76,10.1618071749275,0.227869028443512,0.217765042979943,0.010103985463569
2014,350,14,3063,1.82527532564942,84,8.14132222833423,0.22419888004149,0.240687679083095,-0.0164887990416043
2015,350,15,3064,2.09037280796235,92,8.74086227246845,0.239149496102519,0.263610315186246,-0.0244608190837272
2016,350,16,3065,1.68088040831228,62,9.17466635923519,0.183208886568427,0.177650429799427,0.0055584567689996
2017,350,17,3066,2.42824542964022,95,10.2722849109555,0.23638805296867,0.272206303724928,-0.0358182507562583
2018,350,18,3067,1.98066367083089,86,9.26093890833486,0.213872879460234,0.246418338108883,-0.032545458648649
2019,350,19,3068,2.08536962267221,87,8.98076796061949,0.232203930868331,0.249283667621777,-0.0170797367534453
2020,350,20,3069,2.18963876369852,78,10.3251319460866,0.212068840876017,0.223495702005731,-0.0114268611297137
2021,350,21,3070,2.26125594912741,81,9.51623430831503,0.23762087774064,0.232091690544413,0.00552918719622711
2022,350,22,3071,2.03164490267069,83,9.65821784511414,0.210354015124897,0.237822349570201,-0.0274683344453041
2023,350,23,3072,1.97773684854276,82,9.19937524434234,0.214985995897828,0.234957020057307,-0.019971024159479
2024,350,24,3073,2.36116525477104,84,8.88025034849177,0.265889492087581,0.240687679083095,0.0252018130044864
2025,350,25,3074,1.96562771089953,76,8.77272331610997,0.224061290898108,0.217765042979943,0.00629624791816535
2026,350,26,3075,2.23045952798085,87,9.37162168813299,0.23800144758353,0.249283667621777,-0.0112822200382469
2027,350,27,3076,2.19449172349808,96,8.69684594541923,0.252331907138582,0.275071633237822,-0.0227397260992406
2028,350,28,3077,2.06199174148858,73,9.37290349313291,0.219994982664582,0.209169054441261,0.0108259282233215
2029,350,29,3078,2.22849080192934,81,8.61730998958777,0.25860631735681,0.232091690544413,0.0265146268123972
2030,350,30,3079,2.22089329637715,96,9.62251457408645,0.230801759693672,0.275071633237822,-0.0442698735441508
2031,350,31,3080,2.08196284097445,89,8.89455281558924,0.234071671071023,0.255014326647564,-0.0209426555765415
2032,350,32,3081,2.42419693880357,92,10.4171327407292,0.232712493844432,0.263610315186246,-0.0308978213418148
2033,350,33,3082,1.99481547855972,89,9.28882472874529,0.214754345873977,0.255014326647564,-0.0402599807735873
2034,350,34,3083,2.02231012132503,79,9.60835640895559,0.210474095178246,0.226361031518625,-0.0158869363403789
2035,350,35,3084,1.77186146904159,65,9.79430353878134,0.180907347013063,0.186246418338109,-0.00533907132504541
2036,350,36,3085,2.09542139988314,75,9.76329289223854,0.214622404859832,0.214899713467049,-0.000277308607216892
2037,350,37,3086,2.34878450882029,89,9.70434484467773,0.242034320339354,0.255014326647564,-0.0129800063082103
2038,350,38,3087,2.28423519903006,91,10.4106969186628,0.219412323389726,0.260744985673352,-0.0413326622836267
2039,350,39,3088,2.09327924381212,87,9.51974962177684,0.219888056616915,0.249283667621777,-0.0293956110048619
2040,350,40,3089,2.13273739652694,79,9.43952136155349,0.225937027401985,0.226361031518625,-0.000424004116639315
2041,350,41,3090,2.22871982816879,64,10.2833970145938,0.216729921543034,0.183381088825215,0.0333488327178192
2042,350,42,3091,2.24883183279001,89,10.1288960774335,0.222021414337566,0.255014326647564,-0.032992912309998
2043,350,43,3092,2.054661737506,74,10.3142901634794,0.199205345684485,0.212034383954155,-0.0128290382696699
2044,350,44,3093,2.24128532030781,73,9.60407110431351,0.233368255603728,0.209169054441261,0.024199201162467
2045,350,45,3094,1.73311594684816,72,9.28559970005891,0.186645559019432,0.206303724928367,-0.0196581659089353
2046,350,46,3095,2.18061531850538,77,9.81389097035472,0.222196815217579,0.220630372492837,0.00156644272474249
2047,350,47,3096,1.95164045901422,69,10.2032032502605,0.191277230409421,0.197707736389685,-0.00643050598026421
2048,350,48,3097,1.67289366241142,70,9.08730259565897,0.184091334562862,0.200573065902579,-0.0164817313397166
2049,350,49,3098,2.11242375028167,78,9.49125789404312,0.222565204092438,0.223495702005731,-0.000930497913292971
2050,350,50,3099,1.83561325297578,72,9.38614449866668,0.195566268262387,0.206303724928367,-0.0107374566659794
2051,350,51,3100,2.26020007792983,87,9.44743209165339,0.239239621518599,0.249283667621777,-0.0100440461031771
2052,350,52,3101,1.73668907702413,69,9.46072965190424,0.183568196209324,0.197707736389685,-0.0141395401803605
2053,350,53,3102,2.15247151807586,75,9.96311657359477,0.216043996090596,0.214899713467049,0.0011442826235474
2054,350,54,3103,1.95839822074453,72,8.76352841952343,0.223471429199864,0.206303724928367,0.0171677042714975
2055,350,55,3104,1.81544064290825,66,9.26162485193162,0.196017510094853,0.189111747851003,0.00690576224385048
2056,350,56,3105,1.91666765729304,77,9.36933888093331,0.204568079098247,0.220630372492837,-0.0160622933945899
2057,350,57,3106,1.85439730545013,71,9.4579711018893,0.196067135908218,0.203438395415473,-0.00737125950725473
2058,350,58,3107,2.10918854665472,79,9.44023265373371,0.223425483673913,0.226361031518625,-0.00293554784471148
2059,350,59,3108,2.13651483905774,78,10.2189795852975,0.209073207478723,0.223495702005731,-0.0144224945270074
2060,350,60,3109,1.9382404172936,76,9.92503736703122,0.19528797178457,0.217765042979943,-0.0224770711953722
2061,350,61,3110,2.04881594693494,83,9.94093188981874,0.206098982433758,0.237822349570201,-0.0317233671364424
2062,350,62,3111,2.25324637337341,83,9.22773851671516,0.244181862033897,0.237822349570201,0.00635951246369607
2063,350,63,3112,2.04543763936036,67,9.97185444871994,0.20512108854767,0.191977077363897,0.013144011183773
2064,350,64,3113,1.98727716702811,81,9.46057464649019,0.21005882214199,0.232091690544413,-0.0220328684024221
2065,350,65,3114,2.00402761232287,77,8.87281380803002,0.225861564964791,0.220630372492837,0.00523119247195419
2066,350,66,3115,1.87957784452405,75,9.8034351549477,0.191726452495118,0.214899713467049,-0.0231732609719309
2067,350,67,3116,1.96000848786898,66,9.77466641440789,0.200519220275376,0.189111747851003,0.0114074724243735
2068,350,68,3117,2.06259166638272,88,8.66763449746146,0.237964771932504,0.25214899713467,-0.0141842252021661
2069,350,69,3118,2.17394017200314,76,9.74186213344091,0.223154479320812,0.217765042979943,0.00538943634086897
2070,350,70,3119,2.01726564562734,84,9.48234810656676,0.212739041317238,0.240687679083095,-0.0279486377658567
2071,350,71,3120,1.8071814610992,75,9.14582136604771,0.1975964091982,0.214899713467049,-0.0173033042688491
2072,350,72,3121,1.99355554045476,87,9.24950473533287,0.215531057878097,0.249283667621777,-0.0337526097436793
2073,350,73,3122,1.74172662467797,67,9.6315684115438,0.180835202560618,0.191977077363897,-0.0111418748032792
2074,350,74,3123,2.07360770908448,70,9.9630196487104,0.208130444604,0.200573065902579,0.00755737870142115
2075,350,75,3124,1.73066011903489,69,8.80108658094718,0.196641642269657,0.197707736389685,-0.00106609412002823
2076,350,76,3125,2.04674223939714,82,9.49802472173355,0.215491357346517,0.234957020057307,-0.0194656627107893
2077,350,77,3126,1.73944916952539,86,8.89130148209169,0.195634932976784,0.246418338108883,-0.0507834051320981
2078,350,78,3127,1.78349701288024,72,9.35907584915386,0.190563367754037,0.206303724928367,-0.0157403571743296
2079,350,79,3128,1.93310514895412,66,10.079685444872,0.191782289192128,0.189111747851003,0.00267054134112468
2080,350,80,3129,1.87757485974072,75,9.01286425311181,0.208321661905921,0.214899713467049,-0.00657805156112778
2081,350,81,3130,2.13692792244709,83,9.44249308498356,0.226309715370134,0.237822349570201,-0.0115126342000665
2082,350,82,3131,1.90085681704584,88,9.25916573556701,0.205294609831221,0.25214899713467,-0.0468543873034498
2083,350,83,3132,2.55737100327542,94,10.3249181917691,0.2476892267596,0.269340974212034,-0.0216517474524347
2084,350,84,3133,1.80587258378172,74,8.90830595527662,0.202717844767338,0.212034383954155,-0.00931653918681702
2085,350,85,3134,1.82104075001301,62,9.71886798687905,0.187371693130466,0.177650429799427,0.00972126333103945
2086,350,86,3135,1.8974203768801,70,9.26556340503253,0.204781975357217,0.200573065902579,0.004208909454638
2087,350,87,3136,2.144597928107,72,10.1225681877005,0.21186302609577,0.206303724928367,0.00555930116740325
2088,350,88,3137,1.94714518544948,82,8.71755090386789,0.223359198807265,0.234957020057307,-0.0115978212500415
2089,350,89,3138,2.15741511798023,90,9.43386650188433,0.228688323875402,0.257879656160458,-0.0291913322850562
2090,350,90,3139,1.9803507999081,96,9.28783636647169,0.213219820178681,0.275071633237822,-0.0618518130591417
2091,350,91,3140,1.9146041766068,96,7.99446404741212,0.239491248600533,0.275071633237822,-0.035580384637289
2092,350,92,3141,1.83858587677493,79,8.7834761129821,0.209323262581369,0.226361031518625,-0.0170377689372559
2093,350,93,3142,2.1039467685772,76,9.78330218888691,0.21505486879135,0.217765042979943,-0.00271017418859251
2094,350,94,3143,2.30097555526676,99,9.66433831641174,0.23808930109155,0.283667621776504,-0.045578320684954
2095,350,95,3144,1.94617344960706,75,10.1197920897285,0.192313580392864,0.214899713467049,-0.022586133074185
2096,350,96,3145,1.71962604758752,73,9.2071579358,0.186770560424637,0.209169054441261,-0.0223984940166232
2097,350,97,3146,1.60487525904053,67,9.07322032874408,0.176880446070098,0.191977077363897,-0.0150966312937987
2098,350,98,3147,1.85046421352885,75,9.25867077325613,0.199862837641226,0.214899713467049,-0.0150368758258229
2099,350,99,3148,2.3165887021402,93,9.39610118303471,0.24654786671763,0.26647564469914,-0.0199277779815108
2100,350,100,3149,1.99356181278885,73,9.93953414252781,0.200568938564142,0.209169054441261,-0.00860011587711865
2101,350,101,3150,1.81463454699853,90,8.61487776300094,0.21063961636136,0.257879656160458,-0.0472400397990981
2102,350,102,3151,2.3026964403757,97,8.98357669514196,0.256322901057986,0.277936962750716,-0.0216140616927302
2103,350,103,3152,2.05229216201994,81,10.2137644202912,0.200933962990448,0.232091690544413,-0.0311577275539649
2104,350,104,3153,2.06071675832508,82,9.4322782732318,0.218474974829068,0.234957020057307,-0.0164820452282389
2105,350,105,3154,1.98008999243094,70,8.84565170849352,0.223848966439599,0.200573065902579,0.0232759005370198
2106,350,106,3155,1.92833722299896,74,9.28521963284768,0.207678148632824,0.212034383954155,-0.00435623532133059
2107,350,107,3156,2.1169818270067,71,9.33766403417303,0.226714285206577,0.203438395415473,0.023275889791104
2108,350,108,3157,2.05045392519769,76,9.43734471398819,0.217270216076612,0.217765042979943,-0.000494826903330803
2109,350,109,3158,2.06107947113945,76,9.41554431055081,0.21890178657328,0.217765042979943,0.00113674359333693
2110,350,110,3159,1.89687146062937,78,9.7807200968777,0.193939857376647,0.223495702005731,-0.0295558446290834
2111,350,111,3160,2.26981205290877,80,10.2500374415059,0.221444269434327,0.229226361031519,-0.0077820915971914
2112,350,112,3161,2.18703724597257,90,9.86315935242404,0.221738001772735,0.257879656160458,-0.0361416543877237
2113,350,113,3162,1.86340847156154,74,8.99111215307127,0.207250053145541,0.212034383954155,-0.00478433080861349
2114,350,114,3163,2.41297085330693,94,10.0012316835943,0.241267368824691,0.269340974212034,-0.0280736053873438
2115,350,115,3164,2.16596566742646,81,9.15604078341958,0.236561382661024,0.232091690544413,0.00446969211661111
2116,350,116,3165,1.93205565919107,82,8.64773152873141,0.223417627243857,0.234957020057307,-0.0115393928134492
2117,350,117,3166,2.27256323346494,85,9.37398855835197,0.242432900287695,0.243553008595989,-0.00112010830829307
2118,350,118,3167,2.12247773754549,82,9.95641030179845,0.213177005889573,0.234957020057307,-0.0217800141677336
2119,350,119,3168,2.03490411236148,86,9.01408740388184,0.225747102417175,0.246418338108883,-0.0206712356917076
2120,350,120,3169,1.91245181676861,69,9.53939957862744,0.200479265073807,0.197707736389685,0.0027715286841222
2121,350,121,3170,2.25569378162989,87,9.51619939484075,0.237037254899558,0.249283667621777,-0.0122464127222183
2122,350,122,3171,1.86448831646448,75,9.63116584196574,0.193589057343439,0.214899713467049,-0.0213106561236096
2123,350,123,3172,2.41897802085284,88,9.62759862954023,0.251254556191273,0.25214899713467,-0.000894440943397412
2124,350,124,3173,2.34772567028184,78,10.2658889089913,0.228691902970584,0.223495702005731,0.00519620096485321
2125,350,125,3174,1.99571551085214,82,9.70539297456421,0.205629541851885,0.234957020057307,-0.0293274782054214
2126,350,126,3175,1.87578412120821,78,9.02815014667809,0.207770594278209,0.223495702005731,-0.0157251077275212
2127,350,127,3176,1.97962797753902,71,9.29835139002814,0.212900964321701,0.203438395415473,0.00946256890622829
2128,350,128,3177,1.66059137016881,79,8.26594887962636,0.200895431891889,0.226361031518625,-0.0254655996267354
2129,350,129,3178,2.07417299009674,76,9.63357867158184,0.215306591746155,0.217765042979943,-0.0024584512337876
2130,350,130,3179,1.84951425905735,67,8.59656230264583,0.215145798278937,0.191977077363897,0.0231687209150399
2131,350,131,3180,1.86703933960609,75,9.39354095735683,0.198757779210391,0.214899713467049,-0.0161419342566579
2132,350,132,3181,2.28329777182231,77,9.94340446507349,0.229629376924419,0.220630372492837,0.00899900443158211
2133,350,133,3182,2.13516932101239,70,9.90648341567251,0.215532518596302,0.200573065902579,0.0149594526937232
2134,350,134,3183,1.78665243061201,72,9.3637563788986,0.190805095553134,0.206303724928367,-0.0154986293752331
2135,350,135,3184,1.73175509986683,62,9.84578558029699,0.175887955891742,0.177650429799427,-0.0017624739076848
2136,350,136,3185,2.08044324833488,87,9.22958553884732,0.225410257002148,0.249283667621777,-0.0238734106196285
2137,350,137,3186,2.43448678387838,95,9.61374238541372,0.253229875139162,0.272206303724928,-0.0189764285857668
2138,350,138,3187,2.02286354238535,78,10.2921218350766,0.196544850012485,0.223495702005731,-0.0269508519932456
2139,350,139,3188,1.95071420856207,85,9.01089286862307,0.216484008522027,0.243553008595989,-0.0270690000739618
2140,350,140,3189,1.8718640921983,75,9.38313207296043,0.199492459196273,0.214899713467049,-0.0154072542707759
2141,350,141,3190,2.10494421306412,72,9.27982938026547,0.226830055468531,0.206303724928367,0.0205263305401638
2142,350,142,3191,2.0899129961375,76,9.66507675249998,0.216233460908308,0.217765042979943,-0.00153158207163451
2143,350,143,3192,1.97265092765896,76,9.36591353819882,0.210620236842196,0.217765042979943,-0.00714480613774685
2144,350,144,3193,1.98726462323124,75,9.51878560038214,0.208772915649183,0.214899713467049,-0.00612679781786585
2145,350,145,3194,1.98217625794854,79,8.99851522546445,0.22027814681463,0.226361031518625,-0.00608288470399435
2146,350,146,3195,2.07630393826783,84,9.4884234158813,0.21882496672657,0.240687679083095,-0.021862712356525
2147,350,147,3196,2.17745798491601,89,9.79774927811558,0.222240631302907,0.255014326647564,-0.0327736953446575
2148,350,148,3197,1.65637735914756,67,8.92683942106053,0.185550258161894,0.191977077363897,-0.00642681920200264
2149,350,149,3198,2.28609687318102,103,9.29664348657088,0.245905619214431,0.29512893982808,-0.0492233206136492
2150,350,150,3199,2.01258422418245,90,9.01001248515239,0.223371968407257,0.257879656160458,-0.0345076877532018
2151,350,151,3200,2.38842455094665,93,10.2349884360947,0.233358793305876,0.26647564469914,-0.0331168513932646
2152,350,152,3201,2.13124177803805,90,9.88669999525086,0.215566546882357,0.257879656160458,-0.0423131092781011
2153,350,153,3202,2.5831594422858,86,10.41612603195,0.24799617769239,0.246418338108883,0.00157783958350785
2154,350,154,3203,1.68341962464732,71,8.82599122322415,0.190734341568081,0.203438395415473,-0.0127040538473919
2155,350,155,3204,2.03375399805593,87,9.90985531367638,0.205225397715867,0.249283667621777,-0.0440582699059098
2156,350,156,3205,2.07684334131266,74,10.0555029862917,0.206537986627218,0.212034383954155,-0.00549639732693699
2157,350,157,3206,1.78369088575961,80,8.92528486829977,0.199846941815247,0.229226361031519,-0.0293794192162713
2158,350,158,3207,1.72389147184357,70,9.30920535881821,0.185181377507222,0.200573065902579,-0.015391688395357
2159,350,159,3208,2.11618393849257,78,9.58845344059853,0.220701279054287,0.223495702005731,-0.00279442295144366
2160,350,160,3209,1.85881402890549,71,8.96051656276465,0.20744496323234,0.203438395415473,0.00400656781686723
2161,350,161,3210,1.8405039838404,76,9.52785485507651,0.19317086708765,0.217765042979943,-0.0245941758922927
2162,350,162,3211,2.33586533504589,79,9.69759361683346,0.240870614643122,0.226361031518625,0.0145095831244975
2163,350,163,3212,2.16130008591065,89,9.27417298957955,0.233045047611154,0.255014326647564,-0.0219692790364101
2164,350,164,3213,1.93899705902989,76,9.17171018273255,0.21141063339315,0.217765042979943,-0.00635440958679273
2165,350,165,3214,1.83536164539521,84,9.50534780171966,0.193087268733414,0.240687679083095,-0.0476004103496804
2166,350,166,3215,2.32736097279578,88,10.1338145882603,0.229662873000653,0.25214899713467,-0.022486124134018
2167,350,167,3216,1.9067672026774,74,9.68063567073134,0.19696714839113,0.212034383954155,-0.0150672355630249
2168,350,168,3217,2.1783723627032,93,9.47043692831408,0.23001814796849,0.26647564469914,-0.0364574967306505
2169,350,169,3218,2.10920996700887,85,9.76944360012752,0.21589867891569,0.243553008595989,-0.0276543296802986
2170,350,170,3219,2.146709935496,91,9.63596046043095,0.22278110670039,0.260744985673352,-0.0379638789729627
2171,350,171,3220,1.62678395538464,64,9.13931519987158,0.177998451722893,0.183381088825215,-0.00538263710232195
2172,350,172,3221,1.9966591823954,75,9.52453623937857,0.209633218060565,0.214899713467049,-0.00526649540648383
2173,350,173,3222,2.27691467040283,83,10.1669481369261,0.223952619777132,0.237822349570201,-0.0138697297930691
2174,350,174,3223,1.92281457194264,73,9.47628824169006,0.202907987062212,0.209169054441261,-0.00626106737904869
2175,350,175,3224,1.79957702460967,77,8.66002458936481,0.207802761532536,0.220630372492837,-0.0128276109603011
2176,350,176,3225,2.10858911700865,82,9.86380708396304,0.213770311915049,0.234957020057307,-0.0211867081422578
2177,350,177,3226,2.29298559324175,90,9.70727633698502,0.236213074980199,0.257879656160458,-0.0216665811802595
2178,350,178,3227,2.40113192183706,88,9.90167281892689,0.242497602753277,0.25214899713467,-0.0096513943813932
2179,350,179,3228,2.23022612419639,95,9.23283514339429,0.241553768648412,0.272206303724928,-0.0306525350765164
2180,350,180,3229,1.79643111943413,67,9.37084554042976,0.191704271688566,0.191977077363897,-0.000272805675330973
2181,350,181,3230,1.65193779298492,83,8.7571644241466,0.188638435111477,0.237822349570201,-0.0491839144587232
2182,350,182,3231,1.72217742343788,73,9.10590904150553,0.189127457301412,0.209169054441261,-0.0200415971398487
2183,350,183,3232,2.5706033323575,115,9.59697355238312,0.267855623267729,0.329512893982808,-0.0616572707150786
2184,350,184,3233,1.97000248896485,95,8.77717147742741,0.224446166288443,0.272206303724928,-0.047760137436485
2185,350,185,3234,2.16802187207499,78,9.57916743471658,0.226326754057738,0.223495702005731,0.00283105205200715
2186,350,186,3235,1.93914534666709,78,9.0769144500595,0.213634859878444,0.223495702005731,-0.00986084212728655
2187,350,187,3236,1.91105000066939,80,9.344296538579,0.204515127787244,0.229226361031519,-0.0247112332442744
2188,350,188,3237,1.75164980790905,72,9.50585940483266,0.184270536025237,0.206303724928367,-0.0220331889031299
2189,350,189,3238,1.73204265763604,58,9.22225888296917,0.187811107844155,0.166189111747851,0.0216219960963038
2190,350,190,3239,1.62964971734822,65,8.6993253692759,0.187330585783558,0.186246418338109,0.00108416744544867
2191,350,191,3240,2.3714540449594,84,10.406770230342,0.2278760837868,0.240687679083095,-0.0128115952962942
2192,350,192,3241,1.73895047941512,73,8.72354123865131,0.199339973508736,0.209169054441261,-0.00982908093252488
2193,350,193,3242,1.76120483039713,67,9.56263578482673,0.184175667674353,0.191977077363897,-0.00780140968954338
2194,350,194,3243,2.21090452189478,76,9.59342955704481,0.230460286256152,0.217765042979943,0.0126952432762095
2195,350,195,3244,1.89497375009378,79,8.75869641739889,0.216353400070982,0.226361031518625,-0.0100076314476428
2196,350,196,3245,1.82127257752374,73,9.48000862175272,0.192117185773931,0.209169054441261,-0.0170518686673297
2197,350,197,3246,1.87118911090467,84,9.25976646239351,0.202077354596802,0.240687679083095,-0.0386103244862929
2198,350,198,3247,2.17780876133185,90,10.0471183062515,0.216759541885437,0.257879656160458,-0.0411201142750212
2199,350,199,3248,2.10108097692067,86,8.97561730281305,0.234087629411535,0.246418338108883,-0.0123307086973473
2200,350,200,3249,2.28450506417268,88,9.78671974223001,0.23342908802374,0.25214899713467,-0.0187199091109308
2201,350,201,3250,1.89684274421322,75,10.3787259122848,0.182762581866433,0.214899713467049,-0.0321371316006161
2202,350,202,3251,1.87140499188267,77,9.08620326390376,0.205961163043435,0.220630372492837,-0.014669209449402
2203,350,203,3252,2.58423664304885,98,9.76073149192605,0.264758501469536,0.28080229226361,-0.016043790794074
2204,350,204,3253,1.80451548786013,77,8.92234443771035,0.202246786195939,0.220630372492837,-0.0183835862968978
2205,350,205,3254,2.21631398205323,99,9.07651962232381,0.24418103791702,0.283667621776504,-0.0394865838594842
2206,350,206,3255,1.95374906585522,74,9.8239513870752,0.198876092610316,0.212034383954155,-0.0131582913438382
2207,350,207,3256,1.74257358548072,65,9.54834361041497,0.182500091804403,0.186246418338109,-0.00374632653370541
2208,350,208,3257,1.96530357830104,75,9.95537322279826,0.197411341023398,0.214899713467049,-0.0174883724436504
2209,350,209,3258,2.07897751164127,74,9.62925782929453,0.215902154506292,0.212034383954155,0.00386777055213758
2210,350,210,3259,2.09945009611053,85,9.45134753622872,0.222132356054305,0.243553008595989,-0.021420652541684
2211,350,211,3260,1.67471939868081,68,8.97358904954157,0.186627601223433,0.194842406876791,-0.0082148056533575
2212,350,212,3261,2.18454894672469,89,9.36803980527712,0.233191680664519,0.255014326647564,-0.0218226459830451
2213,350,213,3262,1.83268053347248,71,9.67327975042152,0.18945803085997,0.203438395415473,-0.0139803645555031
2214,350,214,3263,1.88127200473083,90,8.71788253918987,0.215794603365424,0.257879656160458,-0.0420850527950349
2215,350,215,3264,1.88687950060704,78,9.07318583423845,0.207962179446026,0.223495702005731,-0.0155335225597049
2216,350,216,3265,2.04231194635176,91,9.70329679379727,0.210476087638305,0.260744985673352,-0.0502688980350469
2217,350,217,3266,2.18446107205897,90,9.17921323583033,0.237979118246442,0.257879656160458,-0.0199005379140167
2218,350,218,3267,1.84462329714084,71,9.66335658985011,0.190888464064168,0.203438395415473,-0.0125499313513051
2219,350,219,3268,2.24787551338232,89,9.34488979816261,0.2405459627597,0.255014326647564,-0.0144683638878648
2220,350,220,3269,2.16369081432255,75,10.0540685288057,0.215205496971043,0.214899713467049,0.000305783503994045
2221,350,221,3270,1.99719115121177,74,9.94406187543904,0.200842590907912,0.212034383954155,-0.0111917930462426
2222,350,222,3271,1.81520437250029,72,9.40849737894728,0.192932441748035,0.206303724928367,-0.0133712831803317
2223,350,223,3272,1.94665375608486,82,9.04792614049139,0.215149165218444,0.234957020057307,-0.0198078548388624
2224,350,224,3273,1.88450402748435,86,9.39383541790394,0.200610713691303,0.246418338108883,-0.0458076244175791
2225,350,225,3274,2.24268643965289,87,9.52020611790068,0.23557120632462,0.249283667621777,-0.0137124612971562
2226,350,226,3275,2.0966001549415,79,8.95956827539902,0.234006828286392,0.226361031518625,0.00764579676776692
2227,350,227,3276,1.78955426744582,69,9.40300986797621,0.190317174242314,0.197707736389685,-0.00739056214737105
2228,350,228,3277,2.12239831658869,86,9.55464747391453,0.222132561393094,0.246418338108883,-0.0242857767157889
2229,350,229,3278,2.26268247429869,99,9.39903477020698,0.24073562122261,0.283667621776504,-0.042932000553894
2230,350,230,3279,2.28437629619296,75,9.14581230105112,0.249772925684296,0.214899713467049,0.034873212217247
2231,350,231,3280,1.97778825934601,67,9.99886291741523,0.197801317577947,0.191977077363897,0.00582424021405056
2232,350,232,3281,1.97879272497468,77,8.82164640263429,0.224311045201696,0.220630372492837,0.00368067270885919
2233,350,233,3282,2.18175364417267,89,9.18884903011304,0.237434921068219,0.255014326647564,-0.0175794055793453
2234,350,234,3283,2.05302976651615,87,9.32260208943572,0.22022067946487,0.249283667621777,-0.0290629881569069
2235,350,235,3284,2.018530368804,77,9.46224091575667,0.213324770186597,0.220630372492837,-0.00730560230623981
2236,350,236,3285,2.04480023851008,78,9.58184636345118,0.21340357181156,0.223495702005731,-0.0100921301941711
2237,350,237,3286,2.30712010956828,95,9.55015104498884,0.241579436670677,0.272206303724928,-0.030626867054251
2238,350,238,3287,2.14394736889012,102,8.94626749871689,0.239647134315804,0.292263610315186,-0.0526164759993824
2239,350,239,3288,1.80969257832055,70,9.7041695736679,0.186486083593502,0.200573065902579,-0.0140869823090764
2240,350,240,3289,2.10473293097983,72,9.93240202444428,0.211905732953615,0.206303724928367,0.0056020080252483
2241,350,241,3290,2.31587762785038,73,9.99766803298617,0.231641780884243,0.209169054441261,0.0224727264429819
2242,350,242,3291,1.89047784320671,85,8.62899573374559,0.219084340928989,0.243553008595989,-0.0244686676669993
2243,350,243,3292,1.84395829533524,73,9.09487696107531,0.202746920406631,0.209169054441261,-0.00642213403462949
2244,350,244,3293,1.80101997187092,80,9.46000690113828,0.19038252198888,0.229226361031519,-0.0388438390426382
2245,350,245,3294,1.88569009714604,70,9.96749466038578,0.18918395859698,0.200573065902579,-0.0113891073055986
2246,350,246,3295,2.73758437420503,104,10.1723146856992,0.26912108588753,0.297994269340974,-0.0288731834534438
2247,350,247,3296,1.84366783143941,70,8.3067293000071,0.221948707469959,0.200573065902579,0.02137564156738
2248,350,248,3297,1.84184827544846,67,9.3103764000489,0.197827477247729,0.191977077363897,0.00585039988383182
2249,350,249,3298,2.00161616161897,77,9.1182111955231,0.219518512863766,0.220630372492837,-0.00111185962907076
2250,350,250,3299,1.76482771076723,79,8.812826639846,0.200256714773873,0.226361031518625,-0.0261043167447519
2251,350,251,3300,2.00064931612166,83,9.13214259844276,0.219077756896045,0.237822349570201,-0.0187445926741558
2252,350,252,3301,2.17897336432168,87,9.82659733591483,0.221742408876146,0.249283667621777,-0.0275412587456302
2253,350,253,3302,2.25092318159723,99,8.966310130983,0.251042307115743,0.283667621776504,-0.032625314660761
2254,350,254,3303,2.08707861151236,69,10.1339341314408,0.205949494484787,0.197707736389685,0.00824175809510194
2255,350,255,3304,1.97835381433672,76,9.24294310776279,0.214039380235412,0.217765042979943,-0.00372566274453101
2256,350,256,3305,1.84497572482934,72,9.4822575306406,0.194571358019708,0.206303724928367,-0.0117323669086587
2257,350,257,3306,1.83530790864779,70,9.76272919597539,0.187991274960734,0.200573065902579,-0.012581790941845
2258,350,258,3307,1.81330495431811,96,8.74406787858235,0.207375443500342,0.275071633237822,-0.0676961897374799
2259,350,259,3308,2.17233647977015,85,9.68782849331823,0.224233581474778,0.243553008595989,-0.0193194271212101
2260,350,260,3309,1.97185777476386,65,9.27212184769609,0.212665213761597,0.186246418338109,0.026418795423488
2261,350,261,3310,2.12668611448047,76,9.16949062582938,0.23193067109855,0.217765042979943,0.0141656281186077
2262,350,262,3311,1.80152769914558,65,9.07711394255748,0.198469217258498,0.186246418338109,0.0122227989203889
2263,350,263,3312,2.01990243040359,82,9.3313167551597,0.216464887368301,0.234957020057307,-0.0184921326890052
2264,350,264,3313,1.78914732664153,74,8.97230143165384,0.199407848729815,0.212034383954155,-0.01262653522434
2265,350,265,3314,2.21225678720963,75,10.3800703353395,0.213125413965443,0.214899713467049,-0.00177429950160585
2266,350,266,3315,1.82285874398863,85,9.58770168180719,0.190124683108104,0.243553008595989,-0.0534283254878843
2267,350,267,3316,1.9677094188039,74,9.36120042704062,0.210198407152998,0.212034383954155,-0.00183597680115641
2268,350,268,3317,1.92939628618476,78,9.16278430448764,0.21056877713904,0.223495702005731,-0.0129269248666902
2269,350,269,3318,1.94291381191585,79,8.97903733333191,0.216383309233316,0.226361031518625,-0.00997772228530819
2270,350,270,3319,2.09844790615283,89,9.52995898897274,0.220194851686243,0.255014326647564,-0.034819474961321
2271,350,271,3320,1.53801326404698,68,8.61430284696327,0.178541814859593,0.194842406876791,-0.0163005920171974
2272,350,272,3321,2.32202799372435,100,8.87115956508516,0.261750222920498,0.286532951289398,-0.0247827283689005
2273,350,273,3322,2.24616332081588,82,10.1786414997972,0.220674175513563,0.234957020057307,-0.014282844543744
2274,350,274,3323,1.67091685374572,76,8.65632579295009,0.193028415717273,0.217765042979943,-0.02473662726267
2275,350,275,3324,2.10436555198126,72,9.98069662165759,0.210843554488461,0.206303724928367,0.0045398295600941
2276,350,276,3325,1.89158689514777,86,9.12913476968936,0.207203304898974,0.246418338108883,-0.0392150332099084
2277,350,277,3326,1.87207750568282,69,9.69174378247472,0.193162092158073,0.197707736389685,-0.00454564423161133
2278,350,278,3327,1.809519989346,79,9.20664340195984,0.196545028447697,0.226361031518625,-0.029816003070928
2279,350,279,3328,2.20066956918516,85,9.18115538797612,0.239694186209637,0.243553008595989,-0.00385882238635141
2280,350,280,3329,2.01980073753237,73,9.2347177410857,0.218718188705019,0.209169054441261,0.00954913426375781
2281,350,281,3330,2.15798617103188,89,9.70601533264316,0.222334922939403,0.255014326647564,-0.0326794037081618
2282,350,282,3331,2.18321378106276,73,9.7315675624296,0.224343484958316,0.209169054441261,0.0151744305170553
2283,350,283,3332,2.01391720731046,91,8.76312996887898,0.229817110377525,0.260744985673352,-0.0309278752958269
2284,350,284,3333,1.72091603675222,68,8.27417983704498,0.207986298418047,0.194842406876791,0.013143891541256
2285,350,285,3334,1.84734149172811,77,9.62154199304246,0.192000564261317,0.220630372492837,-0.0286298082315192
2286,350,286,3335,2.32119436373996,77,10.2465504747511,0.226534224318682,0.220630372492837,0.00590385182584527
2287,350,287,3336,2.47938896562972,90,9.66057030843779,0.256650372231561,0.257879656160458,-0.0012292839288976
2288,350,288,3337,2.25830347489547,92,9.24477314670594,0.244278949743633,0.263610315186246,-0.0193313654426136
2289,350,289,3338,1.68810977500827,76,8.42415539010033,0.20038920186492,0.217765042979943,-0.0173758411150228
2290,350,290,3339,2.24219315100063,83,9.3936421871331,0.238692629156331,0.237822349570201,0.000870279586130229
2291,350,291,3340,1.7122664081252,74,9.44233636244722,0.181339272654487,0.212034383954155,-0.0306951112996673
2292,350,292,3341,1.6799303096058,69,9.30286908805745,0.180581957426705,0.197707736389685,-0.0171257789629801
2293,350,293,3342,2.07253447495129,81,9.08522712731115,0.228121371750964,0.232091690544413,-0.00397031879344875
2294,350,294,3343,1.94744855424089,74,9.39827561257826,0.20721339046862,0.212034383954155,-0.0048209934855343
2295,350,295,3344,2.41592703988679,81,9.94197802690151,0.243002653330118,0.232091690544413,0.0109109627857051
2296,350,296,3345,1.89965073266073,81,9.19566090762077,0.206581207348177,0.232091690544413,-0.0255104831962357
2297,350,297,3346,2.13111821535753,82,9.51478264071635,0.223979705667462,0.234957020057307,-0.0109773143898444
2298,350,298,3347,2.34034490735346,83,10.0301732068887,0.23333045791733,0.237822349570201,-0.00449189165287073
2299,350,299,3348,2.42115765346353,99,10.0495679785509,0.240921565845524,0.283667621776504,-0.0427460559309804
2300,350,300,3349,2.39501371312536,89,9.64354667486809,0.248354033414592,0.255014326647564,-0.00666029323297265
2301,350,301,3350,1.95912218102987,76,9.58482235394029,0.204398382013255,0.217765042979943,-0.013366660966688
2302,350,302,3351,2.0798149304328,69,10.0867536804621,0.206192695521194,0.197707736389685,0.00848495913150957
2303,350,303,3352,1.88404170694476,79,9.21114399778291,0.204539382664981,0.226361031518625,-0.0218216488536438
2304,350,304,3353,1.59909532865221,60,9.90607539359077,0.161425717563873,0.171919770773639,-0.0104940532097664
2305,350,305,3354,2.41022456743422,86,9.97344124397063,0.24166428702744,0.246418338108883,-0.00475405108144275
2306,350,306,3355,2.27977935834761,85,9.80316993455987,0.23255532379486,0.243553008595989,-0.0109976848011286
2307,350,307,3356,2.25883035757639,97,9.35434520578556,0.241473914836854,0.277936962750716,-0.0364630479138627
2308,350,308,3357,2.77347724546851,106,9.8472454973643,0.28165005596853,0.303724928366762,-0.0220748723982325
2309,350,309,3358,1.92039036835565,74,8.99548064345139,0.213483908695159,0.212034383954155,0.00144952474100413
2310,350,310,3359,2.00697037843731,74,9.7199807083227,0.206478843802524,0.212034383954155,-0.00555554015163043
2311,350,311,3360,2.15146517575248,96,9.31900879361882,0.23086845644203,0.275071633237822,-0.0442031767957926
2312,350,312,3361,1.94611309216695,75,9.78690524821414,0.198848670014668,0.214899713467049,-0.0160510434523807
2313,350,313,3362,1.94927473504841,69,9.9089183872033,0.196719223923144,0.197707736389685,-0.000988512466540414
2314,350,314,3363,2.26795850610073,98,9.63625255878004,0.235356897535265,0.28080229226361,-0.0454453947283452
2315,350,315,3364,2.17814995708046,83,9.94860268799929,0.21894028994724,0.237822349570201,-0.0188820596229606
2316,350,316,3365,1.82562318073542,72,9.29471584421033,0.196415168718967,0.206303724928367,-0.00988855620940018
2317,350,317,3366,2.02799922627862,79,9.38651912844517,0.216054449847432,0.226361031518625,-0.0103065816711924
2318,350,318,3367,1.94520375077517,77,9.66260652588889,0.201312528411812,0.220630372492837,-0.0193178440810248
2319,350,319,3368,2.01433638046797,78,10.0134536054888,0.201163001280979,0.223495702005731,-0.0223327007247516
2320,350,320,3369,2.25669204924903,90,9.14455744799466,0.246779799031599,0.257879656160458,-0.0110998571288594
2321,350,321,3370,2.33082060573736,81,10.0500053845936,0.231922324072627,0.232091690544413,-0.000169366471786114
2322,350,322,3371,1.90282470198291,77,9.55232813896835,0.199200098059907,0.220630372492837,-0.0214302744329295
2323,350,323,3372,2.19316406878359,75,9.72181169502367,0.225592115706809,0.214899713467049,0.0106924022397606
2324,350,324,3373,1.92196551968061,75,10.0444107517307,0.191346766593495,0.214899713467049,-0.0235529468735542
2325,350,325,3374,2.02078367986599,89,9.29053101681088,0.217510029965936,0.255014326647564,-0.0375042966816286
2326,350,326,3375,2.10450641065467,77,9.23391154168679,0.227910609837857,0.220630372492837,0.00728023734502067
2327,350,327,3376,2.14045259040107,95,9.75328420141818,0.219459675961235,0.272206303724928,-0.052746627763693
2328,350,328,3377,2.19255666678019,85,9.30883520735626,0.235535017855675,0.243553008595989,-0.00801799074031354
2329,350,329,3378,2.3288393963207,100,9.63039526479274,0.241821787402079,0.286532951289398,-0.0447111638873196
2330,350,330,3379,2.0569902998928,94,8.99402868618085,0.228706219611388,0.269340974212034,-0.0406347546006469
2331,350,331,3380,2.02873652227392,93,8.46771215419422,0.239584965257593,0.26647564469914,-0.0268906794415471
2332,350,332,3381,1.81358630194081,76,9.11196936152686,0.199033406499176,0.217765042979943,-0.018731636480767
2333,350,333,3382,2.0382068174296,75,9.69418686496936,0.210250415617096,0.214899713467049,-0.00464929784995294
2334,350,334,3383,2.13803754876028,77,10.4444284825748,0.204706035598533,0.220630372492837,-0.0159243368943041
2335,350,335,3384,1.79474259376814,71,8.7104758050977,0.206044151195253,0.203438395415473,0.00260575577977995
2336,350,336,3385,2.09131771372517,88,9.38984793532817,0.222721148215493,0.25214899713467,-0.0294278489191776
2337,350,337,3386,1.81996599925591,76,9.21465573666018,0.197507758430436,0.217765042979943,-0.0202572845495066
2338,350,338,3387,1.81810849063473,69,8.97873716499995,0.202490445730153,0.197707736389685,0.00478270934046857
2339,350,339,3388,2.28403236107285,107,9.39633698981022,0.243076888743959,0.306590257879656,-0.0635133691356969
2340,350,340,3389,1.95958062420079,82,9.3075929656761,0.210535702563186,0.234957020057307,-0.0244213174941204
2341,350,341,3390,1.796152987123,65,10.0061567616849,0.179504781895956,0.186246418338109,-0.00674163644215239
2342,350,342,3391,2.40071313621063,90,9.17761659488351,0.261583507154681,0.257879656160458,0.00370385099422282
2343,350,343,3392,1.84275207557293,73,9.22704722411449,0.199712002205536,0.209169054441261,-0.00945705223572502
2344,350,344,3393,1.98341716915269,76,9.37344731912043,0.21159954300984,0.217765042979943,-0.00616549997010254
2345,350,345,3394,1.9804537563805,73,9.30663828774739,0.212800121284165,0.209169054441261,0.00363106684290443
2346,350,346,3395,1.70700999968967,69,9.69048363216916,0.176153230786436,0.197707736389685,-0.021554505603249
2347,350,347,3396,2.34683484490229,99,9.1999639336779,0.255091744035141,0.283667621776504,-0.0285758777413636
2348,350,348,3397,2.40966230054191,92,9.21879659593089,0.261385775840365,0.263610315186246,-0.00222453934588129
2349,350,349,3398,1.85713874533969,64,9.16705590491603,0.202588351658656,0.183381088825215,0.0192072628334414
2350,350,350,3399,2.32379122434349,88,9.7436892419684,0.238491927096193,0.25214899713467,-0.0136570700384771
2351,350,351,3400,1.74911643823939,75,8.85808084753208,0.197459976754073,0.214899713467049,-0.0174397367129754
2352,350,352,3401,2.01450743260478,82,8.55311635850992,0.235529057265829,0.234957020057307,0.000572037208522003
2353,350,353,3402,2.00345476257629,78,10.0406672689292,0.199534025868577,0.223495702005731,-0.0239616761371539
2354,350,354,3403,2.27603138223385,78,9.21536956757331,0.246982105876976,0.223495702005731,0.0234864038712454
2355,350,355,3404,2.16348528632587,84,9.80181256496887,0.220722980773786,0.240687679083095,-0.0199646983093089
2356,350,356,3405,2.49363972915593,102,9.62901580361459,0.258971402686851,0.292263610315186,-0.033292207628335
2357,350,357,3406,1.75545952390169,75,8.99130117084494,0.195239764584232,0.214899713467049,-0.0196599488828172
2358,350,358,3407,2.11886289403373,73,10.068477071913,0.210445222142334,0.209169054441261,0.00127616770107308
2359,350,359,3408,2.28196246827094,85,9.38524147089784,0.243143714026639,0.243553008595989,-0.0004092945693496
2360,350,360,3409,2.17120847483362,76,9.29090420532352,0.233691837398297,0.217765042979943,0.0159267944183543
2361,350,361,3410,1.93850682802413,77,9.57948133741603,0.202360311560148,0.220630372492837,-0.0182700609326887
2362,350,362,3411,2.02716692651769,88,9.60436173700704,0.211067323579319,0.25214899713467,-0.0410816735553519
2363,350,363,3412,1.99913173964611,70,9.77176390980126,0.204582484605563,0.200573065902579,0.0040094187029838
2364,350,364,3413,1.82041743919319,68,9.88131596822985,0.184228238935599,0.194842406876791,-0.0106141679411922
2365,350,365,3414,2.0049659977518,88,8.9603955162803,0.223758649281601,0.25214899713467,-0.0283903478530693
2366,350,366,3415,1.948211282378,71,8.86238185017601,0.219829309469362,0.203438395415473,0.0163909140538896
2367,350,367,3416,2.48002831908121,91,10.2038611151074,0.243048027712704,0.260744985673352,-0.0176969579606488
2368,350,368,3417,2.09246994336211,86,9.66253967351435,0.216554861771767,0.246418338108883,-0.0298634763371158
2369,350,369,3418,2.09929108768198,79,8.84358594235879,0.237380074255495,0.226361031518625,0.0110190427368703
2370,350,370,3419,2.0511800177179,78,9.55590851216018,0.21465044533523,0.223495702005731,-0.00884525667050085
2371,350,371,3420,1.95238232009752,78,8.73728235601728,0.223454186387022,0.223495702005731,-4.15156187084931e-05
2372,350,372,3421,2.11385654562353,71,10.196507369374,0.207311824436343,0.203438395415473,0.00387342902086985
2373,350,373,3422,2.10077483245295,93,9.69753846441375,0.216629698367476,0.26647564469914,-0.0498459463316646
2374,350,374,3423,2.09708235884408,76,9.69160885838119,0.216381241699674,0.217765042979943,-0.00138380128026858
2375,350,375,3424,2.4202583135127,93,9.47783075731708,0.25535994210956,0.26647564469914,-0.0111157025895803
2376,350,376,3425,2.08596922008195,76,8.95097258081732,0.23304386213319,0.217765042979943,0.015278819153247
2377,350,377,3426,2.01983637538559,84,9.72234296355994,0.207752018516122,0.240687679083095,-0.0329356605669725
2378,350,378,3427,2.09103625718103,83,9.3806975102347,0.222908398325352,0.237822349570201,-0.014913951244849
2379,350,379,3428,1.75923740661174,62,9.26583405018052,0.18986282261093,0.177650429799427,0.012212392811503
2380,350,380,3429,1.88141266957511,78,8.89492362046975,0.211515326027696,0.223495702005731,-0.0119803759780346
2381,350,381,3430,2.06230218554519,82,9.22675797346467,0.22351319840362,0.234957020057307,-0.0114438216536867
2382,350,382,3431,2.42778046699094,93,9.55978401406044,0.253957669275811,0.26647564469914,-0.0125179754233296
2383,350,383,3432,2.45195823230042,86,10.000568956858,0.245181873439207,0.246418338108883,-0.00123646466967556
2384,350,384,3433,1.85279732256605,84,8.85844182131779,0.209156120222781,0.240687679083095,-0.0315315588603137
2385,350,385,3434,1.7515730221835,72,9.02064315319398,0.194173851291669,0.206303724928367,-0.0121298736366979
2386,350,386,3435,1.83470627277053,74,9.70108387413528,0.18912384395131,0.212034383954155,-0.0229105400028446
2387,350,387,3436,1.71759184831417,73,8.84964207450622,0.194086024480262,0.209169054441261,-0.0150830299609992
2388,350,388,3437,1.96164028943677,74,9.62731896955331,0.203757691589997,0.212034383954155,-0.00827669236415787
2389,350,389,3438,2.15313305266866,93,8.60531948157957,0.250209542745929,0.26647564469914,-0.0162661019532115
2390,350,390,3439,1.99021793882376,78,8.85087734824644,0.224861091224822,0.223495702005731,0.00136538921909182
2391,350,391,3440,2.19815149901026,80,9.90801808203378,0.221855822305792,0.229226361031519,-0.00737053872572646
2392,350,392,3441,2.03955167400795,89,9.43294378001105,0.216215819957485,0.255014326647564,-0.0387985066900791
2393,350,393,3442,2.28750247371452,101,9.67749858535431,0.236373320392562,0.289398280802292,-0.0530249604097306
2394,350,394,3443,2.23666058873035,96,9.34394914183004,0.239369944632671,0.275071633237822,-0.0357016886051515
2395,350,395,3444,1.74910125426115,84,8.78976252405141,0.198993004586311,0.240687679083095,-0.0416946744967834
2396,350,396,3445,2.4400640545831,88,9.40897059121128,0.259333795437975,0.25214899713467,0.00718479830330415
2397,350,397,3446,1.98449835763615,83,9.4573282211531,0.209837103168044,0.237822349570201,-0.0279852464021569
2398,350,398,3447,1.95639947282273,81,9.53426988910805,0.205196569383642,0.232091690544413,-0.0268951211607709
2399,350,399,3448,1.86271111736917,68,9.93676083280704,0.187456571483463,0.194842406876791,-0.0073858353933276
2400,350,400,3449,2.11646517801724,80,9.6714219241878,0.218837022581349,0.229226361031519,-0.0103893384501699
2401,350,401,3450,2.14109748017974,83,9.61902087393883,0.222589960895157,0.237822349570201,-0.0152323886750437
2402,350,402,3451,1.76890638858263,74,9.66264217444413,0.183066531560183,0.212034383954155,-0.0289678523939721
2403,350,403,3452,2.65470868359689,102,9.65710238982617,0.274897021532427,0.292263610315186,-0.0173665887827597
2404,350,404,3453,2.00631601582583,86,9.57339304560166,0.209572092806489,0.246418338108883,-0.0368462453023932
2405,350,405,3454,1.88165883683193,70,10.0469705440438,0.187286190258361,0.200573065902579,-0.0132868756442175
2406,350,406,3455,1.92486459371895,77,8.81802953428707,0.218287383392686,0.220630372492837,-0.00234298910015021
2407,350,407,3456,1.73866553489299,82,8.66507131508581,0.200652189886307,0.234957020057307,-0.0343048301709992
2408,350,408,3457,1.98704019599299,76,9.9839865082777,0.199022724474391,0.217765042979943,-0.0187423185055517
2409,350,409,3458,1.90664646018182,79,9.6328573321284,0.197931558045876,0.226361031518625,-0.0284294734727482
2410,350,410,3459,1.85403376738322,70,9.79476110418756,0.189288309093171,0.200573065902579,-0.0112847568094078
2411,350,411,3460,2.43697196425952,91,10.0373142384055,0.242791239406952,0.260744985673352,-0.0179537462664003
2412,350,412,3461,1.89510290173649,83,9.63951401184842,0.196597349140955,0.237822349570201,-0.041225000429246
2413,350,413,3462,1.98720175727532,87,8.84548491608798,0.22465718681641,0.249283667621777,-0.0246264808053661
2414,350,414,3463,1.82305165647151,84,8.82288690324139,0.206627567197053,0.240687679083095,-0.0340601118860418
2415,350,415,3464,1.8811053113805,71,9.57431743899162,0.196474090541395,0.203438395415473,-0.00696430487407759
2416,350,416,3465,1.96169214712538,80,9.12743350486853,0.214922644583389,0.229226361031519,-0.0143037164481294
2417,350,417,3466,1.70761884177422,73,9.1985519696754,0.185639962398829,0.209169054441261,-0.0235290920424313
2418,350,418,3467,2.12849582388255,84,10.0603854819011,0.211571994702565,0.240687679083095,-0.0291156843805299
2419,350,419,3468,2.09679030538425,75,9.70559106721931,0.216039424169247,0.214899713467049,0.00113971070219865
2420,350,420,3469,1.84117664163107,68,9.80396427521227,0.1877991993796,0.194842406876791,-0.00704320749719067
2421,350,421,3470,2.08510497307185,89,9.67669410761275,0.215476995540397,0.255014326647564,-0.0395373311071679
2422,350,422,3471,2.01059714314633,85,9.26959533241254,0.216902364239782,0.243553008595989,-0.0266506443562064
2423,350,423,3472,2.01164341875233,64,9.98162276821014,0.201534706877431,0.183381088825215,0.0181536180522165
2424,350,424,3473,2.02907109134984,70,10.3575365759396,0.19590286517195,0.200573065902579,-0.00467020073062868
2425,350,425,3474,1.87271840858158,66,9.42160057942943,0.198768605481999,0.189111747851003,0.00965685763099564
2426,350,426,3475,2.39939517034358,98,9.90356546535668,0.242275893337285,0.28080229226361,-0.0385263989263251
2427,350,427,3476,1.83507653550945,74,9.34379665891604,0.196395170239324,0.212034383954155,-0.0156392137148303
2428,350,428,3477,1.80859496776967,89,8.9366633765535,0.202379220472236,0.255014326647564,-0.0526351061753289
2429,350,429,3478,1.78429603123523,74,9.12203922498452,0.195602758026757,0.212034383954155,-0.0164316259273981
2430,350,430,3479,2.06246455939299,89,9.1051760506376,0.226515615724812,0.255014326647564,-0.0284987109227525
2431,350,431,3480,2.32454681461913,87,9.49676814524726,0.244772408788611,0.249283667621777,-0.00451125883316503
2432,350,432,3481,1.79747420285267,73,8.67929709368763,0.207099052313806,0.209169054441261,-0.00207000212745523
2433,350,433,3482,1.97954764856106,80,9.54982345705535,0.207286308219508,0.229226361031519,-0.021940052812011
2434,350,434,3483,2.3605723945664,90,9.40697349051686,0.250938561371103,0.257879656160458,-0.00694109478935551
2435,350,435,3484,2.05889022418533,96,9.43183038148325,0.218291693225038,0.275071633237822,-0.0567799400127844
2436,350,436,3485,2.39565948582374,101,9.43967172260318,0.253786313361657,0.289398280802292,-0.0356119674406355
2437,350,437,3486,2.18648163075661,79,9.88700227445258,0.221147074721156,0.226361031518625,-0.00521395679746836
2438,350,438,3487,2.01440324619233,87,9.4676424894778,0.212767143291596,0.249283667621777,-0.0365165243301805
2439,350,439,3488,1.94887109954094,73,9.38758437195624,0.207600914391017,0.209169054441261,-0.00156814005024361
2440,350,440,3489,1.89843508299588,82,9.12578653558577,0.208029749062503,0.234957020057307,-0.0269272709948033
2441,350,441,3490,1.81843491632709,72,9.27343865646453,0.196090682614206,0.206303724928367,-0.0102130423141612
2442,350,442,3491,2.34999999361899,88,9.95296621799386,0.236110516417754,0.25214899713467,-0.0160384807169169
2443,350,443,3492,2.22034848068469,78,9.11730170812676,0.243531315707757,0.223495702005731,0.020035613702026
2444,350,444,3493,1.97717851692969,71,9.75811852593759,0.202618825716684,0.203438395415473,-0.00081956969878913
2445,350,445,3494,2.14616718102811,82,9.16233475347994,0.234238023251986,0.234957020057307,-0.000718996805321059
2446,350,446,3495,2.07580562264662,89,9.39124524041072,0.221036249134927,0.255014326647564,-0.0339780775126372
2447,350,447,3496,2.01492326449396,80,8.45638891153476,0.238272303411394,0.229226361031519,0.00904594237987524
2448,350,448,3497,1.87310160097649,74,9.38786347020522,0.199523736888724,0.212034383954155,-0.0125106470654311
2449,350,449,3498,1.77766592146233,64,9.12751202099997,0.194759088497763,0.183381088825215,0.0113779996725483
2450,350,450,3499,1.8975185356802,71,9.53260395829446,0.199055635163479,0.203438395415473,-0.00438276025199405
2451,350,451,3500,2.07735858808597,82,10.045762051467,0.206789547417421,0.234957020057307,-0.0281674726398858
2452,350,452,3501,1.88138209140038,74,9.64289542834906,0.195105516323377,0.212034383954155,-0.0169288676307777
2453,350,453,3502,1.92983561657178,73,9.12276389069596,0.211540673385174,0.209169054441261,0.00237161894391372
2454,350,454,3503,2.009464137123,72,9.90242527843924,0.202926463024998,0.206303724928367,-0.00337726190336923
2455,350,455,3504,2.13211940525633,88,9.24152998836002,0.230710651584943,0.25214899713467,-0.0214383455497275
2456,350,456,3505,2.06546724932633,81,9.48467343627368,0.217768936717109,0.232091690544413,-0.0143227538273037
2457,350,457,3506,2.12659657362625,78,10.186863023925,0.208758728632328,0.223495702005731,-0.014736973373403
2458,350,458,3507,2.09882362508411,96,8.85577080180451,0.237000671320043,0.275071633237822,-0.0380709619177792
2459,350,459,3508,2.11688082990445,73,9.66390492218456,0.219050254214,0.209169054441261,0.00988119977273885
2460,350,460,3509,1.87577440433501,78,8.99616164103821,0.208508303783494,0.223495702005731,-0.0149873982222363
2461,350,461,3510,1.80071586557138,71,8.45003506788244,0.213101584917166,0.203438395415473,0.00966318950169281
2462,350,462,3511,2.23781180183049,86,9.79016513913358,0.228577533680758,0.246418338108883,-0.0178408044281248
2463,350,463,3512,2.14270263617765,75,9.65781653894873,0.221862014828756,0.214899713467049,0.0069623013617072
2464,350,464,3513,1.98076578129233,70,9.77307667162045,0.202675764024668,0.200573065902579,0.00210269812208902
2465,350,465,3514,1.81866053727865,65,9.26220042624894,0.196352967284598,0.186246418338109,0.010106548946489
2466,350,466,3515,2.18100646738513,86,9.74707861328016,0.223760016094829,0.246418338108883,-0.0226583220140535
2467,350,467,3516,1.85758314994096,72,9.21491044848028,0.201584503759048,0.206303724928367,-0.004719221169319
2468,350,468,3517,2.21620037395354,81,10.2246618608117,0.216750480761385,0.232091690544413,-0.0153412097830276
2469,350,469,3518,2.41986471746441,102,9.25395252148521,0.261495259657549,0.292263610315186,-0.0307683506576374
2470,350,470,3519,1.92830538795298,79,9.59820310124525,0.200902748942956,0.226361031518625,-0.0254582825756686
2471,350,471,3520,1.584782632803,69,9.69616139317187,0.16344433312744,0.197707736389685,-0.0342634032622453
2472,350,472,3521,1.96770919719957,75,8.90150406372328,0.221053563882386,0.214899713467049,0.00615385041533761
2473,350,473,3522,1.96246967592601,78,8.85585067180206,0.221601486819862,0.223495702005731,-0.00189421518586863
2474,350,474,3523,2.08259915482003,82,10.0276631708419,0.207685391834434,0.234957020057307,-0.0272716282228722
2475,350,475,3524,1.9542865358301,83,9.13014641177952,0.214047666673639,0.237822349570201,-0.0237746828965618
2476,350,476,3525,2.40270525094379,82,9.72251337475071,0.247127996468855,0.234957020057307,0.0121709764115486
2477,350,477,3526,1.76300561108489,66,9.41758231761257,0.187203631635664,0.189111747851003,-0.00190811621533898
2478,350,478,3527,2.3055364714812,104,9.28973156449783,0.248181172456282,0.297994269340974,-0.0498130968846922
2479,350,479,3528,1.98175350351959,78,9.18277836772585,0.215811971514497,0.223495702005731,-0.0076837304912333
2480,350,480,3529,2.24070900580866,76,9.63160054879703,0.232641396874429,0.217765042979943,0.0148763538944862
2481,350,481,3530,1.97999692763029,83,9.42423205085367,0.210096368271295,0.237822349570201,-0.0277259812989056
2482,350,482,3531,2.11175936503663,82,9.48675587628257,0.222600791311195,0.234957020057307,-0.0123562287461112
2483,350,483,3532,2.20642265493818,85,9.50381630980721,0.232161753027709,0.243553008595989,-0.0113912555682792
2484,350,484,3533,1.7598950710091,73,9.45734055601141,0.186087733711825,0.209169054441261,-0.0230813207294353
2485,350,485,3534,2.06785702345504,77,10.0665519173546,0.205418602162084,0.220630372492837,-0.0152117703307524
2486,350,486,3535,1.83394527933215,76,8.96117369645886,0.204654584483376,0.217765042979943,-0.0131104584965666
2487,350,487,3536,1.76707238031896,64,8.82743123209689,0.200179682385269,0.183381088825215,0.0167985935600541
2488,350,488,3537,1.87229064682145,74,9.78777609158577,0.191288667548392,0.212034383954155,-0.0207457164057631
2489,350,489,3538,1.82862243409043,69,9.24490487423313,0.197797863684575,0.197707736389685,9.01272948906073e-05
2490,350,490,3539,2.18258300554871,93,9.12642534298623,0.239149823016527,0.26647564469914,-0.0273258216826132
2491,350,491,3540,2.26138670044433,98,10.0831551596055,0.224273718359879,0.28080229226361,-0.0565285739037308
2492,350,492,3541,1.68088496631167,67,9.40694177119473,0.178685592745854,0.191977077363897,-0.0132914846180426
2493,350,493,3542,2.4536181934083,100,9.81666367529653,0.249944204524679,0.286532951289398,-0.0365887467647193
2494,350,494,3543,2.25531678307774,82,9.79005538231507,0.230368133274484,0.234957020057307,-0.00458888678282215
2495,350,495,3544,1.66076626119536,66,9.0637235333025,0.183232228464744,0.189111747851003,-0.0058795193862585
2496,350,496,3545,2.01146284038329,85,9.58794471331517,0.209790825930596,0.243553008595989,-0.0337621826653921
2497,350,497,3546,1.98942571049434,85,8.56183250123842,0.232359802671517,0.243553008595989,-0.0111932059244717
2498,350,498,3547,2.05935760648957,85,10.1383006893013,0.203126507054851,0.243553008595989,-0.0404265015411371
2499,350,499,3548,1.99632232957059,77,9.50295653506372,0.210073814628597,0.220630372492837,-0.0105565578642396
2500,350,500,3549,2.25169432463647,81,8.98977959722226,0.250472695162873,0.232091690544413,0.0183810046184605
2501,350,501,3550,2.00854303944505,67,9.52774754006145,0.210809851016697,0.191977077363897,0.0188327736528
2502,350,502,3551,1.99232873517806,78,9.8738866643874,0.2017775576019,0.223495702005731,-0.0217181444038308
2503,350,503,3552,2.14585729132124,103,8.80469203539698,0.243717472762747,0.29512893982808,-0.0514114670653333
2504,350,504,3553,1.90557592671553,68,9.97599694513084,0.191016089639604,0.194842406876791,-0.00382631723718679
2505,350,505,3554,1.95206522249064,72,9.41334248813832,0.207372166151441,0.206303724928367,0.00106844122307467
2506,350,506,3555,1.86447092615875,82,8.74439443598142,0.21321898729623,0.234957020057307,-0.0217380327610765
2507,350,507,3556,1.82649699543375,64,9.34915063344119,0.195365019459684,0.183381088825215,0.0119839306344689
2508,350,508,3557,2.09997495530014,87,9.91108372330028,0.211881466641559,0.249283667621777,-0.0374022009802179
2509,350,509,3558,2.22529970282114,90,9.49543400866869,0.234354712042608,0.257879656160458,-0.0235249441178503
2510,350,510,3559,2.42139057047494,99,8.84688638126619,0.273699747699075,0.283667621776504,-0.00996787407742961
2511,350,511,3560,1.92909023334967,67,9.55197656720235,0.201957178158644,0.191977077363897,0.00998010079474684
2512,350,512,3561,1.94592807741837,78,10.0587363858239,0.193456514096624,0.223495702005731,-0.0300391879091065
2513,350,513,3562,2.00854824609853,81,9.76515134091419,0.205685316691722,0.232091690544413,-0.0264063738526909
2514,350,514,3563,1.80354704281691,70,9.61109765149008,0.187652556265235,0.200573065902579,-0.0129205096373433
2515,350,515,3564,1.89330487993013,72,9.28885606737207,0.203825408230895,0.206303724928367,-0.00247831669747206
2516,350,516,3565,2.2044082985885,90,9.48809462076497,0.232334139434496,0.257879656160458,-0.0255455167259623
2517,350,517,3566,2.36440261557044,100,8.87447457936593,0.266427335435488,0.286532951289398,-0.02010561585391
2518,350,518,3567,2.04765548648931,86,9.48118268954893,0.215970470513814,0.246418338108883,-0.0304478675950687
2519,350,519,3568,2.06122082698008,84,8.99469714560719,0.229159558527964,0.240687679083095,-0.0115281205551301
2520,350,520,3569,2.28779291455044,97,9.2106270326612,0.248386228911218,0.277936962750716,-0.0295507338394985
2521,350,521,3570,1.96191278423899,74,9.68819104012538,0.202505583974694,0.212034383954155,-0.00952879997946046
2522,350,522,3571,1.85262140123762,74,9.51459850349158,0.194713565744027,0.212034383954155,-0.0173208182101281
2523,350,523,3572,1.81345384305955,73,8.49985485883574,0.21335115401111,0.209169054441261,0.00418209956984969
2524,350,524,3573,1.71839826058483,65,8.49479610313545,0.202288346856326,0.186246418338109,0.0160419285182175
2525,350,525,3574,1.87587176958649,79,8.96760881942205,0.209183050616986,0.226361031518625,-0.0171779809016387
2526,350,526,3575,1.98011155975328,79,9.61227940944581,0.20599812754168,0.226361031518625,-0.0203629039769444
2527,350,527,3576,2.06839279042308,92,9.28106399086399,0.222861602124405,0.263610315186246,-0.040748713061841
2528,350,528,3577,1.82775763915961,75,8.75721001050471,0.20871460624641,0.214899713467049,-0.00618510722063872
2529,350,529,3578,1.83533760242392,68,10.259626120134,0.178889326076139,0.194842406876791,-0.0159530808006517
2530,350,530,3579,2.09879793937972,84,9.83599408752543,0.213379341295206,0.240687679083095,-0.027308337787888
2531,350,531,3580,1.91023791414366,85,8.74314559418037,0.21848405628921,0.243553008595989,-0.0250689523067785
2532,350,532,3581,1.70926052680508,71,9.12307728106281,0.187355699633618,0.203438395415473,-0.0160826957818552
2533,350,533,3582,1.98861147600383,79,9.34744815867275,0.212743782286586,0.226361031518625,-0.0136172492320382
2534,350,534,3583,2.17776927444962,94,9.92002810186878,0.2195325710861,0.269340974212034,-0.0498084031259344
2535,350,535,3584,2.27407814523188,69,10.4010435251664,0.218639422066595,0.197707736389685,0.0209316856769098
2536,350,536,3585,2.00678316954839,82,9.17734508407947,0.21866707104974,0.234957020057307,-0.0162899490075665
2537,350,537,3586,1.84560461929949,69,10.2702388812777,0.179704156897847,0.197707736389685,-0.0180035794918378
2538,350,538,3587,2.00942407619516,79,9.51400169277303,0.211207033705023,0.226361031518625,-0.0151539978136018
2539,350,539,3588,1.966238091003,91,8.65628173520186,0.227145805918845,0.260744985673352,-0.0335991797545079
2540,350,540,3589,2.31351647824911,90,9.76806806557845,0.236844835920184,0.257879656160458,-0.0210348202402747
2541,350,541,3590,2.14074094587926,94,9.26915578695158,0.230953173631285,0.269340974212034,-0.0383878005807491
2542,350,542,3591,1.93085415915642,84,9.35170525176976,0.206470810100758,0.240687679083095,-0.0342168689823365
2543,350,543,3592,2.11339138123226,83,9.5730055389556,0.220765711733081,0.237822349570201,-0.0170566378371199
2544,350,544,3593,1.98656622919301,72,9.16889244694202,0.216663707278578,0.206303724928367,0.010359982350211
2545,350,545,3594,2.28339090604577,90,9.24334330696332,0.24703084481625,0.257879656160458,-0.0108488113442089
2546,350,546,3595,1.91380129646649,69,9.35509544943679,0.20457314485035,0.197707736389685,0.00686540846066558
2547,350,547,3596,1.97393499973954,83,9.2884870722992,0.212514156974643,0.237822349570201,-0.0253081925955574
2548,350,548,3597,1.89834122571438,70,9.18606433425165,0.20665446666165,0.200573065902579,0.00608140075907099
2549,350,549,3598,1.71202267281421,65,8.60835959083858,0.198879084307331,0.186246418338109,0.012632665969222
2550,350,550,3599,1.88941537270682,82,9.19911570574194,0.205390978127112,0.234957020057307,-0.0295660419301942
2551,350,551,3600,2.26934355517467,81,10.5181193886877,0.215755637610974,0.232091690544413,-0.0163360529334382
2552,350,552,3601,1.94194382546088,75,9.00696146975181,0.215604766599984,0.214899713467049,0.000705053132934896
2553,350,553,3602,2.13167421502406,85,9.6753777728267,0.220319481582504,0.243553008595989,-0.0232335270134845
2554,350,554,3603,2.04150082001241,74,10.0419165921551,0.203297926374658,0.212034383954155,-0.00873645757949645
2555,350,555,3604,1.94591174780594,71,10.2091464597682,0.190604744037546,0.203438395415473,-0.0128336513779267
2556,350,556,3605,1.75160457005385,69,9.98558213776837,0.175413365579235,0.197707736389685,-0.0222943708104493
2557,350,557,3606,1.90901901069089,72,9.04318386054538,0.211100320432473,0.206303724928367,0.00479659550410577
2558,350,558,3607,2.35813084155411,88,9.69915116082884,0.243127548220683,0.25214899713467,-0.00902144891398732
2559,350,559,3608,2.10785678152046,74,9.99986497435152,0.210788524337765,0.212034383954155,-0.00124585961638965
2560,350,560,3609,1.72892800743209,68,9.64336139301499,0.179286862429983,0.194842406876791,-0.0155555444468076
2561,350,561,3610,2.05568299119534,82,9.57414253477994,0.21471196858911,0.234957020057307,-0.0202450514681964
2562,350,562,3611,2.30495222062731,79,10.3369641778952,0.222981542835978,0.226361031518625,-0.00337948868264679
2563,350,563,3612,2.08495430219728,66,9.72235187298145,0.214449582717881,0.189111747851003,0.025337834866878
2564,350,564,3613,2.442843257555,100,9.4965569324662,0.257234624604162,0.286532951289398,-0.0292983266852359
2565,350,565,3614,2.07475466832941,89,9.48415190786718,0.218760168382413,0.255014326647564,-0.0362541582651512
2566,350,566,3615,1.942644481742,74,9.70390193127541,0.200192097519134,0.212034383954155,-0.0118422864350202
2567,350,567,3616,2.14853249812791,69,9.95868676947403,0.215744560288182,0.197707736389685,0.0180368238984971
2568,350,568,3617,1.94871302274828,75,10.1993155492288,0.191063117259434,0.214899713467049,-0.0238365962076145
2569,350,569,3618,2.01552119423857,76,8.8532593528618,0.22765866376512,0.217765042979943,0.00989362078517766
2570,350,570,3619,2.41669239332419,108,9.43710271489549,0.256084146409649,0.30945558739255,-0.053371440982901
2571,350,571,3620,2.06352483727651,76,9.6153696964926,0.214606916053287,0.217765042979943,-0.00315812692665551
2572,350,572,3621,2.3470190962169,81,10.4070108749541,0.225522883027376,0.232091690544413,-0.00656880751703678
2573,350,573,3622,2.01171248924644,82,8.78787192590421,0.228919186147498,0.234957020057307,-0.0060378339098085
2574,350,574,3623,2.29857378626482,78,9.74763941252648,0.235808249463042,0.223495702005731,0.0123125474573114
2575,350,575,3624,2.02334593143333,95,9.03253826554547,0.224006350369017,0.272206303724928,-0.0481999533559115
2576,350,576,3625,2.40505528668265,91,10.0122785383986,0.240210585178879,0.260744985673352,-0.0205344004944737
2577,350,577,3626,2.09175918844325,80,9.68163295777503,0.216054378178365,0.229226361031519,-0.0131719828531539
2578,350,578,3627,1.91940671926302,73,8.80851031228188,0.217903669430545,0.209169054441261,0.00873461498928466
2579,350,579,3628,1.61305480821861,62,10.0214034837472,0.160960968275021,0.177650429799427,-0.0166894615244059
2580,350,580,3629,1.63097257538992,67,8.47435107764588,0.192459878101132,0.191977077363897,0.000482800737234917
2581,350,581,3630,1.93257961432804,78,8.81862403875556,0.219147522996202,0.223495702005731,-0.00434817900952911
2582,350,582,3631,2.26375175026729,88,8.73649350673362,0.259114454617578,0.25214899713467,0.00696545748290739
2583,350,583,3632,2.0460503037255,83,9.63487937735094,0.212358683860145,0.237822349570201,-0.0254636657100556
2584,350,584,3633,2.25253717552349,77,9.89538283691523,0.227635172145163,0.220630372492837,0.00700479965232653
2585,350,585,3634,2.09003403002372,82,9.27251558766068,0.225400972396856,0.234957020057307,-0.00955604766045068
2586,350,586,3635,1.82567994571663,83,8.82848446416772,0.206794263854293,0.237822349570201,-0.0310280857159075
2587,350,587,3636,2.09425429436056,72,9.49379285971925,0.220591951531423,0.206303724928367,0.0142882266030565
2588,350,588,3637,1.99746634402886,77,9.51379260266263,0.209954791685267,0.220630372492837,-0.0106755808075701
2589,350,589,3638,2.01574672247042,82,9.86808907253973,0.204269206292402,0.234957020057307,-0.0306878137649047
2590,350,590,3639,1.9163400187472,77,8.6821484628047,0.220721867053646,0.220630372492837,9.14945608096185e-05
2591,350,591,3640,1.89170729571997,71,9.13718753868699,0.207033869854422,0.203438395415473,0.00359547443894892
2592,350,592,3641,1.98515326157179,78,8.89621440136249,0.223145842940538,0.223495702005731,-0.000349859065192915
2593,350,593,3642,1.77512243148306,77,9.54676216463769,0.185939735469511,0.220630372492837,-0.0346906370233261
2594,350,594,3643,1.59811298671713,66,8.79354905609558,0.181736972924412,0.189111747851003,-0.00737477492659042
2595,350,595,3644,1.85919845060555,76,8.77938725441383,0.21176858893778,0.217765042979943,-0.00599645404216298
2596,350,596,3645,1.99671064203964,79,9.8038513302625,0.203665944614664,0.226361031518625,-0.0226950869039607
2597,350,597,3646,2.07465347779741,87,9.5629159854118,0.216947788829505,0.249283667621777,-0.0323358787922718
2598,350,598,3647,2.28198488993825,78,9.89662097122162,0.230582225647929,0.223495702005731,0.00708652364219869
2599,350,599,3648,2.22342104969226,94,8.95573653116753,0.248267804881749,0.269340974212034,-0.0210731693302851
2600,350,600,3649,1.9356597705145,72,10.2932266399092,0.188051797383875,0.206303724928367,-0.018251927544492
2601,350,601,3650,2.05715804919988,92,9.47609897370388,0.217089126539146,0.263610315186246,-0.0465211886471
2602,350,602,3651,2.26867989525465,88,9.6787193684295,0.234398767945967,0.25214899713467,-0.017750229188703
2603,350,603,3652,2.0338719120773,86,8.53152284369757,0.23839494417808,0.246418338108883,-0.00802339393080237
2604,350,604,3653,1.71601190679126,86,8.6831316105651,0.197625923889409,0.246418338108883,-0.0487924142194732
2605,350,605,3654,2.45597642693206,100,9.47277852376217,0.259266742146596,0.286532951289398,-0.0272662091428025
2606,350,606,3655,1.99919275258806,84,9.68617559198832,0.206396501240556,0.240687679083095,-0.0342911778425384
2607,350,607,3656,1.82039296722761,71,9.37990662699826,0.194073676809101,0.203438395415473,-0.00936471860637178
2608,350,608,3657,1.7869791013915,71,9.02381074756936,0.198029319472689,0.203438395415473,-0.00540907594278386
2609,350,609,3658,1.88658080760696,73,9.42992606855509,0.200063159975127,0.209169054441261,-0.00910589446613333
2610,350,610,3659,2.00576704109574,84,8.98596106536169,0.22321118759655,0.240687679083095,-0.0174764914865446
2611,350,611,3660,1.86031304982263,72,9.71127112200153,0.191562260640419,0.206303724928367,-0.0147414642879481
2612,350,612,3661,2.00556500682497,80,9.45180335742173,0.21218860898647,0.229226361031519,-0.0170377520450483
2613,350,613,3662,1.98483775013139,77,8.88094437432578,0.223493996412074,0.220630372492837,0.00286362391923706
2614,350,614,3663,1.98395327972883,82,9.5807809129248,0.207076364417478,0.234957020057307,-0.0278806556398287
2615,350,615,3664,2.09583132047129,80,9.96988980733305,0.210216096764657,0.229226361031519,-0.0190102642668616
2616,350,616,3665,2.18874156837409,84,9.5520504788578,0.229138400516055,0.240687679083095,-0.0115492785670398
2617,350,617,3666,1.96729944992473,86,8.34607630651926,0.235715488053715,0.246418338108883,-0.0107028500551679
2618,350,618,3667,2.02467420591461,79,9.59174758807046,0.21108501733644,0.226361031518625,-0.0152760141821844
2619,350,619,3668,2.03453896596084,79,9.30446032903433,0.21866275893639,0.226361031518625,-0.00769827258223474
2620,350,620,3669,2.09283606947405,86,9.26528986408815,0.225879179191769,0.246418338108883,-0.0205391589171137
2621,350,621,3670,1.97325144222855,71,10.2625819170517,0.192276315860623,0.203438395415473,-0.0111620795548495
2622,350,622,3671,1.94233939203859,78,9.23048325016193,0.210426620080213,0.223495702005731,-0.0130690819255178
2623,350,623,3672,1.97302177179003,82,8.68672359327623,0.22713071857348,0.234957020057307,-0.0078263014838269
2624,350,624,3673,2.1235523068684,79,9.75715538178977,0.217640513425837,0.226361031518625,-0.00872051809278718
2625,350,625,3674,2.14410584239347,77,9.36313705828914,0.228994388210445,0.220630372492837,0.0083640157176087
2626,350,626,3675,2.45166710857938,90,9.74758846612139,0.251515245755437,0.257879656160458,-0.00636441040502173
2627,350,627,3676,1.70691728056657,68,9.169006795493,0.186161633275874,0.194842406876791,-0.0086807736009164
2628,350,628,3677,1.75758905717289,67,9.66847700363437,0.181785513531471,0.191977077363897,-0.0101915638324262
2629,350,629,3678,2.13860394807193,82,9.65631582344773,0.221472038319098,0.234957020057307,-0.0134849817382087
2630,350,630,3679,1.86923768610392,82,9.30139552499305,0.200963143764959,0.234957020057307,-0.0339938762923475
2631,350,631,3680,2.18272638672042,78,9.14688556251373,0.238630555920126,0.223495702005731,0.0151348539143952
2632,350,632,3681,2.0610455237795,85,10.1659642192629,0.202739797162983,0.243553008595989,-0.0408132114330052
2633,350,633,3682,2.09405359982774,83,9.44260490154275,0.221766516937038,0.237822349570201,-0.0160558326331622
2634,350,634,3683,1.92599567467873,74,9.90817853940443,0.194384433730087,0.212034383954155,-0.0176499502240682
2635,350,635,3684,1.8888956580687,77,9.32343706289494,0.202596493688583,0.220630372492837,-0.0180338788042535
2636,350,636,3685,2.02296628093176,68,9.74557699253324,0.207577887125789,0.194842406876791,0.0127354802489986
2637,350,637,3686,1.8517522676726,72,9.42295487097039,0.196515030903666,0.206303724928367,-0.00978869402470048
2638,350,638,3687,2.18562562830503,76,10.1831321412275,0.214631961757257,0.217765042979943,-0.00313308122268607
2639,350,639,3688,2.18252878728379,83,9.74586147745892,0.223944162589601,0.237822349570201,-0.0138781869805999
2640,350,640,3689,1.7530103172388,71,8.85725765420145,0.197917954481911,0.203438395415473,-0.0055204409335616
2641,350,641,3690,1.92096697869641,69,9.67816304644554,0.19848466795586,0.197707736389685,0.000776931566175032
2642,350,642,3691,1.83293952467244,66,9.05498826494535,0.202423180576425,0.189111747851003,0.013311432725422
2643,350,643,3692,2.0612142666994,81,9.50629582744237,0.216826228019244,0.232091690544413,-0.015265462525169
2644,350,644,3693,2.23551470791513,81,10.159826896595,0.220034724082193,0.232091690544413,-0.0120569664622192
2645,350,645,3694,1.77266130083006,84,8.78230299121669,0.201844698663087,0.240687679083095,-0.038842980420008
2646,350,646,3695,2.22837245669258,93,9.81944010477941,0.226934777636453,0.26647564469914,-0.0395408670626878
2647,350,647,3696,2.01050400552798,74,9.51756163177068,0.211241501060177,0.212034383954155,-0.000792882893977803
2648,350,648,3697,2.32661755304775,82,9.76587938544487,0.238239431516568,0.234957020057307,0.00328241145926111
2649,350,649,3698,2.09414406551118,92,9.25131641157716,0.226361738410606,0.263610315186246,-0.0372485767756401
2650,350,650,3699,1.75241385489696,74,9.43554456247207,0.18572471819664,0.212034383954155,-0.0263096657575152
2651,350,651,3700,2.55052101902717,97,9.58112189187761,0.266202752434386,0.277936962750716,-0.0117342103163304
2652,350,652,3701,1.679028096599,70,8.89144516349166,0.188836355139781,0.200573065902579,-0.011736710762798
2653,350,653,3702,2.39805511511257,76,10.3364316478792,0.232000287604532,0.217765042979943,0.0142352446245897
2654,350,654,3703,2.07113980961852,76,9.46037592539503,0.218927855082253,0.217765042979943,0.0011628121023102
2655,350,655,3704,2.0469086957227,77,9.42799713029255,0.217109601056824,0.220630372492837,-0.00352077143601234
2656,350,656,3705,1.66146577494365,70,8.86788317467417,0.187357652578085,0.200573065902579,-0.0132154133244934
2657,350,657,3706,2.01405150136257,76,9.3821326658052,0.214668836298076,0.217765042979943,-0.00309620668186672
2658,350,658,3707,2.16060261136858,80,9.42014273985371,0.229359859084485,0.229226361031519,0.000133498052966335
2659,350,659,3708,1.80838471569613,75,9.1830812020726,0.196925702376233,0.214899713467049,-0.0179740110908153
2660,350,660,3709,1.84758914831757,85,9.09581745751944,0.203125134925633,0.243553008595989,-0.0404278736703554
2661,350,661,3710,2.14750260973318,98,8.78355745107979,0.244491212324134,0.28080229226361,-0.0363110799394762
2662,350,662,3711,2.07424651108941,74,9.67969737267156,0.214288363698805,0.212034383954155,0.00225397974465075
2663,350,663,3712,2.17913513836888,72,10.2944154147089,0.211681290348482,0.206303724928367,0.0053775654201153
2664,350,664,3713,1.93841459845745,84,8.93736547482589,0.216888814037809,0.240687679083095,-0.0237988650452854
2665,350,665,3714,1.93047335895183,79,8.63228415061965,0.223634130349295,0.226361031518625,-0.0027269011693293
2666,350,666,3715,2.62635664369159,97,9.41237876893202,0.279032188160612,0.277936962750716,0.00109522540989593
2667,350,667,3716,1.8027080587818,71,9.44702109402503,0.190822910295179,0.203438395415473,-0.012615485120294
2668,350,668,3717,1.72415601258359,78,8.31165007826674,0.207438474472343,0.223495702005731,-0.0160572275333873
2669,350,669,3718,1.80924416010128,76,9.3477431269357,0.193548767390485,0.217765042979943,-0.0242162755894577
2670,350,670,3719,2.40543937970801,94,10.3474420922593,0.232467054008204,0.269340974212034,-0.0368739202038307
2671,350,671,3720,2.05317487132332,93,9.03733709968846,0.227188036550512,0.26647564469914,-0.0392876081486285
2672,350,672,3721,1.75536933698287,72,9.09203628719889,0.193066688422079,0.206303724928367,-0.0132370365062875
2673,350,673,3722,2.30002311616416,82,9.71235051096067,0.236814261755537,0.234957020057307,0.00185724169823021
2674,350,674,3723,2.07758826373304,87,9.78597834214087,0.212302560980176,0.249283667621777,-0.0369811066416007
2675,350,675,3724,1.94550125893824,74,9.05171948846239,0.214931678054986,0.212034383954155,0.00289729410083089
2676,350,676,3725,1.97291004776957,79,9.85133918693871,0.200268208243741,0.226361031518625,-0.0260928232748836
2677,350,677,3726,1.92517049794153,81,9.3671105957532,0.205524476119066,0.232091690544413,-0.0265672144253463
2678,350,678,3727,2.2626603298677,85,9.43939927713802,0.239703848034885,0.243553008595989,-0.00384916056110352
2679,350,679,3728,2.01467786358547,90,9.10993401027346,0.221151751627781,0.257879656160458,-0.0367279045326777
2680,350,680,3729,1.81908877501927,73,9.57108333293954,0.190060906559946,0.209169054441261,-0.0191081478813152
2681,350,681,3730,1.83115011780732,67,8.68624730564214,0.210810267469347,0.191977077363897,0.0188331901054506
2682,350,682,3731,1.95822399064237,91,8.86405751959102,0.220917337947591,0.260744985673352,-0.0398276477257619
2683,350,683,3732,2.11291635574296,86,8.5583082185291,0.246884816694076,0.246418338108883,0.000466478585193358
2684,350,684,3733,2.07022208558092,85,9.01121701889411,0.22973834513587,0.243553008595989,-0.013814663460119
2685,350,685,3734,2.03194148279562,68,9.95500679793151,0.204112515846581,0.194842406876791,0.00927010896979061
2686,350,686,3735,1.98210219819224,92,9.76489789626547,0.2029823782336,0.263610315186246,-0.0606279369526465
2687,350,687,3736,1.88768611970343,74,9.38041176310594,0.201237021079168,0.212034383954155,-0.0107973628749865
2688,350,688,3737,1.88402717462523,79,9.09501825128296,0.207149356116956,0.226361031518625,-0.0192116754016686
2689,350,689,3738,1.8879783362468,80,9.31794756295987,0.202617402973137,0.229226361031519,-0.0266089580583821
2690,350,690,3739,1.9415132937612,79,8.9272415282626,0.217481882574208,0.226361031518625,-0.00887914894441694
2691,350,691,3740,1.876899707884,81,10.2224985053266,0.183604791617822,0.232091690544413,-0.0484868989265904
2692,350,692,3741,1.9465780822112,69,9.8352076735576,0.197919367523338,0.197707736389685,0.000211631133653467
2693,350,693,3742,1.88378416706957,76,9.09540199095035,0.207113898752785,0.217765042979943,-0.0106511442271579
2694,350,694,3743,1.85427927615585,59,10.0434712007739,0.184625339097202,0.169054441260745,0.0155708978364568
2695,350,695,3744,1.77990974759266,74,9.26081733650288,0.192197911147311,0.212034383954155,-0.0198364728068439
2696,350,696,3745,1.92548774146758,77,9.2444389960408,0.208286056329889,0.220630372492837,-0.0123443161629472
2697,350,697,3746,1.91435925796052,85,9.23071923081964,0.20739004297399,0.243553008595989,-0.0361629656219987
2698,350,698,3747,1.75040086737848,70,9.6591473328994,0.181216913569229,0.200573065902579,-0.0193561523333499
2699,350,699,3748,1.97758663809296,77,9.87216425760364,0.200319462530194,0.220630372492837,-0.0203109099626423
2700,350,700,3749,1.93934878980534,68,9.57873712286051,0.202463932868239,0.194842406876791,0.00762152599144864
2701,350,701,3750,1.78830083575142,76,9.60063979515628,0.186268923103818,0.217765042979943,-0.0314961198761244
2702,350,702,3751,2.03601213139271,79,9.74457809537903,0.208937945949472,0.226361031518625,-0.0174230855691525
2703,350,703,3752,1.99660430316485,77,9.76239500075152,0.204519926002906,0.220630372492837,-0.0161104464899302
2704,350,704,3753,1.77758634619984,72,9.76449823762113,0.182045846385743,0.206303724928367,-0.0242578785426233
2705,350,705,3754,1.90482262341548,82,8.871824134379,0.21470473203297,0.234957020057307,-0.0202522880243362
2706,350,706,3755,2.02777842680743,94,8.61089897020456,0.235489747797989,0.269340974212034,-0.0338512264140456
2707,350,707,3756,2.30783001804482,90,9.36891798753003,0.246328340275422,0.257879656160458,-0.0115513158850361
2708,350,708,3757,2.36066980793583,90,10.2646658430414,0.229980190688446,0.257879656160458,-0.0278994654720127
2709,350,709,3758,2.18437268897765,80,9.87924033525719,0.221107353890564,0.229226361031519,-0.00811900714095459
2710,350,710,3759,2.07691133866334,78,9.20013100683372,0.225748017840251,0.223495702005731,0.00225231583452037
2711,350,711,3760,1.69933149084064,82,8.39966426069323,0.202309454056726,0.234957020057307,-0.0326475660005802
2712,350,712,3761,1.61259427243269,63,8.7855638902897,0.183550457610925,0.180515759312321,0.00303469829860378
2713,350,713,3762,1.93764024173008,80,10.2910127302339,0.18828469972032,0.229226361031519,-0.040941661311199
2714,350,714,3763,1.74751957113431,78,8.96125271134751,0.195008401997351,0.223495702005731,-0.0284873000083797
2715,350,715,3764,2.03087515899335,65,10.1610598002006,0.199868438817106,0.186246418338109,0.0136220204789969
2716,350,716,3765,2.3201709258511,98,9.44528474257136,0.245643301296543,0.28080229226361,-0.0351589909670676
2717,350,717,3766,2.043643980142,77,9.5771257947669,0.213388027257476,0.220630372492837,-0.00724234523536071
2718,350,718,3767,2.06194441070782,76,9.7153247890412,0.212236281903172,0.217765042979943,-0.00552876107677108
2719,350,719,3768,2.30753203349159,82,9.89583538706358,0.233182136043626,0.234957020057307,-0.00177488401368059
2720,350,720,3769,2.05496416906143,82,9.87606480078704,0.208075201055553,0.234957020057307,-0.0268818190017539
2721,350,721,3770,1.98254483133393,78,9.12120215295004,0.217355650942646,0.223495702005731,-0.00614005106308416
2722,350,722,3771,2.28258293006787,95,9.37031226809695,0.243597317224888,0.272206303724928,-0.0286089865000405
2723,350,723,3772,1.95517054332511,77,9.62671875203744,0.203098334301218,0.220630372492837,-0.0175320381916186
2724,350,724,3773,2.14070326231783,76,9.90794542074352,0.216059250572374,0.217765042979943,-0.00170579240756905
2725,350,725,3774,2.0806283219465,96,9.16950546009911,0.22690736496099,0.275071633237822,-0.0481642682768322
2726,350,726,3775,2.03305402422224,71,9.1812401014332,0.221435666833817,0.203438395415473,0.0179972714183438
2727,350,727,3776,2.13494229610139,102,8.77078043589011,0.243415316539585,0.292263610315186,-0.0488482937756015
2728,350,728,3777,2.41015834178442,105,9.18329027278919,0.262450414850319,0.300859598853868,-0.0384091840035494
2729,350,729,3778,1.67199793306959,70,8.98889662776909,0.186007026480241,0.200573065902579,-0.0145660394223382
2730,350,730,3779,2.33073537954827,85,9.9035591900028,0.235343206904952,0.243553008595989,-0.00820980169103663
2731,350,731,3780,2.0368392596079,77,9.34813693896245,0.21788718681671,0.220630372492837,-0.00274318567612644
2732,350,732,3781,2.0171698525011,80,9.33984334393587,0.215974698741687,0.229226361031519,-0.0132516622898318
2733,350,733,3782,1.8873375101345,82,9.64749610218163,0.195629776902186,0.234957020057307,-0.0393272431551209
2734,350,734,3783,1.94501035319889,80,9.71189233811606,0.200270996164707,0.229226361031519,-0.0289553648668113
2735,350,735,3784,1.79342544639539,68,8.52333023313163,0.210413699497884,0.194842406876791,0.015571292621093
2736,350,736,3785,2.46745466477208,85,9.91466441569654,0.248869206391464,0.243553008595989,0.0053161977954751
2737,350,737,3786,2.45116110828788,92,8.96207799379234,0.273503657297526,0.263610315186246,0.0098933421112794
2738,350,738,3787,1.9797075691841,74,9.73458558380791,0.203368448727501,0.212034383954155,-0.00866593522665407
2739,350,739,3788,2.05645874687684,71,9.69971985759471,0.212012179430798,0.203438395415473,0.00857378401532494
2740,350,740,3789,1.82433342882078,65,9.51991919922577,0.191633289174255,0.186246418338109,0.00538687083614628
2741,350,741,3790,1.68746707561389,79,8.63710979768701,0.195374044690944,0.226361031518625,-0.0309869868276808
2742,350,742,3791,1.96464633462952,80,9.44888164492385,0.207923689644792,0.229226361031519,-0.0213026713867268
2743,350,743,3792,2.07509324094442,88,9.59414614531256,0.216287432932034,0.25214899713467,-0.035861564202637
2744,350,744,3793,2.20779952500025,91,9.64239735064102,0.228967905461133,0.260744985673352,-0.0317770802122193
2745,350,745,3794,1.92846736725353,72,9.78449087110088,0.197094298789668,0.206303724928367,-0.0092094261386991
2746,350,746,3795,2.11211277640896,81,9.42882265164451,0.224005992523423,0.232091690544413,-0.00808569802098991
2747,350,747,3796,2.27252712322733,97,9.33006322981873,0.243570388243927,0.277936962750716,-0.0343665745067897
2748,350,748,3797,1.84790720202683,69,9.73943737563098,0.189734491917415,0.197707736389685,-0.00797324447226944
2749,350,749,3798,2.13494031892543,75,9.69964226955306,0.220105057443918,0.214899713467049,0.00520534397686928
2750,350,750,3799,1.77571232313961,76,8.97452093195893,0.197861516687333,0.217765042979943,-0.0199035262926102
2751,350,751,3800,2.20849754984568,100,10.0447291038998,0.219866312670218,0.286532951289398,-0.0666666386191803
2752,350,752,3801,1.90705328912804,74,9.44985303024039,0.201807719445509,0.212034383954155,-0.0102266645086458
2753,350,753,3802,2.29854783135588,95,9.99964002439666,0.229863057644874,0.272206303724928,-0.0423432460800541
2754,350,754,3803,2.17367567760236,79,9.6528567880136,0.225184701828531,0.226361031518625,-0.00117632969009351
2755,350,755,3804,2.42470029296769,101,8.93828453850915,0.271271325333319,0.289398280802292,-0.0181269554689729
2756,350,756,3805,2.12799909895972,80,9.97220135039102,0.213393113936301,0.229226361031519,-0.0158332470952176
2757,350,757,3806,1.79753404545943,83,9.71368126836396,0.185051783746883,0.237822349570201,-0.052770565823318
2758,350,758,3807,2.20893895436082,84,9.10440190417275,0.242623181358944,0.240687679083095,0.00193550227584965
2759,350,759,3808,2.26530582958386,97,9.24452969248472,0.245042842084809,0.277936962750716,-0.0328941206659073
2760,350,760,3809,2.48225075236235,97,8.81122956925926,0.281714456858831,0.277936962750716,0.0037774941081149
2761,350,761,3810,2.33780668741634,97,9.58036680061445,0.244020582517404,0.277936962750716,-0.0339163802333118
2762,350,762,3811,2.23218571303549,78,9.88035146519863,0.225921691237186,0.223495702005731,0.00242598923145582
2763,350,763,3812,1.97894142606571,84,9.29823770126856,0.21282973071292,0.240687679083095,-0.0278579483701744
2764,350,764,3813,2.05222593656403,75,9.15810047352874,0.224088602488686,0.214899713467049,0.00918888902163734
2765,350,765,3814,1.88309351685874,77,9.14681741071143,0.20587417812162,0.220630372492837,-0.0147561943712162
2766,350,766,3815,1.89867244818137,80,10.0658350720347,0.188625427954441,0.229226361031519,-0.0406009330770772
2767,350,767,3816,2.19362672274692,75,9.75961902330825,0.224765609959572,0.214899713467049,0.00986589649252337
2768,350,768,3817,1.69808508664137,77,9.51977417447868,0.178374513462065,0.220630372492837,-0.0422558590307715
2769,350,769,3818,1.77413098326199,74,8.54358871345448,0.207656412634668,0.212034383954155,-0.00437797131948706
2770,350,770,3819,1.72385813014904,66,9.58042035235002,0.17993554215251,0.189111747851003,-0.0091762056984927
2771,350,771,3820,2.0494886217143,70,9.82199920647793,0.208663081581456,0.200573065902579,0.00809001567887693
2772,350,772,3821,2.06579528799881,84,9.51018456330123,0.217219263648204,0.240687679083095,-0.0234684154348908
2773,350,773,3822,2.37207267672282,92,10.0450281777448,0.236143954476728,0.263610315186246,-0.0274663607095187
2774,350,774,3823,1.91702494234779,84,9.61322389676548,0.199415405584468,0.240687679083095,-0.0412722734986263
2775,350,775,3824,1.79319345489163,73,9.21082738772786,0.194683211334609,0.209169054441261,-0.0144858431066518
2776,350,776,3825,2.00692010474324,82,10.1392562456322,0.197935633159265,0.234957020057307,-0.0370213868980411
2777,350,777,3826,2.06550029024767,88,9.19474687539087,0.2246391682381,0.25214899713467,-0.0275098288965709
2778,350,778,3827,1.81116293530556,71,9.43264246040835,0.192010133205785,0.203438395415473,-0.0114282622096873
2779,350,779,3828,2.23990793697895,76,10.6028383378994,0.211255502120833,0.217765042979943,-0.0065095408591094
2780,350,780,3829,1.64174916091662,69,9.21388082739746,0.178182157081398,0.197707736389685,-0.0195255793082868
2781,350,781,3830,1.95339276630812,67,10.1438177154784,0.192569782018799,0.191977077363897,0.000592704654902243
2782,350,782,3831,1.85100960293302,71,9.37118911097285,0.197521315706418,0.203438395415473,-0.00591707970905439
2783,350,783,3832,1.67558731737315,89,9.25374298475971,0.181071304890651,0.255014326647564,-0.0739430217569131
2784,350,784,3833,1.99154078600852,75,9.13326472512099,0.218053548861974,0.214899713467049,0.00315383539492553
2785,350,785,3834,2.12879757745214,82,9.85210485336535,0.216075408162649,0.234957020057307,-0.0188816118946571
2786,350,786,3835,1.86642040700701,69,9.52180968878984,0.196015302553712,0.197707736389685,-0.00169243383597292
2787,350,787,3836,1.82933852365802,77,9.73979093197473,0.187821128444604,0.220630372492837,-0.0328092440482323
2788,350,788,3837,2.30067162415211,84,10.4655013112887,0.219833867076246,0.240687679083095,-0.0208538120068484
2789,350,789,3838,2.22217799550956,78,9.30174261924414,0.238899105949475,0.223495702005731,0.0154034039437448
2790,350,790,3839,2.27110082384144,79,9.98176213771989,0.227525039417561,0.226361031518625,0.00116400789893628
2791,350,791,3840,2.21332177420696,78,9.5737418401451,0.231186699115486,0.223495702005731,0.00769099710975502
2792,350,792,3841,1.81887635998831,65,9.35089065703395,0.194513702138107,0.186246418338109,0.00826728379999836
2793,350,793,3842,2.2124534948495,84,9.70418376010427,0.22798965369404,0.240687679083095,-0.012698025389055
2794,350,794,3843,1.97815284019516,85,9.62245724174634,0.205576682805415,0.243553008595989,-0.0379763257905733
2795,350,795,3844,1.76933829494327,81,8.79259270231943,0.201230553358457,0.232091690544413,-0.0308611371859557
2796,350,796,3845,1.78209920461252,69,9.26752507659357,0.192295050715694,0.197707736389685,-0.00541268567399109
2797,350,797,3846,1.74968197374958,78,10.0659153058158,0.173822441436465,0.223495702005731,-0.049673260569266
2798,350,798,3847,2.1007783198057,77,9.53320113281767,0.220364418051965,0.220630372492837,-0.000265954440871879
2799,350,799,3848,2.11838616279166,90,9.48854606981508,0.223257193167946,0.257879656160458,-0.0346224629925126
2800,350,800,3849,1.78477494108312,71,9.3352487786252,0.191186650019408,0.203438395415473,-0.0122517453960645
2801,350,801,3850,2.15442663349333,90,8.93726675402489,0.241061019301352,0.257879656160458,-0.0168186368591061
2802,350,802,3851,1.99516995618039,74,9.6173231559402,0.207455850638445,0.212034383954155,-0.00457853331571015
2803,350,803,3852,2.23414312512166,92,8.98496305551133,0.248653568336182,0.263610315186246,-0.014956746850064
2804,350,804,3853,1.8328404372832,89,8.67693529915388,0.211231313141395,0.255014326647564,-0.0437830135061691
2805,350,805,3854,1.72458261886923,75,9.00093112651272,0.191600468288151,0.214899713467049,-0.0232992451788979
2806,350,806,3855,1.98892956850585,71,9.12257140795598,0.218022910379333,0.203438395415473,0.0145845149638604
2807,350,807,3856,2.00497428362363,77,9.03381274570634,0.221941093983442,0.220630372492837,0.00131072149060546
2808,350,808,3857,1.91729652422338,74,9.33589238170855,0.205368318938623,0.212034383954155,-0.0066660650155318
2809,350,809,3858,2.00747195275045,74,9.8132628644789,0.204567225037546,0.212034383954155,-0.0074671589166084
2810,350,810,3859,1.9421565168861,74,8.63557511032617,0.22490181511637,0.212034383954155,0.0128674311622151
2811,350,811,3860,1.96646881149625,61,10.0890092022269,0.194911985119628,0.174785100286533,0.0201268848330955
2812,350,812,3861,1.92546562915776,74,8.89457131673914,0.216476495672606,0.212034383954155,0.0044421117184513
2813,350,813,3862,1.89298852682883,74,9.69024337794337,0.195349946641958,0.212034383954155,-0.0166844373121964
2814,350,814,3863,2.00336690442124,72,10.3439763419921,0.193674737662384,0.206303724928367,-0.0126289872659824
2815,350,815,3864,1.86818157471007,73,9.50010781092086,0.196648460406154,0.209169054441261,-0.0125205940351067
2816,350,816,3865,1.8389344579402,75,8.44843008688839,0.217665819451373,0.214899713467049,0.00276610598432458
2817,350,817,3866,2.21939546711106,80,9.38969417537873,0.236365042956422,0.229226361031519,0.00713868192490333
2818,350,818,3867,1.91141077376005,71,9.98050244605309,0.191514483773905,0.203438395415473,-0.0119239116415679
2819,350,819,3868,2.0648797090542,88,9.1880722895458,0.224734813134157,0.25214899713467,-0.0274141840005139
2820,350,820,3869,2.42744708776469,94,9.7429310052365,0.249149571772603,0.269340974212034,-0.0201914024394317
2821,350,821,3870,1.75695744746702,76,9.22241040110456,0.190509570822894,0.217765042979943,-0.027255472157049
2822,350,822,3871,1.92523452791399,79,9.77509057246148,0.196953114003648,0.226361031518625,-0.0294079175149765
2823,350,823,3872,2.47736245172242,103,10.0396614092905,0.246757569874809,0.29512893982808,-0.0483713699532717
2824,350,824,3873,1.77590997062894,64,9.60816481419884,0.184833420842711,0.183381088825215,0.0014523320174962
2825,350,825,3874,1.75156780067523,71,9.5013921436699,0.184348543265017,0.203438395415473,-0.0190898521504556
2826,350,826,3875,2.31688893968684,97,9.28866803524039,0.249431773306654,0.277936962750716,-0.0285051894440628
2827,350,827,3876,2.18594121712209,76,10.3401630837599,0.211402972991334,0.217765042979943,-0.00636206998860842
2828,350,828,3877,1.99203261828725,68,9.43025341318828,0.211238503463902,0.194842406876791,0.0163960965871111
2829,350,829,3878,1.84524174499406,96,8.65170774670287,0.21328063765183,0.275071633237822,-0.0617909955859928
2830,350,830,3879,2.00200712254919,70,10.1211339916489,0.197804625865153,0.200573065902579,-0.00276844003742546
2831,350,831,3880,2.0771377619335,78,9.37808921029532,0.221488377360839,0.223495702005731,-0.00200732464489184
2832,350,832,3881,1.86994167132615,78,9.54374754374209,0.19593368985879,0.223495702005731,-0.0275620121469409
2833,350,833,3882,1.97861132628334,76,9.58296325503781,0.206471763861055,0.217765042979943,-0.0112932791188876
2834,350,834,3883,2.44427365444071,105,9.13839752133314,0.267472896504521,0.300859598853868,-0.033386702349347
2835,350,835,3884,2.49064675002514,88,9.57584877064027,0.260096708885118,0.25214899713467,0.00794771175044778
2836,350,836,3885,2.03448488341211,85,9.20314016780649,0.221064207033263,0.243553008595989,-0.0224888015627259
2837,350,837,3886,1.80031764857624,72,9.18533847915544,0.195999053563649,0.206303724928367,-0.0103046713647174
2838,350,838,3887,2.20566314240726,89,9.46904989684513,0.232933944422675,0.255014326647564,-0.022080382224889
2839,350,839,3888,2.2702688802575,81,9.82052912177543,0.231175820783785,0.232091690544413,-0.000915869760627602
2840,350,840,3889,1.88845730075802,75,9.12730180937418,0.206902033065071,0.214899713467049,-0.00799768040197724
2841,350,841,3890,2.13977412410735,81,9.66702396938752,0.221347762339615,0.232091690544413,-0.0107439282047979
2842,350,842,3891,1.87328312698362,70,9.61609939078622,0.194806963910807,0.200573065902579,-0.00576610199177194
2843,350,843,3892,1.96091856296718,69,10.0227894994265,0.195645988881577,0.197707736389685,-0.00206174750810773
2844,350,844,3893,2.25313883482685,97,9.85455234501175,0.228639389790989,0.277936962750716,-0.0492975729597273
2845,350,845,3894,1.97797464012835,71,9.26562912065183,0.213474402479559,0.203438395415473,0.0100360070640862
2846,350,846,3895,1.86750350886602,78,9.03787874643506,0.20663073285893,0.223495702005731,-0.0168649691468009
2847,350,847,3896,2.22881693933074,91,9.58764902571493,0.23246751454427,0.260744985673352,-0.0282774711290824
2848,350,848,3897,1.62473180493288,72,8.57238260683448,0.189530948331393,0.206303724928367,-0.0167727765969735
2849,350,849,3898,2.27675265460501,98,9.30134319791087,0.244776760319561,0.28080229226361,-0.0360255319440493
2850,350,850,3899,2.25929325097497,107,9.16452454714517,0.246525964260608,0.306590257879656,-0.0600642936190486
2851,350,851,3900,2.26478155148761,79,10.5915500190701,0.213829094647136,0.226361031518625,-0.0125319368714886
2852,350,852,3901,2.01243452402322,83,9.39275860246751,0.214253832041904,0.237822349570201,-0.0235685175282966
2853,350,853,3902,2.29283392766441,88,10.1021887772982,0.226964074638648,0.25214899713467,-0.0251849224960227
2854,350,854,3903,2.28980079457869,89,9.1602375512957,0.249971770028475,0.255014326647564,-0.00504255661908964
2855,350,855,3904,1.56695368258058,70,9.01740885691257,0.173769838702543,0.200573065902579,-0.0268032272000359
2856,350,856,3905,2.57413106878957,90,10.3657244915397,0.248331032808227,0.257879656160458,-0.00954862335223186
2857,350,857,3906,2.17770504012566,95,9.81774022792948,0.221813267571547,0.272206303724928,-0.0503930361533814
2858,350,858,3907,1.99133644976841,78,9.26435136203625,0.21494612757549,0.223495702005731,-0.00854957443024087
2859,350,859,3908,2.00456257648908,81,9.63231274785197,0.208108128230794,0.232091690544413,-0.023983562313619
2860,350,860,3909,2.65143136453444,85,10.1254853110192,0.261857213070962,0.243553008595989,0.0183042044749732
2861,350,861,3910,1.88893095520823,78,9.41926858574847,0.200539026784545,0.223495702005731,-0.0229566752211858
2862,350,862,3911,2.25842484975433,86,9.75892363878361,0.231421510542307,0.246418338108883,-0.014996827566576
2863,350,863,3912,2.00811162651848,89,9.3055901220104,0.215796268714729,0.255014326647564,-0.0392180579328355
2864,350,864,3913,2.01105364124074,74,9.4011197121338,0.21391639536779,0.212034383954155,0.00188201141363536
2865,350,865,3914,1.97716566677316,78,8.90627259627705,0.221996985315681,0.223495702005731,-0.00149871669005006
2866,350,866,3915,1.96731020456077,77,10.1478216239447,0.193865272515111,0.220630372492837,-0.0267650999777256
2867,350,867,3916,2.38672264669943,93,9.84565506231855,0.242413798938979,0.26647564469914,-0.0240618457601618
2868,350,868,3917,2.55947448552429,96,10.0217205859156,0.255392720599429,0.275071633237822,-0.019678912638393
2869,350,869,3918,2.23126682747022,94,8.75643576467891,0.254814503004812,0.269340974212034,-0.0145264712072226
2870,350,870,3919,2.10599462139997,94,9.34600385748317,0.225336374081821,0.269340974212034,-0.0440046001302131
2871,350,871,3920,1.87810373923925,75,9.51354318243858,0.197413697843524,0.214899713467049,-0.0174860156235243
2872,350,872,3921,1.93534957542968,87,9.55556494564982,0.202536384445877,0.249283667621777,-0.0467472831758991
2873,350,873,3922,1.87965347344286,80,9.28994296339399,0.202332078985784,0.229226361031519,-0.0268942820457344
2874,350,874,3923,2.13400575438307,79,9.53459098541425,0.223817231137404,0.226361031518625,-0.00254380038122023
2875,350,875,3924,1.88618993831772,75,9.5090940118527,0.198356429746794,0.214899713467049,-0.0165432837202547
2876,350,876,3925,2.08007820922826,78,9.63065715453631,0.215985075146038,0.223495702005731,-0.00751062685969248
2877,350,877,3926,2.1554207919155,87,9.76352059643328,0.220762661442319,0.249283667621777,-0.0285210061794578
2878,350,878,3927,1.74905186766533,66,8.82871137833244,0.198109530679401,0.189111747851003,0.00899778282839839
2879,350,879,3928,1.72190939843755,65,9.09121145730817,0.189403734202371,0.186246418338109,0.00315731586426246
2880,350,880,3929,1.91729067116688,76,9.89531898709114,0.193757338562614,0.217765042979943,-0.0240077044173282
2881,350,881,3930,1.75233269782342,72,8.7838951414248,0.199493808795533,0.206303724928367,-0.00680991613283327
2882,350,882,3931,2.28284043630707,89,10.0759753142322,0.226562726199079,0.255014326647564,-0.028451600448485
2883,350,883,3932,2.02168093739595,88,9.24249477297497,0.218737579739546,0.25214899713467,-0.033411417395124
2884,350,884,3933,2.14418894581577,76,9.87954489189197,0.217033169976836,0.217765042979943,-0.000731873003106592
2885,350,885,3934,2.15302804586079,73,9.15210206378496,0.235249566805025,0.209169054441261,0.0260805123637646
2886,350,886,3935,1.91712378327589,76,9.51576593901506,0.201468152491603,0.217765042979943,-0.0162968904883395
2887,350,887,3936,1.823494232349,60,9.86603152449186,0.184825502312889,0.171919770773639,0.0129057315392496
2888,350,888,3937,2.09408241825238,75,9.62718188211186,0.217517695613851,0.214899713467049,0.00261798214680192
2889,350,889,3938,2.10892746679664,75,9.04477245298748,0.233165342495716,0.214899713467049,0.0182656290286676
2890,350,890,3939,1.80977456281825,68,9.54242213662143,0.189655680382529,0.194842406876791,-0.00518672649426163
2891,350,891,3940,1.9299166349524,75,9.88553817415134,0.19522625889997,0.214899713467049,-0.0196734545670789
2892,350,892,3941,2.09275778354809,90,8.49048012673622,0.246482855187196,0.257879656160458,-0.0113968009732621
2893,350,893,3942,2.03679231936433,74,9.80422050901445,0.207746481986162,0.212034383954155,-0.00428790196799256
2894,350,894,3943,2.19647271103356,68,9.8114036956631,0.223869364584851,0.194842406876791,0.0290269577080601
2895,350,895,3944,2.07192428552568,86,9.50242260235716,0.218041690232943,0.246418338108883,-0.0283766478759394
2896,350,896,3945,2.64754988820482,93,9.71754302474926,0.272450544490708,0.26647564469914,0.00597489979156762
2897,350,897,3946,1.95267337414371,70,10.3704958117842,0.188291226338942,0.200573065902579,-0.0122818395636364
2898,350,898,3947,1.96825278359256,74,9.4206421791799,0.20892978909044,0.212034383954155,-0.00310459486371492
2899,350,899,3948,1.86924298878281,70,9.65474365174327,0.193608764376183,0.200573065902579,-0.00696430152639543
2900,350,900,3949,2.32245964319354,83,10.1341851549763,0.229170831959107,0.237822349570201,-0.00865151761109359
2901,350,901,3950,2.34484393219121,91,9.14720621199137,0.25634536686374,0.260744985673352,-0.00439961880961232
2902,350,902,3951,1.9598429429046,86,9.44388315685687,0.207525115500993,0.246418338108883,-0.0388932226078895
2903,350,903,3952,1.71228236153314,74,9.19271971354469,0.186265046133217,0.212034383954155,-0.0257693378209377
2904,350,904,3953,1.72296725865723,78,8.82666084644135,0.195200346839188,0.223495702005731,-0.0282953551665428
2905,350,905,3954,1.78551076040466,68,9.98248706120649,0.178864320029367,0.194842406876791,-0.0159780868474235
2906,350,906,3955,1.93938883079104,70,9.59713736642588,0.202079928289419,0.200573065902579,0.00150686238683978
2907,350,907,3956,2.13535373642811,77,9.61306885152007,0.222130286322713,0.220630372492837,0.00149991382987671
2908,350,908,3957,2.30147042424099,79,9.44743297600842,0.243608018187113,0.226361031518625,0.0172469866684887
2909,350,909,3958,2.33286563285545,82,9.75128587744819,0.239236718333801,0.234957020057307,0.00427969827649466
2910,350,910,3959,2.17613767032425,73,9.72762742509552,0.223706930295275,0.209169054441261,0.0145378758540145
2911,350,911,3960,1.95089164295015,75,9.2921303446483,0.209950955334343,0.214899713467049,-0.00494875813270607
2912,350,912,3961,2.66518490461106,97,10.063137995263,0.264846303992417,0.277936962750716,-0.0130906587582997
2913,350,913,3962,1.77221628011914,77,9.35161722832115,0.189509069591945,0.220630372492837,-0.0311213029008919
2914,350,914,3963,1.73320553032107,68,9.23956113868993,0.187585265610009,0.194842406876791,-0.00725714126678165
2915,350,915,3964,1.93136113185187,67,9.66304600813507,0.199870840956972,0.191977077363897,0.00789376359307531
2916,350,916,3965,1.83506454017487,74,8.9432995138593,0.205188760292674,0.212034383954155,-0.00684562366148045
2917,350,917,3966,1.90493541539969,73,8.91271792377927,0.213732267944585,0.209169054441261,0.004563213503324
2918,350,918,3967,2.19248300848034,82,10.3156764349803,0.212538947135417,0.234957020057307,-0.0224180729218897
2919,350,919,3968,1.69606852411556,67,9.3011207168546,0.182350984977769,0.191977077363897,-0.00962609238612833
2920,350,920,3969,2.10980744760414,72,9.61247217892591,0.219486455547785,0.206303724928367,0.0131827306194182
2921,350,921,3970,2.10612220440044,76,9.89894771919435,0.212762231314406,0.217765042979943,-0.00500281166553651
2922,350,922,3971,2.1490090170148,87,10.1638760468849,0.211435972566139,0.249283667621777,-0.0378476950556372
2923,350,923,3972,1.86454528421855,68,9.73336189600819,0.191562309522595,0.194842406876791,-0.0032800973541959
2924,350,924,3973,2.03081229507152,89,8.76074386486301,0.231808203321246,0.255014326647564,-0.0232061233263187
2925,350,925,3974,1.78850082881818,66,9.04360754221479,0.197764091428074,0.189111747851003,0.00865234357707081
2926,350,926,3975,2.05024477954838,85,9.36624925451581,0.218897097849482,0.243553008595989,-0.0246559107465068
2927,350,927,3976,2.23607502069123,102,8.80755296499225,0.253881529816403,0.292263610315186,-0.0383820804987835
2928,350,928,3977,1.90819235730748,80,9.18225555225209,0.207813030953976,0.229226361031519,-0.0214133300775428
2929,350,929,3978,1.98606863673729,87,9.15750131537629,0.216878880858308,0.249283667621777,-0.0324047867634689
2930,350,930,3979,1.68771727562612,72,9.06494515791915,0.186180638296717,0.206303724928367,-0.0201230866316499
2931,350,931,3980,1.94515253646536,87,9.14768126651392,0.212638862220288,0.249283667621777,-0.0366448054014885
2932,350,932,3981,1.8920934558746,77,9.31684608967447,0.203083043088105,0.220630372492837,-0.0175473294047317
2933,350,933,3982,1.82811141004699,74,9.49828951030966,0.192467434064072,0.212034383954155,-0.019566949890083
2934,350,934,3983,1.93064967261596,72,10.2443641410519,0.18845968827673,0.206303724928367,-0.0178440366516363
2935,350,935,3984,1.87806678534573,70,9.37918155530417,0.200237811185522,0.200573065902579,-0.00033525471705656
2936,350,936,3985,2.06370479402715,76,9.45787166750404,0.218199703546175,0.217765042979943,0.000434660566232065
2937,350,937,3986,1.92768352323588,80,9.25160223269357,0.208362127418727,0.229226361031519,-0.0208642336127914
2938,350,938,3987,2.17643085891827,82,9.70731464781668,0.224205245001282,0.234957020057307,-0.0107517750560248
2939,350,939,3988,1.92260446239265,76,10.1345996205967,0.189706997253776,0.217765042979943,-0.0280580457261665
2940,350,940,3989,2.28778486765457,85,9.02074769622874,0.253613663156882,0.243553008595989,0.0100606545608933
2941,350,941,3990,2.26475163288426,88,9.16748712181659,0.247041703226902,0.25214899713467,-0.00510729390776804
2942,350,942,3991,2.07093308541871,69,9.63558372536727,0.214925545192102,0.197707736389685,0.0172178088024177
2943,350,943,3992,2.07174792518121,72,9.98915635526927,0.207399689373004,0.206303724928367,0.00109596444463689
2944,350,944,3993,2.17859103330795,95,9.36947768423113,0.232520008770022,0.272206303724928,-0.0396862949549063
2945,350,945,3994,2.18368998553474,79,9.34397116125932,0.233700420072833,0.226361031518625,0.00733938855420826
2946,350,946,3995,1.71950238923844,66,9.0160823742169,0.19071502653477,0.189111747851003,0.00160327868376667
2947,350,947,3996,2.19522307545393,80,9.0248038857878,0.243243299603546,0.229226361031519,0.0140169385720276
2948,350,948,3997,1.9174015888741,72,9.47041842259431,0.202462183117443,0.206303724928367,-0.00384154181092361
2949,350,949,3998,2.21066034700212,77,10.4586440085006,0.211371602781903,0.220630372492837,-0.00925876971093326
2950,350,950,3999,2.21292708331323,98,9.23703478552508,0.239571154022393,0.28080229226361,-0.0412311382412173
2951,350,951,4000,1.71242484980563,79,9.10802068941444,0.188012841450377,0.226361031518625,-0.0383481900682477
2952,350,952,4001,1.72578705933602,67,8.83487841512322,0.195337952402591,0.191977077363897,0.00336087503869462
2953,350,953,4002,2.04729916408749,77,9.56214848620683,0.214104515009432,0.220630372492837,-0.00652585748340478
2954,350,954,4003,2.17604390536215,93,9.83733792808497,0.221202516500901,0.26647564469914,-0.0452731281982396
2955,350,955,4004,2.43465087315774,97,9.84498516372875,0.247298582239369,0.277936962750716,-0.0306383805113476
2956,350,956,4005,2.08748373347531,99,8.86963010621985,0.23535183637607,0.283667621776504,-0.0483157854004347
2957,350,957,4006,2.33514109988297,76,10.3621944332958,0.22535198648461,0.217765042979943,0.00758694350466754
2958,350,958,4007,2.0395394698022,79,9.79375914739945,0.208248889839584,0.226361031518625,-0.018112141679041
2959,350,959,4008,2.32570552140301,90,9.73883187582745,0.238807441288271,0.257879656160458,-0.0190722148721872
2960,350,960,4009,1.76952305666102,81,9.26896819576294,0.190908310319795,0.232091690544413,-0.0411833802246178
2961,350,961,4010,1.88689238132713,78,9.59220457440912,0.196711023695339,0.223495702005731,-0.0267846783103919
2962,350,962,4011,2.00240830985818,70,9.81709196252507,0.203971636152743,0.200573065902579,0.00339857025016405
2963,350,963,4012,1.62165609428371,63,9.2128836332229,0.17602046860071,0.180515759312321,-0.00449529071161095
2964,350,964,4013,1.89253432053901,74,9.73845621361577,0.194336173930009,0.212034383954155,-0.017698210024146
2965,350,965,4014,1.83164432040705,79,8.90917515776458,0.205590785675678,0.226361031518625,-0.0207702458429471
2966,350,966,4015,2.13243889635171,93,9.52239397924686,0.223939368713283,0.26647564469914,-0.042536275985857
2967,350,967,4016,1.98435526245531,83,9.23115656122441,0.214962800088411,0.237822349570201,-0.0228595494817895
2968,350,968,4017,1.7282969844606,66,8.94604019075016,0.193191283250392,0.189111747851003,0.00407953539938888
2969,350,969,4018,2.26182256293706,87,9.8474628412781,0.229685818509115,0.249283667621777,-0.0195978491126615
2970,350,970,4019,1.86703530001122,74,9.19089854150821,0.203139583314869,0.212034383954155,-0.0088948006392856
2971,350,971,4020,2.57986769677026,99,10.0678492917463,0.256248144167718,0.283667621776504,-0.0274194776087863
2972,350,972,4021,1.82648498478356,75,8.97005214997961,0.203620330656351,0.214899713467049,-0.0112793828106979
2973,350,973,4022,1.76313913447039,68,9.53632945941912,0.184886558499603,0.194842406876791,-0.00995584837718735
2974,350,974,4023,2.3331658836492,95,9.66575065509466,0.241384861549209,0.272206303724928,-0.0308214421757191
2975,350,975,4024,2.25836444001218,118,8.72422703998582,0.258861264116741,0.33810888252149,-0.0792476184047491
2976,350,976,4025,2.01479072031134,76,9.24304962260069,0.217979000716913,0.217765042979943,0.000213957736970388
2977,350,977,4026,2.42945122339327,102,9.51053652595108,0.255448387876341,0.292263610315186,-0.0368152224388448
2978,350,978,4027,1.87349848242518,66,10.0634227848581,0.186169111889459,0.189111747851003,-0.00294263596154343
2979,350,979,4028,2.23604668112435,86,9.66981827700488,0.231239783113788,0.246418338108883,-0.0151785549950949
2980,350,980,4029,2.27495209637407,78,9.49902441895148,0.239493235940663,0.223495702005731,0.0159975339349324
2981,350,981,4030,2.46495794518671,99,9.7028189900839,0.254045545702321,0.283667621776504,-0.029622076074183
2982,350,982,4031,1.98354477496943,82,9.61308306834682,0.206338045855516,0.234957020057307,-0.0286189742017907
2983,350,983,4032,2.2167195264879,92,9.97602835071246,0.222204613755893,0.263610315186246,-0.0414057014303534
2984,350,984,4033,2.05110639983632,72,8.94010764640298,0.229427483533889,0.206303724928367,0.0231237586055222
2985,350,985,4034,2.19971055827581,79,9.92074007100897,0.221728474139137,0.226361031518625,-0.00463255737948792
2986,350,986,4035,1.92385761814852,76,9.1291787334508,0.210737205867073,0.217765042979943,-0.00702783711287
2987,350,987,4036,2.14388682228995,78,10.1946221773599,0.210295858443,0.223495702005731,-0.0131998435627307
2988,350,988,4037,1.90036961923299,72,9.65707236012751,0.196785272841002,0.206303724928367,-0.00951845208736515
2989,350,989,4038,2.06823771560951,91,8.57927779133722,0.241073638820494,0.260744985673352,-0.0196713468528584
2990,350,990,4039,1.82470437780583,76,9.02422749683717,0.202200618107794,0.217765042979943,-0.0155644248721483
2991,350,991,4040,1.83440936520732,88,9.01066109515702,0.203582106333271,0.25214899713467,-0.0485668908013997
2992,350,992,4041,2.18947859613414,74,9.70025701488956,0.225713462310676,0.212034383954155,0.0136790783565209
2993,350,993,4042,2.00712750164859,86,9.1163644720785,0.220167535841288,0.246418338108883,-0.0262508022675945
2994,350,994,4043,2.16625211528535,72,10.0093395113891,0.216423082943734,0.206303724928367,0.0101193580153669
2995,350,995,4044,2.14702559209937,69,9.4023968072025,0.228348753634253,0.197707736389685,0.0306410172445681
2996,350,996,4045,2.01959478666745,80,9.31366361134935,0.216842144073835,0.229226361031519,-0.0123842169576834
2997,350,997,4046,2.06614297027869,86,9.77918511584525,0.21127966653693,0.246418338108883,-0.0351386715719529
2998,350,998,4047,2.01295375689183,74,10.0634646498333,0.200025918203545,0.212034383954155,-0.0120084657506098
2999,350,999,4048,2.52766423837319,111,9.23074341783453,0.273831058231944,0.318051575931232,-0.0442205176992876
3000,350,1000,4049,2.09804187977143,77,9.70221951615667,0.216243497302618,0.220630372492837,-0.00438687519021905
3001,400,1,4050,2.06944363490796,92,9.45720815979384,0.218821834091159,0.230576441102757,-0.0117546070115981
3002,400,2,4051,2.22128352325194,72,11.0799656298903,0.200477474159271,0.180451127819549,0.0200263463397221
3003,400,3,4052,1.93704057665111,81,9.82392765404571,0.197175777842114,0.203007518796992,-0.00583174095487868
3004,400,4,4053,2.03917844866614,83,9.40595690373481,0.216796490727747,0.208020050125313,0.00877644060243415
3005,400,5,4054,2.04208971239202,90,10.3491525963008,0.197319509340498,0.225563909774436,-0.0282444004339383
3006,400,6,4055,2.02208998616773,82,9.82587960575432,0.205792261588829,0.205513784461153,0.000278477127675758
3007,400,7,4056,1.95944448963071,83,10.2802197413007,0.190603366361777,0.208020050125313,-0.0174166837635365
3008,400,8,4057,2.137255270335,73,10.7676460074103,0.198488626842315,0.182957393483709,0.0155312333586053
3009,400,9,4058,2.05769863838472,86,10.2185823184209,0.201368308662087,0.215538847117794,-0.014170538455707
3010,400,10,4059,1.81800481330942,78,10.3754542142192,0.175221708445103,0.195488721804511,-0.0202670133594088
3011,400,11,4060,2.0999847734732,95,9.68646660721533,0.216795747988121,0.238095238095238,-0.0212994901071171
3012,400,12,4061,2.51288688156296,103,10.4006791426525,0.241607961085712,0.258145363408521,-0.0165374023228089
3013,400,13,4062,2.07305402313686,85,9.86035440309134,0.210241329914768,0.213032581453634,-0.00279125153886636
3014,400,14,4063,1.94417421823837,77,9.80026335878526,0.198379793181328,0.192982456140351,0.00539733704097733
3015,400,15,4064,2.0559680213175,81,9.83938749337319,0.20895284617078,0.203007518796992,0.00594532737378745
3016,400,16,4065,1.99333561098071,93,9.62190413584874,0.207166438455155,0.233082706766917,-0.0259162683117627
3017,400,17,4066,1.96658397355521,85,10.1707718265187,0.193356414547385,0.213032581453634,-0.0196761669062492
3018,400,18,4067,2.26883869627084,84,10.2111186885475,0.222192960974541,0.210526315789474,0.0116666451850677
3019,400,19,4068,2.12030302836539,86,10.1144784820772,0.209630484866081,0.215538847117794,-0.00590836225171376
3020,400,20,4069,2.07035712618231,100,9.85413494063773,0.210100342511478,0.25062656641604,-0.040526223904562
3021,400,21,4070,1.67128339523625,77,9.60782686799641,0.173950198957402,0.192982456140351,-0.0190322571829492
3022,400,22,4071,2.11426303079475,80,10.1259300524061,0.208796922342195,0.200501253132832,0.00829566920936337
3023,400,23,4072,2.02373808980908,96,9.44822810207078,0.214192340399311,0.240601503759398,-0.0264091633600873
3024,400,24,4073,2.05661747196377,96,10.463617836506,0.196549367924022,0.240601503759398,-0.0440521358353768
3025,400,25,4074,2.31692950507712,94,10.1524287003574,0.228214309448493,0.235588972431078,-0.00737466298258493
3026,400,26,4075,1.89280600639706,77,9.97130531720676,0.189825298311825,0.192982456140351,-0.00315715782852588
3027,400,27,4076,1.89875730654294,84,9.6838597141726,0.19607443339602,0.210526315789474,-0.0144518823934537
3028,400,28,4077,1.96819460166729,89,10.1753697397921,0.193427330111692,0.223057644110276,-0.0296303139985834
3029,400,29,4078,1.99722080272264,88,10.1850968885719,0.196092469671408,0.220551378446115,-0.0244589087747071
3030,400,30,4079,1.92016696026071,85,9.68587036148015,0.19824413177127,0.213032581453634,-0.0147884496823636
3031,400,31,4080,1.99519887991778,88,10.161831944958,0.196342440095926,0.220551378446115,-0.0242089383501892
3032,400,32,4081,2.03370929344904,86,10.2358679928374,0.198684595666156,0.215538847117794,-0.0168542514516382
3033,400,33,4082,1.62099766313118,67,10.1494629700712,0.159712653557255,0.167919799498747,-0.0082071459414921
3034,400,34,4083,1.96180236522384,101,9.19962473796417,0.213248085775505,0.2531328320802,-0.0398847463046957
3035,400,35,4084,1.89957199542323,90,10.1340612894858,0.187444297124397,0.225563909774436,-0.038119612650039
3036,400,36,4085,1.8640786751053,77,9.77922360291852,0.190616223822613,0.192982456140351,-0.00236623231773794
3037,400,37,4086,2.13907765795033,83,10.2636446629324,0.208413066527497,0.208020050125313,0.000393016402184199
3038,400,38,4087,2.31045452701993,95,9.82043166536992,0.235270159779977,0.238095238095238,-0.00282507831526088
3039,400,39,4088,2.0920106663887,97,10.1821935651777,0.205457758487643,0.243107769423559,-0.0376500109359162
3040,400,40,4089,1.94089956342752,83,10.3362681111678,0.187775659701636,0.208020050125313,-0.0202443904236775
3041,400,41,4090,2.10200953179745,85,10.1748069962739,0.206589622050543,0.213032581453634,-0.0064429594030912
3042,400,42,4091,2.48238276735944,99,10.1324885530045,0.244992407775617,0.24812030075188,-0.00312789297626317
3043,400,43,4092,2.02000911470902,81,10.6497067215867,0.189677440658014,0.203007518796992,-0.0133300781389787
3044,400,44,4093,1.93732511512989,99,10.2785518587649,0.188482301957534,0.24812030075188,-0.0596379987943453
3045,400,45,4094,2.01915481295526,96,9.40003117604813,0.214802991090093,0.240601503759398,-0.0257985126693056
3046,400,46,4095,1.77435786843456,85,9.25056394315112,0.191810778168638,0.213032581453634,-0.0212218032849959
3047,400,47,4096,2.60353967891569,96,10.4603027552367,0.248897162905949,0.240601503759398,0.00829565914655017
3048,400,48,4097,2.18183058157994,82,9.63935486294108,0.22634612093887,0.205513784461153,0.0208323364777169
3049,400,49,4098,1.80750172519172,78,9.86639265574075,0.183197830074199,0.195488721804511,-0.0122908917303124
3050,400,50,4099,2.31469426429104,89,10.9974316148559,0.210475895223048,0.223057644110276,-0.0125817488872276
3051,400,51,4100,2.1944341971217,88,9.52429994982496,0.230403726119738,0.220551378446115,0.00985234767362234
3052,400,52,4101,2.18154792566677,89,9.61166038324083,0.226968893893773,0.223057644110276,0.00391124978349724
3053,400,53,4102,1.99152967133262,82,9.7087612317998,0.205127062431984,0.205513784461153,-0.000386722029168673
3054,400,54,4103,1.81337812289964,74,9.57886776967671,0.189310278260668,0.18546365914787,0.00384661911279854
3055,400,55,4104,2.1710037613883,99,10.2928584773313,0.210923308250051,0.24812030075188,-0.0371969925018284
3056,400,56,4105,2.232038619381,86,9.67732903733817,0.23064614324563,0.215538847117794,0.015107296127836
3057,400,57,4106,1.84800870521277,74,9.80819487969681,0.188414762133059,0.18546365914787,0.0029511029851898
3058,400,58,4107,1.87835593163787,86,10.1651106667938,0.184784602274313,0.215538847117794,-0.0307542448434818
3059,400,59,4108,1.85406050478181,80,9.98861778799887,0.185617324051525,0.200501253132832,-0.0148839290813074
3060,400,60,4109,2.1551844682664,80,10.6232646969273,0.202874025052747,0.200501253132832,0.00237277191991508
3061,400,61,4110,1.93632547149105,74,10.2615984275471,0.188696282081455,0.18546365914787,0.00323262293358578
3062,400,62,4111,2.16808369873304,88,9.59454912165274,0.22597035788166,0.220551378446115,0.0054189794355447
3063,400,63,4112,1.84678522476237,77,9.65714205597703,0.191235172275357,0.192982456140351,-0.00174728386499345
3064,400,64,4113,2.12633237108868,86,9.84160704128296,0.216055402554611,0.215538847117794,0.000516555436816557
3065,400,65,4114,2.13474420429596,84,10.0972994601518,0.211417341113884,0.210526315789474,0.000891025324410821
3066,400,66,4115,2.06924852834071,88,10.2468661668123,0.201939646195694,0.220551378446115,-0.0186117322504211
3067,400,67,4116,2.04996777540468,97,9.13213913947281,0.224478377310732,0.243107769423559,-0.0186293921128272
3068,400,68,4117,1.9336071427705,77,10.5572062076238,0.183155193215244,0.192982456140351,-0.00982726292510727
3069,400,69,4118,2.11302778226544,92,9.94198220665796,0.21253586441247,0.230576441102757,-0.018040576690287
3070,400,70,4119,1.87821031263636,88,9.41348838806339,0.199523304773818,0.220551378446115,-0.0210280736722977
3071,400,71,4120,1.91012954125881,84,10.1467169623566,0.188250992744276,0.210526315789474,-0.0222753230451974
3072,400,72,4121,2.2185584683852,104,9.47044567884512,0.234261252703341,0.260651629072682,-0.0263903763693403
3073,400,73,4122,2.05138062761027,81,10.4041877835748,0.197168743037184,0.203007518796992,-0.00583877575980879
3074,400,74,4123,1.83253035366687,77,9.89031877281909,0.185285266912032,0.192982456140351,-0.00769718922831886
3075,400,75,4124,1.85044430875855,71,10.2594084686522,0.180365594606416,0.177944862155388,0.00242073245102783
3076,400,76,4125,2.07719665921493,92,10.1578174307144,0.20449241910315,0.230576441102757,-0.026084021999607
3077,400,77,4126,2.17851676631074,101,9.22084260591148,0.236260053383201,0.2531328320802,-0.0168727786969996
3078,400,78,4127,1.95679702248657,86,9.41476335055178,0.207843463465482,0.215538847117794,-0.00769538365231198
3079,400,79,4128,2.3227797948128,100,10.3402951163815,0.224633800937941,0.25062656641604,-0.0259927654780993
3080,400,80,4129,1.8380834845171,77,10.6154861461389,0.173151135917186,0.192982456140351,-0.0198313202231649
3081,400,81,4130,1.85541485675607,79,9.59015481717298,0.193470792925428,0.197994987468672,-0.00452419454324365
3082,400,82,4131,2.04874660931228,77,9.96894388270341,0.205512904217161,0.192982456140351,0.0125304480768098
3083,400,83,4132,1.86199537675384,76,10.6660291627765,0.174572500068914,0.19047619047619,-0.0159036904072764
3084,400,84,4133,2.01521068520416,101,9.78144436926421,0.206023835450771,0.2531328320802,-0.0471089966294299
3085,400,85,4134,1.96734988948225,73,10.2157830114739,0.192579451547925,0.182957393483709,0.00962205806421618
3086,400,86,4135,2.66999165382621,118,9.9985142628875,0.267038840334178,0.295739348370927,-0.0287005080367496
3087,400,87,4136,1.99104581993323,85,10.200650065626,0.195188130866545,0.213032581453634,-0.0178444505870896
3088,400,88,4137,1.99338887770017,89,9.32797209356381,0.213700133073466,0.223057644110276,-0.00935751103680918
3089,400,89,4138,1.95359242947995,82,10.2500148318341,0.190594107572661,0.205513784461153,-0.0149196768884921
3090,400,90,4139,1.59049211477344,80,9.04873800759277,0.175769495529527,0.200501253132832,-0.0247317576033049
3091,400,91,4140,1.74143510441049,76,9.25621807640166,0.188136784379595,0.19047619047619,-0.00233940609659541
3092,400,92,4141,1.88946072903426,72,10.3406843977486,0.182721051756075,0.180451127819549,0.00226992393652586
3093,400,93,4142,1.92078795567504,77,10.5640031615468,0.181823871718134,0.192982456140351,-0.0111585844222171
3094,400,94,4143,2.31553161454455,111,9.45976176725646,0.244776948036833,0.278195488721804,-0.0334185406849719
3095,400,95,4144,1.90808127691431,85,10.0490144495366,0.189877453803671,0.213032581453634,-0.023155127649963
3096,400,96,4145,1.72416472467869,79,9.35284110088302,0.184346628589243,0.197994987468672,-0.0136483588794286
3097,400,97,4146,1.96975359394199,71,10.428195624839,0.188887288348353,0.177944862155388,0.0109424261929641
3098,400,98,4147,1.9942028077682,86,9.51613023039015,0.209560268668837,0.215538847117794,-0.00597857844895738
3099,400,99,4148,1.97935332159634,83,9.76854905085026,0.202625109552381,0.208020050125313,-0.00539494057293216
3100,400,100,4149,1.93957719977895,91,9.87358574975814,0.196441014332251,0.228070175438596,-0.0316291611063457
3101,400,101,4150,1.88861876439119,99,8.67580130352738,0.217688107221096,0.24812030075188,-0.0304321935307835
3102,400,102,4151,2.01278752145942,78,10.6991147572244,0.188126547581923,0.195488721804511,-0.00736217422258859
3103,400,103,4152,2.1645381931089,85,10.513759462018,0.205876708605375,0.213032581453634,-0.00715587284825869
3104,400,104,4153,2.20520097596463,89,10.3227828827817,0.213624659261496,0.223057644110276,-0.00943298484878005
3105,400,105,4154,2.17997414401031,86,10.1059444807097,0.215712064139226,0.215538847117794,0.000173217021431776
3106,400,106,4155,2.01953272286983,73,10.0376659877036,0.20119544975334,0.182957393483709,0.018238056269631
3107,400,107,4156,2.00213960883641,86,10.2735816476454,0.194882337777039,0.215538847117794,-0.0206565093407559
3108,400,108,4157,1.82427014685967,81,10.0047452054202,0.18234049037764,0.203007518796992,-0.0206670284193524
3109,400,109,4158,1.68236561647389,74,9.21770070557018,0.182514671522938,0.18546365914787,-0.00294898762493173
3110,400,110,4159,2.28125743920275,80,10.3873681998642,0.219618424543051,0.200501253132832,0.0191171714102187
3111,400,111,4160,1.93225825243126,84,9.8523237662603,0.1961220822897,0.210526315789474,-0.0144042334997742
3112,400,112,4161,2.2010193845067,85,10.4521043366826,0.21058145935092,0.213032581453634,-0.00245112210271359
3113,400,113,4162,2.05157897107739,80,9.73447380299389,0.210753967045082,0.200501253132832,0.0102527139122501
3114,400,114,4163,1.98786568938065,80,10.2782677106366,0.193404739528577,0.200501253132832,-0.00709651360425495
3115,400,115,4164,1.80273460518994,78,9.65776761295014,0.186661625899203,0.195488721804511,-0.00882709590530847
3116,400,116,4165,2.0309920295411,83,10.2307162494322,0.198519045981147,0.208020050125313,-0.00950100414416619
3117,400,117,4166,2.12035876790591,85,10.5357360772961,0.201253975265682,0.213032581453634,-0.0117786061879523
3118,400,118,4167,2.00680654011762,79,10.2416566435512,0.195945500807356,0.197994987468672,-0.00204948666131602
3119,400,119,4168,2.07454615967442,79,10.7188141660529,0.193542506431787,0.197994987468672,-0.00445248103688475
3120,400,120,4169,1.63636953536023,79,9.06974444722984,0.180420688243319,0.197994987468672,-0.0175742992253522
3121,400,121,4170,1.90371899227826,85,9.52543968286806,0.199856285448133,0.213032581453634,-0.0131762960055009
3122,400,122,4171,1.89614951811385,76,10.4217412948294,0.18194171822847,0.19047619047619,-0.00853447224772097
3123,400,123,4172,2.04545770292831,98,9.63451017234503,0.212305313538368,0.245614035087719,-0.0333087215493511
3124,400,124,4173,2.00611240550642,98,9.62458227553542,0.208436309033975,0.245614035087719,-0.0371777260537442
3125,400,125,4174,2.00494386827127,86,10.1911085243685,0.196734620525053,0.215538847117794,-0.0188042265927412
3126,400,126,4175,2.05139767076044,90,10.527952122965,0.194852488575214,0.225563909774436,-0.0307114211992225
3127,400,127,4176,2.05822563650525,80,11.0027220186133,0.187065131066961,0.200501253132832,-0.0134361220658706
3128,400,128,4177,1.82343639286549,75,9.92572699617479,0.183708094487004,0.18796992481203,-0.0042618303250257
3129,400,129,4178,1.81221187530454,77,10.058606256815,0.180165306110547,0.192982456140351,-0.0128171500298039
3130,400,130,4179,1.82753632577118,78,10.1010532902797,0.180925322662126,0.195488721804511,-0.0145633991423851
3131,400,131,4180,1.8972132446076,81,9.25933374730608,0.204897382077795,0.203007518796992,0.00188986328080273
3132,400,132,4181,2.29986104619559,90,10.3583330819397,0.22203003398351,0.225563909774436,-0.00353387579092634
3133,400,133,4182,1.93097423885176,85,9.47746609445971,0.203743724283072,0.213032581453634,-0.0092888571705621
3134,400,134,4183,1.85277011119823,88,9.42240787568258,0.196634462829812,0.220551378446115,-0.0239169156163033
3135,400,135,4184,1.9478634710059,84,9.57150395341249,0.203506521074093,0.210526315789474,-0.00701979471538047
3136,400,136,4185,1.79884388026226,74,9.91358606935272,0.181452389445963,0.18546365914787,-0.00401126970190699
3137,400,137,4186,1.82158502868577,92,10.125519336723,0.17990040491842,0.230576441102757,-0.0506760361843368
3138,400,138,4187,1.80234824866449,87,8.95886081756849,0.20118051673825,0.218045112781955,-0.0168645960437049
3139,400,139,4188,1.89727274895685,81,10.2681677335795,0.184772278578221,0.203007518796992,-0.0182352402187715
3140,400,140,4189,1.86234206586715,83,9.76172192646044,0.190780077520855,0.208020050125313,-0.0172399726044588
3141,400,141,4190,2.45935859018351,88,11.0018537223622,0.223540382579768,0.220551378446115,0.00298900413365322
3142,400,142,4191,2.04562391367104,86,9.87742787673409,0.207100870712448,0.215538847117794,-0.00843797640534621
3143,400,143,4192,1.67834016920049,67,10.5493903503762,0.159093569718997,0.167919799498747,-0.00882622977974984
3144,400,144,4193,2.06415592643253,84,11.7487672278454,0.17569127776575,0.210526315789474,-0.034835038023724
3145,400,145,4194,2.01640276147929,92,10.4098325865178,0.193701747335573,0.230576441102757,-0.0368746937671834
3146,400,146,4195,2.04644878184126,76,10.7221347675844,0.190862064896643,0.19047619047619,0.000385874420452875
3147,400,147,4196,1.82531668752321,89,8.98983156165093,0.203042367924856,0.223057644110276,-0.0200152761854195
3148,400,148,4197,2.17043518943576,93,10.4694049899568,0.207312181687292,0.233082706766917,-0.025770525079625
3149,400,149,4198,2.04484967066412,96,9.60768486142787,0.212834798409512,0.240601503759398,-0.0277667053498869
3150,400,150,4199,2.20340374839381,95,9.40920857911206,0.234175247563887,0.238095238095238,-0.00391999053135131
3151,400,151,4200,2.34952409703466,112,9.5264389146697,0.246631938553308,0.280701754385965,-0.0340698158326566
3152,400,152,4201,2.14471178573971,85,10.9404578473296,0.196034920628409,0.213032581453634,-0.0169976608252248
3153,400,153,4202,2.03059545528977,83,10.123916738807,0.200574096733342,0.208020050125313,-0.00744595339197138
3154,400,154,4203,1.93728191612209,87,10.1430330161158,0.190996313730225,0.218045112781955,-0.0270487990517301
3155,400,155,4204,2.36188862281486,105,9.4824482627172,0.249080043188979,0.263157894736842,-0.0140778515478628
3156,400,156,4205,2.2460270900403,90,10.2711679293569,0.218672998580885,0.225563909774436,-0.00689091119355134
3157,400,157,4206,1.96986905160965,78,10.326244414771,0.190763357178713,0.195488721804511,-0.0047253646257979
3158,400,158,4207,2.08211667237519,87,10.5224207184586,0.197874303649798,0.218045112781955,-0.0201708091321572
3159,400,159,4208,2.00034502663531,82,8.92336388026193,0.224169388750354,0.205513784461153,0.0186556042892013
3160,400,160,4209,2.01509888796104,85,10.1274244669546,0.198974467253371,0.213032581453634,-0.0140581142002635
3161,400,161,4210,2.37083492136874,105,10.3880274609063,0.228227633233644,0.263157894736842,-0.0349302615031978
3162,400,162,4211,2.05924758899993,82,9.87820783735782,0.208463683180686,0.205513784461153,0.00294989871953316
3163,400,163,4212,1.87648260560431,82,10.0376208928635,0.186944956940787,0.205513784461153,-0.0185688275203658
3164,400,164,4213,2.06429560841064,89,10.735839927352,0.19228077378011,0.223057644110276,-0.0307768703301661
3165,400,165,4214,2.22749588193994,100,10.7290537469145,0.207613451706356,0.25062656641604,-0.0430131147096837
3166,400,166,4215,2.11072923999935,85,10.2472664766633,0.205979735650111,0.213032581453634,-0.00705284580352328
3167,400,167,4216,2.31987815392342,90,10.669855742265,0.217423572535664,0.225563909774436,-0.00814033723877236
3168,400,168,4217,2.09839331220896,90,10.7138153463994,0.195858640863562,0.225563909774436,-0.0297052689108737
3169,400,169,4218,2.04665977126136,77,9.99061642135502,0.20485820743619,0.192982456140351,0.0118757512958393
3170,400,170,4219,1.88345659920664,76,10.593614952358,0.177791679957879,0.19047619047619,-0.0126845105183118
3171,400,171,4220,1.93221020491472,84,10.3337053056257,0.186981353519227,0.210526315789474,-0.0235449622702467
3172,400,172,4221,2.11803326649853,86,10.3963202056065,0.203729129596867,0.215538847117794,-0.0118097175209279
3173,400,173,4222,2.24062152852357,87,10.6868421696685,0.20966170295683,0.218045112781955,-0.00838340982512537
3174,400,174,4223,1.89153562948762,81,9.7348973862312,0.194304629462552,0.203007518796992,-0.00870288933444011
3175,400,175,4224,2.05090339280524,87,9.89430755483235,0.207281144379182,0.218045112781955,-0.0107639684027728
3176,400,176,4225,2.3584410570986,92,10.2253001140221,0.230647612373199,0.230576441102757,7.11712704425937e-05
3177,400,177,4226,2.11288811238887,78,10.5029985540265,0.201169989838651,0.195488721804511,0.00568126803413962
3178,400,178,4227,2.00506646360612,88,9.70639534994204,0.206571687152439,0.220551378446115,-0.0139796912936762
3179,400,179,4228,2.15318827447379,87,10.0002481870465,0.215313483645621,0.218045112781955,-0.00273162913633385
3180,400,180,4229,1.81506179494229,74,9.50548638717705,0.190948860585485,0.18546365914787,0.00548520143761524
3181,400,181,4230,2.27565013528624,98,10.0339416079228,0.226795234037378,0.245614035087719,-0.0188188010503409
3182,400,182,4231,2.29088998033861,77,10.1244813484408,0.226272329563965,0.192982456140351,0.0332898734236143
3183,400,183,4232,2.03768540556182,87,9.71673603901697,0.20970883611324,0.218045112781955,-0.00833627666871475
3184,400,184,4233,2.08885535456537,81,10.3407088478185,0.202003110744777,0.203007518796992,-0.00100440805221572
3185,400,185,4234,2.57936523058583,112,10.1634610522887,0.253788076455017,0.280701754385965,-0.0269136779309481
3186,400,186,4235,1.72198810335691,73,10.1498421826024,0.169656638239019,0.182957393483709,-0.0133007552446906
3187,400,187,4236,2.4534656629572,92,10.4224912463405,0.235401076860453,0.230576441102757,0.00482463575769576
3188,400,188,4237,1.82923869723121,83,9.2656476069948,0.197421569955918,0.208020050125313,-0.0105984801693955
3189,400,189,4238,1.78797180247976,96,8.95984508645185,0.199553874562334,0.240601503759398,-0.0410476291970644
3190,400,190,4239,2.13996707651863,97,10.0073289306808,0.213839985808586,0.243107769423559,-0.0292677836149729
3191,400,191,4240,1.95771468508087,95,8.89982631880129,0.219972234845202,0.238095238095238,-0.0181230032500357
3192,400,192,4241,2.48150863643266,101,11.4275111473273,0.217152151893814,0.2531328320802,-0.0359806801863868
3193,400,193,4242,2.25714021202291,93,9.46497565015586,0.23847290214484,0.233082706766917,0.00539019537792229
3194,400,194,4243,1.73767884711596,79,10.554918280453,0.164632145976348,0.197994987468672,-0.0333628414923236
3195,400,195,4244,2.28304926563904,77,10.8377695570167,0.210656745710276,0.192982456140351,0.0176742895699256
3196,400,196,4245,1.87799882625777,83,10.1119781146924,0.185720222587219,0.208020050125313,-0.0222998275380942
3197,400,197,4246,1.98646706107398,89,10.2645734573804,0.193526508366081,0.223057644110276,-0.0295311357441942
3198,400,198,4247,2.02184941426342,79,10.8675575920415,0.186044508818068,0.197994987468672,-0.011950478650604
3199,400,199,4248,2.16641119176951,99,9.89522656730228,0.218934976075049,0.24812030075188,-0.0291853246768311
3200,400,200,4249,2.26142146989548,79,10.7524986298727,0.21031590402744,0.197994987468672,0.0123209165587678
3201,400,201,4250,2.2075870670429,94,10.4472008211097,0.211308952976402,0.235588972431078,-0.0242800194546757
3202,400,202,4251,1.85410489765668,77,9.51364236705489,0.194889068363272,0.192982456140351,0.00190661222292068
3203,400,203,4252,1.77450940077417,83,9.1638107992066,0.193643173092117,0.208020050125313,-0.0143768770331964
3204,400,204,4253,1.76774687445904,81,9.08315589681482,0.194618136531041,0.203007518796992,-0.00838938226595148
3205,400,205,4254,1.73784630765997,77,9.62483293229723,0.180558594615023,0.192982456140351,-0.0124238615253283
3206,400,206,4255,1.97819737840428,86,10.2751016677502,0.192523387346436,0.215538847117794,-0.0230154597713589
3207,400,207,4256,1.74655963779592,80,9.8555108970846,0.177216549809973,0.200501253132832,-0.0232847033228592
3208,400,208,4257,1.84291886991448,79,9.71411669794531,0.189715537420328,0.197994987468672,-0.0082794500483438
3209,400,209,4258,1.52112351055073,73,9.50573732173195,0.160021622633433,0.182957393483709,-0.0229357708502768
3210,400,210,4259,2.04772935855405,96,10.7810258045853,0.189938267069458,0.240601503759398,-0.0506632366899403
3211,400,211,4260,2.01660403482867,81,9.74588623328695,0.206918487098791,0.203007518796992,0.00391096830179816
3212,400,212,4261,1.93916359449003,85,10.4363248541415,0.185809048835857,0.213032581453634,-0.0272235326177774
3213,400,213,4262,1.97592122775617,67,10.3732907319867,0.190481620423815,0.167919799498747,0.0225618209250679
3214,400,214,4263,2.14916238343664,87,10.2746050348025,0.209172262695932,0.218045112781955,-0.0088728500860232
3215,400,215,4264,2.08646688338286,102,10.3762969557516,0.201080105193628,0.255639097744361,-0.0545589925507328
3216,400,216,4265,1.88163422910354,81,10.3429151497439,0.181924941069456,0.203007518796992,-0.021082577727536
3217,400,217,4266,1.75953101320752,84,10.7248474726162,0.164061168953698,0.210526315789474,-0.0464651468357758
3218,400,218,4267,1.96207953673433,91,9.0574539598616,0.216625946477824,0.228070175438596,-0.0114442289607726
3219,400,219,4268,2.15721048722474,96,10.1821602822028,0.211861768763873,0.240601503759398,-0.0287397349955255
3220,400,220,4269,2.34895339800123,84,10.6018371064713,0.221560978008937,0.210526315789474,0.0110346622194634
3221,400,221,4270,2.24513428690161,95,9.81102957813171,0.228837785985876,0.238095238095238,-0.00925745210936166
3222,400,222,4271,2.14845427727974,82,10.0055027982777,0.214727267644118,0.205513784461153,0.00921348318296519
3223,400,223,4272,1.97080778407272,84,9.77045640722863,0.201710923413427,0.210526315789474,-0.00881539237604648
3224,400,224,4273,2.19443298748507,98,9.90889142431041,0.22146099836166,0.245614035087719,-0.0241530367260598
3225,400,225,4274,1.81728936490245,73,9.95250738512227,0.182596133273818,0.182957393483709,-0.000361260209890801
3226,400,226,4275,1.81258049775141,73,9.96920412811058,0.181817974078834,0.182957393483709,-0.00113941940487539
3227,400,227,4276,2.21516373018096,92,10.1497070106449,0.218249032002374,0.230576441102757,-0.0123274091003825
3228,400,228,4277,1.7853780095798,74,9.66857784630053,0.184657768491044,0.18546365914787,-0.00080589065682557
3229,400,229,4278,1.77024805919314,77,9.46076096961979,0.187114764327915,0.192982456140351,-0.00586769181243618
3230,400,230,4279,2.13329493177065,93,9.63913997703533,0.221315899224734,0.233082706766917,-0.0117668075421835
3231,400,231,4280,2.26828205465088,105,9.65288330096945,0.234984924599997,0.263157894736842,-0.0281729701368448
3232,400,232,4281,1.9160562135908,84,9.38476704560145,0.204166624944499,0.210526315789474,-0.00635969084497498
3233,400,233,4282,1.99331652673554,88,9.83762493002398,0.202621724340397,0.220551378446115,-0.0179296541057179
3234,400,234,4283,2.09675782013423,93,10.2332312482597,0.204896944988985,0.233082706766917,-0.0281857617779326
3235,400,235,4284,1.74454329938309,68,9.99086232391284,0.174613886451781,0.170426065162907,0.00418782128887354
3236,400,236,4285,2.22415545413162,93,10.7020791598216,0.207824612481066,0.233082706766917,-0.0252580942858515
3237,400,237,4286,2.27765087499292,103,9.87044984454984,0.23075451583907,0.258145363408521,-0.0273908475694511
3238,400,238,4287,2.27963877907417,89,10.6871163245647,0.21330719249629,0.223057644110276,-0.00975045161398552
3239,400,239,4288,1.84119886898176,71,9.69958643095406,0.189822409655115,0.177944862155388,0.0118775474997264
3240,400,240,4289,2.41027562725364,96,10.116678827417,0.238247716308005,0.240601503759398,-0.0023537874513932
3241,400,241,4290,1.76941376435529,75,9.363491020643,0.188969451719919,0.18796992481203,0.00099952690788857
3242,400,242,4291,2.07390399881297,94,9.97203275673862,0.207972040345688,0.235588972431078,-0.0276169320853896
3243,400,243,4292,2.39197087503482,93,10.4590560057619,0.228698543512636,0.233082706766917,-0.00438416325428115
3244,400,244,4293,1.91698029803375,76,9.69805084358657,0.19766655474914,0.19047619047619,0.00719036427294986
3245,400,245,4294,1.86590244364579,85,8.84103403489407,0.211050250036522,0.213032581453634,-0.00198233141711207
3246,400,246,4295,1.87189138641064,86,9.41869412897259,0.19874213566959,0.215538847117794,-0.0167967114482044
3247,400,247,4296,2.35912667819337,81,11.4963132764312,0.205207236569471,0.203007518796992,0.00219971777247868
3248,400,248,4297,1.54847925710184,61,10.0121746425277,0.154659633135495,0.152882205513784,0.00177742762171096
3249,400,249,4298,2.42441896035819,94,10.569287312319,0.229383390640957,0.235588972431078,-0.0062055817901209
3250,400,250,4299,1.8556315570585,84,10.1329620635368,0.183128244774146,0.210526315789474,-0.0273980710153279
3251,400,251,4300,2.38299512587357,86,11.1412312400072,0.213889746522489,0.215538847117794,-0.00164910059530585
3252,400,252,4301,1.80118636080196,78,9.7762368019718,0.184241277833887,0.195488721804511,-0.0112474439706241
3253,400,253,4302,1.87244938305882,83,9.82553684387416,0.19056967703767,0.208020050125313,-0.0174503730876436
3254,400,254,4303,2.17146854576649,89,10.5607850640163,0.205616204913148,0.223057644110276,-0.0174414391971277
3255,400,255,4304,1.82681210949316,83,10.5092664199332,0.173828699025861,0.208020050125313,-0.0341913510994525
3256,400,256,4305,1.9891833607173,80,10.7056049650877,0.185807655634995,0.200501253132832,-0.0146935974978374
3257,400,257,4306,1.98705535483983,90,9.61569180189403,0.206647155064645,0.225563909774436,-0.0189167547097908
3258,400,258,4307,1.83826085508159,76,9.88473385025732,0.185969686481112,0.19047619047619,-0.00450650399507818
3259,400,259,4308,1.75838751901935,85,9.73244470100458,0.18067274698595,0.213032581453634,-0.0323598344676841
3260,400,260,4309,2.11988873978446,106,9.08604735263738,0.233312534869095,0.265664160401002,-0.0323516255319073
3261,400,261,4310,2.32636200625205,99,10.5925327074066,0.219622829639733,0.24812030075188,-0.0284974711121467
3262,400,262,4311,2.09779343206571,86,9.88433909597349,0.212234061548968,0.215538847117794,-0.00330478556882663
3263,400,263,4312,1.84833894988872,82,10.2766537293852,0.179858054826111,0.205513784461153,-0.0256557296350422
3264,400,264,4313,2.20824606375118,96,9.78287197175344,0.225725744968058,0.240601503759398,-0.0148757587913405
3265,400,265,4314,2.08197318444895,79,10.3641234531612,0.200882707916212,0.197994987468672,0.00288772044754051
3266,400,266,4315,1.85669920743271,89,9.59930588828878,0.193420152356838,0.223057644110276,-0.0296374917534379
3267,400,267,4316,1.79364495018114,78,9.51679027692803,0.18847162730165,0.195488721804511,-0.00701709450286164
3268,400,268,4317,2.01666330988399,81,9.94394817424062,0.202803079274696,0.203007518796992,-0.000204439522295985
3269,400,269,4318,2.23005825592566,93,10.3037777229802,0.216431130007009,0.233082706766917,-0.0166515767599079
3270,400,270,4319,2.08403323389643,100,9.29769400647648,0.224145173248846,0.25062656641604,-0.0264813931671943
3271,400,271,4320,2.39920597274114,92,10.6503590221514,0.225269962050209,0.230576441102757,-0.00530647905254761
3272,400,272,4321,1.91035952920564,82,9.94294038600167,0.192132252134909,0.205513784461153,-0.0133815323262439
3273,400,273,4322,1.98272229948198,94,9.23921706253808,0.214598519123579,0.235588972431078,-0.0209904533074987
3274,400,274,4323,2.13694195050689,83,10.5587216282963,0.202386427612611,0.208020050125313,-0.00563362251270222
3275,400,275,4324,1.78544801116264,86,10.2179136807633,0.174737041919233,0.215538847117794,-0.0408018051985612
3276,400,276,4325,1.91980714457534,69,10.1289030672925,0.189537517717457,0.172932330827068,0.0166051868903889
3277,400,277,4326,2.097291006223,85,10.1177243427573,0.207288806768524,0.213032581453634,-0.00574377468511039
3278,400,278,4327,2.24342233309808,85,10.3262745927861,0.217253793993173,0.213032581453634,0.00422121253953892
3279,400,279,4328,1.94858487544606,84,9.57210405758128,0.203569127928853,0.210526315789474,-0.00695718786062058
3280,400,280,4329,1.92072769161952,81,9.86576493569669,0.194686139811609,0.203007518796992,-0.00832137898538324
3281,400,281,4330,2.00112578664394,86,9.90595970174287,0.202012308438107,0.215538847117794,-0.0135265386796876
3282,400,282,4331,1.7684135378471,72,10.0856648620087,0.175339311988095,0.180451127819549,-0.00511181583145368
3283,400,283,4332,1.84505848607281,79,9.58362649360021,0.192521952655909,0.197994987468672,-0.00547303481276296
3284,400,284,4333,2.24073844879967,88,10.0733699018945,0.222441791637003,0.220551378446115,0.00189041319088765
3285,400,285,4334,2.03083714151465,93,10.018570359093,0.202707279454442,0.233082706766917,-0.0303754273124754
3286,400,286,4335,2.43313237282049,97,10.8556995389535,0.224134093255776,0.243107769423559,-0.0189736761677827
3287,400,287,4336,2.20103230178049,108,9.7990619132548,0.224616633843617,0.270676691729323,-0.046060057885706
3288,400,288,4337,2.31541500821149,105,9.7899338559168,0.236509770371135,0.263157894736842,-0.0266481243657068
3289,400,289,4338,1.78918204732713,71,10.4621917542112,0.171014075191936,0.177944862155388,-0.00693078696345226
3290,400,290,4339,1.7874506051674,95,9.69629934920315,0.184343587258813,0.238095238095238,-0.053751650836425
3291,400,291,4340,2.23756542597305,100,10.2698881560352,0.217876318804711,0.25062656641604,-0.0327502476113295
3292,400,292,4341,2.05612457354078,82,10.3670459090029,0.198332735437702,0.205513784461153,-0.00718104902345129
3293,400,293,4342,2.04559411195616,91,9.34832476536155,0.218819324670418,0.228070175438596,-0.00925085076817803
3294,400,294,4343,1.68222174588413,76,8.97871574777235,0.187356610136755,0.19047619047619,-0.00311958033943535
3295,400,295,4344,2.14976571218728,80,10.1805673723737,0.211163644771012,0.200501253132832,0.0106623916381798
3296,400,296,4345,2.46530704699824,86,9.65374729859893,0.255373066100046,0.215538847117794,0.0398342189822513
3297,400,297,4346,1.52086452747984,70,8.57453127188548,0.177369990178531,0.175438596491228,0.00193139368730322
3298,400,298,4347,1.90956554671966,76,10.2214082888193,0.186820200579254,0.19047619047619,-0.00365598989693672
3299,400,299,4348,2.39923005277648,113,9.85841044568676,0.243368854035307,0.283208020050125,-0.0398391660148188
3300,400,300,4349,2.03779997708997,88,10.3674107247622,0.196558237267745,0.220551378446115,-0.0239931411783704
3301,400,301,4350,1.81436166254248,78,9.75897660287011,0.18591720590957,0.195488721804511,-0.00957151589494107
3302,400,302,4351,2.00405442562127,76,10.7437556653565,0.186532018043132,0.19047619047619,-0.00394417243305856
3303,400,303,4352,1.87573279189184,77,9.64825414650702,0.194411627576261,0.192982456140351,0.00142917143591006
3304,400,304,4353,1.71269487534214,65,9.51468117122819,0.180005493039664,0.162907268170426,0.0170982248692381
3305,400,305,4354,1.94821397923064,92,10.1246796714396,0.192422283218135,0.230576441102757,-0.0381541578846221
3306,400,306,4355,1.90082802677233,85,9.88388239888405,0.192315929111717,0.213032581453634,-0.0207166523419174
3307,400,307,4356,2.35257602722158,97,9.877476018872,0.238175827785026,0.243107769423559,-0.00493194163853269
3308,400,308,4357,1.78964587362934,82,9.27973662807061,0.192855244211972,0.205513784461153,-0.0126585402491811
3309,400,309,4358,2.51541463838249,90,10.9607966382603,0.229491954043017,0.225563909774436,0.0039280442685814
3310,400,310,4359,1.85767006839672,73,10.0474098981408,0.184890443132063,0.182957393483709,0.00193304964835364
3311,400,311,4360,1.93859944106782,93,8.97529142639415,0.215992924237187,0.233082706766917,-0.0170897825297306
3312,400,312,4361,1.91134953090585,76,10.518070475629,0.181720548016345,0.19047619047619,-0.00875564245984503
3313,400,313,4362,2.12263988862006,102,9.72550807531366,0.218254909890823,0.255639097744361,-0.0373841878535376
3314,400,314,4363,2.14343013895352,102,9.47316989800945,0.226263242613638,0.255639097744361,-0.0293758551307231
3315,400,315,4364,1.92461794883098,92,10.0764163835873,0.191002224954285,0.230576441102757,-0.0395742161484722
3316,400,316,4365,1.71930155987063,75,10.0903253133217,0.170391093099916,0.18796992481203,-0.017578831712114
3317,400,317,4366,2.02913162112601,84,9.53650112294515,0.212775272080014,0.210526315789474,0.00224895629054028
3318,400,318,4367,1.90637421690522,81,9.90256799407247,0.192513115592476,0.203007518796992,-0.0104944032045167
3319,400,319,4368,2.06677282292785,91,10.0550335606004,0.205546088978389,0.228070175438596,-0.0225240864602074
3320,400,320,4369,2.05328440331507,83,9.40179122943895,0.21839289484389,0.208020050125313,0.0103728447185763
3321,400,321,4370,1.80792648775051,100,8.89037923465863,0.203357634138082,0.25062656641604,-0.0472689322779577
3322,400,322,4371,2.07568061580404,92,10.5071285679444,0.19754974942789,0.230576441102757,-0.0330266916748669
3323,400,323,4372,2.30423470723356,103,9.5891230994865,0.24029670735554,0.258145363408521,-0.0178486560529808
3324,400,324,4373,1.91816832421942,96,9.96586493604171,0.19247384311645,0.240601503759398,-0.0481276606429482
3325,400,325,4374,1.95835910021455,82,10.0405742471453,0.195044531518837,0.205513784461153,-0.0104692529423159
3326,400,326,4375,2.50767875989016,108,10.4456539639357,0.240069101326551,0.270676691729323,-0.0306075904027719
3327,400,327,4376,2.42297736401471,106,10.6943666651688,0.226565764937372,0.265664160401002,-0.0390983954636302
3328,400,328,4377,1.93579650958081,69,9.67270414641045,0.200129816882612,0.172932330827068,0.0271974860555447
3329,400,329,4378,2.59797184500382,89,10.6170627337105,0.244697795441572,0.223057644110276,0.0216401513312965
3330,400,330,4379,2.25725363989461,90,10.6107216567471,0.212733281761215,0.225563909774436,-0.012830628013221
3331,400,331,4380,2.19865954720443,97,10.6480820754246,0.206484090902986,0.243107769423559,-0.0366236785205732
3332,400,332,4381,1.83482683750725,72,10.520168449588,0.17441040476677,0.180451127819549,-0.00604072305277911
3333,400,333,4382,2.20995256109024,86,10.0706663671097,0.219444521398092,0.215538847117794,0.00390567428029764
3334,400,334,4383,2.22631396784054,99,9.52275180307122,0.233788931380373,0.24812030075188,-0.0143313693715065
3335,400,335,4384,2.17858145058217,80,10.742138330044,0.202807056067137,0.200501253132832,0.00230580293430466
3336,400,336,4385,1.58386189380155,73,9.65846765539151,0.163986871449262,0.182957393483709,-0.018970522034447
3337,400,337,4386,1.82630361443245,76,10.5433745951807,0.173218128403332,0.19047619047619,-0.017258062072858
3338,400,338,4387,1.76484854879367,80,9.41580133296576,0.187434769106135,0.200501253132832,-0.0130664840266971
3339,400,339,4388,1.89588007369554,76,10.5723557723176,0.179324278762891,0.19047619047619,-0.0111519117132992
3340,400,340,4389,1.99370194555218,107,9.32602448801457,0.213778330532415,0.268170426065163,-0.0543920955327477
3341,400,341,4390,2.60612897158403,97,9.82355258433163,0.265293940171985,0.243107769423559,0.0221861707484264
3342,400,342,4391,2.51615671921661,90,11.4042300798446,0.220633633450063,0.225563909774436,-0.00493027632437343
3343,400,343,4392,2.00422681785248,88,10.7644897466453,0.186188743268309,0.220551378446115,-0.0343626351778064
3344,400,344,4393,2.48612243373244,97,10.3176015362638,0.240959337787405,0.243107769423559,-0.00214843163615375
3345,400,345,4394,1.94467511378521,79,10.0643618011634,0.193223887634922,0.197994987468672,-0.00477109983374921
3346,400,346,4395,1.86813219544537,77,10.4009331741768,0.179611979440799,0.192982456140351,-0.0133704766995521
3347,400,347,4396,2.01216765753719,77,10.2593344465137,0.19613042815082,0.192982456140351,0.00314797201046932
3348,400,348,4397,1.93080297543957,95,10.0892307150444,0.191372665565123,0.238095238095238,-0.0467225725301146
3349,400,349,4398,1.71533198103569,76,9.86225599431744,0.17392896534262,0.19047619047619,-0.0165472251335703
3350,400,350,4399,1.90062125950944,76,9.83642517385619,0.193222763953008,0.19047619047619,0.00274657347681764
3351,400,351,4400,2.06641602155473,87,10.2778780543062,0.20105473237143,0.218045112781955,-0.0169903804105251
3352,400,352,4401,2.13567318528891,101,10.1182864024353,0.211070639863969,0.2531328320802,-0.0420621922162314
3353,400,353,4402,2.05516502779448,81,10.8035668183433,0.190230232510344,0.203007518796992,-0.0127772862866481
3354,400,354,4403,1.99651724750597,102,10.1688965948481,0.196335681937948,0.255639097744361,-0.0593034158064133
3355,400,355,4404,1.67278913818417,81,9.91192525313645,0.168765310014303,0.203007518796992,-0.0342422087826894
3356,400,356,4405,2.2665191594535,84,9.67754036310551,0.234204051278808,0.210526315789474,0.0236777354893344
3357,400,357,4406,1.95734492842208,73,10.1880388714006,0.192121855160629,0.182957393483709,0.00916446167691939
3358,400,358,4407,1.84999008945713,73,9.58558877107095,0.192997022263291,0.182957393483709,0.0100396287795816
3359,400,359,4408,1.88877104321696,83,8.6911213483172,0.217321904449381,0.208020050125313,0.00930185432406741
3360,400,360,4409,2.0278810728928,82,10.129681056332,0.2001919963339,0.205513784461153,-0.00532178812725287
3361,400,361,4410,2.39426417586108,101,10.3467825983921,0.231401805642767,0.2531328320802,-0.0217310264374338
3362,400,362,4411,2.13797474379556,91,10.4527719686196,0.204536629155788,0.228070175438596,-0.0235335462828084
3363,400,363,4412,1.90608325617768,75,10.4667925610226,0.18210767482636,0.18796992481203,-0.00586224998566956
3364,400,364,4413,2.03223802253845,77,10.3921310637117,0.19555546500321,0.192982456140351,0.00257300886285894
3365,400,365,4414,1.88461639815866,72,9.428811046419,0.199878477666007,0.180451127819549,0.0194273498464577
3366,400,366,4415,2.10205104456097,108,9.44298742480841,0.222604452383205,0.270676691729323,-0.0480722393461181
3367,400,367,4416,2.12166683676277,89,9.42075624017606,0.225211945057515,0.223057644110276,0.0021543009472392
3368,400,368,4417,2.1231519466811,89,9.84407847013102,0.215678080291942,0.223057644110276,-0.00737956381833335
3369,400,369,4418,1.8858298665989,76,10.0577190117591,0.187500750855543,0.19047619047619,-0.00297543962064734
3370,400,370,4419,2.11417122509258,93,10.2789480695229,0.205679726251473,0.233082706766917,-0.0274029805154443
3371,400,371,4420,2.11136243208018,90,9.45953478683857,0.223199394014366,0.225563909774436,-0.00236451576007046
3372,400,372,4421,1.63586263990315,63,10.5776470362906,0.154652791333526,0.157894736842105,-0.00324194550857906
3373,400,373,4422,2.1723157126205,87,10.7154203469686,0.202727997808788,0.218045112781955,-0.0153171149731667
3374,400,374,4423,2.39852088694642,87,10.3313863660193,0.232158666995102,0.218045112781955,0.0141135542131473
3375,400,375,4424,2.38770967873319,106,9.31829495789471,0.256238903095706,0.265664160401002,-0.00942525730529653
3376,400,376,4425,1.97231919400851,87,9.50021444256803,0.207607860425871,0.218045112781955,-0.0104372523560841
3377,400,377,4426,2.10603255340354,91,10.1931099983596,0.206613345067647,0.228070175438596,-0.0214568303709496
3378,400,378,4427,1.79832069712061,82,10.2160830585309,0.17602839432858,0.205513784461153,-0.0294853901325728
3379,400,379,4428,2.00535347146276,93,10.6030585270359,0.189129718217575,0.233082706766917,-0.0439529885493419
3380,400,380,4429,1.98806911679414,83,9.5478719576876,0.208221174896823,0.208020050125313,0.000201124771509825
3381,400,381,4430,2.61398365277921,110,10.138615410665,0.257824520104542,0.275689223057644,-0.0178647029531026
3382,400,382,4431,1.79910253067108,79,9.94240423892549,0.180952462546978,0.197994987468672,-0.0170425249216938
3383,400,383,4432,2.23492519475483,92,9.74352671027307,0.229375385444209,0.230576441102757,-0.00120105565854756
3384,400,384,4433,2.0482249768606,92,10.3331483785761,0.198218868230637,0.230576441102757,-0.0323575728721194
3385,400,385,4434,1.93647791581804,89,9.17945271914105,0.210957883336562,0.223057644110276,-0.0120997607737139
3386,400,386,4435,2.10588583493672,90,10.2240538102158,0.205973665047864,0.225563909774436,-0.0195902447265726
3387,400,387,4436,2.21853211604963,87,9.9313268800399,0.223387281764782,0.218045112781955,0.00534216898282727
3388,400,388,4437,1.86308395255522,82,9.5096903021406,0.195914261491338,0.205513784461153,-0.00959952296981487
3389,400,389,4438,1.68535311829626,67,10.7286588990299,0.157088890061427,0.167919799498747,-0.0108309094373202
3390,400,390,4439,1.94044059265854,84,9.9240588178278,0.195528929068083,0.210526315789474,-0.0149973867213907
3391,400,391,4440,2.16537111265245,93,9.93248266413029,0.218009050292368,0.233082706766917,-0.0150736564745493
3392,400,392,4441,2.29432701672929,103,10.3963147540212,0.220686567405229,0.258145363408521,-0.0374587960032919
3393,400,393,4442,1.93968993307997,86,10.1411128930177,0.191269928018992,0.215538847117794,-0.0242689190988023
3394,400,394,4443,2.33832036611719,82,10.6480281525669,0.219601256928823,0.205513784461153,0.0140874724676704
3395,400,395,4444,2.02659564766665,79,10.0040896272871,0.20257671843912,0.197994987468672,0.00458173097044801
3396,400,396,4445,2.26789542953769,93,10.5741964713835,0.214474493232199,0.233082706766917,-0.018608213534718
3397,400,397,4446,2.139319432624,98,9.48373202773125,0.225577802743524,0.245614035087719,-0.0200362323441957
3398,400,398,4447,2.23493980523532,94,9.25886980506541,0.241383651815972,0.235588972431078,0.00579467938489406
3399,400,399,4448,1.87115010796217,85,9.48941598605482,0.197182852001843,0.213032581453634,-0.0158497294517908
3400,400,400,4449,2.15710051132383,80,10.610467928899,0.20329928197122,0.200501253132832,0.00279802883838784
3401,400,401,4450,2.19376011226676,103,9.73437458543558,0.225362204116229,0.258145363408521,-0.0327831592922925
3402,400,402,4451,2.00343057477567,92,10.1597320701058,0.197193248891927,0.230576441102757,-0.0333831922108301
3403,400,403,4452,2.16429879834415,95,10.5841611507785,0.204484679278052,0.238095238095238,-0.0336105588171866
3404,400,404,4453,2.06592729543946,98,10.242797531641,0.201695609920786,0.245614035087719,-0.0439184251669338
3405,400,405,4454,2.20594559480287,92,10.3689110606527,0.212746119809423,0.230576441102757,-0.017830321293334
3406,400,406,4455,2.11339863073259,86,10.643382598704,0.198564564520112,0.215538847117794,-0.0169742825976822
3407,400,407,4456,1.87975838708294,82,10.0750568288664,0.186575462452697,0.205513784461153,-0.018938322008456
3408,400,408,4457,2.43383377044901,94,10.7511308554554,0.226379327269933,0.235588972431078,-0.0092096451611445
3409,400,409,4458,1.70679529352554,73,9.25767433110052,0.184365449948016,0.182957393483709,0.00140805646430672
3410,400,410,4459,1.96919740744106,90,9.19995910329759,0.214044147950096,0.225563909774436,-0.0115197618243405
3411,400,411,4460,1.68706525278634,69,10.1099026790425,0.166872551234699,0.172932330827068,-0.00605977959236914
3412,400,412,4461,2.06032190378646,88,10.3799315524465,0.198490894990617,0.220551378446115,-0.0220604834554984
3413,400,413,4462,2.0982396071879,88,9.3020177394485,0.225568222503981,0.220551378446115,0.00501684405786559
3414,400,414,4463,1.62929394563011,72,9.55530345069548,0.170512004567633,0.180451127819549,-0.00993912325191573
3415,400,415,4464,2.08436431732878,90,9.57599828412672,0.217665485674099,0.225563909774436,-0.00789842410033728
3416,400,416,4465,2.4335029511399,97,10.7750649726713,0.225845779799192,0.243107769423559,-0.0172619896243674
3417,400,417,4466,2.02636696858572,86,10.2844997005953,0.197031166082724,0.215538847117794,-0.0185076810350707
3418,400,418,4467,1.84068378915992,70,10.3804731751983,0.177321761551082,0.175438596491228,0.00188316505985386
3419,400,419,4468,2.07093025602096,85,9.41253706873801,0.220018284220008,0.213032581453634,0.00698570276637345
3420,400,420,4469,1.74028133992106,79,9.82152484387725,0.177190545010529,0.197994987468672,-0.0208044424581425
3421,400,421,4470,2.02675978271108,83,9.44530415981633,0.214578561835376,0.208020050125313,0.0065585117100625
3422,400,422,4471,2.00125786055764,81,9.83468444977648,0.203489788694046,0.203007518796992,0.000482269897053661
3423,400,423,4472,2.34680896388322,97,10.5239376548327,0.222997231725859,0.243107769423559,-0.0201105376976998
3424,400,424,4473,1.84351972825304,75,10.0010708536841,0.184332233540165,0.18796992481203,-0.00363769127186522
3425,400,425,4474,2.12568325647386,92,10.0148453396389,0.212253228520701,0.230576441102757,-0.0183232125820558
3426,400,426,4475,2.3528283287723,93,10.5348839987162,0.223336899491159,0.233082706766917,-0.00974580727575872
3427,400,427,4476,1.8331889961963,73,10.5296137002876,0.174098409341097,0.182957393483709,-0.00885898414261219
3428,400,428,4477,2.06715515078371,86,10.5881191658735,0.195233461051926,0.215538847117794,-0.0203053860658687
3429,400,429,4478,2.08149004979311,92,9.4763779666693,0.21965038299593,0.230576441102757,-0.0109260581068265
3430,400,430,4479,1.94781363702007,85,9.7433098189083,0.199912932383619,0.213032581453634,-0.0131196490700147
3431,400,431,4480,1.98068384963027,76,10.3894512251346,0.190643741109109,0.19047619047619,0.000167550632918845
3432,400,432,4481,2.12560612921636,99,9.52073919182154,0.223260619410969,0.24812030075188,-0.024859681340911
3433,400,433,4482,2.10226627903241,93,10.1476873174447,0.20716703355832,0.233082706766917,-0.0259156732085969
3434,400,434,4483,1.88103345183603,81,10.5118378700252,0.178944298332441,0.203007518796992,-0.0240632204645516
3435,400,435,4484,1.88614745009539,72,10.16201762085,0.185607575234418,0.180451127819549,0.00515644741486904
3436,400,436,4485,2.22260118713582,100,9.73650791397319,0.22827498388268,0.25062656641604,-0.0223515825333601
3437,400,437,4486,1.99603961082112,87,10.3644960951152,0.192584337193378,0.218045112781955,-0.025460775588577
3438,400,438,4487,1.86311529375153,92,9.56889035433787,0.194705469992863,0.230576441102757,-0.0358709711098935
3439,400,439,4488,1.87737708530395,81,8.6295564132133,0.217551980126044,0.203007518796992,0.014544461329051
3440,400,440,4489,1.75728323473129,73,10.1453859098339,0.173210092780005,0.182957393483709,-0.00974730070370391
3441,400,441,4490,2.7058530948352,105,10.4304563247197,0.259418477063411,0.263157894736842,-0.00373941767343117
3442,400,442,4491,1.99427457511633,83,10.0230987308074,0.198967866991735,0.208020050125313,-0.00905218313357811
3443,400,443,4492,2.48552869777977,100,10.1549959287433,0.244759201797863,0.25062656641604,-0.00586736461817677
3444,400,444,4493,1.83757374375944,69,9.97200237531847,0.184273295833502,0.172932330827068,0.0113409650064342
3445,400,445,4494,2.01979233201084,77,10.6363069810007,0.189896017068588,0.192982456140351,-0.0030864390717629
3446,400,446,4495,1.83022065356041,81,10.0879587835263,0.181426262025295,0.203007518796992,-0.0215812567716979
3447,400,447,4496,1.74778919429137,71,10.6432562765335,0.164215644994375,0.177944862155388,-0.0137292171610139
3448,400,448,4497,1.95060267900511,87,9.64544519301515,0.202230445559699,0.218045112781955,-0.0158146672222559
3449,400,449,4498,2.0679424313861,90,9.8197859562932,0.210589359135758,0.225563909774436,-0.0149745506386784
3450,400,450,4499,1.94166903470962,90,10.16459904922,0.191022688185483,0.225563909774436,-0.0345412215889526
3451,400,451,4500,2.74856959193925,106,10.5993216475135,0.259315613144361,0.265664160401002,-0.00634854725664158
3452,400,452,4501,2.15571254481198,86,9.96833003415832,0.216256136928155,0.215538847117794,0.000717289810360344
3453,400,453,4502,2.1323900798648,103,9.45975221802767,0.225417117776199,0.258145363408521,-0.0327282456323227
3454,400,454,4503,1.85752876546783,82,10.0024845653135,0.185706736495186,0.205513784461153,-0.0198070479659664
3455,400,455,4504,1.95572593276635,91,9.55680206407364,0.204642297669678,0.228070175438596,-0.0234278777689183
3456,400,456,4505,2.2252933298332,86,11.0297285218322,0.201754134331454,0.215538847117794,-0.0137847127863401
3457,400,457,4506,2.59064829428628,111,10.5421297251727,0.245742403273628,0.278195488721804,-0.032453085448177
3458,400,458,4507,1.80361046690718,74,9.88666269425989,0.182428643788398,0.18546365914787,-0.00303501535947168
3459,400,459,4508,1.89125626209001,78,9.80181951368895,0.192949508960937,0.195488721804511,-0.00253921284357428
3460,400,460,4509,1.99397410839896,87,9.37415806089006,0.212709674345905,0.218045112781955,-0.00533543843605022
3461,400,461,4510,2.60647793696708,109,9.52292699704677,0.273705546390873,0.273182957393484,0.000522588997388884
3462,400,462,4511,1.94727624447308,74,10.8604153418706,0.17930034747066,0.18546365914787,-0.00616331167720985
3463,400,463,4512,2.13187394985836,100,9.43876875529823,0.225863563895628,0.25062656641604,-0.0247630025204122
3464,400,464,4513,1.92106081298174,75,9.86243362228755,0.19478567730387,0.18796992481203,0.00681575249184033
3465,400,465,4514,1.86022206159949,83,9.73754148260229,0.191036111622536,0.208020050125313,-0.0169839385027772
3466,400,466,4515,1.70543733239179,74,10.1665621097929,0.167749659518534,0.18546365914787,-0.0177139996293355
3467,400,467,4516,2.24110279675704,103,10.7142431792822,0.2091704247567,0.258145363408521,-0.0489749386518216
3468,400,468,4517,2.17064380400151,104,9.9154030132405,0.218916346728716,0.260651629072682,-0.0417352823439657
3469,400,469,4518,1.96744622425983,70,10.2255149036873,0.192405589624671,0.175438596491228,0.0169669931334433
3470,400,470,4519,1.63943191448939,81,8.97495426208598,0.18266743947822,0.203007518796992,-0.020340079318772
3471,400,471,4520,2.04800048639192,85,10.5832920355422,0.193512612097829,0.213032581453634,-0.0195199693558047
3472,400,472,4521,1.94507546069638,87,9.87430830330292,0.196983464659065,0.218045112781955,-0.02106164812289
3473,400,473,4522,2.56791739741707,99,10.6857416896344,0.240312509136175,0.24812030075188,-0.00780779161570436
3474,400,474,4523,2.39224101098217,96,10.546032888719,0.226838000243783,0.240601503759398,-0.0137635035156155
3475,400,475,4524,2.08449391993453,79,10.4275239352871,0.199903057798844,0.197994987468672,0.00190807033017251
3476,400,476,4525,2.01650572358123,76,10.1538273828854,0.198595627790572,0.19047619047619,0.0081194373143818
3477,400,477,4526,1.8396420463783,76,9.49430967025512,0.193762591517501,0.19047619047619,0.00328640104131078
3478,400,478,4527,1.94367454520358,85,10.9047055299447,0.178241818622811,0.213032581453634,-0.0347907628308226
3479,400,479,4528,1.93225815429524,90,9.40691211144705,0.205408334999104,0.225563909774436,-0.0201555747753325
3480,400,480,4529,2.57336090532057,93,10.5119224176381,0.244804023762836,0.233082706766917,0.0117213169959186
3481,400,481,4530,1.87925969373437,80,9.916621072218,0.189506050503354,0.200501253132832,-0.0109952026294782
3482,400,482,4531,1.94259283936886,90,9.59687135945335,0.202419389258075,0.225563909774436,-0.0231445205163615
3483,400,483,4532,2.14644731608297,87,10.8010603018012,0.198725611755452,0.218045112781955,-0.0193195010265031
3484,400,484,4533,2.09293382346885,92,9.72588178828965,0.215192192237913,0.230576441102757,-0.0153842488648437
3485,400,485,4534,2.13284568965798,82,11.1097303644931,0.191979968881566,0.205513784461153,-0.0135338155795869
3486,400,486,4535,1.85397934786513,88,9.38723996393882,0.197499941941104,0.220551378446115,-0.0230514365050116
3487,400,487,4536,1.98414576937772,77,10.0030400922808,0.19835427540762,0.192982456140351,0.00537181926726935
3488,400,488,4537,1.83818050803559,79,9.98633419617988,0.184069596703339,0.197994987468672,-0.013925390765333
3489,400,489,4538,1.81223972175573,92,9.32539153072091,0.1943339017762,0.230576441102757,-0.0362425393265565
3490,400,490,4539,2.33006991965516,95,10.3130810966565,0.225933442956302,0.238095238095238,-0.0121617951389361
3491,400,491,4540,2.26980876953764,102,10.8366439727795,0.209456800023988,0.255639097744361,-0.0461822977203733
3492,400,492,4541,1.56969396777536,79,9.53730364514666,0.164584669438951,0.197994987468672,-0.033410318029721
3493,400,493,4542,2.009446359206,98,10.127836175308,0.198408260602112,0.245614035087719,-0.0472057744856078
3494,400,494,4543,2.09244181320092,92,9.67958474870603,0.216170617596032,0.230576441102757,-0.0144058235067246
3495,400,495,4544,2.00864288127683,85,9.45324748521471,0.21248178305058,0.213032581453634,-0.000550798403053859
3496,400,496,4545,2.00894657838742,77,10.3947848998573,0.193264853264544,0.192982456140351,0.000282397124192729
3497,400,497,4546,2.14414472314006,98,10.022614209328,0.213930684984812,0.245614035087719,-0.0316833501029072
3498,400,498,4547,1.97797902510699,84,9.37874979569506,0.210900073911227,0.210526315789474,0.000373758121752998
3499,400,499,4548,1.89942451133119,85,9.6778853282463,0.19626441592436,0.213032581453634,-0.016768165529274
3500,400,500,4549,1.8614507875285,86,9.17588094818825,0.202863441454745,0.215538847117794,-0.0126754056630492
3501,400,501,4550,2.24782421749728,83,10.6290448575911,0.211479417728857,0.208020050125313,0.00345936760354393
3502,400,502,4551,2.11599473780326,88,9.97377091851878,0.212155939322247,0.220551378446115,-0.00839543912386867
3503,400,503,4552,2.01212326237682,79,9.68238249474967,0.207812825352428,0.197994987468672,0.00981783788375656
3504,400,504,4553,1.72420067601206,70,10.0543704220381,0.171487681837622,0.175438596491228,-0.00395091465360611
3505,400,505,4554,1.95748889411752,94,10.123719120364,0.19335669736036,0.235588972431078,-0.0422322750707177
3506,400,506,4555,2.18624033145229,93,10.1052800889496,0.216346336985059,0.233082706766917,-0.0167363697818584
3507,400,507,4556,1.85884496280247,87,9.75308875882446,0.190590387185866,0.218045112781955,-0.0274547255960885
3508,400,508,4557,2.45383122943646,103,10.2667164093243,0.239008377323823,0.258145363408521,-0.0191369860846984
3509,400,509,4558,2.09907064754863,78,10.2268169066765,0.205251611200576,0.195488721804511,0.00976288939606471
3510,400,510,4559,2.00802050172127,77,10.0772181714512,0.199263374827985,0.192982456140351,0.00628091868763433
3511,400,511,4560,2.08705929734257,82,10.2519332702876,0.20357714416571,0.205513784461153,-0.00193664029544313
3512,400,512,4561,1.82506272473607,68,10.4269940285191,0.1750324896844,0.170426065162907,0.00460642452149296
3513,400,513,4562,2.1780296755728,89,9.81675807397106,0.221868529219214,0.223057644110276,-0.00118911489106191
3514,400,514,4563,2.28285613578907,100,9.21195771178981,0.247814439363675,0.25062656641604,-0.00281212705236539
3515,400,515,4564,2.28832872065652,102,10.3432449044371,0.221238957580406,0.255639097744361,-0.0344001401639546
3516,400,516,4565,2.08588884360245,92,9.56943455461637,0.21797409572086,0.230576441102757,-0.0126023453818968
3517,400,517,4566,2.34381840277176,94,10.6117053736385,0.220871040068098,0.235588972431078,-0.0147179323629792
3518,400,518,4567,1.80231317134292,89,9.55684197576474,0.188588780259569,0.223057644110276,-0.0344688638507066
3519,400,519,4568,2.02427262957133,76,9.78159739758703,0.206947040170625,0.19047619047619,0.0164708496944347
3520,400,520,4569,1.84415184798503,83,9.68242947338554,0.190463752207451,0.208020050125313,-0.0175562979178619
3521,400,521,4570,1.97664864951584,101,9.53879807011493,0.207221982789286,0.2531328320802,-0.045910849290914
3522,400,522,4571,2.10505345612323,94,10.4307957655141,0.20181139612405,0.235588972431078,-0.033777576307028
3523,400,523,4572,2.19794881833474,100,9.91531901575311,0.22167202233662,0.25062656641604,-0.0289545440794196
3524,400,524,4573,2.05030831837873,79,9.67446900927666,0.211929803735247,0.197994987468672,0.0139348162665756
3525,400,525,4574,1.94512980355542,84,9.60572547754321,0.202496917916596,0.210526315789474,-0.00802939787287785
3526,400,526,4575,1.95947358382446,87,10.388066800827,0.188627356888817,0.218045112781955,-0.0294177558931383
3527,400,527,4576,1.90962122265625,71,10.9540518687304,0.174330124189706,0.177944862155388,-0.00361473796568224
3528,400,528,4577,1.81814955434502,88,9.00068127476154,0.20200132621552,0.220551378446115,-0.0185500522305957
3529,400,529,4578,1.94834975282048,84,9.50426830984446,0.204997343225506,0.210526315789474,-0.00552897256396781
3530,400,530,4579,1.79510180291225,70,10.4910447346001,0.171108011482584,0.175438596491228,-0.00433058500864425
3531,400,531,4580,1.87754720366744,85,10.3494869920015,0.181414518914656,0.213032581453634,-0.0316180625389777
3532,400,532,4581,2.01096331486442,92,10.1702444170225,0.19773008714506,0.230576441102757,-0.0328463539576968
3533,400,533,4582,1.96432362309627,89,9.88375332421482,0.198742679897094,0.223057644110276,-0.0243149642131813
3534,400,534,4583,1.6825135142477,89,8.97231702751008,0.187522744580796,0.223057644110276,-0.0355348995294793
3535,400,535,4584,2.08120803453854,92,9.56331313353699,0.217624164918336,0.230576441102757,-0.0129522761844211
3536,400,536,4585,1.83496496926416,77,9.64348209162865,0.190280331505677,0.192982456140351,-0.00270212463467376
3537,400,537,4586,2.06190006899966,97,9.49331139947033,0.217195031558188,0.243107769423559,-0.0259127378653713
3538,400,538,4587,1.89113889723955,73,10.5817799520877,0.178716520831303,0.182957393483709,-0.00424087265240608
3539,400,539,4588,2.15954175080051,94,10.0347793632002,0.2152057033481,0.235588972431078,-0.0203832690829774
3540,400,540,4589,1.85424077380625,76,10.0000383373796,0.185423366516027,0.19047619047619,-0.00505282396016363
3541,400,541,4590,2.14691177486377,97,10.1348821209747,0.211833916688642,0.243107769423559,-0.0312738527349165
3542,400,542,4591,2.0915199182416,90,9.49722315371483,0.22022436288901,0.225563909774436,-0.00533954688542612
3543,400,543,4592,2.29807105411666,90,10.5198812197324,0.218450285332699,0.225563909774436,-0.00711362444173674
3544,400,544,4593,1.9060255281284,88,9.97252698480514,0.191127638063307,0.220551378446115,-0.0294237403828084
3545,400,545,4594,1.71490295253524,73,10.3615517458445,0.165506383078481,0.182957393483709,-0.0174510104052287
3546,400,546,4595,1.79708333138738,88,9.98810056094953,0.179922430738577,0.220551378446115,-0.0406289477075383
3547,400,547,4596,1.88535797377003,89,9.59121751777528,0.196571287250646,0.223057644110276,-0.0264863568596295
3548,400,548,4597,1.90465111104369,76,10.1969562981536,0.186786238496341,0.19047619047619,-0.00368995197984942
3549,400,549,4598,2.071892526523,102,9.59550169289234,0.215923314156435,0.255639097744361,-0.0397157835879255
3550,400,550,4599,2.1635439894393,92,10.2669620496431,0.210728741274982,0.230576441102757,-0.0198476998277747
3551,400,551,4600,2.11580348909126,90,9.70726432890265,0.217960840191774,0.225563909774436,-0.00760306958266194
3552,400,552,4601,2.29787699311479,78,10.9134465806313,0.210554656234168,0.195488721804511,0.0150659344296572
3553,400,553,4602,1.85912927928012,70,10.58339825368,0.1756646811088,0.175438596491228,0.000226084617572092
3554,400,554,4603,1.90094679492622,82,10.2110705757971,0.186165278245355,0.205513784461153,-0.0193485062157977
3555,400,555,4604,1.89153927161059,90,10.3712467549397,0.182383016845073,0.225563909774436,-0.0431808929293626
3556,400,556,4605,2.1460094926555,77,9.77186850355913,0.219610967121986,0.192982456140351,0.0266285109816354
3557,400,557,4606,2.03637887701744,79,9.07273119252276,0.224450480655231,0.197994987468672,0.0264554931865589
3558,400,558,4607,1.97205929947617,76,10.2272243719453,0.192824487637702,0.19047619047619,0.00234829716151166
3559,400,559,4608,1.78272595484116,72,10.4477532986326,0.170632470339291,0.180451127819549,-0.00981865748025754
3560,400,560,4609,2.0876733756013,80,9.5609432369182,0.218354332189742,0.200501253132832,0.0178530790569097
3561,400,561,4610,1.92506530816287,76,10.1121704714921,0.190371128887706,0.19047619047619,-0.000105061588484279
3562,400,562,4611,2.46411456068295,105,9.47127555142284,0.260167128208277,0.263157894736842,-0.00299076652856484
3563,400,563,4612,1.77903541737694,74,9.39378832779147,0.189384235124148,0.18546365914787,0.00392057597627851
3564,400,564,4613,2.12044683818513,84,10.2111834234738,0.207659264381696,0.210526315789474,-0.00286705140777807
3565,400,565,4614,2.09955384032353,83,10.412608578617,0.201635721200076,0.208020050125313,-0.00638432892523733
3566,400,566,4615,1.96221230916017,90,9.25875507393213,0.211930469430469,0.225563909774436,-0.013633440343967
3567,400,567,4616,1.91380068652663,79,10.0656564074602,0.190131732005894,0.197994987468672,-0.00786325546277761
3568,400,568,4617,1.92058170074237,88,9.69480237865216,0.198104265123698,0.220551378446115,-0.0224471133224168
3569,400,569,4618,1.98214171946976,93,9.39369884179889,0.21100758634606,0.233082706766917,-0.0220751204208573
3570,400,570,4619,2.22072012322398,81,10.9755703863966,0.202333003665705,0.203007518796992,-0.000674515131287939
3571,400,571,4620,1.76993844033646,83,9.33618392029071,0.189578360435872,0.208020050125313,-0.0184416896894417
3572,400,572,4621,1.57670953053602,71,9.27051478572126,0.170077883157526,0.177944862155388,-0.00786697899786271
3573,400,573,4622,2.19932099543046,113,9.75181498827101,0.225529401252556,0.283208020050125,-0.0576786187975697
3574,400,574,4623,1.9621597462785,68,10.446631749105,0.187827023427586,0.170426065162907,0.0174009582646785
3575,400,575,4624,1.94542537072928,78,10.083057670562,0.192940022192776,0.195488721804511,-0.00254869961173507
3576,400,576,4625,2.23120518944688,101,9.78936070407327,0.227921440111865,0.2531328320802,-0.0252113919683351
3577,400,577,4626,1.62392119937783,60,10.5223446821253,0.154330736013282,0.150375939849624,0.00395479616365782
3578,400,578,4627,1.88621332687208,80,9.7870347857586,0.192725720114612,0.200501253132832,-0.0077755330182202
3579,400,579,4628,2.26366824015294,105,10.0809798100591,0.224548435053325,0.263157894736842,-0.038609459683517
3580,400,580,4629,1.95551719082548,82,10.0598017856727,0.194389236735315,0.205513784461153,-0.0111245477258374
3581,400,581,4630,2.28094256431221,99,9.621783112658,0.237060276417113,0.24812030075188,-0.0110600243347671
3582,400,582,4631,1.86926396377802,82,10.2428681029375,0.182494194496359,0.205513784461153,-0.0230195899647942
3583,400,583,4632,2.04409638078246,86,9.83587102315582,0.207820575927663,0.215538847117794,-0.00771827119013113
3584,400,584,4633,1.74645829446298,83,9.26283608764705,0.188544661477068,0.208020050125313,-0.0194753886482452
3585,400,585,4634,2.0322314529856,84,10.5058047555723,0.193438913083523,0.210526315789474,-0.0170874027059511
3586,400,586,4635,1.84339750681861,78,10.0818578604916,0.182843036702833,0.195488721804511,-0.0126456851016785
3587,400,587,4636,2.02182772729351,79,9.94339732487755,0.20333369584207,0.197994987468672,0.00533870837339856
3588,400,588,4637,1.82525256263963,77,9.7630204102888,0.186955725373275,0.192982456140351,-0.00602673076707622
3589,400,589,4638,2.17402746284479,91,9.84289187466353,0.220872838036647,0.228070175438596,-0.00719733740194919
3590,400,590,4639,2.19885294655226,81,11.0664978425122,0.198694562439195,0.203007518796992,-0.00431295635779719
3591,400,591,4640,1.85206829112626,84,9.89047617698379,0.187257747552764,0.210526315789474,-0.0232685682367097
3592,400,592,4641,2.17591582397232,89,10.7924879119803,0.201613922732026,0.223057644110276,-0.0214437213782495
3593,400,593,4642,1.97829568514529,67,10.2887288116055,0.192277950111174,0.167919799498747,0.0243581506124275
3594,400,594,4643,1.85850912053621,78,9.45471986272566,0.196569453936251,0.195488721804511,0.00108073213173937
3595,400,595,4644,1.96530732794205,79,10.2481804984369,0.191771342068166,0.197994987468672,-0.00622364540050571
3596,400,596,4645,2.17827181816578,112,9.3207670522489,0.2337009181707,0.280701754385965,-0.047000836215265
3597,400,597,4646,2.18928170726253,94,9.93704418144413,0.220315182994826,0.235588972431078,-0.0152737894362518
3598,400,598,4647,2.19628995067274,98,9.29862876546074,0.236195035426163,0.245614035087719,-0.00941899966155635
3599,400,599,4648,2.05629691751963,74,10.0797099005123,0.20400358123552,0.18546365914787,0.01853992208765
3600,400,600,4649,2.23326663664599,100,10.1305407167819,0.220448907820531,0.25062656641604,-0.0301776585955094
3601,400,601,4650,1.9251965133608,69,9.72647671233956,0.197933596131309,0.172932330827068,0.0250012653042417
3602,400,602,4651,2.17604260767966,90,10.2945275684985,0.211378578880919,0.225563909774436,-0.0141853308935173
3603,400,603,4652,1.76328382166233,76,10.6992713967503,0.164804102660475,0.19047619047619,-0.0256720878157152
3604,400,604,4653,1.96239884822841,79,9.40067194572661,0.208750912653694,0.197994987468672,0.0107559251850223
3605,400,605,4654,2.04485925885397,93,9.30046338352144,0.219866384558542,0.233082706766917,-0.0132163222083749
3606,400,606,4655,1.87442015486405,76,9.73831268486566,0.192478945328701,0.19047619047619,0.00200275485251034
3607,400,607,4656,2.00651769877049,79,10.0671308755746,0.199313759160399,0.197994987468672,0.00131877169172687
3608,400,608,4657,2.03134478506996,84,10.8596125395268,0.187054996453721,0.210526315789474,-0.023471319335753
3609,400,609,4658,2.19110787469394,90,10.1136147724341,0.216649331025153,0.225563909774436,-0.00891457874928356
3610,400,610,4659,2.51828794238803,95,10.7009579738577,0.235332943885976,0.238095238095238,-0.00276229420926247
3611,400,611,4660,1.85676216671555,80,9.04007642643975,0.205392308552285,0.200501253132832,0.00489105541945276
3612,400,612,4661,2.15255006592666,90,9.41974781562894,0.228514617170028,0.225563909774436,0.00295070739559239
3613,400,613,4662,1.83954450535837,75,10.3259906020743,0.178147024943915,0.18796992481203,-0.00982289986811483
3614,400,614,4663,2.04405400406253,96,9.79960689326006,0.208585306158391,0.240601503759398,-0.0320161976010071
3615,400,615,4664,2.23110846830721,83,10.5929949319755,0.210621121093194,0.208020050125313,0.00260107096788034
3616,400,616,4665,2.16118324688316,79,11.1324436303482,0.194133769605764,0.197994987468672,-0.00386121786290791
3617,400,617,4666,1.85933485349276,74,10.8822963537823,0.170858685799942,0.18546365914787,-0.0146049733479272
3618,400,618,4667,2.17067146142118,90,9.63183718606481,0.225364218631278,0.225563909774436,-0.000199691143157932
3619,400,619,4668,2.52089130333173,94,9.95576542309781,0.25320919047401,0.235588972431078,0.0176202180429321
3620,400,620,4669,2.24262591575541,96,10.3877147989471,0.215892134041138,0.240601503759398,-0.0247093697182607
3621,400,621,4670,1.83697840856615,85,9.64883358487932,0.190383468883211,0.213032581453634,-0.022649112570423
3622,400,622,4671,2.30734152177286,97,10.4305882485094,0.221209146291686,0.243107769423559,-0.0218986231318731
3623,400,623,4672,1.81140827282752,74,9.77782812689673,0.185256710316345,0.18546365914787,-0.000206948831524778
3624,400,624,4673,2.39944623961483,99,10.0313328161304,0.239195158170458,0.24812030075188,-0.00892514258142166
3625,400,625,4674,2.5232945936381,105,10.4664459984282,0.241084184069457,0.263157894736842,-0.0220737106673854
3626,400,626,4675,2.09076873449472,103,9.77139963629509,0.213968194149867,0.258145363408521,-0.0441771692586547
3627,400,627,4676,1.98179921912883,77,9.84007608883615,0.201400802314653,0.192982456140351,0.00841834617430198
3628,400,628,4677,2.0616566954083,76,10.3953242985851,0.198325385162724,0.19047619047619,0.00784919468653325
3629,400,629,4678,2.06125837406185,69,11.0242293088041,0.186975281112459,0.172932330827068,0.0140429502853914
3630,400,630,4679,1.8131667505901,72,10.6249993085583,0.170650999396265,0.180451127819549,-0.0098001284232839
3631,400,631,4680,2.16932057527546,96,9.45187372029057,0.229512225773661,0.240601503759398,-0.0110892779857373
3632,400,632,4681,1.73496310227296,73,9.85238027470971,0.176095832062682,0.182957393483709,-0.00686156142102703
3633,400,633,4682,1.88397174965725,84,9.53258630507271,0.197634900893025,0.210526315789474,-0.012891414896449
3634,400,634,4683,1.80913080822509,72,10.1214349665337,0.178742521609528,0.180451127819549,-0.00170860621002078
3635,400,635,4684,2.07020836730301,95,9.07814557134946,0.228043089971653,0.238095238095238,-0.0100521481235847
3636,400,636,4685,2.04550474827501,84,10.6530922259286,0.192010423348861,0.210526315789474,-0.0185158924406127
3637,400,637,4686,2.27161037365455,97,10.5156390378945,0.216022094850203,0.243107769423559,-0.0270856745733561
3638,400,638,4687,2.26467276071123,103,10.2195987417923,0.22160094715363,0.258145363408521,-0.0365444162548913
3639,400,639,4688,1.9994119022304,102,9.48023062275807,0.210903297798542,0.255639097744361,-0.044735799945819
3640,400,640,4689,2.07256033711595,76,10.2389537059989,0.202419153033348,0.19047619047619,0.0119429625571573
3641,400,641,4690,1.95441575034448,87,9.96813876846574,0.196066266305129,0.218045112781955,-0.0219788464768262
3642,400,642,4691,1.88630990028042,77,9.74645669721646,0.19353801682812,0.192982456140351,0.000555560687768908
3643,400,643,4692,2.03083438046537,81,10.1704794323592,0.199679316395244,0.203007518796992,-0.00332820240174886
3644,400,644,4693,2.04071743055453,79,10.8814633709137,0.187540715893912,0.197994987468672,-0.0104542715747596
3645,400,645,4694,2.25686683865895,94,9.90830096589231,0.227775361934184,0.235588972431078,-0.00781361049689325
3646,400,646,4695,1.98739079033587,92,10.0165796401974,0.198410122189844,0.230576441102757,-0.0321663189129126
3647,400,647,4696,2.50211728282735,106,9.67930404841756,0.25850177557305,0.265664160401002,-0.00716238482795245
3648,400,648,4697,1.97031178560588,92,9.24675938388001,0.213081329772758,0.230576441102757,-0.0174951113299992
3649,400,649,4698,1.71720243093207,72,10.1947809387924,0.168439365322495,0.180451127819549,-0.0120117624970538
3650,400,650,4699,2.4523397620252,93,9.8516538370709,0.248926708406792,0.233082706766917,0.0158440016398745
3651,400,651,4700,2.23341664349932,87,9.91220565547909,0.22531984516128,0.218045112781955,0.00727473237932541
3652,400,652,4701,2.07934966535207,81,10.2990047605099,0.201898116731147,0.203007518796992,-0.00110940206584531
3653,400,653,4702,2.07219668726356,91,10.6070100291925,0.195361056655974,0.228070175438596,-0.0327091187826224
3654,400,654,4703,1.5736964284882,69,9.95288418464929,0.158114612738624,0.172932330827068,-0.0148177180884439
3655,400,655,4704,2.36253872698859,96,10.0375765152822,0.235369436376562,0.240601503759398,-0.00523206738283624
3656,400,656,4705,2.17217025636771,92,9.57916222276753,0.226759940572355,0.230576441102757,-0.00381650053040236
3657,400,657,4706,2.03833558390614,95,9.11466776869328,0.223632460955662,0.238095238095238,-0.0144627771395756
3658,400,658,4707,2.12932780669911,89,10.2271811531876,0.208202805328763,0.223057644110276,-0.0148548387815131
3659,400,659,4708,2.10251955083991,79,10.2468741684572,0.205186432103565,0.197994987468672,0.00719144463489313
3660,400,660,4709,2.20624998519731,81,10.2360943970481,0.215536307073678,0.203007518796992,0.0125287882766856
3661,400,661,4710,2.19224125643776,86,10.245769271482,0.213965510870875,0.215538847117794,-0.00157333624691969
3662,400,662,4711,2.14015158750874,86,9.79802390875261,0.21842685907277,0.215538847117794,0.00288801195497593
3663,400,663,4712,1.71281114840386,65,10.6999905158041,0.160075950149115,0.162907268170426,-0.00283131802131151
3664,400,664,4713,2.08386395052491,88,10.0063573010758,0.208254001713578,0.220551378446115,-0.0122973767325378
3665,400,665,4714,2.23565865741613,95,10.0298439642398,0.222900641863134,0.238095238095238,-0.0151945962321038
3666,400,666,4715,2.39853773137993,96,10.5000567638365,0.22843092997752,0.240601503759398,-0.0121705737818785
3667,400,667,4716,1.82905838337049,80,8.9378622684462,0.204641594201749,0.200501253132832,0.00414034106891722
3668,400,668,4717,1.71684506940521,66,10.0991666315647,0.169998687222295,0.165413533834586,0.00458515338770873
3669,400,669,4718,2.24956307612926,110,8.96619705290219,0.250893780591306,0.275689223057644,-0.0247954424663379
3670,400,670,4719,2.18237433507744,85,10.2512639626513,0.212888317287365,0.213032581453634,-0.000144264166269115
3671,400,671,4720,1.62010141266716,71,9.15772589626005,0.176910887159092,0.177944862155388,-0.00103397499629598
3672,400,672,4721,1.93281760735606,79,10.2498302647598,0.188570694092499,0.197994987468672,-0.00942429337617284
3673,400,673,4722,2.40569722417692,103,10.4608683191343,0.229971083736576,0.258145363408521,-0.0281742796719453
3674,400,674,4723,2.05206475128409,74,10.040048976903,0.204387922410023,0.18546365914787,0.0189242632621538
3675,400,675,4724,1.94571898242304,81,10.0788634491839,0.193049443742646,0.203007518796992,-0.00995807505434626
3676,400,676,4725,1.9094784159529,77,9.38577607536569,0.203443849567709,0.192982456140351,0.0104613934273586
3677,400,677,4726,2.10728444927885,94,10.1139275162279,0.208354711450888,0.235588972431078,-0.0272342609801896
3678,400,678,4727,2.24920367659144,104,10.0100977646859,0.224693477472945,0.260651629072682,-0.0359581515997365
3679,400,679,4728,2.26710488343429,97,9.9416129873096,0.228041957208376,0.243107769423559,-0.0150658122151834
3680,400,680,4729,2.13354462275847,92,10.2102573433546,0.208960905784328,0.230576441102757,-0.0216155353184284
3681,400,681,4730,2.01598857401519,79,10.5795664086185,0.190554933553127,0.197994987468672,-0.00744005391554506
3682,400,682,4731,1.6750419569926,72,9.76580817654523,0.171521079127438,0.180451127819549,-0.00893004869211059
3683,400,683,4732,1.91050144696277,77,10.5000134705774,0.181952285329565,0.192982456140351,-0.0110301708107856
3684,400,684,4733,1.8835309409303,83,9.0946163494667,0.207103946835619,0.208020050125313,-0.000916103289694464
3685,400,685,4734,2.33192347573992,100,9.86752298249215,0.236323085325205,0.25062656641604,-0.014303481090835
3686,400,686,4735,2.02550852246084,82,10.1090670051919,0.200365525465463,0.205513784461153,-0.00514825899569032
3687,400,687,4736,2.21009184962509,88,10.1178686036146,0.218434527686547,0.220551378446115,-0.0021168507595683
3688,400,688,4737,2.27728753281343,88,10.8055069512881,0.210752493435023,0.220551378446115,-0.00979888501109219
3689,400,689,4738,1.92306908905091,77,9.20315731153361,0.208957537500839,0.192982456140351,0.0159750813604883
3690,400,690,4739,2.25700689774935,116,10.0354237245883,0.224903996053434,0.290726817042607,-0.065822820989172
3691,400,691,4740,1.79611090660752,91,8.98250854391282,0.199956492980426,0.228070175438596,-0.028113682458171
3692,400,692,4741,2.06639008043859,93,9.61614467253326,0.214887582373927,0.233082706766917,-0.01819512439299
3693,400,693,4742,1.84118676545532,78,10.0111777559733,0.183913102967007,0.195488721804511,-0.0115756188375044
3694,400,694,4743,2.14734238383727,76,10.1063562818847,0.212474439248329,0.19047619047619,0.0219982487721386
3695,400,695,4744,2.58154702642113,104,10.0561459482076,0.256713361134268,0.260651629072682,-0.00393826793841406
3696,400,696,4745,1.88187697862255,77,9.41282420246874,0.199926922902585,0.192982456140351,0.00694446676223381
3697,400,697,4746,1.94002470880884,96,9.82596772830685,0.197438538620474,0.240601503759398,-0.0431629651389245
3698,400,698,4747,2.19290967730596,104,9.6962210370212,0.226161271379148,0.260651629072682,-0.0344903576935338
3699,400,699,4748,2.11055423404932,88,10.7371722002156,0.196565184453961,0.220551378446115,-0.0239861939921546
3700,400,700,4749,1.80276027755041,82,10.0393269943549,0.179569833571921,0.205513784461153,-0.0259439508892322
3701,400,701,4750,2.29292667024235,90,10.5085295717285,0.218196718636173,0.225563909774436,-0.0073671911382634
3702,400,702,4751,2.05619300349734,81,10.527203243633,0.195321868107843,0.203007518796992,-0.00768565068914936
3703,400,703,4752,2.29015336250214,87,10.5639512194826,0.216789467777788,0.218045112781955,-0.00125564500416678
3704,400,704,4753,2.06572935699468,92,10.5375470948781,0.196035124530903,0.230576441102757,-0.0345413165718539
3705,400,705,4754,2.02013333717424,75,9.94359774095711,0.203159197485778,0.18796992481203,0.0151892726737476
3706,400,706,4755,2.15160779766364,86,10.9822509101609,0.195916831191041,0.215538847117794,-0.0196220159267533
3707,400,707,4756,1.92859239465583,78,10.2599616566195,0.187972670776167,0.195488721804511,-0.00751605102834443
3708,400,708,4757,2.05611411587842,75,9.96128411777054,0.206410548235482,0.18796992481203,0.0184406234234517
3709,400,709,4758,1.70190985512715,79,9.49503411350931,0.179242100110595,0.197994987468672,-0.018752887358077
3710,400,710,4759,1.77802752829177,82,9.32734559887443,0.190625243746337,0.205513784461153,-0.0148885407148155
3711,400,711,4760,2.11397025798092,102,9.5123587373754,0.222234076357406,0.255639097744361,-0.0334050213869552
3712,400,712,4761,2.03889152341303,96,9.94881598370042,0.204938107886751,0.240601503759398,-0.0356633958726475
3713,400,713,4762,1.98945192818024,72,9.18400150621556,0.216621472332492,0.180451127819549,0.0361703445129432
3714,400,714,4763,2.10986849021225,87,9.51203487275106,0.221810424208636,0.218045112781955,0.00376531142668107
3715,400,715,4764,2.01973896254858,76,10.2489113779735,0.197068633736975,0.19047619047619,0.00659244326078481
3716,400,716,4765,1.85045937039153,70,9.68452707361751,0.19107379806212,0.175438596491228,0.0156352015708924
3717,400,717,4766,2.15971509836227,89,10.6631583725518,0.202539906367857,0.223057644110276,-0.0205177377424188
3718,400,718,4767,1.75193898320245,73,9.84159561921867,0.178013713526419,0.182957393483709,-0.00494367995729075
3719,400,719,4768,2.69587551554447,112,9.830852125761,0.274226026498775,0.280701754385965,-0.00647572788718986
3720,400,720,4769,2.13594781451514,87,10.647769522657,0.200600492898549,0.218045112781955,-0.0174446198834063
3721,400,721,4770,2.06215960017722,103,9.54078179741295,0.216141574554864,0.258145363408521,-0.0420037888536571
3722,400,722,4771,2.23400481994758,96,9.3174968660893,0.239764483106848,0.240601503759398,-0.00083702065255073
3723,400,723,4772,1.8981204688273,82,9.92500325765052,0.191246332071898,0.205513784461153,-0.0142674523892548
3724,400,724,4773,1.81586885211996,82,9.34871548199663,0.194237257045301,0.205513784461153,-0.0112765274158523
3725,400,725,4774,2.13358216717799,86,10.148336301182,0.210239600251471,0.215538847117794,-0.00529924686632316
3726,400,726,4775,1.94710210773992,86,9.59746153764332,0.202876781543012,0.215538847117794,-0.0126620655747829
3727,400,727,4776,2.14131951977449,81,10.5347497027659,0.203262496043194,0.203007518796992,0.000254977246201632
3728,400,728,4777,2.4935138199932,102,10.0731036022428,0.247541762544567,0.255639097744361,-0.00809733519979386
3729,400,729,4778,1.83207158757855,76,9.85554889928893,0.185892394863034,0.19047619047619,-0.00458379561315675
3730,400,730,4779,2.23548920860366,92,9.79661620280272,0.228189934394297,0.230576441102757,-0.00238650670846013
3731,400,731,4780,2.10925512794303,92,10.2231582030291,0.206321284093801,0.230576441102757,-0.0242551570089556
3732,400,732,4781,2.36113345470289,98,10.2653172554593,0.23001076303289,0.245614035087719,-0.0156032720548291
3733,400,733,4782,2.07236712177216,83,10.5667142152869,0.196122188936846,0.208020050125313,-0.0118978611884676
3734,400,734,4783,1.69144127024225,72,10.3495354284365,0.163431613132588,0.180451127819549,-0.0170195146869604
3735,400,735,4784,2.38682315804657,102,10.5935327532125,0.225309461314759,0.255639097744361,-0.0303296364296015
3736,400,736,4785,2.15972139865849,107,9.37224716868497,0.230437947248624,0.268170426065163,-0.0377324788165389
3737,400,737,4786,2.50347278071568,102,9.97938515052685,0.250864431320552,0.255639097744361,-0.00477466642380847
3738,400,738,4787,1.87619901219946,78,9.59604697002366,0.195517906285825,0.195488721804511,2.91844813132547e-05
3739,400,739,4788,2.46009795595912,95,10.4993492936265,0.234309564065318,0.238095238095238,-0.00378567402991994
3740,400,740,4789,1.91122752791334,82,10.1519431388318,0.188262237265964,0.205513784461153,-0.0172515471951886
3741,400,741,4790,1.77137214044708,80,9.00851530405849,0.196633083328287,0.200501253132832,-0.00386816980454538
3742,400,742,4791,2.10460406511569,86,10.3055932706371,0.204219593171037,0.215538847117794,-0.011319253946758
3743,400,743,4792,1.98695341473616,91,9.9115408811264,0.200468669661619,0.228070175438596,-0.0276015057769775
3744,400,744,4793,1.84886640221738,70,11.069472814084,0.167023889327866,0.175438596491228,-0.00841470716336221
3745,400,745,4794,1.97162299884472,84,10.8611664417922,0.181529581505924,0.210526315789474,-0.02899673428355
3746,400,746,4795,1.79442676947791,72,10.6187604128981,0.16898646355165,0.180451127819549,-0.0114646642678986
3747,400,747,4796,2.12998127552746,87,10.5265540484142,0.202343641207859,0.218045112781955,-0.0157014715740954
3748,400,748,4797,2.03744657697097,87,9.6860785399259,0.210347930648367,0.218045112781955,-0.00769718213358778
3749,400,749,4798,2.16115211425885,97,10.5290247676172,0.205256627461419,0.243107769423559,-0.0378511419621399
3750,400,750,4799,2.25051135575737,102,9.83346443175345,0.228862510397678,0.255639097744361,-0.0267765873466828
3751,400,751,4800,1.91455133501704,77,10.0939479456344,0.189673192820959,0.192982456140351,-0.00330926331939208
3752,400,752,4801,2.36010841763462,112,10.0564446571541,0.234686163758248,0.280701754385965,-0.0460155906277172
3753,400,753,4802,2.1529112263474,99,9.87111887085046,0.218102046436192,0.24812030075188,-0.030018254315688
3754,400,754,4803,2.29576761391159,101,10.1594715483564,0.22597313285286,0.2531328320802,-0.027159699227341
3755,400,755,4804,2.0526646641943,93,9.8967268523058,0.207408438651215,0.233082706766917,-0.0256742681157018
3756,400,756,4805,1.89025207357388,92,9.99444653177652,0.189130240235312,0.230576441102757,-0.0414462008674446
3757,400,757,4806,1.90570535870287,75,9.06909620000604,0.210131783440736,0.18796992481203,0.0221618586287058
3758,400,758,4807,1.97267435826172,88,10.1862304258009,0.193660880993335,0.220551378446115,-0.0268904974527801
3759,400,759,4808,1.91490936171942,89,9.62648327628569,0.198920966957548,0.223057644110276,-0.0241366771527273
3760,400,760,4809,2.1179277443171,83,10.9714069512801,0.193040669598896,0.208020050125313,-0.0149793805264174
3761,400,761,4810,2.04874830462665,97,10.0579972815144,0.203693463746709,0.243107769423559,-0.0394143056768499
3762,400,762,4811,1.73953188065073,69,10.7033541562533,0.162522126732996,0.172932330827068,-0.0104102040940721
3763,400,763,4812,1.99514603831751,93,9.8364348423909,0.202832232438451,0.233082706766917,-0.0302504743284661
3764,400,764,4813,1.84195093656818,77,9.64043833522921,0.191065060790556,0.192982456140351,-0.00191739534979476
3765,400,765,4814,2.52558170425663,102,10.5104564545926,0.24029229512226,0.255639097744361,-0.0153468026221008
3766,400,766,4815,2.5275535927961,97,10.0043422261957,0.25264565482155,0.243107769423559,0.0095378853979915
3767,400,767,4816,2.01681591227206,87,9.61964527876517,0.209655954437745,0.218045112781955,-0.00838915834421033
3768,400,768,4817,2.0042864109434,85,9.94777555473281,0.201480863728357,0.213032581453634,-0.0115517177252769
3769,400,769,4818,1.96235753695086,77,10.397171085504,0.188739563946085,0.192982456140351,-0.00424289219426591
3770,400,770,4819,1.75528025172994,80,9.13833513773224,0.192078778604034,0.200501253132832,-0.00842247452879791
3771,400,771,4820,1.79025488461216,78,9.92206916052234,0.180431607122351,0.195488721804511,-0.0150571146821601
3772,400,772,4821,1.9369601559805,95,9.63935979773742,0.200942821579826,0.238095238095238,-0.037152416515412
3773,400,773,4822,2.2697155387063,98,9.65552980420222,0.235068979613992,0.245614035087719,-0.0105450554737276
3774,400,774,4823,2.23617669099486,102,10.2302263272351,0.218585260918584,0.255639097744361,-0.0370538368257766
3775,400,775,4824,2.1820087334308,92,9.54641798318289,0.228568321361442,0.230576441102757,-0.0020081197413146
3776,400,776,4825,2.06277356879372,84,11.1406663151878,0.185157109138221,0.210526315789474,-0.0253692066512531
3777,400,777,4826,2.03093079643668,78,9.62320156041967,0.211045231016455,0.195488721804511,0.0155565092119442
3778,400,778,4827,2.04366462712225,83,10.0085212366835,0.20419246547949,0.208020050125313,-0.00382758464582306
3779,400,779,4828,2.39213881725559,96,10.4369093578866,0.229199922623452,0.240601503759398,-0.0114015811359461
3780,400,780,4829,1.82560507717283,87,9.8232213802579,0.185845865272039,0.218045112781955,-0.0321992475099157
3781,400,781,4830,2.29515366672285,97,9.79583818432645,0.234298854629423,0.243107769423559,-0.00880891479413604
3782,400,782,4831,1.85293802404249,87,9.93593463349007,0.186488548122788,0.218045112781955,-0.0315565646591668
3783,400,783,4832,2.17752862909367,91,10.0085688015312,0.217566434549617,0.228070175438596,-0.0105037408889798
3784,400,784,4833,2.32315932472482,104,10.1945902253372,0.227881579678499,0.260651629072682,-0.0327700493941831
3785,400,785,4834,1.96484901777203,87,10.2724167682296,0.191274269931189,0.218045112781955,-0.026770842850766
3786,400,786,4835,1.77309298552803,79,10.0126689284924,0.177084950894806,0.197994987468672,-0.0209100365738659
3787,400,787,4836,1.75766918370176,79,9.62115972557024,0.182687870676379,0.197994987468672,-0.015307116792293
3788,400,788,4837,2.06622480381723,80,10.5041204270701,0.196706122912716,0.200501253132832,-0.00379513022011571
3789,400,789,4838,2.62088474344051,115,9.94023000571883,0.26366439628989,0.288220551378446,-0.0245561550885562
3790,400,790,4839,2.56864257536058,98,11.0655606986433,0.232129455100772,0.245614035087719,-0.0134845799869476
3791,400,791,4840,1.98537632445082,84,9.13247686226847,0.21739735609444,0.210526315789474,0.00687104030496657
3792,400,792,4841,1.82566838437357,76,9.89198454854555,0.184560375667186,0.19047619047619,-0.00591581480900449
3793,400,793,4842,1.67100634399683,84,9.5795438939724,0.174434854361726,0.210526315789474,-0.0360914614277482
3794,400,794,4843,1.79682889380303,80,9.96986319876227,0.180226032993722,0.200501253132832,-0.0202752201391099
3795,400,795,4844,1.91070083373233,79,10.2579169634395,0.18626596808517,0.197994987468672,-0.0117290193835021
3796,400,796,4845,1.66906962955723,77,9.81362695580125,0.17007673483763,0.192982456140351,-0.0229057213027206
3797,400,797,4846,1.72125656819977,77,8.78612187987591,0.195906293098688,0.192982456140351,0.00292383695833723
3798,400,798,4847,2.14960886424523,90,10.5076136219146,0.204576314051178,0.225563909774436,-0.0209875957232583
3799,400,799,4848,1.94100506382248,84,9.81491589632079,0.197760743375303,0.210526315789474,-0.012765572414171
3800,400,800,4849,1.8338634371215,86,10.4121339532725,0.176127530182718,0.215538847117794,-0.0394113169350767
3801,400,801,4850,2.13922236076007,83,10.8592501872352,0.196995402433465,0.208020050125313,-0.0110246476918485
3802,400,802,4851,2.10664860782631,88,10.2108146568141,0.206315429143595,0.220551378446115,-0.0142359493025201
3803,400,803,4852,1.89972966861947,79,9.60278691556594,0.197831076053562,0.197994987468672,-0.000163911415109907
3804,400,804,4853,1.76718683801252,100,9.07527190090005,0.194725497738229,0.25062656641604,-0.0559010686778112
3805,400,805,4854,1.84743126378163,76,9.84559897161754,0.187640312093487,0.19047619047619,-0.00283587838270319
3806,400,806,4855,2.13365732291601,80,10.4934989042756,0.203331352333458,0.200501253132832,0.00283009920062574
3807,400,807,4856,2.21636789017396,85,10.5044105845668,0.21099402696904,0.213032581453634,-0.00203855448459417
3808,400,808,4857,1.54910218594461,64,10.2773899756334,0.150729143256933,0.160401002506266,-0.00967185924933259
3809,400,809,4858,1.85551912922881,72,10.5310010601314,0.176195892359511,0.180451127819549,-0.00425523546003778
3810,400,810,4859,2.11196494666201,75,10.3614458357282,0.203829174050166,0.18796992481203,0.0158592492381356
3811,400,811,4860,1.85851635786642,94,8.97440012265576,0.207090873202168,0.235588972431078,-0.02849809922891
3812,400,812,4861,1.90780524736159,87,9.84988874448198,0.193687999616277,0.218045112781955,-0.0243571131656782
3813,400,813,4862,1.9326664600721,79,9.66102815449064,0.200047699806543,0.197994987468672,0.00205271233787116
3814,400,814,4863,1.98945893255146,72,9.85304776041929,0.201913050756063,0.180451127819549,0.0214619229365145
3815,400,815,4864,1.74079288439563,86,8.91820916382717,0.195195341622666,0.215538847117794,-0.0203435054951288
3816,400,816,4865,2.20679813942142,79,10.4548964824911,0.211077952145884,0.197994987468672,0.0130829646772123
3817,400,817,4866,2.15454262245468,108,10.1641363519579,0.211974982216728,0.270676691729323,-0.058701709512595
3818,400,818,4867,2.04257483149116,90,10.5292440022473,0.19399064463272,0.225563909774436,-0.0315732651417156
3819,400,819,4868,2.48428950498729,110,10.1395415680861,0.245010041953624,0.275689223057644,-0.0306791811040205
3820,400,820,4869,1.988243562462,92,9.58034482689851,0.207533611616949,0.230576441102757,-0.0230428294858077
3821,400,821,4870,2.17169885453466,94,10.0722094702856,0.21561295572153,0.235588972431078,-0.0199760167095475
3822,400,822,4871,2.06638837805547,83,11.5200008959374,0.179373977200314,0.208020050125313,-0.0286460729249989
3823,400,823,4872,2.09235438512167,94,9.57367796721127,0.218552827062675,0.235588972431078,-0.0170361453684025
3824,400,824,4873,2.26159138230608,106,9.68146046360394,0.233600229098513,0.265664160401002,-0.0320639313024895
3825,400,825,4874,1.79033040656888,78,9.23860188211692,0.193788024358362,0.195488721804511,-0.00170069744614962
3826,400,826,4875,2.78974645678037,113,10.8106695426673,0.258054919334076,0.283208020050125,-0.0251531007160497
3827,400,827,4876,1.87974289029816,82,10.3830705866571,0.181039209414001,0.205513784461153,-0.0244745750471516
3828,400,828,4877,1.66398300001799,90,9.03143725367445,0.184243432499185,0.225563909774436,-0.041320477275251
3829,400,829,4878,1.87129810171555,95,9.87339914171316,0.189529266958295,0.238095238095238,-0.0485659711369435
3830,400,830,4879,2.10166715605208,86,10.4865377051629,0.200415734453266,0.215538847117794,-0.0151231126645288
3831,400,831,4880,1.95746443843737,78,10.2735991029967,0.190533465323404,0.195488721804511,-0.0049552564811074
3832,400,832,4881,2.00701901522224,76,10.3027831068322,0.19480357825754,0.19047619047619,0.0043273877813497
3833,400,833,4882,2.39223210300342,97,9.71628827572793,0.246208432182834,0.243107769423559,0.00310066275927462
3834,400,834,4883,1.8260822440919,83,9.84954535999687,0.18539761759039,0.208020050125313,-0.022622432534923
3835,400,835,4884,2.00249527539533,91,10.0531552368086,0.199190724526306,0.228070175438596,-0.0288794509122902
3836,400,836,4885,1.84290638652224,83,9.44733820890601,0.195071494824323,0.208020050125313,-0.0129485553009898
3837,400,837,4886,2.09956305285195,88,9.4550159139751,0.222058119410319,0.220551378446115,0.00150674096420347
3838,400,838,4887,2.36798529427324,99,10.1624400167605,0.233013458418236,0.24812030075188,-0.0151068423336438
3839,400,839,4888,2.34999312902572,104,10.2884963855977,0.228409773493758,0.260651629072682,-0.0322418555789239
3840,400,840,4889,2.1777642658546,95,9.58911136655274,0.227108037711476,0.238095238095238,-0.0109872003837622
3841,400,841,4890,1.95712954520279,83,9.7630841385758,0.200462222533738,0.208020050125313,-0.007557827591575
3842,400,842,4891,2.11053691722228,95,10.4382606880978,0.202192393952071,0.238095238095238,-0.035902844143167
3843,400,843,4892,2.24250669809689,96,10.4090188052654,0.215438817053777,0.240601503759398,-0.025162686705622
3844,400,844,4893,1.79836852003934,84,9.98234049860405,0.180154996745586,0.210526315789474,-0.0303713190438881
3845,400,845,4894,1.74279040624017,86,9.25137163496942,0.188381839472599,0.215538847117794,-0.0271570076451955
3846,400,846,4895,1.78851161260167,76,10.0341199634117,0.178242996807222,0.19047619047619,-0.0122331936689686
3847,400,847,4896,2.17575075911067,108,9.70645052065939,0.224155138325772,0.270676691729323,-0.0465215534035511
3848,400,848,4897,2.13899065603887,94,10.4812930088234,0.204076983081975,0.235588972431078,-0.0315119893491031
3849,400,849,4898,2.03356779046475,78,9.69569254293144,0.20973930242325,0.195488721804511,0.014250580618739
3850,400,850,4899,2.28420103559028,94,10.4669934742361,0.218228953826398,0.235588972431078,-0.0173600186046796
3851,400,851,4900,1.79188715363342,86,8.98141463126015,0.199510570127415,0.215538847117794,-0.0160282769903792
3852,400,852,4901,2.485699026127,101,10.7465398185382,0.231302267343679,0.2531328320802,-0.021830564736522
3853,400,853,4902,2.3305844040625,110,9.69677025562915,0.2403464599679,0.275689223057644,-0.0353427630897442
3854,400,854,4903,2.03847600096315,93,9.20347852338531,0.221489733016005,0.233082706766917,-0.0115929737509124
3855,400,855,4904,2.05473521806717,87,10.2971980554606,0.19954313853151,0.218045112781955,-0.0185019742504453
3856,400,856,4905,2.57648452653408,106,10.1839589355947,0.252994394697412,0.265664160401002,-0.0126697657035905
3857,400,857,4906,2.03590306848924,99,9.22138344667208,0.22078065403776,0.24812030075188,-0.0273396467141193
3858,400,858,4907,2.62235813293127,102,10.7766248520516,0.24333760977418,0.255639097744361,-0.0123014879701813
3859,400,859,4908,2.34554563045682,105,10.0932420078841,0.232387733160926,0.263157894736842,-0.0307701615759164
3860,400,860,4909,2.12186353884932,81,9.98918850543371,0.212416007335843,0.203007518796992,0.00940848853885023
3861,400,861,4910,1.81697833724276,84,9.37726341474337,0.193764241962748,0.210526315789474,-0.0167620738267257
3862,400,862,4911,1.99194522911582,87,10.4112779256071,0.191325718451577,0.218045112781955,-0.026719394330378
3863,400,863,4912,2.3621780889455,94,10.537924870337,0.22415970108069,0.235588972431078,-0.0114292713503878
3864,400,864,4913,1.96990067101789,72,10.4092788350644,0.189244682771118,0.180451127819549,0.00879355495156944
3865,400,865,4914,1.90285263922425,88,9.94732816977616,0.191292838312689,0.220551378446115,-0.0292585401334264
3866,400,866,4915,2.31728844835072,106,8.72923258252826,0.265463020539609,0.265664160401002,-0.000201139861393695
3867,400,867,4916,2.07549912887722,81,10.3342798284108,0.200836358540563,0.203007518796992,-0.00217116025642936
3868,400,868,4917,2.05597887176439,86,10.7429514262554,0.19137933238157,0.215538847117794,-0.0241595147362245
3869,400,869,4918,2.32090271992877,100,9.90728690529802,0.234262189246548,0.25062656641604,-0.016364377169492
3870,400,870,4919,2.71188259153059,113,9.93855559681609,0.2728648610065,0.283208020050125,-0.0103431590436254
3871,400,871,4920,1.84808087528385,91,9.64116137270223,0.191686541054739,0.228070175438596,-0.0363836343838579
3872,400,872,4921,2.33094037382818,113,10.0405510022453,0.232152635179776,0.283208020050125,-0.051055384870349
3873,400,873,4922,1.8005870664881,90,9.20091851739734,0.195696447380063,0.225563909774436,-0.0298674623943729
3874,400,874,4923,1.91731461749356,99,9.73923836860739,0.196864944149397,0.24812030075188,-0.0512553566024824
3875,400,875,4924,1.99831342772279,83,9.62992018507998,0.207510902407982,0.208020050125313,-0.000509147717330793
3876,400,876,4925,2.11914192048468,83,10.1762167847806,0.208244573135867,0.208020050125313,0.000224523010553257
3877,400,877,4926,1.71158959826741,77,9.36870454396803,0.182692237783227,0.192982456140351,-0.0102902183571235
3878,400,878,4927,2.36850438436388,111,9.72515367083265,0.243544160280718,0.278195488721804,-0.0346513284410865
3879,400,879,4928,2.16849669338673,94,10.4666141791285,0.20718225170762,0.235588972431078,-0.028406720723458
3880,400,880,4929,1.78440696860832,70,9.73867526165365,0.183228921867277,0.175438596491228,0.00779032537604932
3881,400,881,4930,1.98973532635317,98,9.6846629294571,0.205452202192928,0.245614035087719,-0.0401618328947916
3882,400,882,4931,2.03328861573283,95,9.20154734939756,0.220972466752122,0.238095238095238,-0.0171227713431159
3883,400,883,4932,1.98819422523411,96,9.8902994971214,0.201024673298598,0.240601503759398,-0.0395768304608009
3884,400,884,4933,1.94631509900085,87,10.0473127304167,0.193714991383584,0.218045112781955,-0.0243301213983711
3885,400,885,4934,1.92119105369252,77,9.93481620290713,0.19337962720743,0.192982456140351,0.000397171067079399
3886,400,886,4935,2.36986826193884,107,10.3654501495964,0.228631485148874,0.268170426065163,-0.039538940916289
3887,400,887,4936,2.52167443387287,102,10.2663714512389,0.245624702539725,0.255639097744361,-0.0100143952046363
3888,400,888,4937,2.39621799099779,102,10.0874770591902,0.237543835484088,0.255639097744361,-0.0180952622602732
3889,400,889,4938,2.41394622357826,96,10.8974206764676,0.221515374623561,0.240601503759398,-0.0190861291358371
3890,400,890,4939,1.84816560301252,78,10.2732862513827,0.179900136897653,0.195488721804511,-0.0155885849068582
3891,400,891,4940,2.14357883802931,84,9.75842232125105,0.219664487502371,0.210526315789474,0.00913817171289766
3892,400,892,4941,1.93063484217951,82,10.4774636353555,0.184265477731147,0.205513784461153,-0.021248306730006
3893,400,893,4942,1.68635700271766,69,10.3293320231917,0.163259056726166,0.172932330827068,-0.00967327410090135
3894,400,894,4943,1.88223774528268,102,9.66957787215136,0.194655627181366,0.255639097744361,-0.0609834705629947
3895,400,895,4944,2.18247524596334,94,9.559304115623,0.22830900864389,0.235588972431078,-0.0072799637871879
3896,400,896,4945,2.08414680723744,85,10.0102182132342,0.208201935546424,0.213032581453634,-0.00483064590720991
3897,400,897,4946,2.02139035892301,92,9.5702856662202,0.211215258292426,0.230576441102757,-0.0193611828103306
3898,400,898,4947,1.73580933094823,69,9.7842088118646,0.177409268784548,0.172932330827068,0.00447693795748061
3899,400,899,4948,1.98687949324264,77,10.4877359316242,0.189447894778843,0.192982456140351,-0.00353456136150776
3900,400,900,4949,2.00065384869791,86,9.11757615878296,0.219428257450932,0.215538847117794,0.00388941033313767
3901,400,901,4950,1.97723164485041,75,10.0372330834189,0.196989711050619,0.18796992481203,0.00901978623858921
3902,400,902,4951,1.79968356224789,83,9.71516374913071,0.185244799647245,0.208020050125313,-0.0227752504780687
3903,400,903,4952,2.05134510598869,85,10.1367720273667,0.202366700212907,0.213032581453634,-0.0106658812407268
3904,400,904,4953,1.7979082848508,81,10.0929482979273,0.178135093114469,0.203007518796992,-0.0248724256825233
3905,400,905,4954,2.3380724849738,95,10.1439843622053,0.230488573472673,0.238095238095238,-0.00760666462256487
3906,400,906,4955,1.95253485157295,74,10.1301325813171,0.192745241575021,0.18546365914787,0.00728158242715168
3907,400,907,4956,2.17436905216516,81,10.4571123372898,0.207932073600416,0.203007518796992,0.00492455480342385
3908,400,908,4957,2.29987165406924,105,10.5538423612957,0.217917946406287,0.263157894736842,-0.0452399483305551
3909,400,909,4958,1.9349961796678,81,10.2555408640834,0.188678120960396,0.203007518796992,-0.0143293978365964
3910,400,910,4959,2.17109966339592,93,10.1677958376341,0.213527070966554,0.233082706766917,-0.0195556358003635
3911,400,911,4960,1.87356455472683,89,9.47052109079481,0.197831200286107,0.223057644110276,-0.0252264438241688
3912,400,912,4961,2.05066931966302,73,10.5490041672371,0.194394588072299,0.182957393483709,0.0114371945885893
3913,400,913,4962,1.74237807242862,87,9.88799870670813,0.176211397686225,0.218045112781955,-0.0418337150957302
3914,400,914,4963,1.68717996025734,76,10.0152540486957,0.168461024758236,0.19047619047619,-0.0220151657179546
3915,400,915,4964,2.27894400890034,92,9.7422852194887,0.233922940825166,0.230576441102757,0.0033464997224088
3916,400,916,4965,1.62154398015741,73,9.23687021990714,0.175551235597387,0.182957393483709,-0.00740615788632232
3917,400,917,4966,2.31965059002871,108,10.7569311087773,0.21564241386058,0.270676691729323,-0.0550342778687432
3918,400,918,4967,1.96951548281728,77,9.80091338571108,0.200952238358588,0.192982456140351,0.00796978221823666
3919,400,919,4968,2.08463770848188,98,9.57071863554015,0.217814125340676,0.245614035087719,-0.0277999097470436
3920,400,920,4969,2.17625282300423,90,9.76698521081998,0.222817253843422,0.225563909774436,-0.00274665593101361
3921,400,921,4970,2.05095581154068,76,10.5110635112905,0.195123529539864,0.19047619047619,0.00464733906367384
3922,400,922,4971,2.38853084373409,95,10.0447836710413,0.237788181603167,0.238095238095238,-0.000307056492071078
3923,400,923,4972,1.91173667525913,85,9.86944701373033,0.193702511660433,0.213032581453634,-0.0193300697932006
3924,400,924,4973,2.3466323648317,94,10.135371747718,0.231528988106435,0.235588972431078,-0.00405998432464244
3925,400,925,4974,1.67782473729384,84,8.5352542280499,0.196575836227573,0.210526315789474,-0.0139504795619002
3926,400,926,4975,2.06066092660134,102,9.55188888384504,0.215733343599349,0.255639097744361,-0.039905754145012
3927,400,927,4976,2.02057053625576,87,10.1292581585422,0.199478629592611,0.218045112781955,-0.0185664831893443
3928,400,928,4977,1.92698814033369,79,9.91596601329871,0.194331862145285,0.197994987468672,-0.00366312532338689
3929,400,929,4978,2.05719195514417,95,9.93496387980206,0.207065871605882,0.238095238095238,-0.0310293664893561
3930,400,930,4979,1.52880626875802,79,9.56057963793387,0.159907278288036,0.197994987468672,-0.038087709180636
3931,400,931,4980,1.89920624764447,95,9.05619320874007,0.209713530163155,0.238095238095238,-0.0283817079320833
3932,400,932,4981,2.05448437618945,82,10.225060683956,0.200926374883341,0.205513784461153,-0.00458740957781234
3933,400,933,4982,2.59595512648028,111,9.90785615287786,0.262009771480811,0.278195488721804,-0.0161857172409933
3934,400,934,4983,2.03682380453386,91,9.80321750812011,0.207770948961067,0.228070175438596,-0.0202992264775296
3935,400,935,4984,2.07096745557887,90,9.92926406090926,0.208572099893296,0.225563909774436,-0.0169918098811406
3936,400,936,4985,1.75550269199022,79,9.79032380055735,0.179309972555789,0.197994987468672,-0.0186850149128829
3937,400,937,4986,2.41617936621676,103,10.0387295360946,0.240685771793065,0.258145363408521,-0.0174595916154559
3938,400,938,4987,2.11395658483882,86,10.4483520584394,0.202324402261247,0.215538847117794,-0.0132144448565479
3939,400,939,4988,2.1382891189154,88,9.67182980135254,0.221084237712327,0.220551378446115,0.000532859266211855
3940,400,940,4989,1.84465080336222,83,10.4233757665783,0.176972493813083,0.208020050125313,-0.0310475563122302
3941,400,941,4990,1.94005974580593,83,10.2854617514705,0.188621550756199,0.208020050125313,-0.0193984993691146
3942,400,942,4991,2.17588498999643,95,9.69292645287691,0.224481739397766,0.238095238095238,-0.0136134986974718
3943,400,943,4992,2.63647523744147,103,10.4958724473777,0.251191623246163,0.258145363408521,-0.00695374016235811
3944,400,944,4993,1.94931241776003,80,10.0904176803408,0.193184512228655,0.200501253132832,-0.00731674090417703
3945,400,945,4994,2.14185525548981,82,10.206010987026,0.209862134992072,0.205513784461153,0.00434835053091934
3946,400,946,4995,1.96749938271779,94,9.5014423817658,0.207073758242603,0.235588972431078,-0.0285152141884745
3947,400,947,4996,2.27477118710651,91,9.50783716422578,0.239252224014266,0.228070175438596,0.0111820485756694
3948,400,948,4997,2.03220568785085,73,10.3659833463506,0.196045625383558,0.182957393483709,0.0130882318998485
3949,400,949,4998,2.01890228458645,85,10.1023066137315,0.199845675030519,0.213032581453634,-0.0131869064231146
3950,400,950,4999,2.01904675969413,102,9.82557202610565,0.205488978588698,0.255639097744361,-0.0501501191556633
3951,400,951,5000,2.05227084108622,88,10.1424905779521,0.202343874545714,0.220551378446115,-0.0182075039004008
3952,400,952,5001,2.0596058919913,83,9.6741433576137,0.212898012346525,0.208020050125313,0.00487796222121217
3953,400,953,5002,2.64744591312703,85,10.0650994090189,0.26303226680054,0.213032581453634,0.0499996853469056
3954,400,954,5003,2.32830100149484,88,10.0570357247738,0.231509667978953,0.220551378446115,0.0109582895328376
3955,400,955,5004,1.93824169278929,84,9.63578787867599,0.201150307291282,0.210526315789474,-0.0093760084981912
3956,400,956,5005,2.40074544303795,96,10.7340337519646,0.223657340615176,0.240601503759398,-0.0169441631442224
3957,400,957,5006,2.11887998690779,86,10.1628247876547,0.208493212387339,0.215538847117794,-0.00704563473045589
3958,400,958,5007,2.12228065107545,100,9.79521855644625,0.21666496146518,0.25062656641604,-0.0339616049508598
3959,400,959,5008,1.92129568907606,81,10.1117136211733,0.190006932658079,0.203007518796992,-0.0130005861389137
3960,400,960,5009,1.94840903339053,77,9.93961430659072,0.196024611548417,0.192982456140351,0.00304215540806585
3961,400,961,5010,2.09593106846609,93,9.23389736776596,0.226982278986839,0.233082706766917,-0.00610042778007849
3962,400,962,5011,2.01510864167537,78,10.3428912037631,0.194830304406779,0.195488721804511,-0.000658417397732064
3963,400,963,5012,2.14758854288776,103,9.65970659860521,0.222324407161379,0.258145363408521,-0.0358209562471424
3964,400,964,5013,1.81232942685298,64,10.6743064214891,0.169784279679706,0.160401002506266,0.00938327717344056
3965,400,965,5014,2.17746345347038,91,9.70394960543622,0.224389402460473,0.228070175438596,-0.00368077297812355
3966,400,966,5015,2.27631940886885,88,9.97893491199268,0.228112461795213,0.220551378446115,0.00756108334909769
3967,400,967,5016,1.90652909628025,86,9.30502539666616,0.204892411896407,0.215538847117794,-0.0106464352213875
3968,400,968,5017,1.89656314728215,79,10.3657586267115,0.182964239818868,0.197994987468672,-0.0150307476498038
3969,400,969,5018,1.9669298137613,86,10.0683769310009,0.195357188873715,0.215538847117794,-0.0201816582440798
3970,400,970,5019,1.99002774972028,84,9.98780496068582,0.199245755954733,0.210526315789474,-0.0112805598347402
3971,400,971,5020,2.54487838289292,100,10.592953066996,0.240242580779658,0.25062656641604,-0.0103839856363821
3972,400,972,5021,2.06499834540302,80,9.47820909559495,0.217867987989708,0.200501253132832,0.0173667348568763
3973,400,973,5022,1.9520727564771,72,9.65141906784654,0.202257589558035,0.180451127819549,0.021806461738486
3974,400,974,5023,2.05933965363294,75,10.9686081145942,0.187748493894398,0.18796992481203,-0.000221430917631826
3975,400,975,5024,2.28478442050026,88,10.2309450287564,0.22332095559876,0.220551378446115,0.00276957715264484
3976,400,976,5025,2.0783783404183,94,9.80261153053843,0.212022922049237,0.235588972431078,-0.0235660503818407
3977,400,977,5026,2.1313402540695,87,10.6411791548544,0.200291736757124,0.218045112781955,-0.0177533760248313
3978,400,978,5027,2.63067824364698,96,10.5110551530515,0.250277275244174,0.240601503759398,0.00967577148477583
3979,400,979,5028,1.98634269993413,80,10.3834101373137,0.191299647578788,0.200501253132832,-0.0092016055540437
3980,400,980,5029,2.10446580420927,84,10.1247161724042,0.207854301135392,0.210526315789474,-0.00267201465408146
3981,400,981,5030,1.82420143834701,81,9.91419132403029,0.183999015020566,0.203007518796992,-0.0190085037764265
3982,400,982,5031,2.39130663933579,101,10.2660075568231,0.232934432017486,0.2531328320802,-0.020198400062715
3983,400,983,5032,2.04144404204307,92,10.4866660456356,0.194670454190032,0.230576441102757,-0.0359059869127254
3984,400,984,5033,1.75887482341241,74,10.3556690078706,0.169846566366269,0.18546365914787,-0.0156170927816007
3985,400,985,5034,1.94486681942097,85,9.78431363110894,0.198773965425364,0.213032581453634,-0.0142586160282699
3986,400,986,5035,2.30480657608895,91,10.5779178756074,0.217888492158161,0.228070175438596,-0.0101816832804352
3987,400,987,5036,2.47254018449816,99,9.38103624294522,0.263567917281801,0.24812030075188,0.0154476165299213
3988,400,988,5037,2.02003842182359,79,9.7315468996951,0.207576292098729,0.197994987468672,0.00958130463005696
3989,400,989,5038,2.10167686612933,87,9.58392654434067,0.21929183789189,0.218045112781955,0.00124672510993493
3990,400,990,5039,1.90363830986972,76,10.1572528600825,0.187416650554298,0.19047619047619,-0.0030595399218924
3991,400,991,5040,2.16021434166294,90,10.2550726393931,0.210648370579536,0.225563909774436,-0.0149155391949006
3992,400,992,5041,2.20029755676598,101,10.5036623509465,0.209479082937933,0.2531328320802,-0.0436537491422674
3993,400,993,5042,1.86029194216805,77,9.0678595301174,0.205152267300723,0.192982456140351,0.0121698111603721
3994,400,994,5043,1.93783317533729,80,9.94630885826818,0.194829378712326,0.200501253132832,-0.00567187442050612
3995,400,995,5044,2.08370645173408,81,9.77471391851007,0.21317313929651,0.203007518796992,0.0101656204995176
3996,400,996,5045,1.87954444828526,70,10.5632181497223,0.177932938773462,0.175438596491228,0.00249434228223352
3997,400,997,5046,2.11893737642507,85,10.0662568867039,0.210499036560837,0.213032581453634,-0.00253354489279697
3998,400,998,5047,1.90830907481549,87,10.0121509167013,0.190599311845394,0.218045112781955,-0.0274458009365609
3999,400,999,5048,1.98165676049187,91,9.52425659138589,0.20806419288243,0.228070175438596,-0.0200059825561661
4000,400,1000,5049,1.92914749450825,85,9.98194757716835,0.193263637140389,0.213032581453634,-0.0197689443132449
4001,450,1,5050,1.82319866358199,87,10.6008835848716,0.171985537713466,0.193763919821826,-0.0217783821083601
4002,450,2,5051,2.30312116198366,114,10.6646025703327,0.215959399030077,0.253897550111359,-0.0379381510812817
4003,450,3,5052,1.67036133974195,78,10.746673202879,0.155430551223467,0.173719376391982,-0.018288825168515
4004,450,4,5053,2.07111152310747,99,10.5795212570396,0.195766091185776,0.220489977728285,-0.0247238865425091
4005,450,5,5054,2.36310399926462,102,10.2323210163859,0.230945060801003,0.2271714922049,0.00377356859610314
4006,450,6,5055,1.83537957113048,81,10.4209062456023,0.176124756127138,0.180400890868597,-0.00427613474145855
4007,450,7,5056,1.76509034551165,87,10.3356139673627,0.170777503018724,0.193763919821826,-0.0229864168031025
4008,450,8,5057,1.60196734104731,73,10.4489368500256,0.153313907820524,0.162583518930958,-0.00926961111043351
4009,450,9,5058,1.90999520086941,86,10.3564539765309,0.184425596367031,0.191536748329621,-0.00711115196259077
4010,450,10,5059,1.85554903848238,84,11.1896468912755,0.165827309522085,0.187082405345212,-0.021255095823127
4011,450,11,5060,2.02127554499328,88,10.4199902028415,0.193980560983837,0.195991091314031,-0.00201053033019399
4012,450,12,5061,1.93400940599449,100,9.57611956498033,0.201961702009979,0.22271714922049,-0.0207554472105106
4013,450,13,5062,2.15381724700597,99,10.3978899388817,0.207139838915973,0.220489977728285,-0.0133501388123123
4014,450,14,5063,1.8621084344233,87,10.3146822103756,0.180529888991654,0.193763919821826,-0.013234030830172
4015,450,15,5064,2.37260266452758,104,11.2332202572609,0.21121304578658,0.23162583518931,-0.0204127894027297
4016,450,16,5065,2.08326922483262,96,9.95706784031748,0.209225171329775,0.21380846325167,-0.00458329192189552
4017,450,17,5066,2.28683402445069,114,10.9224378718198,0.209370293636624,0.253897550111359,-0.0445272564747341
4018,450,18,5067,1.99877958358907,82,11.2829561336199,0.17715034605455,0.182628062360802,-0.00547771630625221
4019,450,19,5068,1.64716428112592,81,9.35034145342652,0.17616086956079,0.180400890868597,-0.00424002130780668
4020,450,20,5069,1.82420412432267,80,9.39569213427913,0.194153245790937,0.178173719376392,0.0159795264145449
4021,450,21,5070,2.11044505810595,101,9.94709517471197,0.212166971466327,0.224944320712695,-0.0127773492463678
4022,450,22,5071,2.00701566947372,90,11.6495776054517,0.172282269576409,0.200445434298441,-0.0281631647220316
4023,450,23,5072,2.11897736809512,88,11.0751975897436,0.191326371464239,0.195991091314031,-0.00466471984979228
4024,450,24,5073,1.89926971388222,107,9.80243705964774,0.193754849158957,0.238307349665924,-0.0445525005069674
4025,450,25,5074,1.81130064702064,95,9.67426247963544,0.187228809517364,0.211581291759465,-0.0243524822421018
4026,450,26,5075,1.79246026646565,83,10.8389536004755,0.165372076727684,0.184855233853007,-0.0194831571253228
4027,450,27,5076,2.37061404014066,107,11.719146188033,0.202285559212616,0.238307349665924,-0.0360217904533081
4028,450,28,5077,2.30178255368518,92,10.7752518323154,0.213617518133733,0.204899777282851,0.00871774085088262
4029,450,29,5078,2.5835691670139,123,10.270806624639,0.251544913796359,0.273942093541203,-0.0223971797448433
4030,450,30,5079,1.88558454134144,92,11.1140732067441,0.169657379996134,0.204899777282851,-0.0352423972867168
4031,450,31,5080,2.00308433018883,100,10.6115041491389,0.188765353340731,0.22271714922049,-0.0339517958797586
4032,450,32,5081,1.77982184147219,89,10.7519103257956,0.165535406038693,0.198218262806236,-0.0326828567675435
4033,450,33,5082,2.42866561996636,102,10.6184300792593,0.228721722687633,0.2271714922049,0.00155023048273356
4034,450,34,5083,2.12202196776808,104,10.3331489790465,0.205360628407768,0.23162583518931,-0.0262652067815416
4035,450,35,5084,1.93186250988539,95,9.73914447332219,0.198360596783137,0.211581291759465,-0.013220694976328
4036,450,36,5085,2.14350825838887,97,10.9037404432502,0.196584673814,0.216035634743875,-0.0194509609298751
4037,450,37,5086,1.91304570492776,103,9.41730890795496,0.203141441321074,0.229398663697105,-0.0262572223760312
4038,450,38,5087,1.85749296899481,93,10.6175133352123,0.174946139491491,0.207126948775056,-0.0321808092835647
4039,450,39,5088,1.91282328641315,88,10.346273407315,0.184880411633116,0.195991091314031,-0.0111106796809154
4040,450,40,5089,2.37571821095649,90,11.0290797446918,0.215404935493363,0.200445434298441,0.0149595011949217
4041,450,41,5090,2.17377556747634,95,10.4425486542079,0.208165232402379,0.211581291759465,-0.00341605935708658
4042,450,42,5091,1.83770170330363,94,9.3895751934327,0.195717235918081,0.209354120267261,-0.0136368843491792
4043,450,43,5092,2.17728779062263,103,10.9444647216978,0.198939632589438,0.229398663697105,-0.0304590311076664
4044,450,44,5093,1.66394413027402,76,9.74777840060871,0.170699831478536,0.169265033407572,0.00143479807096408
4045,450,45,5094,1.91200077258315,87,10.580601970249,0.180708127756758,0.193763919821826,-0.0130557920650687
4046,450,46,5095,2.06577450197186,93,10.6063356770125,0.194767973113381,0.207126948775056,-0.0123589756616748
4047,450,47,5096,2.29883134023809,119,10.5726888320705,0.217431097874077,0.265033407572383,-0.0476023096983058
4048,450,48,5097,2.02303950897673,101,10.5961702814187,0.190921762792383,0.224944320712695,-0.0340225579203118
4049,450,49,5098,2.05198642386333,94,10.7894598819534,0.190184350867786,0.209354120267261,-0.0191697693994744
4050,450,50,5099,1.98205387521423,77,10.7806378158296,0.183853117883611,0.171492204899777,0.0123609129838337
4051,450,51,5100,1.95949462601251,76,11.2683787574573,0.173893216423501,0.169265033407572,0.00462818301592899
4052,450,52,5101,2.08339526139182,115,9.58202650165395,0.217427415905415,0.256124721603563,-0.0386973056981483
4053,450,53,5102,2.41009968937684,109,10.9695651090523,0.219707861288684,0.242761692650334,-0.0230538313616503
4054,450,54,5103,1.84022074411489,84,10.5632346457084,0.17420996558687,0.187082405345212,-0.0128724397583417
4055,450,55,5104,1.83200724093202,82,10.3095636625919,0.177699784480641,0.182628062360802,-0.00492827788016109
4056,450,56,5105,2.05422116354993,100,9.92643051754268,0.206944597045188,0.22271714922049,-0.0157725521753017
4057,450,57,5106,1.72290782524362,76,10.9068020805193,0.157966360123185,0.169265033407572,-0.011298673284387
4058,450,58,5107,1.75976299594399,84,9.96183308782446,0.176650520082976,0.187082405345212,-0.0104318852622353
4059,450,59,5108,2.02393517300897,75,11.121371982453,0.181986105329654,0.167037861915367,0.0149482434142866
4060,450,60,5109,1.86497691066422,84,10.9969089146481,0.169591011905177,0.187082405345212,-0.0174913934400349
4061,450,61,5110,2.17327434212835,90,11.2399255544588,0.193353090427385,0.200445434298441,-0.00709234387105556
4062,450,62,5111,1.83251957237216,96,10.49659013721,0.174582368980566,0.21380846325167,-0.0392260942711044
4063,450,63,5112,1.92196154715279,96,9.68049734616769,0.198539545895713,0.21380846325167,-0.015268917355957
4064,450,64,5113,2.62507441450271,103,11.0508211767315,0.237545642312088,0.229398663697105,0.00814697861498304
4065,450,65,5114,2.24577720424386,109,10.8536521517643,0.206914425931626,0.242761692650334,-0.0358472667187078
4066,450,66,5115,2.01931343395337,85,10.7786835283989,0.187343234322913,0.189309576837416,-0.00196634251450317
4067,450,67,5116,1.7906517909937,79,10.0113556940056,0.178862068807112,0.175946547884187,0.00291552092292471
4068,450,68,5117,1.67188061726909,89,9.77008708820502,0.171122386338549,0.198218262806236,-0.0270958764676869
4069,450,69,5118,2.39133151151693,101,10.7340885739296,0.22277918567999,0.224944320712695,-0.00216513503270499
4070,450,70,5119,1.99137346669917,85,10.2921457195249,0.193484771880115,0.189309576837416,0.00417519504269856
4071,450,71,5120,1.90611350713542,92,10.4873998673905,0.181752725292976,0.204899777282851,-0.0231470519898752
4072,450,72,5121,2.15100679417015,82,11.4186059244324,0.188377356080539,0.182628062360802,0.00574929371973709
4073,450,73,5122,1.89888421555801,74,10.7261315495149,0.177033463256741,0.164810690423163,0.012222772833578
4074,450,74,5123,2.24675905832389,115,9.94443689286154,0.225931250057677,0.256124721603563,-0.0301934715458863
4075,450,75,5124,2.01251723163168,81,10.6921264803742,0.188224226053229,0.180400890868597,0.00782333518463196
4076,450,76,5125,2.65214139902169,132,11.2304213658812,0.236156891412737,0.293986636971047,-0.0578297455583097
4077,450,77,5126,1.9199705671102,90,10.6390600511711,0.180464303977574,0.200445434298441,-0.0199811303208673
4078,450,78,5127,2.49525742365931,116,10.2994049699666,0.242271998327629,0.258351893095768,-0.0160798947681398
4079,450,79,5128,2.09885887595027,91,10.0463526897569,0.208917498794385,0.202672605790646,0.00624489300373945
4080,450,80,5129,1.94746418197978,113,9.80954043085551,0.198527565659866,0.251670378619154,-0.0531428129592877
4081,450,81,5130,1.97332106934249,85,10.9543868603105,0.180139801022744,0.189309576837416,-0.00916977581467235
4082,450,82,5131,1.98440650620239,92,10.3211952012563,0.192265185136781,0.204899777282851,-0.0126345921460698
4083,450,83,5132,2.08921578227322,97,10.4921006979136,0.199122734562457,0.216035634743875,-0.0169129001814182
4084,450,84,5133,2.10436637129808,102,10.0546729046861,0.209292374923237,0.2271714922049,-0.0178791172816625
4085,450,85,5134,2.2369125326093,95,10.7349259664062,0.208377080532225,0.211581291759465,-0.0032042112272409
4086,450,86,5135,1.9160871804,88,10.2667267522145,0.186630775966323,0.195991091314031,-0.0093603153477079
4087,450,87,5136,2.00947453725075,82,10.84811849512,0.185237148557578,0.182628062360802,0.00260908619677583
4088,450,88,5137,1.86523212505629,88,10.2057175926221,0.182763446874593,0.195991091314031,-0.0132276444394386
4089,450,89,5138,2.33361553257464,101,11.4525870271287,0.203763178314804,0.224944320712695,-0.021181142397891
4090,450,90,5139,2.03435714077576,99,10.2262261373857,0.198935278121655,0.220489977728285,-0.0215546996066305
4091,450,91,5140,1.90970277294846,87,10.9510136317568,0.174385936970302,0.193763919821826,-0.0193779828515247
4092,450,92,5141,1.9080696779856,81,11.2966479693998,0.16890582791941,0.180400890868597,-0.0114950629491867
4093,450,93,5142,2.39825856195738,103,11.2591404821027,0.213005474598137,0.229398663697105,-0.016393189098968
4094,450,94,5143,1.78989321639116,83,10.1094713561466,0.177051119028385,0.184855233853007,-0.00780411482462157
4095,450,95,5144,2.04345802305608,84,10.4237859052265,0.196037988657413,0.187082405345212,0.00895558331220106
4096,450,96,5145,2.06026438490401,103,10.0065785497386,0.20589099207719,0.229398663697105,-0.0235076716199152
4097,450,97,5146,1.81912074482371,81,10.8857980103013,0.167109544298202,0.180400890868597,-0.0132913465703953
4098,450,98,5147,1.89588139180916,86,10.3626883118496,0.182952660039118,0.191536748329621,-0.0085840882905035
4099,450,99,5148,2.14674341915619,92,11.3556378081025,0.189046485581323,0.204899777282851,-0.0158532917015277
4100,450,100,5149,1.9417879107372,81,10.664491482284,0.182079746977429,0.180400890868597,0.0016788561088317
4101,450,101,5150,2.09126675493795,92,10.7528250519186,0.194485332444314,0.204899777282851,-0.0104144448385364
4102,450,102,5151,1.9866088173979,92,10.7123351426571,0.185450584857741,0.204899777282851,-0.0194491924251093
4103,450,103,5152,1.75951211833081,94,9.6745684736271,0.181869829453091,0.209354120267261,-0.0274842908141695
4104,450,104,5153,1.75292071555993,95,9.33635126689373,0.187752224123755,0.211581291759465,-0.0238290676357109
4105,450,105,5154,2.01351141798447,95,10.4578523995721,0.192535842068957,0.211581291759465,-0.0190454496905086
4106,450,106,5155,2.01354703231665,85,10.6483629989165,0.189094514576705,0.189309576837416,-0.000215062260711912
4107,450,107,5156,2.19481774239308,98,10.2227064301811,0.214700261362606,0.21826280623608,-0.0035625448734744
4108,450,108,5157,2.24165331214921,98,10.638405843598,0.210713272750183,0.21826280623608,-0.0075495334858971
4109,450,109,5158,2.4658580855148,111,10.9457021627006,0.225280941218888,0.247216035634744,-0.021935094415856
4110,450,110,5159,1.77192908078588,89,10.9983071661707,0.161109255634912,0.198218262806236,-0.0371090071713239
4111,450,111,5160,2.32235803754667,118,10.2521045160422,0.226525006052437,0.262806236080178,-0.0362812300277417
4112,450,112,5161,2.24700028847217,105,10.3852466939837,0.216364652153509,0.233853006681514,-0.0174883545280053
4113,450,113,5162,2.15451584866174,108,10.0057190297748,0.215328437891407,0.240534521158129,-0.0252060832667226
4114,450,114,5163,2.64826891361934,130,10.7809322475895,0.245643776697648,0.289532293986637,-0.0438885172889895
4115,450,115,5164,1.968469288119,90,9.9641703655019,0.197554760297381,0.200445434298441,-0.00289067400105986
4116,450,116,5165,1.89490767121727,87,11.1548652118518,0.169872753747304,0.193763919821826,-0.0238911660745222
4117,450,117,5166,2.06069400754837,112,10.1563771610413,0.202896561921012,0.249443207126949,-0.0465466452059367
4118,450,118,5167,2.17780183272592,97,10.3867047342894,0.209672065244753,0.216035634743875,-0.00636356949912231
4119,450,119,5168,2.60670723079177,113,10.3779257913871,0.251178056500957,0.251670378619154,-0.000492322118196609
4120,450,120,5169,1.80325957896631,81,10.8798834991025,0.165742544864112,0.180400890868597,-0.0146583460044844
4121,450,121,5170,1.78692071878839,85,9.36516835825386,0.190804975461387,0.189309576837416,0.00149539862397102
4122,450,122,5171,1.83401741521841,79,10.0076770024642,0.183261051967086,0.175946547884187,0.00731450408289896
4123,450,123,5172,1.99844730652072,91,9.96193191641894,0.200608408417944,0.202672605790646,-0.00206419737270216
4124,450,124,5173,1.76459278349728,86,10.1517100849111,0.173822219974551,0.191536748329621,-0.0177145283550707
4125,450,125,5174,2.02186749504161,85,10.7868798946828,0.187437657115127,0.189309576837416,-0.00187191972228989
4126,450,126,5175,2.38237481067658,87,11.5174142553389,0.2068497978678,0.193763919821826,0.0130858780459741
4127,450,127,5176,2.28580863343608,90,11.200834609913,0.204074849155714,0.200445434298441,0.00362941485727264
4128,450,128,5177,2.37852881903742,105,10.8024680590138,0.220183832624502,0.233853006681514,-0.013669174057012
4129,450,129,5178,2.0951222416419,94,10.6592451637505,0.196554466048581,0.209354120267261,-0.0127996542186796
4130,450,130,5179,2.32588760647679,100,10.8926720899815,0.213527735643122,0.22271714922049,-0.00918941357736766
4131,450,131,5180,2.0738123808375,90,10.7541845278143,0.192837715911779,0.200445434298441,-0.00760771838666238
4132,450,132,5181,1.62255060461315,90,9.52594043181927,0.170329703006895,0.200445434298441,-0.0301157312915457
4133,450,133,5182,2.03250456274614,101,10.0099921918246,0.203047567250465,0.224944320712695,-0.0218967534622299
4134,450,134,5183,2.21034080471064,92,10.5532707257865,0.209446043993712,0.204899777282851,0.00454626671086103
4135,450,135,5184,1.93357116388275,103,9.94948128162721,0.194338891561442,0.229398663697105,-0.0350597721356627
4136,450,136,5185,2.06207879953822,92,9.87383574294651,0.208842728724882,0.204899777282851,0.00394295144203088
4137,450,137,5186,1.98217383256382,84,10.8951068093074,0.181932482834451,0.187082405345212,-0.00514992251076093
4138,450,138,5187,1.97186348032268,89,11.4431495246997,0.172318248229342,0.198218262806236,-0.0259000145768938
4139,450,139,5188,2.18690114968226,94,10.8335573794667,0.201863623653961,0.209354120267261,-0.00749049661329956
4140,450,140,5189,2.21709083288558,107,10.5620906902912,0.209910224963657,0.238307349665924,-0.0283971247022668
4141,450,141,5190,1.82725023955645,83,10.5558262177014,0.173103478768178,0.184855233853007,-0.0117517550848291
4142,450,142,5191,1.81410119846305,77,10.5356868903353,0.172186324189947,0.171492204899777,0.000694119290170131
4143,450,143,5192,1.76267601355218,93,11.0236950079028,0.159898837212798,0.207126948775056,-0.0472281115622577
4144,450,144,5193,1.98785197425089,97,10.1441957326555,0.19595954441728,0.216035634743875,-0.0200760903265948
4145,450,145,5194,2.0312569973736,82,10.3691345761554,0.195894554406172,0.182628062360802,0.0132664920453706
4146,450,146,5195,2.15910906610883,86,11.2225635634907,0.192390005536066,0.191536748329621,0.000853257206444358
4147,450,147,5196,1.86297913053972,73,10.6320339417616,0.175223211357718,0.162583518930958,0.0126396924267606
4148,450,148,5197,2.09127684314826,101,10.661421420538,0.196153661004305,0.224944320712695,-0.0287906597083895
4149,450,149,5198,2.06784517446609,100,10.1683887592858,0.203360160927927,0.22271714922049,-0.019356988292563
4150,450,150,5199,2.00141408384435,89,10.6696948133519,0.187579318701769,0.198218262806236,-0.0106389441044666
4151,450,151,5200,1.96099015169831,93,10.5935114634757,0.185112383033653,0.207126948775056,-0.0220145657414025
4152,450,152,5201,2.29954134806328,84,11.5974987904667,0.198279076343042,0.187082405345212,0.0111966709978308
4153,450,153,5202,2.24425439303425,120,9.70217786682243,0.231314496996464,0.267260579064588,-0.0359460820681243
4154,450,154,5203,1.90408770146304,80,9.94931573540503,0.191378759313796,0.178173719376392,0.0132050399374043
4155,450,155,5204,1.99521084771057,78,11.1823567244671,0.178424897083191,0.173719376391982,0.00470552069120928
4156,450,156,5205,2.20568710753458,99,10.1018550457078,0.218344759210514,0.220489977728285,-0.0021452185177715
4157,450,157,5206,1.94819813419662,75,11.1296451593894,0.175045844345994,0.167037861915367,0.00800798243062603
4158,450,158,5207,1.63226491887251,85,9.92938072283448,0.164387383708514,0.189309576837416,-0.0249221931289025
4159,450,159,5208,1.98414522110801,94,9.74269611055109,0.203654635081888,0.209354120267261,-0.00569948518537297
4160,450,160,5209,2.15577816092655,84,10.5345882191564,0.204638104126977,0.187082405345212,0.017555698781765
4161,450,161,5210,1.87897659692189,79,10.6240207408274,0.176861156690056,0.175946547884187,0.000914608805868855
4162,450,162,5211,2.20939467602461,119,9.81793992329267,0.225036483548133,0.265033407572383,-0.0399969240242501
4163,450,163,5212,2.31451761496488,127,9.7494972825256,0.23739866250471,0.282850779510022,-0.0454521170053123
4164,450,164,5213,2.11149584698639,100,10.3594383314713,0.203823390750037,0.22271714922049,-0.0188937584704532
4165,450,165,5214,2.234218953742,108,10.7473453553066,0.207885657330145,0.240534521158129,-0.0326488638279838
4166,450,166,5215,1.71945046646446,72,11.1324877914904,0.154453388916249,0.160356347438753,-0.00590295852250378
4167,450,167,5216,2.17827007045322,92,10.928438615554,0.199321252292434,0.204899777282851,-0.00557852499041678
4168,450,168,5217,2.22431144652177,86,10.828212131788,0.205418163169517,0.191536748329621,0.0138814148398957
4169,450,169,5218,2.08353234654,84,11.1723886457476,0.186489426084639,0.187082405345212,-0.000592979260572973
4170,450,170,5219,2.15746017936713,101,10.7230412999451,0.201198533048472,0.224944320712695,-0.0237457876642226
4171,450,171,5220,1.893811536119,92,10.5647790574184,0.179257088655271,0.204899777282851,-0.0256426886275794
4172,450,172,5221,2.44991892968027,111,10.4820178042778,0.233725888986798,0.247216035634744,-0.0134901466479463
4173,450,173,5222,2.05245724695973,96,11.592076567904,0.177056909082412,0.21380846325167,-0.0367515541692588
4174,450,174,5223,2.42841371637382,107,10.7512971104411,0.225871696357035,0.238307349665924,-0.0124356533088897
4175,450,175,5224,1.95843566217453,80,9.7100952709321,0.201690674244696,0.178173719376392,0.0235169548683038
4176,450,176,5225,2.17787558281846,99,10.0698075124735,0.216277776920832,0.220489977728285,-0.00421220080745283
4177,450,177,5226,2.10450617936238,92,10.6639853679433,0.197347061792551,0.204899777282851,-0.00755271549029943
4178,450,178,5227,1.80618885557675,101,10.025361736864,0.180161963526489,0.224944320712695,-0.0447823571862055
4179,450,179,5228,2.07125074729673,103,10.6758550926187,0.194012632180517,0.229398663697105,-0.035386031516588
4180,450,180,5229,2.30891599936932,103,10.3304313250403,0.223506253197063,0.229398663697105,-0.00589241050004152
4181,450,181,5230,2.001762571404,92,10.3752288578734,0.192936714825807,0.204899777282851,-0.011963062457044
4182,450,182,5231,1.91094622841788,92,10.1723642598994,0.187856645671946,0.204899777282851,-0.0170431316109051
4183,450,183,5232,1.96388061376978,86,11.0113194126742,0.178351071308432,0.191536748329621,-0.0131856770211898
4184,450,184,5233,2.05294834693226,102,10.4738103482876,0.196007783095663,0.2271714922049,-0.031163709109237
4185,450,185,5234,2.02473775034343,98,10.9415853488354,0.185049760687461,0.21826280623608,-0.0332130455486193
4186,450,186,5235,2.09212806742478,98,10.755875027655,0.194510261791403,0.21826280623608,-0.0237525444446774
4187,450,187,5236,2.37831010301575,88,10.4778257244312,0.226985079306123,0.195991091314031,0.0309939879920915
4188,450,188,5237,2.33031363397622,102,10.3868165458148,0.224353017471478,0.2271714922049,-0.00281847473342206
4189,450,189,5238,1.78783530311537,85,10.0742201556002,0.177466372136161,0.189309576837416,-0.0118432047012553
4190,450,190,5239,1.97920724306814,91,10.2910878195612,0.192322451986668,0.202672605790646,-0.0103501538039776
4191,450,191,5240,1.88037502596908,85,9.69909423402401,0.193871198753055,0.189309576837416,0.00456162191563872
4192,450,192,5241,2.14171236285515,92,10.4334412332928,0.205273822410674,0.204899777282851,0.000374045127823186
4193,450,193,5242,2.32775936042096,104,10.6192576503541,0.219201702893359,0.23162583518931,-0.0124241322959501
4194,450,194,5243,2.03311010687149,97,10.3250638641616,0.196910172529629,0.216035634743875,-0.0191254622142464
4195,450,195,5244,1.65085907408487,98,9.42993242526676,0.175065843490196,0.21826280623608,-0.0431969627458845
4196,450,196,5245,2.30768918363029,109,9.92364382944902,0.23254453941425,0.242761692650334,-0.010217153236084
4197,450,197,5246,2.13077532710684,100,10.5479885151859,0.202007740531682,0.22271714922049,-0.0207094086888077
4198,450,198,5247,1.65370791936709,84,10.2053614198259,0.162043052797174,0.187082405345212,-0.0250393525480381
4199,450,199,5248,2.08563363759212,100,10.3773862486144,0.200978703849497,0.22271714922049,-0.0217384453709927
4200,450,200,5249,1.98927068008469,82,10.7090531140208,0.185755982242748,0.182628062360802,0.00312791988194647
4201,450,201,5250,2.32529825813123,93,10.7428982290358,0.216449807915563,0.207126948775056,0.00932285914050682
4202,450,202,5251,1.72341579816074,84,9.83845232702859,0.175171433562381,0.187082405345212,-0.0119109717828303
4203,450,203,5252,2.58946117882759,101,11.7681464155728,0.220039850575019,0.224944320712695,-0.004904470137676
4204,450,204,5253,1.77208203885086,79,11.1845908238039,0.158439594864693,0.175946547884187,-0.0175069530194937
4205,450,205,5254,2.25224793340734,110,10.4024873192534,0.216510519483045,0.244988864142539,-0.0284783446594944
4206,450,206,5255,1.91385655794528,84,10.9247925361582,0.175184705028577,0.187082405345212,-0.0118977003166341
4207,450,207,5256,2.25344428246006,104,10.8021320122181,0.208611066770081,0.23162583518931,-0.023014768419229
4208,450,208,5257,2.07655444449122,94,10.3988410623364,0.199690949408998,0.209354120267261,-0.00966317085826246
4209,450,209,5258,1.90765814410008,87,10.7109614657946,0.178103352364041,0.193763919821826,-0.0156605674577853
4210,450,210,5259,1.70027567760491,78,10.0255530034439,0.169594203633539,0.173719376391982,-0.00412517275844276
4211,450,211,5260,1.9290947430572,94,9.918191186459,0.194500661137782,0.209354120267261,-0.0148534591294785
4212,450,212,5261,2.29887360078335,96,11.3743861249913,0.202109685351051,0.21380846325167,-0.011698777900619
4213,450,213,5262,1.62585387159224,82,9.71633652301182,0.167331984410135,0.182628062360802,-0.0152960779506668
4214,450,214,5263,2.13977247509119,102,10.9380508385345,0.195626488364162,0.2271714922049,-0.0315450038407379
4215,450,215,5264,2.38166502939755,96,10.5566582546714,0.225607855435089,0.21380846325167,0.0117993921834187
4216,450,216,5265,1.71224518199022,84,10.1866061140183,0.168087895303414,0.187082405345212,-0.0189945100417974
4217,450,217,5266,2.47348253450589,86,11.4900196133083,0.215272263908146,0.191536748329621,0.0237355155785248
4218,450,218,5267,1.95187407338522,92,10.6939101821463,0.182522018619898,0.204899777282851,-0.0223777586629527
4219,450,219,5268,1.70763745800192,72,9.96305325913087,0.171397001861545,0.160356347438753,0.0110406544227921
4220,450,220,5269,2.17033015539067,114,10.6112116198187,0.204531794591403,0.253897550111359,-0.0493657555199553
4221,450,221,5270,2.2804880935806,103,10.2611794376296,0.222244246623115,0.229398663697105,-0.00715441707398928
4222,450,222,5271,1.80663398701747,77,10.4245156854963,0.173306275468611,0.171492204899777,0.00181407056883323
4223,450,223,5272,1.76915486059455,75,10.4125022555153,0.169906792544268,0.167037861915367,0.00286893062890045
4224,450,224,5273,2.13756175037702,98,11.1591967544942,0.191551578254605,0.21826280623608,-0.0267112279814755
4225,450,225,5274,1.79072842546858,84,10.3249738758904,0.173436605941451,0.187082405345212,-0.0136457994037601
4226,450,226,5275,2.24639636039386,109,10.3512673657896,0.217016552757403,0.242761692650334,-0.0257451398929306
4227,450,227,5276,1.94939249736164,86,10.0084712479134,0.194774251638886,0.191536748329621,0.00323750330926478
4228,450,228,5277,2.37366738401418,110,10.6014689489389,0.223899857222311,0.244988864142539,-0.0210890069202282
4229,450,229,5278,2.04394683633959,106,9.66762737900784,0.211421764224984,0.236080178173719,-0.0246584139487356
4230,450,230,5279,2.16015395009628,92,10.4706212601925,0.206306187227764,0.204899777282851,0.0014064099449129
4231,450,231,5280,1.87194811213735,76,11.0793423903977,0.168958413430723,0.169265033407572,-0.000306619976849526
4232,450,232,5281,1.79369604667912,67,10.872159706926,0.164980656560486,0.149220489977728,0.015760166582758
4233,450,233,5282,1.93505037933513,101,9.1659017689162,0.211114021088177,0.224944320712695,-0.0138302996245183
4234,450,234,5283,2.09840852751689,97,10.9522139482626,0.1915967435835,0.216035634743875,-0.0244388911603752
4235,450,235,5284,1.98183534464445,90,10.6682359856501,0.185769732438449,0.200445434298441,-0.0146757018599916
4236,450,236,5285,2.1595381675225,101,9.98264378428912,0.216329282521452,0.224944320712695,-0.00861503819124254
4237,450,237,5286,2.13884663250909,103,10.3719751261803,0.206214014832175,0.229398663697105,-0.0231846488649301
4238,450,238,5287,1.81745870948536,86,10.4240175814108,0.174352997324798,0.191536748329621,-0.0171837510048234
4239,450,239,5288,1.87109722575943,88,11.0667341956422,0.169074018828086,0.195991091314031,-0.0269170724859456
4240,450,240,5289,1.97502524135711,96,9.5744610070067,0.206280566593959,0.21380846325167,-0.00752789665771103
4241,450,241,5290,1.76712126296691,94,10.042208247089,0.175969390345909,0.209354120267261,-0.0333847299213517
4242,450,242,5291,1.93166559442883,94,9.56865598723957,0.201874285898127,0.209354120267261,-0.00747983436913349
4243,450,243,5292,2.0591966503534,87,10.9675135869629,0.187754191870907,0.193763919821826,-0.00600972795091964
4244,450,244,5293,2.16394106731409,108,10.7842805405946,0.200656970965147,0.240534521158129,-0.0398775501929821
4245,450,245,5294,2.19918075786124,98,10.6861746648487,0.205796819426438,0.21826280623608,-0.0124659868096421
4246,450,246,5295,1.96800939956115,94,10.6729641553408,0.184392018085842,0.209354120267261,-0.0249621021814183
4247,450,247,5296,2.02294643831735,80,11.1599324308282,0.181268699506564,0.178173719376392,0.00309498013017234
4248,450,248,5297,2.23759108418,112,10.6211869758111,0.210672412535051,0.249443207126949,-0.0387707945918974
4249,450,249,5298,1.88175807190589,80,10.9097093855976,0.172484711131727,0.178173719376392,-0.00568900824466484
4250,450,250,5299,1.96722792477358,99,10.9188636986633,0.180167825065388,0.220489977728285,-0.0403221526628974
4251,450,251,5300,2.13821429443284,103,10.2296853244656,0.209020534514295,0.229398663697105,-0.02037812918281
4252,450,252,5301,2.09435693817797,76,10.1231666869362,0.206887528670322,0.169265033407572,0.0376224952627499
4253,450,253,5302,2.18751468955168,94,10.927446693676,0.200185345293667,0.209354120267261,-0.00916877497359317
4254,450,254,5303,1.88913251341686,86,10.7000461088945,0.176553679693633,0.191536748329621,-0.0149830686359887
4255,450,255,5304,2.12924671189111,101,10.429482557116,0.204156505390417,0.224944320712695,-0.0207878153222782
4256,450,256,5305,1.65669598425754,87,9.47162655184458,0.174911455301719,0.193763919821826,-0.0188524645201069
4257,450,257,5306,1.89507303631159,86,10.8408671353557,0.174808252204394,0.191536748329621,-0.0167284961252275
4258,450,258,5307,2.23720906566835,93,9.94578762516721,0.224940361687116,0.207126948775056,0.0178134129120602
4259,450,259,5308,2.24172429222579,102,11.0552142574611,0.202775291371025,0.2271714922049,-0.0243962008338743
4260,450,260,5309,2.15201813023054,91,11.3633150386732,0.189382950565614,0.202672605790646,-0.0132896552250319
4261,450,261,5310,2.14376342009815,96,10.4800426269837,0.204556746227201,0.21380846325167,-0.00925171702446947
4262,450,262,5311,2.1213883121818,92,10.8226931968947,0.196012976953876,0.204899777282851,-0.0088868003289744
4263,450,263,5312,2.02558793897079,87,10.2757477017738,0.197123167847059,0.193763919821826,0.00335924802523319
4264,450,264,5313,1.77685993131726,81,10.4608158119374,0.169858638490659,0.180400890868597,-0.0105422523779375
4265,450,265,5314,2.29438158086047,102,10.7191670798809,0.21404476334424,0.2271714922049,-0.0131267288606599
4266,450,266,5315,1.86287087159259,79,11.2768494512247,0.165194266328551,0.175946547884187,-0.0107522815556361
4267,450,267,5316,1.81728513266543,77,10.6342780974371,0.170889374531535,0.171492204899777,-0.00060283036824188
4268,450,268,5317,1.95381573231699,94,10.6158598439979,0.184046865824218,0.209354120267261,-0.0253072544430425
4269,450,269,5318,1.95508562024209,98,11.272415431734,0.173439812618877,0.21826280623608,-0.0448229936172029
4270,450,270,5319,1.98544991151115,84,10.7185102260768,0.185235622267804,0.187082405345212,-0.00184678307740713
4271,450,271,5320,2.63201738089362,108,10.4579482420757,0.25167626765489,0.240534521158129,0.0111417464967606
4272,450,272,5321,2.12855278045856,85,11.1029653454869,0.191710296684278,0.189309576837416,0.00240071984686149
4273,450,273,5322,2.15203018642126,99,10.6523927485509,0.202023173311368,0.220489977728285,-0.0184668044169174
4274,450,274,5323,1.89781062510766,82,10.2614432387534,0.184945780135526,0.182628062360802,0.00231771777472412
4275,450,275,5324,1.77194821565302,97,9.50519880498639,0.186418848464638,0.216035634743875,-0.0296167862792371
4276,450,276,5325,2.27876608007975,95,11.3902746685257,0.200062434523776,0.211581291759465,-0.0115188572356893
4277,450,277,5326,2.01286263055061,88,10.4861012518883,0.19195529226729,0.195991091314031,-0.00403579904674159
4278,450,278,5327,2.05970138706958,82,11.278751009219,0.182617861267265,0.182628062360802,-1.02010935364716e-05
4279,450,279,5328,1.94096262650174,74,11.277113307454,0.172115201256229,0.164810690423163,0.00730451083306627
4280,450,280,5329,1.92580544287799,83,10.3580645544056,0.18592329027906,0.184855233853007,0.00106805642605304
4281,450,281,5330,2.15733337318938,101,10.7696370882115,0.200316255368606,0.224944320712695,-0.0246280653440892
4282,450,282,5331,1.84783770788354,85,10.4003539759832,0.177670655455633,0.189309576837416,-0.0116389213817836
4283,450,283,5332,1.87974209771297,86,9.80332805818531,0.19174530185629,0.191536748329621,0.000208553526668098
4284,450,284,5333,2.0365915662901,92,9.77748547153328,0.208294000765284,0.204899777282851,0.00339422348243276
4285,450,285,5334,1.69442573382702,76,10.514738138357,0.161147687325267,0.169265033407572,-0.00811734608230513
4286,450,286,5335,1.93058874542278,84,10.6049328245766,0.182046296507292,0.187082405345212,-0.00503610883791955
4287,450,287,5336,1.83628534531262,95,11.085259950633,0.165651085629955,0.211581291759465,-0.0459302061295109
4288,450,288,5337,1.81988389932094,94,10.0661887449175,0.180791752016354,0.209354120267261,-0.0285623682509066
4289,450,289,5338,1.92873675388475,83,11.2515795844071,0.17141919847038,0.184855233853007,-0.0134360353826266
4290,450,290,5339,2.48213188041782,113,10.5651708744009,0.234935327589633,0.251670378619154,-0.0167350510295206
4291,450,291,5340,2.00201297444139,94,10.384366305391,0.192791058747808,0.209354120267261,-0.016563061519453
4292,450,292,5341,1.96872444613702,88,10.7034873389621,0.183932991537309,0.195991091314031,-0.0120580997767219
4293,450,293,5342,2.02772232193734,92,11.2298283864415,0.180565744387114,0.204899777282851,-0.0243340328957372
4294,450,294,5343,2.22094843072859,114,10.8263649810035,0.205142578753403,0.253897550111359,-0.0487549713579558
4295,450,295,5344,1.74820663112911,83,8.9550510866909,0.195220173978383,0.184855233853007,0.0103649401253768
4296,450,296,5345,2.19778294909382,109,10.0170482009153,0.219404250135585,0.242761692650334,-0.0233574425147493
4297,450,297,5346,1.92541931129186,90,10.1941412634924,0.188875086338781,0.200445434298441,-0.0115703479596603
4298,450,298,5347,2.04084532916134,99,9.81016911560241,0.208033654171722,0.220489977728285,-0.0124563235565629
4299,450,299,5348,2.15134106293204,78,10.3831639446272,0.20719513574138,0.173719376391982,0.0334757593493977
4300,450,300,5349,1.71013943925009,82,10.0587774330908,0.170014641503467,0.182628062360802,-0.0126134208573349
4301,450,301,5350,1.79161892324767,75,11.1190745433669,0.161130219629337,0.167037861915367,-0.00590764228603066
4302,450,302,5351,2.11548371171376,116,9.66159400767973,0.218958042537517,0.258351893095768,-0.0393938505582516
4303,450,303,5352,1.96593542822625,80,10.3510846512424,0.189925548332782,0.178173719376392,0.0117518289563904
4304,450,304,5353,1.95827567515091,99,10.6765342447351,0.183418666606778,0.220489977728285,-0.0370713111215072
4305,450,305,5354,1.97940608549905,90,10.0802221021031,0.196365324637646,0.200445434298441,-0.00408010966079494
4306,450,306,5355,1.99124162842325,86,10.6862809193664,0.186336260804691,0.191536748329621,-0.00520048752493082
4307,450,307,5356,1.78455313473379,78,10.4183870605411,0.171288811249168,0.173719376391982,-0.00243056514281451
4308,450,308,5357,2.18402105544935,93,10.5536460376812,0.206944694530347,0.207126948775056,-0.000182254244708635
4309,450,309,5358,1.73414044728164,82,10.1998525241397,0.170016227506966,0.182628062360802,-0.0126118348538357
4310,450,310,5359,2.35209214986603,102,9.99866433495009,0.235240635256086,0.2271714922049,0.0080691430511865
4311,450,311,5360,1.96081529875571,78,11.0278435134647,0.17780586896809,0.173719376391982,0.00408649257610783
4312,450,312,5361,1.81868970749027,81,11.0803790601145,0.164136055059426,0.180400890868597,-0.0162648358091705
4313,450,313,5362,2.09668202617563,98,10.0316552172617,0.209006587723213,0.21826280623608,-0.00925621851286706
4314,450,314,5363,2.05068340460072,92,10.3838805073621,0.197487192109616,0.204899777282851,-0.00741258517323512
4315,450,315,5364,1.90537221471223,101,9.95297075120508,0.191437537830756,0.224944320712695,-0.0335067828819391
4316,450,316,5365,2.32623479705222,118,10.7880058239311,0.215631585208447,0.262806236080178,-0.0471746508717315
4317,450,317,5366,1.81455490765611,89,10.0824087353385,0.179972361296578,0.198218262806236,-0.0182459015096584
4318,450,318,5367,1.79126226854613,77,10.4130142377749,0.172021494222878,0.171492204899777,0.000529289323100396
4319,450,319,5368,2.07437589033309,95,11.2529364853851,0.184340851210457,0.211581291759465,-0.0272404405490088
4320,450,320,5369,2.07057891099192,104,10.169306038229,0.203610640018904,0.23162583518931,-0.0280151951704051
4321,450,321,5370,2.19789643482189,81,9.82202499804637,0.223772229785514,0.180400890868597,0.0433713389169171
4322,450,322,5371,1.98495298927372,82,11.3151125893657,0.17542494372873,0.182628062360802,-0.00720311863207182
4323,450,323,5372,2.73757659278907,138,10.9165604622854,0.250772814591818,0.307349665924276,-0.0565768513324578
4324,450,324,5373,2.15797950461576,87,10.8362292123923,0.199144874321031,0.193763919821826,0.00538095449920473
4325,450,325,5374,2.04122064807237,85,11.0948984897319,0.183978307684517,0.189309576837416,-0.00533126915289983
4326,450,326,5375,2.45703401327144,103,11.7862516130738,0.208466108982944,0.229398663697105,-0.0209325547141606
4327,450,327,5376,2.12194180574722,97,10.6592762938569,0.199069969409661,0.216035634743875,-0.0169656653342146
4328,450,328,5377,1.99376973615353,82,10.59589718752,0.18816431500504,0.182628062360802,0.00553625264423807
4329,450,329,5378,1.7667515408347,77,10.5358991007848,0.167688730115411,0.171492204899777,-0.00380347478436638
4330,450,330,5379,2.31482612407205,96,9.75608290483451,0.237270034157353,0.21380846325167,0.0234615709056823
4331,450,331,5380,2.03025535499831,92,10.6308090224619,0.190978443005473,0.204899777282851,-0.013921334277378
4332,450,332,5381,1.86419408828967,86,10.5832645712772,0.176145467755673,0.191536748329621,-0.0153912805739481
4333,450,333,5382,1.83689806311708,94,9.5021256053535,0.193314437148902,0.209354120267261,-0.0160396831183584
4334,450,334,5383,1.9281879279556,93,10.4491248360763,0.184531045250641,0.207126948775056,-0.0225959035244144
4335,450,335,5384,1.75246350889336,93,9.37630809871509,0.186903362223508,0.207126948775056,-0.0202235865515477
4336,450,336,5385,2.02867561370929,85,10.4895633542337,0.193399433818234,0.189309576837416,0.00408985698081729
4337,450,337,5386,1.83503020471968,83,9.47743469516229,0.19362098117715,0.184855233853007,0.00876574732414301
4338,450,338,5387,2.07204840904625,90,11.1571344583932,0.185715106040288,0.200445434298441,-0.0147303282581529
4339,450,339,5388,1.90903375300043,90,9.68133192796202,0.197187098552698,0.200445434298441,-0.00325833574574308
4340,450,340,5389,2.03830804918896,103,10.5705053002239,0.192829764641978,0.229398663697105,-0.0365688990551263
4341,450,341,5390,2.54821936701139,125,10.3310903856169,0.246655413116805,0.278396436525612,-0.0317410234088073
4342,450,342,5391,1.9774341138049,91,10.4741946557166,0.188791041106503,0.202672605790646,-0.0138815646841428
4343,450,343,5392,1.90419406930073,84,11.3431580632933,0.167871597898538,0.187082405345212,-0.0192108074466737
4344,450,344,5393,1.91352924583336,92,10.3129035153174,0.185547090883887,0.204899777282851,-0.0193526863989638
4345,450,345,5394,2.14983787564912,103,10.0206222258885,0.214541355535286,0.229398663697105,-0.0148573081618192
4346,450,346,5395,2.99870011303072,134,11.3768899507034,0.263578194570241,0.298440979955457,-0.0348627853852158
4347,450,347,5396,1.85942291291482,107,9.68976622446735,0.191895539050224,0.238307349665924,-0.0464118106156999
4348,450,348,5397,2.2677691077591,95,10.9539014115209,0.207028438778346,0.211581291759465,-0.00455285298111932
4349,450,349,5398,1.85071565940486,86,9.73637339886171,0.190082650242361,0.191536748329621,-0.00145409808726038
4350,450,350,5399,2.01732195028936,81,10.3620261989719,0.194684119838407,0.180400890868597,0.0142832289698105
4351,450,351,5400,2.41884195830892,105,10.064537170412,0.240333153661542,0.233853006681514,0.00648014698002725
4352,450,352,5401,2.27246250900889,104,11.029496376597,0.206035020223654,0.23162583518931,-0.0255908149656554
4353,450,353,5402,2.2916349076174,109,10.7118401747782,0.213934755394617,0.242761692650334,-0.0288269372557172
4354,450,354,5403,2.31572057329921,92,10.118823806052,0.228852741947557,0.204899777282851,0.0239529646647065
4355,450,355,5404,2.44598552004879,116,10.4726500135863,0.23355936815186,0.258351893095768,-0.0247925249439089
4356,450,356,5405,2.22622802916766,96,10.8706508679266,0.204792524036997,0.21380846325167,-0.00901593921467383
4357,450,357,5406,2.07883185721577,86,11.157037004539,0.186324725495671,0.191536748329621,-0.00521202283395036
4358,450,358,5407,1.88465952665685,98,10.1986015310515,0.18479587823082,0.21826280623608,-0.03346692800526
4359,450,359,5408,1.93988321457294,86,11.1698128066221,0.173671953877586,0.191536748329621,-0.0178647944520357
4360,450,360,5409,2.68705355964542,121,10.6940318745293,0.251266649582872,0.269487750556793,-0.0182211009739208
4361,450,361,5410,2.01636323420876,97,10.818040099566,0.18638895915071,0.216035634743875,-0.0296466755931648
4362,450,362,5411,1.74591688209713,92,9.88458207493196,0.176630318698542,0.204899777282851,-0.0282694585843084
4363,450,363,5412,2.22174153398103,99,10.4882321634222,0.211831841569008,0.220489977728285,-0.00865813615927746
4364,450,364,5413,2.40408569823858,102,10.8554255794437,0.221463974916935,0.2271714922049,-0.00570751728796451
4365,450,365,5414,2.33432567055937,93,10.5955281154428,0.220312347353137,0.207126948775056,0.0131853985780812
4366,450,366,5415,1.8348043759722,90,10.3771305363015,0.176812305632433,0.200445434298441,-0.0236331286660078
4367,450,367,5416,2.06332376710891,87,11.0007860814714,0.187561484409206,0.193763919821826,-0.00620243541261994
4368,450,368,5417,1.99135708319399,86,10.3879792495245,0.191698215346853,0.191536748329621,0.000161467017231465
4369,450,369,5418,2.03486785529884,96,9.67636105884725,0.210292675410074,0.21380846325167,-0.00351578784159656
4370,450,370,5419,1.99214501251805,112,9.51802544814365,0.20930234147531,0.249443207126949,-0.0401408656516392
4371,450,371,5420,2.06778790283121,92,10.5238837326359,0.196485247781551,0.204899777282851,-0.00841452950129953
4372,450,372,5421,1.77787015961229,83,10.8487206943946,0.163878323508769,0.184855233853007,-0.0209769103442373
4373,450,373,5422,2.12482536292263,104,10.0211320900652,0.212034463155032,0.23162583518931,-0.0195913720342776
4374,450,374,5423,2.0791444927878,93,10.1893105761738,0.204051537858664,0.207126948775056,-0.00307541091639216
4375,450,375,5424,2.17379588999811,93,10.4248568630778,0.208520454386012,0.207126948775056,0.0013935056109568
4376,450,376,5425,1.80863681267155,76,9.75767748796607,0.185355256402162,0.169265033407572,0.0160902229945896
4377,450,377,5426,2.03632428652955,104,10.1228616447607,0.201160932351919,0.23162583518931,-0.0304649028373904
4378,450,378,5427,2.17019944302051,95,10.9101715540335,0.198915244574516,0.211581291759465,-0.0126660471849492
4379,450,379,5428,2.09002113513443,103,10.7873218628756,0.19374791646175,0.229398663697105,-0.0356507472353549
4380,450,380,5429,2.01174582037728,91,9.8222256497335,0.204815679471981,0.202672605790646,0.00214307368133465
4381,450,381,5430,2.24121096868662,96,11.4844071925165,0.19515251689674,0.21380846325167,-0.0186559463549309
4382,450,382,5431,2.31627023002772,100,10.6782347729212,0.216915087491945,0.22271714922049,-0.00580206172854522
4383,450,383,5432,1.61573371819545,84,9.03556122245669,0.178819409045645,0.187082405345212,-0.00826299629956684
4384,450,384,5433,2.18846254840436,98,10.7386457351421,0.203793159992478,0.21826280623608,-0.0144696462436023
4385,450,385,5434,1.93960023065586,85,10.6579661531238,0.181985962686453,0.189309576837416,-0.00732361415096397
4386,450,386,5435,1.95897239861303,89,10.6130610496584,0.184581280503996,0.198218262806236,-0.0136369823022405
4387,450,387,5436,2.23119041153126,110,10.27704358522,0.217104305633195,0.244988864142539,-0.0278845585093442
4388,450,388,5437,2.18796695109108,108,10.4654963536251,0.209064804683936,0.240534521158129,-0.0314697164741935
4389,450,389,5438,2.12563452009758,93,11.4072253053647,0.186341065701395,0.207126948775056,-0.0207858830736611
4390,450,390,5439,2.22552458347169,102,10.8757451985269,0.204631916512087,0.2271714922049,-0.0225395756928129
4391,450,391,5440,1.83317642353893,77,10.6602719954625,0.171963381827333,0.171492204899777,0.000471176927555328
4392,450,392,5441,1.89347757898394,87,10.6153372082906,0.178371872869486,0.193763919821826,-0.0153920469523403
4393,450,393,5442,2.14643762307649,92,11.0840627263656,0.193650800799852,0.204899777282851,-0.0112489764829985
4394,450,394,5443,2.20621427612519,119,10.571670209545,0.20869117484702,0.265033407572383,-0.0563422327253634
4395,450,395,5444,2.05619441456382,99,10.2772728625582,0.200071988168657,0.220489977728285,-0.0204179895596277
4396,450,396,5445,2.06344363707581,86,10.4657274588869,0.19716198851745,0.191536748329621,0.00562524018782853
4397,450,397,5446,1.74261102028253,96,9.27817841853295,0.18781822699181,0.21380846325167,-0.0259902362598609
4398,450,398,5447,1.80842134136155,74,11.143821899973,0.162280172600922,0.164810690423163,-0.00253051782224029
4399,450,399,5448,1.93164550228313,89,10.3155279989544,0.187256096098902,0.198218262806236,-0.0109621667073337
4400,450,400,5449,2.2901706372638,110,10.1674904883028,0.225244433707464,0.244988864142539,-0.0197444304350747
4401,450,401,5450,2.19878075652343,93,10.4852158363628,0.209702956127813,0.207126948775056,0.00257600735275682
4402,450,402,5451,2.08200469926723,96,10.5533138053142,0.197284449005849,0.21380846325167,-0.0165240142458213
4403,450,403,5452,1.83731462918799,70,10.8216014309729,0.169782138152801,0.155902004454343,0.0138801336984584
4404,450,404,5453,2.60971643250549,112,10.9646197944153,0.238012487567944,0.249443207126949,-0.0114307195590052
4405,450,405,5454,1.93487749034208,91,10.6778206053422,0.18120528166338,0.202672605790646,-0.0214673241272655
4406,450,406,5455,1.89493507575782,83,10.6803890412583,0.177421914916928,0.184855233853007,-0.00743331893607843
4407,450,407,5456,2.36250257404338,108,10.1770373187318,0.232140504161753,0.240534521158129,-0.00839401699637599
4408,450,408,5457,2.30907470903149,94,10.5701772262652,0.218451844240967,0.209354120267261,0.00909772397370651
4409,450,409,5458,1.99167661165608,90,9.93782505725597,0.200413732399312,0.200445434298441,-3.17018991289886e-05
4410,450,410,5459,2.1920364821032,103,10.9600867427413,0.200001745748495,0.229398663697105,-0.0293969179486099
4411,450,411,5460,1.94949683251409,93,10.2246331127402,0.190666678307015,0.207126948775056,-0.0164602704680408
4412,450,412,5461,1.98672095174421,88,10.7205583357172,0.185318794929285,0.195991091314031,-0.0106722963847462
4413,450,413,5462,1.85349915893821,81,10.5062683698227,0.176418409819231,0.180400890868597,-0.00398248104936572
4414,450,414,5463,2.18671815435008,95,11.9101218543967,0.183601660930349,0.211581291759465,-0.0279796308291166
4415,450,415,5464,2.50618981748472,99,11.8115585832193,0.212181127480099,0.220489977728285,-0.00830885024818598
4416,450,416,5465,2.34790612127221,85,10.5000037911294,0.223610026051207,0.189309576837416,0.0343004492137907
4417,450,417,5466,1.82856415076327,96,10.6007016653067,0.172494633704076,0.21380846325167,-0.0413138295475945
4418,450,418,5467,1.77655364958221,79,10.5321969307905,0.168678354692411,0.175946547884187,-0.00726819319177588
4419,450,419,5468,1.81695204908144,92,10.3359424202185,0.17578968372804,0.204899777282851,-0.0291100935548104
4420,450,420,5469,1.82556992308799,88,10.7251520702682,0.17021389637437,0.195991091314031,-0.0257771949396611
4421,450,421,5470,2.14936103927779,96,10.8630915851736,0.197859055355045,0.21380846325167,-0.015949407896625
4422,450,422,5471,1.80758868896816,85,9.14799393489075,0.197593997310597,0.189309576837416,0.00828442047318059
4423,450,423,5472,1.99807905003876,84,10.309822110585,0.193803445743972,0.187082405345212,0.0067210403987604
4424,450,424,5473,2.06368396188949,82,9.90695279252197,0.208306631222389,0.182628062360802,0.0256785688615873
4425,450,425,5474,1.97273452723314,81,11.0835265352393,0.177987982521716,0.180400890868597,-0.00241290834688082
4426,450,426,5475,1.99203879223392,97,10.6668678074067,0.186750115235394,0.216035634743875,-0.0292855195084809
4427,450,427,5476,2.29704804568402,107,10.8540966181063,0.211629592632536,0.238307349665924,-0.0266777570333884
4428,450,428,5477,1.80572573607106,75,10.1785109470402,0.177405687871873,0.167037861915367,0.010367825956506
4429,450,429,5478,2.16675217419349,89,11.5449909567636,0.187678984098649,0.198218262806236,-0.0105392787075866
4430,450,430,5479,2.14378699844605,84,11.3517597965948,0.188850630814892,0.187082405345212,0.00176822546968042
4431,450,431,5480,1.89592078472671,93,10.3394319518289,0.18336798322768,0.207126948775056,-0.0237589655473752
4432,450,432,5481,2.08262594673965,89,10.5339375434809,0.197706312396786,0.198218262806236,-0.000511950409450485
4433,450,433,5482,1.93777498910742,93,10.9264738673905,0.177346782926065,0.207126948775056,-0.0297801658489905
4434,450,434,5483,1.87885079244732,92,10.574086481946,0.177684454884612,0.204899777282851,-0.0272153223982387
4435,450,435,5484,1.79808667271246,94,10.5908963707182,0.169776627942826,0.209354120267261,-0.0395774923244347
4436,450,436,5485,2.07234292789136,90,11.087967898702,0.186900155810693,0.200445434298441,-0.0135452784877484
4437,450,437,5486,2.34523307102134,100,11.3123889739281,0.207315455331888,0.22271714922049,-0.0154016938886018
4438,450,438,5487,1.9982031022509,79,10.2565322756544,0.194822484690461,0.175946547884187,0.0188759368062737
4439,450,439,5488,1.89843465786564,83,11.0796535698894,0.171344225330737,0.184855233853007,-0.0135110085222692
4440,450,440,5489,2.02393816522778,101,10.2888247900678,0.196712278275122,0.224944320712695,-0.0282320424375728
4441,450,441,5490,1.86623019627895,77,10.4579778529801,0.178450387112566,0.171492204899777,0.00695818221278879
4442,450,442,5491,1.99638433640068,92,9.78496283038547,0.20402574552468,0.204899777282851,-0.000874031758170857
4443,450,443,5492,1.8741132940846,88,10.3094316370447,0.18178628658348,0.195991091314031,-0.0142048047305508
4444,450,444,5493,1.86233716394756,89,10.2847420585704,0.18107767344497,0.198218262806236,-0.0171405893612664
4445,450,445,5494,1.83150737804592,85,9.77748422817044,0.187318878282521,0.189309576837416,-0.00199069855489584
4446,450,446,5495,2.30579497038402,107,10.5215933487412,0.219148839339993,0.238307349665924,-0.0191585103259309
4447,450,447,5496,1.9886789970151,92,10.4301443418192,0.190666488577879,0.204899777282851,-0.0142332887049719
4448,450,448,5497,2.00345834296977,95,10.2601360448147,0.195266255166497,0.211581291759465,-0.0163150365929683
4449,450,449,5498,2.11025337450893,99,10.5156962914307,0.200676523553517,0.220489977728285,-0.019813454174768
4450,450,450,5499,2.08429552547502,80,10.7621660561474,0.193668775839457,0.178173719376392,0.0154950564630651
4451,450,451,5500,1.9626495017735,85,10.37632370694,0.189146903778726,0.189309576837416,-0.000162673058690138
4452,450,452,5501,2.34549133719319,101,10.3093111852076,0.227511935090158,0.224944320712695,0.00256761437746345
4453,450,453,5502,2.2883371437919,91,11.9802039483665,0.191009865412509,0.202672605790646,-0.0116627403781369
4454,450,454,5503,1.91677721878856,90,10.5910539866544,0.180980780685648,0.200445434298441,-0.0194646536127926
4455,450,455,5504,1.73900070803939,79,9.75109879187017,0.178338948784855,0.175946547884187,0.00239240090066761
4456,450,456,5505,2.0323823840679,82,11.2781364758309,0.180205514308442,0.182628062360802,-0.00242254805235942
4457,450,457,5506,1.7440131810148,73,10.3121339911207,0.169122432128644,0.162583518930958,0.00653891319768679
4458,450,458,5507,1.88176990404771,94,10.0084196158303,0.188018685894356,0.209354120267261,-0.0213354343729047
4459,450,459,5508,2.58997467753205,126,10.8522611836693,0.238657606345625,0.280623608017817,-0.0419660016721921
4460,450,460,5509,2.4529436326475,106,10.8299572875178,0.22649615021794,0.236080178173719,-0.00958402795577928
4461,450,461,5510,1.88926291434558,95,10.6435701154021,0.177502745212498,0.211581291759465,-0.0340785465469673
4462,450,462,5511,1.68170849886317,97,9.93131381470372,0.169333940125156,0.216035634743875,-0.0467016946187192
4463,450,463,5512,2.1207982059503,104,10.5873515829474,0.200314326896084,0.23162583518931,-0.0313115082932253
4464,450,464,5513,2.1192175868522,99,10.504546749744,0.201742886898365,0.220489977728285,-0.01874709082992
4465,450,465,5514,2.09866569334371,93,10.7687690040134,0.194884456390657,0.207126948775056,-0.0122424923843987
4466,450,466,5515,2.12933895285727,100,10.9224110897763,0.194951365166104,0.22271714922049,-0.0277657840543865
4467,450,467,5516,1.78244469573303,88,9.97834185936419,0.178631351867374,0.195991091314031,-0.0173597394466572
4468,450,468,5517,1.83293706864776,91,9.75665328691144,0.187865348367626,0.202672605790646,-0.0148072574230203
4469,450,469,5518,1.8282491389249,104,9.60081866693777,0.19042637949416,0.23162583518931,-0.0411994556951498
4470,450,470,5519,1.86846841527076,79,9.37166348208553,0.19937425397769,0.175946547884187,0.023427706093503
4471,450,471,5520,1.89230307837917,81,10.9436607541298,0.172913170546252,0.180400890868597,-0.00748772032234479
4472,450,472,5521,2.12317720869082,90,10.0863393847648,0.210500274450197,0.200445434298441,0.0100548401517556
4473,450,473,5522,2.2565558556307,92,11.2763759398205,0.20011357085587,0.204899777282851,-0.00478620642698041
4474,450,474,5523,2.05476454408359,101,10.272655959396,0.200022715859005,0.224944320712695,-0.0249216048536901
4475,450,475,5524,2.06656406565016,99,10.9434576538755,0.188840139105241,0.220489977728285,-0.0316498386230445
4476,450,476,5525,2.30725839028594,109,10.709294190419,0.215444486747792,0.242761692650334,-0.0273172059025418
4477,450,477,5526,1.89482944580497,88,11.0205362503604,0.171936229123425,0.195991091314031,-0.0240548621906067
4478,450,478,5527,2.28257845753757,91,10.8159976856327,0.211037254618648,0.202672605790646,0.00836464882800161
4479,450,479,5528,2.31320874243957,97,11.5175002549823,0.200842951267912,0.216035634743875,-0.0151926834759634
4480,450,480,5529,1.68871649943827,90,9.86458529958697,0.171189811649657,0.200445434298441,-0.0292556226487841
4481,450,481,5530,2.03724219860368,93,10.7204760099435,0.190032811669378,0.207126948775056,-0.0170941371056778
4482,450,482,5531,2.13406141170825,90,10.5331872099256,0.202603577547476,0.200445434298441,0.00215814324903499
4483,450,483,5532,2.2950763158316,107,11.0413571494204,0.207861794956255,0.238307349665924,-0.0304455547096695
4484,450,484,5533,2.08020177114665,93,11.2539295863488,0.184842259335795,0.207126948775056,-0.0222846894392608
4485,450,485,5534,1.87250424243627,90,9.80961302592386,0.190884618739578,0.200445434298441,-0.00956081555886337
4486,450,486,5535,1.70551510189329,85,10.0470534613906,0.169752764673479,0.189309576837416,-0.0195568121639376
4487,450,487,5536,1.88711258477188,90,10.5568923205316,0.178756449102141,0.200445434298441,-0.0216889851963004
4488,450,488,5537,2.27455013795018,88,10.8951532492197,0.208767154157568,0.195991091314031,0.0127760628435366
4489,450,489,5538,2.21182876526368,97,11.1122302294393,0.199044540978278,0.216035634743875,-0.0169910937655975
4490,450,490,5539,1.81572693721279,74,10.0387514509021,0.180871789295034,0.164810690423163,0.0160610988718715
4491,450,491,5540,1.91355135823693,92,10.4133602824313,0.183759257947248,0.204899777282851,-0.0211405193356024
4492,450,492,5541,2.31128551676814,96,10.2127371965172,0.226314010856594,0.21380846325167,0.0125055476049239
4493,450,493,5542,2.19671890968602,98,10.4493350573905,0.210225712700479,0.21826280623608,-0.00803709353560092
4494,450,494,5543,1.86376937753541,82,10.6732962970853,0.174619848044917,0.182628062360802,-0.00800821431588486
4495,450,495,5544,2.0305147672364,87,9.73071671268733,0.208670627990734,0.193763919821826,0.0149067081689079
4496,450,496,5545,1.99606727648911,93,10.0923081310691,0.197781047760941,0.207126948775056,-0.00934590101411439
4497,450,497,5546,2.14516538272577,105,10.4441119801252,0.20539471300269,0.233853006681514,-0.0284582936788243
4498,450,498,5547,1.91724707757929,80,10.5934486865064,0.180984222826456,0.178173719376392,0.00281050345006364
4499,450,499,5548,2.28454235704596,113,11.3503433044389,0.201275176950155,0.251670378619154,-0.0503952016689983
4500,450,500,5549,1.80632315402026,85,10.358464846822,0.174381356767789,0.189309576837416,-0.0149282200696277
4501,450,501,5550,1.5923663090698,80,9.69394035325789,0.164264091900941,0.178173719376392,-0.0139096274754505
4502,450,502,5551,2.91598440427782,123,11.6763550869888,0.249734132146012,0.273942093541203,-0.0242079613951907
4503,450,503,5552,1.72008919381597,72,9.88344480575636,0.174037415862751,0.160356347438753,0.0136810684239982
4504,450,504,5553,2.64043459656217,111,10.646166355554,0.248017409119732,0.247216035634744,0.000801373484988155
4505,450,505,5554,2.20256462773903,93,11.0346947151929,0.199603585290535,0.207126948775056,-0.00752336348452068
4506,450,506,5555,1.64207004920219,74,10.2870675015761,0.159624698579125,0.164810690423163,-0.0051859918440377
4507,450,507,5556,2.3465885410815,123,9.57161516650627,0.245161187559322,0.273942093541203,-0.0287809059818804
4508,450,508,5557,2.07776164451229,101,10.4740708391672,0.198371929731717,0.224944320712695,-0.026572390980978
4509,450,509,5558,1.8965729950722,92,10.2276591695709,0.185435686077107,0.204899777282851,-0.019464091205744
4510,450,510,5559,2.02483023560162,89,10.8039053168882,0.187416510623848,0.198218262806236,-0.0108017521823885
4511,450,511,5560,2.00643286300339,91,10.8971456182694,0.184124626144257,0.202672605790646,-0.0185479796463887
4512,450,512,5561,2.11114623959562,111,9.22318710020026,0.22889552349532,0.247216035634744,-0.0183205121394236
4513,450,513,5562,1.95774628033407,87,10.6830978589428,0.183256421141481,0.193763919821826,-0.0105074986803454
4514,450,514,5563,2.25112736168861,106,10.6778598100702,0.210821962615168,0.236080178173719,-0.0252582155585515
4515,450,515,5564,1.972877538396,85,10.5153207497532,0.187619339946649,0.189309576837416,-0.00169023689076742
4516,450,516,5565,2.28700050304483,92,10.4602610832399,0.218637038296225,0.204899777282851,0.0137372610133738
4517,450,517,5566,1.83847190432799,83,10.4859864556665,0.175326557220041,0.184855233853007,-0.00952867663296592
4518,450,518,5567,2.07122333232132,104,11.2416301603379,0.184245816912648,0.23162583518931,-0.0473800182766612
4519,450,519,5568,2.0974957767059,93,10.0880309385765,0.207919245041676,0.207126948775056,0.00079229626662039
4520,450,520,5569,1.87276627922617,76,10.2804471377169,0.182167784546585,0.169265033407572,0.0129027511390122
4521,450,521,5570,1.82777215164616,87,10.758495128751,0.169891060949743,0.193763919821826,-0.0238728588720831
4522,450,522,5571,1.79576112627387,74,10.4366888351588,0.172062342246362,0.164810690423163,0.00725165182319901
4523,450,523,5572,2.29436174957555,76,11.4705387671968,0.200022143348393,0.169265033407572,0.0307571099408211
4524,450,524,5573,2.23111693224585,94,10.8262633696149,0.20608374801852,0.209354120267261,-0.00327037224874099
4525,450,525,5574,2.24632805361858,105,10.6477504034587,0.210967384518039,0.233853006681514,-0.0228856221634756
4526,450,526,5575,2.24051278612905,97,10.4351200066245,0.214708866281049,0.216035634743875,-0.00132676846282637
4527,450,527,5576,1.74254168143013,89,10.2299346092539,0.170337519054506,0.198218262806236,-0.0278807437517298
4528,450,528,5577,1.9222773558162,87,10.6207638875748,0.180992382107756,0.193763919821826,-0.01277153771407
4529,450,529,5578,1.90515932157722,92,10.2793688746427,0.185338160816165,0.204899777282851,-0.0195616164666859
4530,450,530,5579,1.70510309063901,71,9.9816218296875,0.17082425278502,0.158129175946548,0.0126950768384722
4531,450,531,5580,1.89645284478733,90,9.95758662513369,0.190453060182328,0.200445434298441,-0.00999237411611262
4532,450,532,5581,1.84056805961651,81,10.9683158820798,0.167807718104077,0.180400890868597,-0.0125931727645202
4533,450,533,5582,1.92765030952617,77,9.78097540186178,0.197081602838838,0.171492204899777,0.0255893979390606
4534,450,534,5583,1.89064148040369,96,10.0660598823217,0.187823388943283,0.21380846325167,-0.025985074308387
4535,450,535,5584,2.09857046120586,91,10.2217135665241,0.205305152364926,0.202672605790646,0.00263254657428
4536,450,536,5585,2.20841894826747,101,11.5909080080485,0.19053028000343,0.224944320712695,-0.0344140407092653
4537,450,537,5586,2.01069003648599,87,10.2045045406434,0.197039457278659,0.193763919821826,0.00327553745683304
4538,450,538,5587,1.88583247364372,98,9.92571137307607,0.189994691842353,0.21826280623608,-0.0282681143937276
4539,450,539,5588,2.14371551395658,93,10.7732292710878,0.198985416537053,0.207126948775056,-0.00814153223800304
4540,450,540,5589,1.98436130002445,77,10.859865980722,0.182724289926506,0.171492204899777,0.0112320850267286
4541,450,541,5590,1.88734728077054,95,10.872359155293,0.173591329518555,0.211581291759465,-0.0379899622409106
4542,450,542,5591,2.10256595810606,104,10.5688730518107,0.198939465712084,0.23162583518931,-0.0326863694772256
4543,450,543,5592,2.50254889369249,116,10.0973358470495,0.247842493465617,0.258351893095768,-0.0105093996301515
4544,450,544,5593,1.81745033121923,90,10.1446092673567,0.17915429597347,0.200445434298441,-0.0212911383249705
4545,450,545,5594,1.82915910237605,74,10.4968293925736,0.174258248273538,0.164810690423163,0.0094475578503751
4546,450,546,5595,2.45444217765957,111,10.0945104666442,0.243146231386843,0.247216035634744,-0.0040698042479009
4547,450,547,5596,2.3982517660453,121,10.7381971972723,0.22333839861448,0.269487750556793,-0.0461493519423124
4548,450,548,5597,1.96436154838596,91,10.6033945332263,0.185257800436504,0.202672605790646,-0.0174148053541416
4549,450,549,5598,1.77336628285643,76,10.5056930634908,0.168800503892428,0.169265033407572,-0.000464529515144668
4550,450,550,5599,2.46777602549588,112,11.237519591051,0.21960148816658,0.249443207126949,-0.0298417189603691
4551,450,551,5600,2.08803186976999,117,10.0548259195353,0.207664646457299,0.260579064587973,-0.0529144181306738
4552,450,552,5601,1.68689530218594,84,9.96273948191569,0.169320426901455,0.187082405345212,-0.0177619784437568
4553,450,553,5602,1.68700396552041,90,9.452520498447,0.178471336380341,0.200445434298441,-0.0219740979180996
4554,450,554,5603,1.78925422627242,93,10.167779076557,0.175972964479309,0.207126948775056,-0.0311539842957469
4555,450,555,5604,1.89633969038696,91,10.9746205715039,0.172793189343684,0.202672605790646,-0.0298794164469622
4556,450,556,5605,2.25641189282152,98,10.2987921679889,0.21909480801399,0.21826280623608,0.000832001777909902
4557,450,557,5606,1.92932609668252,85,10.3479516417201,0.186445217708981,0.189309576837416,-0.00286435912843525
4558,450,558,5607,2.16680766975129,90,9.9653978615062,0.21743313211017,0.200445434298441,0.0169876978117295
4559,450,559,5608,2.23366716135472,88,10.2673608481121,0.217550273570587,0.195991091314031,0.0215591822565556
4560,450,560,5609,2.11699325145541,83,11.4263131145061,0.185273520009514,0.184855233853007,0.000418286156507214
4561,450,561,5610,2.38462583077577,96,11.7374760671695,0.203163424328142,0.21380846325167,-0.0106450389235282
4562,450,562,5611,1.77038769659336,81,9.7585689783327,0.181418781844368,0.180400890868597,0.00101789097577096
4563,450,563,5612,1.81608009107757,83,10.2920625225401,0.176454436328993,0.184855233853007,-0.00840079752401376
4564,450,564,5613,1.6977608579761,80,9.55306293960521,0.17771900684727,0.178173719376392,-0.000454712529122048
4565,450,565,5614,2.26008748656255,111,10.6257409251032,0.212699283983399,0.247216035634744,-0.0345167516513447
4566,450,566,5615,2.35318822798042,87,11.1248496667435,0.211525395710741,0.193763919821826,0.017761475888915
4567,450,567,5616,2.36009831867266,99,11.0960904754353,0.212696383820724,0.220489977728285,-0.00779359390756121
4568,450,568,5617,2.07939328426718,89,9.52198773490106,0.218378067915962,0.198218262806236,0.0201598051097255
4569,450,569,5618,1.82343493195698,82,10.3381110902278,0.176379893390833,0.182628062360802,-0.00624816896996841
4570,450,570,5619,2.3838471933168,106,10.9878790375654,0.216952442338225,0.236080178173719,-0.0191277358354939
4571,450,571,5620,1.76748589122486,83,9.60999875009982,0.183921552664771,0.184855233853007,-0.000933681188236113
4572,450,572,5621,1.73516465115339,75,10.2752280618237,0.168868723955643,0.167037861915367,0.00183086204027594
4573,450,573,5622,1.86368397410988,85,10.9141513030208,0.170758487981933,0.189309576837416,-0.0185510888554833
4574,450,574,5623,2.24305973109521,89,11.1189088383346,0.201733799935641,0.198218262806236,0.003515537129405
4575,450,575,5624,2.29351703544235,99,10.6445279313533,0.215464419862795,0.220489977728285,-0.00502555786549053
4576,450,576,5625,2.21734963641762,96,10.6267241439599,0.208657871078543,0.21380846325167,-0.00515059217312744
4577,450,577,5626,2.01468419350862,104,10.3958461250045,0.193797038671322,0.23162583518931,-0.0378287965179874
4578,450,578,5627,2.04243055601728,100,10.5053873921083,0.194417443144606,0.22271714922049,-0.0282997060758842
4579,450,579,5628,2.26751450068777,105,10.6521240119223,0.212869705436199,0.233853006681514,-0.0209833012453154
4580,450,580,5629,1.96265206974316,75,10.1542054539138,0.193284652221281,0.167037861915367,0.0262467903059137
4581,450,581,5630,1.87758590293442,85,10.8011444987006,0.173832125212314,0.189309576837416,-0.0154774516251023
4582,450,582,5631,2.04545840935849,97,10.449109481701,0.195754328437328,0.216035634743875,-0.0202813063065476
4583,450,583,5632,2.10709131363987,109,9.81191988885777,0.21474811632254,0.242761692650334,-0.0280135763277939
4584,450,584,5633,2.09565791798547,79,10.6981848050487,0.195889111674018,0.175946547884187,0.0199425637898304
4585,450,585,5634,1.89717326956057,85,10.954635452666,0.173184518805585,0.189309576837416,-0.016125058031831
4586,450,586,5635,2.14835959403274,85,10.6821006501678,0.201117707498757,0.189309576837416,0.0118081306613406
4587,450,587,5636,2.16021411173054,87,11.5100474643954,0.187680730111047,0.193763919821826,-0.00608318971077915
4588,450,588,5637,1.87560049760435,81,10.1869150653005,0.184118595824282,0.180400890868597,0.00371770495568532
4589,450,589,5638,1.83492892361518,81,10.7704149325006,0.170367523917592,0.180400890868597,-0.010033366951005
4590,450,590,5639,2.14147102432021,91,10.6993838302237,0.200149004681089,0.202672605790646,-0.00252360110955693
4591,450,591,5640,2.23086237428241,86,10.2722336854868,0.217174028802938,0.191536748329621,0.0256372804733161
4592,450,592,5641,2.14302448542734,111,9.83837349607327,0.217823046287344,0.247216035634744,-0.0293929893474003
4593,450,593,5642,2.25420806965036,105,10.8039420207666,0.20864681292416,0.233853006681514,-0.025206193757355
4594,450,594,5643,1.92636771643288,88,10.462053845056,0.184129019498711,0.195991091314031,-0.01186207181532
4595,450,595,5644,2.17717943680916,103,11.0760368325311,0.19656664831726,0.229398663697105,-0.0328320153798446
4596,450,596,5645,1.87845616976774,81,10.6277152041649,0.176750706401276,0.180400890868597,-0.00365018446732052
4597,450,597,5646,2.02723013128081,107,10.2112007261861,0.198530044178065,0.238307349665924,-0.0397773054878592
4598,450,598,5647,1.85431835827662,91,10.2996397956661,0.180037204704663,0.202672605790646,-0.0226354010859832
4599,450,599,5648,1.93429202605275,90,10.3318972865192,0.187215568681327,0.200445434298441,-0.0132298656171141
4600,450,600,5649,2.06845116896609,99,9.92261054155009,0.208458364893455,0.220489977728285,-0.0120316128348305
4601,450,601,5650,1.87434651556134,100,9.55221367083482,0.19622116717135,0.22271714922049,-0.0264959820491395
4602,450,602,5651,2.56789241153262,107,10.454493951334,0.245625701586919,0.238307349665924,0.00731835192099478
4603,450,603,5652,2.01689886875249,105,10.3530606675498,0.194811846807212,0.233853006681514,-0.0390411598743027
4604,450,604,5653,2.00267783837667,95,10.1064612624061,0.198158166976428,0.211581291759465,-0.0134231247830378
4605,450,605,5654,1.88748484362498,86,10.0532131623947,0.187749410376113,0.191536748329621,-0.00378733795350805
4606,450,606,5655,2.22516104054244,106,11.4790724440962,0.193845021135559,0.236080178173719,-0.0422351570381607
4607,450,607,5656,1.90911855035438,87,10.6107748098774,0.179922633790815,0.193763919821826,-0.013841286031011
4608,450,608,5657,2.14915061079854,100,11.7004838448493,0.183680490422165,0.22271714922049,-0.0390366587983245
4609,450,609,5658,1.91085093851726,75,11.1282720960483,0.17171137819283,0.167037861915367,0.00467351627746235
4610,450,610,5659,1.88440281801574,87,10.1569971012161,0.185527552999904,0.193763919821826,-0.00823636682192197
4611,450,611,5660,2.1489150513647,100,10.8894705233624,0.197338800518757,0.22271714922049,-0.0253783487017331
4612,450,612,5661,1.949709666418,87,9.91357062469557,0.196670779906597,0.193763919821826,0.0029068600847704
4613,450,613,5662,2.1306923058668,86,10.8572164678204,0.196246645001686,0.191536748329621,0.00470989667206448
4614,450,614,5663,2.05473439659571,97,10.3984485293296,0.197600093013893,0.216035634743875,-0.0184355417299821
4615,450,615,5664,1.67203679831984,73,10.2490311491801,0.163140961714571,0.162583518930958,0.000557442783613055
4616,450,616,5665,2.05477326321046,91,10.61958339656,0.193489065105517,0.202672605790646,-0.00918354068512897
4617,450,617,5666,2.10706771788074,90,11.193445812866,0.18824120410346,0.200445434298441,-0.0122042301949811
4618,450,618,5667,1.90275733873499,82,10.5283776159022,0.180726547636461,0.182628062360802,-0.00190151472434094
4619,450,619,5668,1.9368508529492,89,10.1041300296112,0.191689026890298,0.198218262806236,-0.00652923591593846
4620,450,620,5669,1.85606843899074,80,10.7198071025726,0.173143828170686,0.178173719376392,-0.00502989120570579
4621,450,621,5670,1.87631783931906,77,10.5820594988216,0.177311216169971,0.171492204899777,0.00581901127019382
4622,450,622,5671,2.23537864317493,96,10.2751566020571,0.21755178336916,0.21380846325167,0.00374332011748943
4623,450,623,5672,2.29281063762072,118,10.0171007436564,0.228889645446833,0.262806236080178,-0.0339165906333454
4624,450,624,5673,2.017367763552,84,10.6733028834059,0.18901063575067,0.187082405345212,0.00192823040545806
4625,450,625,5674,1.94115779896585,89,10.6913277420884,0.181563772600864,0.198218262806236,-0.0166544902053718
4626,450,626,5675,1.82656871065964,90,10.3937818168965,0.175736680145652,0.200445434298441,-0.0247087541527889
4627,450,627,5676,1.90665551621409,94,10.4570421646376,0.182332201228164,0.209354120267261,-0.0270219190390965
4628,450,628,5677,2.17355728623088,91,10.9860126690291,0.197847695220524,0.202672605790646,-0.0048249105701221
4629,450,629,5678,1.89223510884865,85,10.2523436226714,0.184566102980033,0.189309576837416,-0.00474347385738305
4630,450,630,5679,2.29557782878769,89,10.3900658361597,0.220939680747603,0.198218262806236,0.0227214179413668
4631,450,631,5680,2.09594020542233,97,10.783388886052,0.194367487583925,0.216035634743875,-0.0216681471599507
4632,450,632,5681,1.97026642757498,82,10.5531513277323,0.186699343768281,0.182628062360802,0.00407128140747923
4633,450,633,5682,1.92014286481689,87,10.3692280733704,0.185177030655549,0.193763919821826,-0.00858688916627728
4634,450,634,5683,1.98779055066762,78,10.6225078470726,0.187130061872859,0.173719376391982,0.0134106854808771
4635,450,635,5684,1.95183975065286,87,10.1689518856335,0.19194109408762,0.193763919821826,-0.001822825734206
4636,450,636,5685,2.45013148993176,87,11.1093659753127,0.220546473613026,0.193763919821826,0.0267825537912
4637,450,637,5686,2.20895290939667,94,10.2049536520512,0.216458886998733,0.209354120267261,0.00710476673147262
4638,450,638,5687,2.04833374956805,96,10.4336900672292,0.196319205992287,0.21380846325167,-0.0174892572593836
4639,450,639,5688,2.08291894778169,113,9.93092173849092,0.209740747397955,0.251670378619154,-0.0419296312211985
4640,450,640,5689,2.27613240085801,118,9.71399058907364,0.234314865758489,0.262806236080178,-0.0284913703216897
4641,450,641,5690,2.50385922019524,110,11.1195585341787,0.225176135590187,0.244988864142539,-0.0198127285523519
4642,450,642,5691,1.88199576353742,89,10.2658020261575,0.183326715120948,0.198218262806236,-0.0148915476852879
4643,450,643,5692,1.91105944948161,102,9.86670918614605,0.193687623038991,0.2271714922049,-0.0334838691659084
4644,450,644,5693,2.13888227205766,98,10.3834465979601,0.205989625109437,0.21826280623608,-0.0122731811266433
4645,450,645,5694,2.01298480213234,90,10.6531515344023,0.188956741639486,0.200445434298441,-0.0114886926589549
4646,450,646,5695,1.84861974682832,90,10.1352878745626,0.182394399617199,0.200445434298441,-0.0180510346812422
4647,450,647,5696,2.12163655677549,94,10.6886556856116,0.198494237178161,0.209354120267261,-0.0108598830891
4648,450,648,5697,2.44539805151797,112,10.9505544189024,0.223312716230772,0.249443207126949,-0.0261304908961764
4649,450,649,5698,2.26406590474548,101,10.5739149410865,0.214118036447231,0.224944320712695,-0.0108262842654637
4650,450,650,5699,1.73944085729467,82,10.0325205368411,0.173380243868642,0.182628062360802,-0.00924781849216022
4651,450,651,5700,2.0322513175152,109,10.8451841574328,0.187387442021662,0.242761692650334,-0.0553742506286716
4652,450,652,5701,1.86593087873295,84,10.5163428816205,0.177431536774448,0.187082405345212,-0.00965086857076355
4653,450,653,5702,2.39268959298213,105,11.938814579129,0.200412660496875,0.233853006681514,-0.0334403461846391
4654,450,654,5703,2.41075643440351,104,10.7430879395541,0.224400698194747,0.23162583518931,-0.00722513699456251
4655,450,655,5704,1.76325409775419,78,9.69445358345456,0.181882772718982,0.173719376391982,0.00816339632700011
4656,450,656,5705,2.17583045491248,89,10.7782934095559,0.201871518266835,0.198218262806236,0.00365325546059855
4657,450,657,5706,1.95646817720469,87,10.6507500824194,0.183692994583933,0.193763919821826,-0.0100709252378931
4658,450,658,5707,2.00582926614364,84,10.1957580976609,0.196731743430026,0.187082405345212,0.00964933808481452
4659,450,659,5708,2.10507392982818,88,10.5591015790602,0.199361083333336,0.195991091314031,0.00336999201930491
4660,450,660,5709,2.47475133907035,106,10.3456582415399,0.239206755267995,0.236080178173719,0.00312657709427538
4661,450,661,5710,1.76579070006812,91,8.84015731150605,0.199746524620079,0.202672605790646,-0.0029260811705667
4662,450,662,5711,2.20484814435413,92,10.7942999521813,0.204260410968901,0.204899777282851,-0.00063936631394948
4663,450,663,5712,1.99256314665613,92,10.5150096450256,0.189497034612684,0.204899777282851,-0.0154027426701666
4664,450,664,5713,1.7687479404976,83,10.3919526656816,0.170203617876236,0.184855233853007,-0.0146516159767709
4665,450,665,5714,1.92457768323813,91,10.5197165144957,0.182949576691173,0.202672605790646,-0.019723029099473
4666,450,666,5715,2.18308645138458,104,10.7814261994805,0.202485868844492,0.23162583518931,-0.0291399663448176
4667,450,667,5716,2.1483932559714,99,10.2568093404119,0.209460192216572,0.220489977728285,-0.0110297855117128
4668,450,668,5717,1.79098396238187,90,10.2477528068239,0.174768458621413,0.200445434298441,-0.0256769756770279
4669,450,669,5718,1.95330939537014,82,10.4521855702614,0.186880474159175,0.182628062360802,0.00425241179837307
4670,450,670,5719,2.08330662467067,90,11.3452787353452,0.183627628132248,0.200445434298441,-0.0168178061661928
4671,450,671,5720,1.97246805071731,105,10.8850517088433,0.181208882004192,0.233853006681514,-0.0526441246773227
4672,450,672,5721,2.11702530407335,82,10.5378528997841,0.200897215420109,0.182628062360802,0.0182691530593069
4673,450,673,5722,2.43457626069448,113,9.90501733653727,0.245792226098778,0.251670378619154,-0.00587815252037571
4674,450,674,5723,1.91422061051522,80,10.6644822648848,0.179494940585932,0.178173719376392,0.00132122120954048
4675,450,675,5724,1.74576805265976,92,9.20828215746926,0.189586724516655,0.204899777282851,-0.0153130527661953
4676,450,676,5725,2.26293648054666,102,11.4946818909323,0.19686812580101,0.2271714922049,-0.0303033664038896
4677,450,677,5726,1.97778528975708,86,10.2676581625737,0.192622821917293,0.191536748329621,0.00108607358767146
4678,450,678,5727,2.1597143729141,98,11.004137276461,0.196263852281629,0.21826280623608,-0.0219989539544515
4679,450,679,5728,2.36616197223848,89,11.105856013883,0.213055343890704,0.198218262806236,0.0148370810844677
4680,450,680,5729,1.98199736043909,90,10.0728519062117,0.196766256358522,0.200445434298441,-0.00367917793991848
4681,450,681,5730,2.02328385390151,93,11.1427260114784,0.181578892976214,0.207126948775056,-0.0255480557988419
4682,450,682,5731,2.30658658190496,107,10.9972302227292,0.2097425019927,0.238307349665924,-0.0285648476732245
4683,450,683,5732,2.09261592082247,103,10.8536589004929,0.192802808712501,0.229398663697105,-0.0365958549846032
4684,450,684,5733,1.98169967586869,102,9.90965954392514,0.199976564995467,0.2271714922049,-0.0271949272094332
4685,450,685,5734,2.50700179206295,103,11.1379296450647,0.225086876282597,0.229398663697105,-0.00431178741450755
4686,450,686,5735,2.31440580851556,111,11.0424832818054,0.209591062938622,0.247216035634744,-0.0376249726961218
4687,450,687,5736,1.99801560572873,83,10.6258092207839,0.188034206545008,0.184855233853007,0.00317897269200099
4688,450,688,5737,2.09341386472483,94,10.0890801917467,0.20749303454217,0.209354120267261,-0.00186108572509047
4689,450,689,5738,1.76700851093638,80,9.82542311061001,0.179840449723562,0.178173719376392,0.0016667303471696
4690,450,690,5739,2.40003409942531,106,10.6276724432994,0.225828760928599,0.236080178173719,-0.0102514172451206
4691,450,691,5740,2.23021140363698,93,11.008793233682,0.202584548214925,0.207126948775056,-0.00454240056013103
4692,450,692,5741,2.15242262121027,102,10.6944074848807,0.201266187421162,0.2271714922049,-0.0259053047837382
4693,450,693,5742,1.87328803461618,84,10.9391564018477,0.171246114947197,0.187082405345212,-0.0158362903980142
4694,450,694,5743,1.85956102338662,81,10.2962632562715,0.180605427144061,0.180400890868597,0.000204536275464628
4695,450,695,5744,1.98631348589649,92,10.3427830351376,0.192048260042619,0.204899777282851,-0.0128515172402321
4696,450,696,5745,1.94136759305852,92,10.6363707137058,0.182521618070054,0.204899777282851,-0.0223781592127964
4697,450,697,5746,2.19078476568669,100,11.0125204527664,0.198935818106595,0.22271714922049,-0.0237813311138954
4698,450,698,5747,1.75128467165448,93,9.61020394637507,0.182231790441353,0.207126948775056,-0.0248951583337028
4699,450,699,5748,1.7715977920983,92,9.89351009319131,0.179066658386239,0.204899777282851,-0.0258331188966118
4700,450,700,5749,1.95087271679531,84,10.7349820616991,0.181730412364241,0.187082405345212,-0.0053519929809705
4701,450,701,5750,2.81848454846951,133,9.87747288298462,0.285344701206395,0.296213808463252,-0.0108691072568571
4702,450,702,5751,1.88991344079734,90,9.8899025345188,0.191095254397196,0.200445434298441,-0.00935017990124545
4703,450,703,5752,2.07550936787479,94,10.2212838151607,0.203057600728814,0.209354120267261,-0.00629651953844704
4704,450,704,5753,1.83198959876632,91,10.2094513602296,0.179440553084248,0.202672605790646,-0.0232320527063978
4705,450,705,5754,1.79059073140796,98,9.70109162644392,0.184576210632527,0.21826280623608,-0.033686595603553
4706,450,706,5755,1.88934875464196,89,10.0358158914263,0.18826060333132,0.198218262806236,-0.00995765947491589
4707,450,707,5756,1.74174307640023,81,10.3880680143996,0.1676676619739,0.180400890868597,-0.0127332288946969
4708,450,708,5757,1.84493869599231,81,10.61730139151,0.173767196386419,0.180400890868597,-0.00663369448217807
4709,450,709,5758,1.94832400281573,99,10.545424246986,0.184755393162356,0.220489977728285,-0.0357345845659295
4710,450,710,5759,1.96979632256485,84,10.2855002006885,0.191511961900792,0.187082405345212,0.00442955655558058
4711,450,711,5760,1.66218684138407,76,10.7343756331706,0.154847091082568,0.169265033407572,-0.0144179423250043
4712,450,712,5761,2.42759288329676,107,10.6171277922629,0.228648739168973,0.238307349665924,-0.00965861049695149
4713,450,713,5762,1.83559969164298,85,10.6259895002241,0.172746236160338,0.189309576837416,-0.0165633406770788
4714,450,714,5763,2.11220627407797,89,10.5573612167186,0.200069527860153,0.198218262806236,0.0018512650539165
4715,450,715,5764,1.89284578936159,87,9.63335429634533,0.196488754709218,0.193763919821826,0.00272483488739148
4716,450,716,5765,1.70419360523861,74,10.7753729972595,0.15815634462696,0.164810690423163,-0.00665434579620289
4717,450,717,5766,2.16554776350454,103,9.9922358452443,0.21672304347532,0.229398663697105,-0.0126756202217843
4718,450,718,5767,1.95417373391101,92,10.9524363633742,0.17842365562113,0.204899777282851,-0.0264761216617212
4719,450,719,5768,1.84187612869303,79,10.7866756376027,0.170754752490396,0.175946547884187,-0.00519179539379139
4720,450,720,5769,2.58600851072548,111,11.0033330505122,0.235020470511443,0.247216035634744,-0.0121955651233004
4721,450,721,5770,1.9431576391558,90,10.3352581703065,0.188012491525229,0.200445434298441,-0.0124329427732122
4722,450,722,5771,1.92114182655412,85,10.5387988339828,0.182292295053524,0.189309576837416,-0.00701728178389277
4723,450,723,5772,2.19295775500843,108,10.794670921469,0.203151885866847,0.240534521158129,-0.0373826352912826
4724,450,724,5773,2.17059569430926,98,10.4811167355118,0.207095841892011,0.21826280623608,-0.0111669643440693
4725,450,725,5774,2.41690631601784,99,10.8433611846774,0.222892724391873,0.220489977728285,0.00240274666358767
4726,450,726,5775,1.84728602443914,74,10.5320284928514,0.175396983182582,0.164810690423163,0.0105862927594193
4727,450,727,5776,2.38578851312096,117,10.5154430278463,0.226884260302022,0.260579064587973,-0.0336948042859517
4728,450,728,5777,2.4730768820086,105,11.2449912923416,0.219926971725882,0.233853006681514,-0.013926034955633
4729,450,729,5778,1.84183459940126,86,10.0188017110333,0.18383781339568,0.191536748329621,-0.00769893493394189
4730,450,730,5779,1.88547464232407,90,10.1160879254966,0.186383773669258,0.200445434298441,-0.0140616606291833
4731,450,731,5780,2.53646204297436,125,10.7015806240473,0.237017514709438,0.278396436525612,-0.0413789218161741
4732,450,732,5781,1.80250915450298,79,9.33736295418168,0.193042635629339,0.175946547884187,0.0170960877451518
4733,450,733,5782,2.16525068703321,100,10.3439609262104,0.209325103070208,0.22271714922049,-0.0133920461502815
4734,450,734,5783,2.23619081428458,97,10.619631459405,0.21057141416185,0.216035634743875,-0.00546422058202481
4735,450,735,5784,2.06225452847927,87,9.83007033788104,0.209790414269183,0.193763919821826,0.0160264944473563
4736,450,736,5785,2.0041508082687,92,9.99397880863338,0.200535827286066,0.204899777282851,-0.0043639499967851
4737,450,737,5786,2.2640859928731,102,11.0332166530954,0.2052063386463,0.2271714922049,-0.0219651535585993
4738,450,738,5787,1.84654439135976,88,10.1416173302153,0.182075928447654,0.195991091314031,-0.0139151628663772
4739,450,739,5788,1.78002571271663,87,10.6072434156901,0.167812281000701,0.193763919821826,-0.0259516388211249
4740,450,740,5789,2.00255766710534,96,9.91820467337931,0.201907273851713,0.21380846325167,-0.0119011893999569
4741,450,741,5790,2.15063095284986,92,10.4904294521535,0.205008857135813,0.204899777282851,0.000109079852962379
4742,450,742,5791,2.11794245213392,104,9.57800842699323,0.22112555739302,0.23162583518931,-0.0105002777962893
4743,450,743,5792,1.82069405815491,78,10.127813381059,0.179771683151268,0.173719376391982,0.00605230675928581
4744,450,744,5793,1.6405012569241,86,9.25490572808406,0.177257478911534,0.191536748329621,-0.014279269418087
4745,450,745,5794,2.05511025423228,97,10.7199051700594,0.191709741982809,0.216035634743875,-0.024325892761066
4746,450,746,5795,1.83233256971309,92,10.3074055101861,0.177768553677482,0.204899777282851,-0.0271312236053687
4747,450,747,5796,2.36844658040271,112,10.6186731190419,0.223045436454344,0.249443207126949,-0.0263977706726045
4748,450,748,5797,1.8785140835608,78,10.9328169385497,0.171823427952686,0.173719376391982,-0.0018959484392965
4749,450,749,5798,2.16151482705547,116,10.8727379848564,0.198801335051579,0.258351893095768,-0.0595505580441892
4750,450,750,5799,2.015945635965,97,10.6072928203754,0.19005279387523,0.216035634743875,-0.0259828408686458
4751,450,751,5800,2.09785679511603,97,9.97894329225024,0.21022835120681,0.216035634743875,-0.00580728353706494
4752,450,752,5801,1.83214764305339,83,11.2300487106141,0.16314690080745,0.184855233853007,-0.0217083330455564
4753,450,753,5802,2.13107230267224,113,9.94846997831742,0.214211060325546,0.251670378619154,-0.0374593182936077
4754,450,754,5803,1.89787446145557,91,10.5182254420786,0.180436754460791,0.202672605790646,-0.0222358513298553
4755,450,755,5804,2.0186717556518,99,9.87860862340684,0.204347781414142,0.220489977728285,-0.0161421963141431
4756,450,756,5805,2.03203086149239,97,9.91518342068465,0.204941328392701,0.216035634743875,-0.0110943063511746
4757,450,757,5806,2.03528794575833,99,9.61905650067338,0.211589145527511,0.220489977728285,-0.0089008322007744
4758,450,758,5807,1.98668805312741,92,10.5525907266785,0.188265432118463,0.204899777282851,-0.0166343451643876
4759,450,759,5808,1.88059267236168,95,10.271987201067,0.183079732825828,0.211581291759465,-0.0285015589336379
4760,450,760,5809,2.24766246669156,108,10.6935878345593,0.210187871597932,0.240534521158129,-0.0303466495601969
4761,450,761,5810,1.96245751862472,85,10.5321917584215,0.186329451992321,0.189309576837416,-0.00298012484509552
4762,450,762,5811,1.94316306454773,85,10.6541891110344,0.182384885822536,0.189309576837416,-0.00692469101488022
4763,450,763,5812,1.85710644894834,87,10.4968677493661,0.176920057801098,0.193763919821826,-0.016843862020728
4764,450,764,5813,2.29619436318603,119,10.3054694681947,0.222813174137546,0.265033407572383,-0.0422202334348374
4765,450,765,5814,1.91812413162706,83,10.1791385741104,0.188436783492231,0.184855233853007,0.00358154963922397
4766,450,766,5815,1.84801251310976,91,10.3825543096391,0.177992087303032,0.202672605790646,-0.024680518487614
4767,450,767,5816,1.98441978732704,85,10.6058941319853,0.187105373920566,0.189309576837416,-0.00220420291685039
4768,450,768,5817,2.07514943543282,101,9.86979909332846,0.210252449498747,0.224944320712695,-0.0146918712139479
4769,450,769,5818,1.946702726785,92,10.6886173451071,0.182128582578188,0.204899777282851,-0.0227711947046625
4770,450,770,5819,2.15598631141909,101,10.2360586425184,0.210626608025044,0.224944320712695,-0.0143177126876506
4771,450,771,5820,2.34370287859668,85,10.7955750372168,0.217098475117535,0.189309576837416,0.0277888982801181
4772,450,772,5821,2.0666381614178,100,10.5731307249711,0.19546132694046,0.22271714922049,-0.0272558222800301
4773,450,773,5822,1.92701033895778,93,10.0778709215871,0.191212048055713,0.207126948775056,-0.0159149007193429
4774,450,774,5823,1.74241031325841,81,8.76492829265898,0.19879344759931,0.180400890868597,0.0183925567307128
4775,450,775,5824,2.1254514638783,91,10.8271250760911,0.196308017958691,0.202672605790646,-0.0063645878319547
4776,450,776,5825,2.25506719708907,85,10.7652168770433,0.209477172902848,0.189309576837416,0.0201675960654319
4777,450,777,5826,1.87066297996474,86,10.2349106369821,0.18277277118624,0.191536748329621,-0.0087639771433819
4778,450,778,5827,1.87500058909096,83,10.8361902924932,0.17303134574795,0.184855233853007,-0.0118238881050569
4779,450,779,5828,1.982656517464,83,10.535564830344,0.188187016965018,0.184855233853007,0.00333178311201124
4780,450,780,5829,2.38442857584021,107,11.2253542432959,0.212414550504209,0.238307349665924,-0.025892799161715
4781,450,781,5830,2.09003866620836,91,10.5959894118709,0.197248089344715,0.202672605790646,-0.00542451644593109
4782,450,782,5831,1.92683022717617,91,9.67608702830168,0.199133205555134,0.202672605790646,-0.00353940023551186
4783,450,783,5832,1.91793016577261,85,10.9053703253646,0.17587024636034,0.189309576837416,-0.0134393304770761
4784,450,784,5833,2.27652607067413,110,10.4934443191138,0.216947457997889,0.244988864142539,-0.0280414061446495
4785,450,785,5834,1.99597282231164,86,10.3014636929935,0.193756235210457,0.191536748329621,0.00221948688083529
4786,450,786,5835,2.50049213625991,95,11.4385630533351,0.218601945419259,0.211581291759465,0.00702065365979354
4787,450,787,5836,1.89684762372779,95,10.3030049173577,0.184106252393623,0.211581291759465,-0.0274750393658429
4788,450,788,5837,1.75344625171304,90,9.81245779546484,0.178695927999146,0.200445434298441,-0.0217495062992952
4789,450,789,5838,2.00629320075933,86,10.0615881097143,0.199401245497446,0.191536748329621,0.007864497167825
4790,450,790,5839,2.04497240828879,93,10.6439254081698,0.192125774079472,0.207126948775056,-0.015001174695584
4791,450,791,5840,2.40166168840626,103,11.5790276155263,0.207414799251872,0.229398663697105,-0.021983864445233
4792,450,792,5841,1.82580708503213,90,10.2842920406068,0.177533570402617,0.200445434298441,-0.0229118638958243
4793,450,793,5842,2.2254109861019,97,10.7749530722832,0.20653556179529,0.216035634743875,-0.00950007294858524
4794,450,794,5843,1.97945967686941,88,10.1511182945784,0.194999173433593,0.195991091314031,-0.000991917880438176
4795,450,795,5844,2.15824997621402,110,10.5367661220504,0.204830395893236,0.244988864142539,-0.0401584682493032
4796,450,796,5845,2.00798941636087,85,10.8495038569293,0.18507661205894,0.189309576837416,-0.00423296477847634
4797,450,797,5846,2.41383720891075,109,10.4782938379354,0.230365481847029,0.242761692650334,-0.012396210803305
4798,450,798,5847,1.87417857735738,81,10.0397446354729,0.1866759210922,0.180400890868597,0.00627503022360287
4799,450,799,5848,1.76723744682601,88,10.1990503253956,0.173274706020971,0.195991091314031,-0.0227163852930604
4800,450,800,5849,2.25897589516112,89,11.3329067931251,0.199328904437076,0.198218262806236,0.0011106416308399
4801,450,801,5850,2.31358616978374,113,11.0086592444733,0.210160576179632,0.251670378619154,-0.0415098024395214
4802,450,802,5851,2.06186988328791,100,10.0932511054316,0.204282035763315,0.22271714922049,-0.0184351134571749
4803,450,803,5852,2.0486004625732,89,10.8557650456676,0.188710832811436,0.198218262806236,-0.00950742999480053
4804,450,804,5853,1.94567706145856,95,10.885328973927,0.178743064735933,0.211581291759465,-0.0328382270235326
4805,450,805,5854,2.21032784913487,93,10.2463531646003,0.215718491606482,0.207126948775056,0.00859154283142641
4806,450,806,5855,2.00763728575328,97,11.0874401971762,0.181073110659446,0.216035634743875,-0.0349625240844291
4807,450,807,5856,2.43698099106037,105,10.6244123411915,0.229375603355683,0.233853006681514,-0.00447740332583191
4808,450,808,5857,1.9145620305287,83,11.3129902595046,0.169235718109117,0.184855233853007,-0.0156195157438901
4809,450,809,5858,1.87715606224535,92,10.4626957065576,0.179414188741896,0.204899777282851,-0.0254855885409546
4810,450,810,5859,2.39347854814826,102,10.9999587257379,0.217589775364153,0.2271714922049,-0.00958171684074713
4811,450,811,5860,2.13407328736862,94,10.3989921051283,0.20521924296069,0.209354120267261,-0.00413487730657094
4812,450,812,5861,1.97307105669489,96,10.2097077229009,0.193254411413678,0.21380846325167,-0.0205540518379922
4813,450,813,5862,2.2112339668961,91,10.7821858988905,0.205082159372122,0.202672605790646,0.00240955358147588
4814,450,814,5863,1.87058165230682,100,9.59789040721376,0.194895083496775,0.22271714922049,-0.0278220657237153
4815,450,815,5864,2.386589869154,113,10.799035071152,0.221000288769264,0.251670378619154,-0.0306700898498894
4816,450,816,5865,2.18654963036026,95,10.799218054591,0.202472958625991,0.211581291759465,-0.00910833313347448
4817,450,817,5866,1.7717502387054,84,10.6936523890584,0.165682423015566,0.187082405345212,-0.0213999823296454
4818,450,818,5867,1.82547383087459,88,9.61289254402818,0.189898495433472,0.195991091314031,-0.00609259588055902
4819,450,819,5868,2.0660583266971,94,10.8271124051513,0.190822654220724,0.209354120267261,-0.0185314660465364
4820,450,820,5869,1.99058277753148,88,10.363429080989,0.19207761851558,0.195991091314031,-0.00391347279845125
4821,450,821,5870,1.94304906155155,81,10.6171263187397,0.18301082639678,0.180400890868597,0.00260993552818337
4822,450,822,5871,2.07486102644441,93,10.6319112648348,0.195154095511222,0.207126948775056,-0.0119728532638333
4823,450,823,5872,2.22178905187034,104,10.4726743373512,0.212151068609691,0.23162583518931,-0.019474766579619
4824,450,824,5873,2.01741972517016,97,10.0785963800197,0.200168718847556,0.216035634743875,-0.0158669158963196
4825,450,825,5874,2.04302774319687,90,10.2822557129819,0.198694508308855,0.200445434298441,-0.00175092598958554
4826,450,826,5875,2.39582231721346,103,11.1034671357013,0.215772450886993,0.229398663697105,-0.0136262128101116
4827,450,827,5876,2.16167622604512,91,10.4637642161071,0.206586863140285,0.202672605790646,0.00391425734963916
4828,450,828,5877,1.86005829704474,82,10.6195994727757,0.175153338109707,0.182628062360802,-0.00747472425109499
4829,450,829,5878,1.82737547947714,81,10.1660959854994,0.179751940379438,0.180400890868597,-0.000648950489158862
4830,450,830,5879,2.54023140253034,121,10.9031283269891,0.232981886147516,0.269487750556793,-0.0365058644092769
4831,450,831,5880,1.77900302271353,82,10.4494930651436,0.170247782511838,0.182628062360802,-0.012380279848964
4832,450,832,5881,1.90147568580651,82,9.74321781269495,0.195158901541643,0.182628062360802,0.012530839180841
4833,450,833,5882,2.06383887956049,101,10.5095449314058,0.196377568489487,0.224944320712695,-0.0285667522232082
4834,450,834,5883,2.29935545612003,107,10.4432874368759,0.220175444755151,0.238307349665924,-0.0181319049107732
4835,450,835,5884,1.81339001329104,80,10.6550192032754,0.170191153924302,0.178173719376392,-0.00798256545209006
4836,450,836,5885,2.27470182604358,87,10.7095108522381,0.212400160700917,0.193763919821826,0.0186362408790904
4837,450,837,5886,1.8047944640548,89,10.408575443265,0.173394954371264,0.198218262806236,-0.024823308434972
4838,450,838,5887,1.72828131002487,77,10.1168001194236,0.170832801836885,0.171492204899777,-0.000659403062892694
4839,450,839,5888,2.09455499923989,106,10.4958233134219,0.199560809732897,0.236080178173719,-0.0365193684408221
4840,450,840,5889,1.84489514738535,76,10.9692839630284,0.168187381565059,0.169265033407572,-0.00107765184251329
4841,450,841,5890,2.28300671309497,105,11.2754886905782,0.202475189833914,0.233853006681514,-0.0313778168476002
4842,450,842,5891,1.76879610706599,93,9.83884549421536,0.179776794757671,0.207126948775056,-0.0273501540173851
4843,450,843,5892,2.21059899471079,95,10.4417824908074,0.211707052570472,0.211581291759465,0.000125760811006403
4844,450,844,5893,1.82459606243648,87,10.4210958509513,0.175086774801128,0.193763919821826,-0.0186771450206984
4845,450,845,5894,1.85506271773007,82,10.0561741078973,0.184470027848191,0.182628062360802,0.00184196548738907
4846,450,846,5895,2.1808549103131,107,10.4876285731645,0.207945475480836,0.238307349665924,-0.0303618741850883
4847,450,847,5896,1.82954472933951,96,9.64594328422663,0.189669861767821,0.21380846325167,-0.0241386014838492
4848,450,848,5897,1.97143204095436,92,9.74629125838796,0.202275100208778,0.204899777282851,-0.00262467707407277
4849,450,849,5898,2.27234027435507,98,10.7989682448921,0.21042197947289,0.21826280623608,-0.00784082676319042
4850,450,850,5899,1.90728717108071,91,10.7191013092429,0.177933496107187,0.202672605790646,-0.0247391096834587
4851,450,851,5900,1.94619201271438,99,10.259156015491,0.189702935580245,0.220489977728285,-0.0307870421480399
4852,450,852,5901,2.21563148977139,104,11.0434477817041,0.200628602006166,0.23162583518931,-0.0309972331831436
4853,450,853,5902,1.92834125425078,78,10.2519984713029,0.188094180822259,0.173719376391982,0.0143748044302771
4854,450,854,5903,1.96881041114319,81,11.1398229911073,0.176736238332947,0.180400890868597,-0.00366465253564963
4855,450,855,5904,2.01156290699569,93,10.3924789547459,0.193559488140899,0.207126948775056,-0.0135674606341568
4856,450,856,5905,2.45355223430237,91,11.0094938832891,0.22285785889091,0.202672605790646,0.0201852531002638
4857,450,857,5906,1.83901962517142,89,10.5613094635054,0.174127993458212,0.198218262806236,-0.0240902693480245
4858,450,858,5907,2.26112160351036,108,11.0263773981078,0.205064775299491,0.240534521158129,-0.0354697458586384
4859,450,859,5908,2.00904261058785,93,10.1905589982762,0.197147439206003,0.207126948775056,-0.00997950956905241
4860,450,860,5909,2.25695116262507,97,10.5176498896969,0.214587021463414,0.216035634743875,-0.00144861328046147
4861,450,861,5910,2.22940358320932,100,11.1699576859988,0.199589259501296,0.22271714922049,-0.0231278897191937
4862,450,862,5911,2.08558709393423,100,9.87208862480883,0.211260977610461,0.22271714922049,-0.0114561716100286
4863,450,863,5912,1.95718820726519,81,10.9539189079882,0.178674702972094,0.180400890868597,-0.0017261878965027
4864,450,864,5913,2.44223466315883,102,11.0068274194925,0.221883615512474,0.2271714922049,-0.00528787669242561
4865,450,865,5914,1.75286372389804,78,10.0622821972007,0.174201407746811,0.173719376391982,0.000482031354828744
4866,450,866,5915,2.06308808018383,103,9.8940597230208,0.208517851917104,0.229398663697105,-0.0208808117800008
4867,450,867,5916,2.01923187752373,88,10.4450030898263,0.193320371488499,0.195991091314031,-0.00267071982553241
4868,450,868,5917,2.41595318200899,105,10.9080775897968,0.22148294803741,0.233853006681514,-0.0123700586441044
4869,450,869,5918,1.80369955609334,89,10.6151894680161,0.169916849956182,0.198218262806236,-0.0283014128500536
4870,450,870,5919,2.52718647688345,115,10.9705454720486,0.230361059376891,0.256124721603563,-0.0257636622266729
4871,450,871,5920,2.0044492577227,97,10.7452798956777,0.186542302963088,0.216035634743875,-0.0294933317807868
4872,450,872,5921,1.98177388530517,105,9.79261911025594,0.202374243600431,0.233853006681514,-0.0314787630810835
4873,450,873,5922,1.89707206306161,88,10.5319220967789,0.180125911075797,0.195991091314031,-0.0158651802382342
4874,450,874,5923,1.86113489047708,84,10.799591427872,0.172333824192069,0.187082405345212,-0.0147485811531426
4875,450,875,5924,2.05070268029485,113,9.75851654125357,0.210144920247418,0.251670378619154,-0.0415254583717352
4876,450,876,5925,2.2474193520561,95,11.3028510156428,0.198836501423024,0.211581291759465,-0.0127447903364414
4877,450,877,5926,2.16654024097011,96,11.097157748308,0.195233796807155,0.21380846325167,-0.0185746664445149
4878,450,878,5927,2.12577970285278,96,10.9399144879354,0.194314105946358,0.21380846325167,-0.0194943573053128
4879,450,879,5928,2.21967433508114,87,10.7642931410946,0.206207161583805,0.193763919821826,0.0124432417619788
4880,450,880,5929,1.96668263950111,84,10.7411742510703,0.183097545345673,0.187082405345212,-0.00398485999953846
4881,450,881,5930,2.09932477543598,78,10.2298043236516,0.205216513338606,0.173719376391982,0.0314971369466238
4882,450,882,5931,2.28260765422633,90,10.3391590628184,0.220773047436229,0.200445434298441,0.0203276131377882
4883,450,883,5932,1.96054473331958,84,10.6113139302417,0.184759846538149,0.187082405345212,-0.002322558807063
4884,450,884,5933,1.75620890080497,79,10.5259572419259,0.166845528671713,0.175946547884187,-0.00910101921247453
4885,450,885,5934,2.32323821336783,101,11.0554309236291,0.210144518962378,0.224944320712695,-0.0147998017503166
4886,450,886,5935,2.17082655231774,88,11.0053736863511,0.197251507689377,0.195991091314031,0.00126041637534569
4887,450,887,5936,1.88642097092328,96,10.4795369870191,0.180009953995101,0.21380846325167,-0.033798509256569
4888,450,888,5937,1.82161867741115,81,10.2983483878058,0.1768845458334,0.180400890868597,-0.00351634503519649
4889,450,889,5938,1.95564308430845,83,10.8699002519118,0.179913618247278,0.184855233853007,-0.00494161560572895
4890,450,890,5939,2.15983111667972,100,10.9240216533561,0.197713917567727,0.22271714922049,-0.0250032316527626
4891,450,891,5940,2.03616300473166,88,10.6595743303406,0.191017290337389,0.195991091314031,-0.00497380097664168
4892,450,892,5941,1.94366591871192,80,11.1623645952254,0.174126718593595,0.178173719376392,-0.00404700078279649
4893,450,893,5942,1.98672125704771,95,9.98586923346312,0.198953261914357,0.211581291759465,-0.012628029845108
4894,450,894,5943,1.73578046670513,83,10.1911710973371,0.170321982638353,0.184855233853007,-0.0145332512146541
4895,450,895,5944,1.94679506946114,100,9.97487407489217,0.195169889348421,0.22271714922049,-0.0275472598720689
4896,450,896,5945,1.76717303831821,86,10.4458270177716,0.169175024180631,0.191536748329621,-0.02236172414899
4897,450,897,5946,2.23579041764372,92,10.8436444722867,0.206184408144122,0.204899777282851,0.00128463086127112
4898,450,898,5947,1.90817773583097,91,10.3094113539929,0.185090852456084,0.202672605790646,-0.0175817533345623
4899,450,899,5948,2.28282748308173,91,11.4675990519028,0.199067605411522,0.202672605790646,-0.00360500037912417
4900,450,900,5949,1.93690019558507,93,9.74899560924672,0.198676896904945,0.207126948775056,-0.00845005187011044
4901,450,901,5950,2.43786112246012,89,11.6517596186948,0.20922686377332,0.198218262806236,0.0110086009670835
4902,450,902,5951,1.97478131552841,92,10.3149152506903,0.191449107194191,0.204899777282851,-0.0134506700886599
4903,450,903,5952,1.73334696146751,76,10.8385617223059,0.159924075341128,0.169265033407572,-0.00934095806644436
4904,450,904,5953,1.95373168751313,89,10.3473151086011,0.188815327165315,0.198218262806236,-0.00940293564092107
4905,450,905,5954,1.81528757412923,79,10.2507021490849,0.177089095725144,0.175946547884187,0.00114254784095658
4906,450,906,5955,2.0855087363481,97,9.9828408909693,0.208909343454998,0.216035634743875,-0.00712629128887773
4907,450,907,5956,2.04567572433829,89,10.1400122279224,0.201742924796988,0.198218262806236,0.00352466199075147
4908,450,908,5957,2.18556336549526,93,10.5495726726227,0.207170795758111,0.207126948775056,4.38469830555399e-05
4909,450,909,5958,1.96000751780057,99,9.90961758470938,0.197788411212243,0.220489977728285,-0.022701566516042
4910,450,910,5959,1.79563904897636,79,10.2821250404321,0.174636958986146,0.175946547884187,-0.00130958889804136
4911,450,911,5960,1.94859887094991,91,10.0653710203588,0.193594341133434,0.202672605790646,-0.00907826465721231
4912,450,912,5961,1.78456398000767,74,10.8435578717392,0.164573657568486,0.164810690423163,-0.000237032854676883
4913,450,913,5962,2.06036040071642,96,10.3990206195592,0.198130235153217,0.21380846325167,-0.0156782280984529
4914,450,914,5963,2.30680962537302,110,10.7424945300496,0.214736867579525,0.244988864142539,-0.0302519965630141
4915,450,915,5964,2.04612697527495,97,10.200509751368,0.20059065920706,0.216035634743875,-0.0154449755368149
4916,450,916,5965,2.06815669132487,87,10.4197358603455,0.198484560361619,0.193763919821826,0.0047206405397924
4917,450,917,5966,1.88464973085532,95,10.1459121909257,0.185754587206157,0.211581291759465,-0.0258267045533086
4918,450,918,5967,1.8770912960303,82,10.0093424920278,0.187533926182001,0.182628062360802,0.0049058638211992
4919,450,919,5968,2.03696528775532,86,10.2781432378975,0.198184170098412,0.191536748329621,0.00664742176879013
4920,450,920,5969,1.69980005836076,73,10.860465795676,0.156512629415722,0.162583518930958,-0.00607088951523521
4921,450,921,5970,1.80811878640012,88,9.70104156906364,0.18638398501107,0.195991091314031,-0.00960710630296158
4922,450,922,5971,2.07561953031751,88,10.6351524204918,0.195165941046432,0.195991091314031,-0.00082515026759955
4923,450,923,5972,2.29175612712288,119,10.0634966040936,0.227729607042413,0.265033407572383,-0.0373038005299704
4924,450,924,5973,2.06804257766088,95,10.6959538290816,0.193348121234219,0.211581291759465,-0.0182331705252469
4925,450,925,5974,1.97608292908712,85,10.6732853056405,0.185142893916911,0.189309576837416,-0.0041666829205059
4926,450,926,5975,1.78305584329064,87,10.4016502151655,0.171420477174956,0.193763919821826,-0.0223434426468706
4927,450,927,5976,1.57032226597394,74,10.5618244373383,0.148679072947143,0.164810690423163,-0.0161316174760195
4928,450,928,5977,2.27710469573107,87,10.9679313574689,0.207614783637428,0.193763919821826,0.0138508638156015
4929,450,929,5978,1.93361806044646,89,10.6577152000292,0.181428948339805,0.198218262806236,-0.0167893144664312
4930,450,930,5979,2.14996936126245,89,10.7040868738147,0.200854999273399,0.198218262806236,0.0026367364671625
4931,450,931,5980,1.71861047253522,82,10.5444989547126,0.162986451979981,0.182628062360802,-0.019641610380821
4932,450,932,5981,1.8563413179749,81,10.4230110308545,0.17810029294603,0.180400890868597,-0.00230059792256637
4933,450,933,5982,1.75555205842248,90,10.3699318604959,0.169292535576847,0.200445434298441,-0.0311528987215943
4934,450,934,5983,2.00955634896406,100,10.701583795514,0.18778120952587,0.22271714922049,-0.0349359396946203
4935,450,935,5984,1.78036412980179,90,9.85170572977442,0.180716332646951,0.200445434298441,-0.0197291016514895
4936,450,936,5985,2.203410358524,91,10.701166413853,0.205903756030896,0.202672605790646,0.00323115024025036
4937,450,937,5986,2.52246518557636,96,11.1621544836186,0.225983719297049,0.21380846325167,0.0121752560453783
4938,450,938,5987,1.83416185154483,78,10.2610163038069,0.178750505528808,0.173719376391982,0.00503112913682607
4939,450,939,5988,1.79607034235538,90,10.2899228120266,0.174546532094116,0.200445434298441,-0.0258989022043249
4940,450,940,5989,2.20441257511544,94,10.6392451355571,0.207196332731178,0.209354120267261,-0.00215778753608298
4941,450,941,5990,2.02746804466259,100,10.7449429133769,0.188690443588908,0.22271714922049,-0.034026705631582
4942,450,942,5991,1.76965540359581,78,10.8298419959626,0.163405468358221,0.173719376391982,-0.0103139080337607
4943,450,943,5992,1.89246470080772,76,10.9034049879062,0.173566395351433,0.169265033407572,0.00430136194386102
4944,450,944,5993,2.20527136876185,93,10.4107390260325,0.211826592064931,0.207126948775056,0.0046996432898749
4945,450,945,5994,1.76526959062017,86,10.6426476489322,0.165867521771923,0.191536748329621,-0.0256692265576985
4946,450,946,5995,1.83806376488141,84,10.2100988651138,0.180024090771714,0.187082405345212,-0.00705831457349795
4947,450,947,5996,2.22355017544659,94,10.9091908025967,0.203823566356299,0.209354120267261,-0.00553055391096161
4948,450,948,5997,1.77924407994113,83,10.5415092294385,0.168784567865517,0.184855233853007,-0.01607066598749
4949,450,949,5998,2.17717694391465,98,10.3043831914634,0.211286488813645,0.21826280623608,-0.00697631742243476
4950,450,950,5999,2.33873510086603,109,10.6960713095491,0.218653656392333,0.242761692650334,-0.0241080362580013
4951,450,951,6000,1.63248648292307,76,10.0019738144233,0.163216432397468,0.169265033407572,-0.00604860101010393
4952,450,952,6001,2.13120703259919,100,10.2594287548378,0.207731549536248,0.22271714922049,-0.0149855996842423
4953,450,953,6002,2.08182002402226,102,9.8811882736132,0.210685189511222,0.2271714922049,-0.0164863026936777
4954,450,954,6003,2.12848972261807,99,11.4080133852156,0.186578473459412,0.220489977728285,-0.0339115042688731
4955,450,955,6004,2.17488019380764,85,10.0926769775044,0.215490914715217,0.189309576837416,0.0261813378778009
4956,450,956,6005,2.12659023655979,109,10.107582621281,0.210395533357538,0.242761692650334,-0.0323661592927957
4957,450,957,6006,1.87896457423627,83,10.9907557525823,0.170958632557621,0.184855233853007,-0.0138966012953859
4958,450,958,6007,1.9055572939022,94,10.5802923886529,0.180104407695373,0.209354120267261,-0.0292497125718877
4959,450,959,6008,2.3004299381711,109,10.6934382114682,0.215125378075687,0.242761692650334,-0.0276363145746473
4960,450,960,6009,2.37889652799831,94,11.017080010412,0.21592804316117,0.209354120267261,0.00657392289390926
4961,450,961,6010,2.13814975768202,90,11.4905033995608,0.186079728914552,0.200445434298441,-0.0143657053838889
4962,450,962,6011,1.75962892403874,82,10.6801419251989,0.164757073114079,0.182628062360802,-0.0178709892467224
4963,450,963,6012,1.71560282670139,72,10.4053760990853,0.164876580179759,0.160356347438753,0.00452023274100613
4964,450,964,6013,2.20460787380263,93,10.8282549033632,0.203597707430945,0.207126948775056,-0.00352924134411048
4965,450,965,6014,2.29025382793625,118,9.60664780721503,0.238403017774438,0.262806236080178,-0.0244032183057404
4966,450,966,6015,1.99606408881754,83,10.4774130978981,0.190511156729896,0.184855233853007,0.00565592287688971
4967,450,967,6016,2.64603399835161,104,11.1455562066496,0.237407083979618,0.23162583518931,0.00578124879030839
4968,450,968,6017,1.68631757342865,75,9.221965211514,0.18285880880609,0.167037861915367,0.0158209468907229
4969,450,969,6018,2.14595974010364,84,9.99458362902132,0.21471227014124,0.187082405345212,0.0276298647960288
4970,450,970,6019,1.92154416265038,76,10.4679376319738,0.183564731679439,0.169265033407572,0.0142996982718669
4971,450,971,6020,1.93610901112606,82,10.9341714307041,0.177069567950004,0.182628062360802,-0.00555849441079753
4972,450,972,6021,2.13508131846057,91,9.8973273152354,0.215723017988295,0.202672605790646,0.0130504121976495
4973,450,973,6022,1.86287760130948,94,10.2531204574845,0.181688843804584,0.209354120267261,-0.0276652764626768
4974,450,974,6023,1.9167340729382,73,10.9846732648726,0.17449167824296,0.162583518930958,0.0119081593120025
4975,450,975,6024,1.99722342004708,93,11.1673738790645,0.178844501999819,0.207126948775056,-0.0282824467752368
4976,450,976,6025,2.22708307077177,92,10.3859988503527,0.214431284160612,0.204899777282851,0.00953150687776122
4977,450,977,6026,2.67556201943218,122,10.4767638900484,0.255380578154828,0.271714922048998,-0.0163343438941693
4978,450,978,6027,1.86862282545962,97,10.2124901172312,0.182974260342905,0.216035634743875,-0.0330613744009698
4979,450,979,6028,2.19299791631487,77,11.5603946003496,0.189699226724367,0.171492204899777,0.0182070218245892
4980,450,980,6029,1.82456865817259,90,10.3030019528661,0.177090974700342,0.200445434298441,-0.0233544595980988
4981,450,981,6030,1.84000239156087,90,10.2099984235409,0.180215737087523,0.200445434298441,-0.0202296972109182
4982,450,982,6031,1.62816300256446,68,10.598145748558,0.153627157164355,0.151447661469933,0.002179495694422
4983,450,983,6032,2.2078626894798,97,11.2329375683235,0.196552564816696,0.216035634743875,-0.0194830699271798
4984,450,984,6033,1.95113589694289,84,10.4976036750797,0.185864884723615,0.187082405345212,-0.00121752062159622
4985,450,985,6034,2.04529911483175,104,10.4456907969657,0.19580314548712,0.23162583518931,-0.0358226897021891
4986,450,986,6035,2.21951070460255,91,10.8041347985631,0.205431600584782,0.202672605790646,0.00275899479413583
4987,450,987,6036,2.4101297042142,107,10.7496162722695,0.224206115192368,0.238307349665924,-0.0141012344735566
4988,450,988,6037,2.11250726818712,96,10.592465672311,0.199434893965177,0.21380846325167,-0.0143735692864932
4989,450,989,6038,1.64126768816272,70,10.021082964167,0.163781468932199,0.155902004454343,0.00787946447785645
4990,450,990,6039,2.23731776007466,102,10.5843277940905,0.211380241012925,0.2271714922049,-0.0157912511919743
4991,450,991,6040,2.26373791320588,107,10.9843139492302,0.206088238525314,0.238307349665924,-0.0322191111406101
4992,450,992,6041,2.02917975107777,92,10.6537604906543,0.19046605683109,0.204899777282851,-0.0144337204517611
4993,450,993,6042,2.30316596056723,119,10.3959660731211,0.221544197467332,0.265033407572383,-0.0434892101050508
4994,450,994,6043,1.6740620078964,82,9.95198862978018,0.168213818380677,0.182628062360802,-0.014414243980125
4995,450,995,6044,1.53883977435009,80,9.65598585541929,0.15936640726192,0.178173719376392,-0.0188073121144722
4996,450,996,6045,1.97473851394507,98,9.45026053808748,0.208961277415184,0.21826280623608,-0.00930152882089597
4997,450,997,6046,2.17031895976576,92,10.4882001741025,0.206929589799852,0.204899777282851,0.00202981251700138
4998,450,998,6047,1.74732132354738,79,9.30464417238027,0.187790235840946,0.175946547884187,0.0118436879567591
4999,450,999,6048,1.82335213896801,92,10.7531957204261,0.169563745176188,0.204899777282851,-0.0353360321066631
5000,450,1000,6049,2.03388318610931,100,10.4988474919613,0.193724424291961,0.22271714922049,-0.028992724928529
5001,500,1,6050,2.18197816755497,94,11.1896853364356,0.194999064044282,0.188376753507014,0.00662231053726767
5002,500,2,6051,1.94461962016381,89,10.9422073349711,0.17771730699608,0.178356713426854,-0.000639406430774175
5003,500,3,6052,1.75486236053655,83,10.5937751806461,0.165650330558509,0.166332665330661,-0.000682334772152599
5004,500,4,6053,1.93751617861815,90,11.2471422909485,0.172267419447288,0.180360721442886,-0.00809330199559746
5005,500,5,6054,2.05897391974917,94,11.7172865976707,0.175721051336107,0.188376753507014,-0.0126557021709072
5006,500,6,6055,1.74759597413591,86,11.3349712469173,0.15417736278874,0.172344689378758,-0.0181673265900173
5007,500,7,6056,1.84127944673044,85,11.2478518079293,0.163700542838982,0.170340681362725,-0.00664013852374382
5008,500,8,6057,2.27812660213056,106,11.1747929726455,0.203862980522962,0.212424849699399,-0.00856186917643678
5009,500,9,6058,2.18100527348083,100,11.0506267535568,0.197364848358383,0.200400801603206,-0.00303595324482314
5010,500,10,6059,2.83636641567383,132,11.1639333209117,0.254065151962248,0.264529058116232,-0.0104639061539847
5011,500,11,6060,1.8892346849475,82,11.3587910132775,0.166323571121181,0.164328657314629,0.00199491380655184
5012,500,12,6061,2.31198171085695,108,11.7151591635586,0.197349577464439,0.216432865731463,-0.019083288267024
5013,500,13,6062,1.72804526120151,77,11.2679509192615,0.15335931737576,0.154308617234469,-0.00094929985870873
5014,500,14,6063,2.08205495497323,108,10.8950349017838,0.191101265277483,0.216432865731463,-0.02533160045398
5015,500,15,6064,2.0170650990914,90,10.9112021015995,0.184861858511054,0.180360721442886,0.00450113706816863
5016,500,16,6065,1.88306257604118,94,11.1881302111221,0.168308961417809,0.188376753507014,-0.0200677920892046
5017,500,17,6066,1.88301027139283,90,10.815650445613,0.174100511186232,0.180360721442886,-0.00626021025665349
5018,500,18,6067,1.92017733433542,86,10.9988197269311,0.174580307888289,0.172344689378758,0.00223561850953186
5019,500,19,6068,2.37392164621233,118,10.652358565808,0.22285408734101,0.236472945891784,-0.0136188585507734
5020,500,20,6069,1.86297252702487,87,11.3450860833553,0.164209642248382,0.17434869739479,-0.0101390551464077
5021,500,21,6070,1.70794629473076,90,10.988057042897,0.155436606131821,0.180360721442886,-0.0249241153110652
5022,500,22,6071,1.66692115498403,83,10.9086507767485,0.152807270953895,0.166332665330661,-0.0135253943767661
5023,500,23,6072,2.06130363980891,93,11.6506535001825,0.176926010182744,0.186372745490982,-0.00944673530823781
5024,500,24,6073,2.43013296148376,111,12.2600779799106,0.198215130887893,0.222444889779559,-0.0242297588916662
5025,500,25,6074,1.64701810640862,79,11.0901843852321,0.148511336619599,0.158316633266533,-0.00980529664693439
5026,500,26,6075,2.37527932140438,108,11.6761161479826,0.203430600663799,0.216432865731463,-0.0130022650676636
5027,500,27,6076,1.99772330254165,91,12.3527401732339,0.161723089332872,0.182364729458918,-0.0206416401260463
5028,500,28,6077,2.35649391877712,99,11.7868772731836,0.199925210398041,0.198396793587174,0.0015284168108663
5029,500,29,6078,1.89179285117134,89,10.5339099056895,0.179590756718885,0.178356713426854,0.00123404329203178
5030,500,30,6079,1.85386992719471,90,10.1843656198184,0.182030967504461,0.180360721442886,0.00167024606157565
5031,500,31,6080,1.93143407467522,105,10.3160210059399,0.187226651977842,0.210420841683367,-0.0231941897055243
5032,500,32,6081,2.11549833049758,110,10.85236410544,0.194934330431941,0.220440881763527,-0.0255065513315858
5033,500,33,6082,2.03402135810102,102,10.7403053406313,0.189382079334951,0.204408817635271,-0.01502673830032
5034,500,34,6083,2.03779199579503,112,10.5392572545075,0.193352524431785,0.224448897795591,-0.031096373363806
5035,500,35,6084,2.3643075015504,93,11.9400487379453,0.198014895369452,0.186372745490982,0.0116421498784699
5036,500,36,6085,1.91090308698221,96,9.87483225793302,0.193512460472133,0.192384769539078,0.00112769093305479
5037,500,37,6086,1.99871994840514,85,10.7559913191877,0.185823871467766,0.170340681362725,0.0154831901050402
5038,500,38,6087,1.80489222479117,97,10.8687220157492,0.166062966940898,0.19438877755511,-0.0283258106142125
5039,500,39,6088,2.04470095994612,101,11.1492039594197,0.183394345227545,0.202404809619238,-0.0190104643916936
5040,500,40,6089,2.10427053846491,97,11.5683633377371,0.181898724740134,0.19438877755511,-0.0124900528149757
5041,500,41,6090,1.68868662206789,81,10.0919019444464,0.167330859075298,0.162324649298597,0.0050062097767006
5042,500,42,6091,1.97128833334308,103,11.6229953691909,0.169602436439782,0.206412825651303,-0.0368103892115202
5043,500,43,6092,1.81620861780932,92,10.6835606967992,0.170000308825265,0.18436873747495,-0.0143684286496853
5044,500,44,6093,1.91157879949751,90,11.5748656705729,0.165149113078467,0.180360721442886,-0.0152116083644184
5045,500,45,6094,1.79300666502572,93,10.3738306555046,0.172839399886898,0.186372745490982,-0.0135333456040835
5046,500,46,6095,2.23874219932459,107,10.696056993166,0.209305373069252,0.214428857715431,-0.00512348464617854
5047,500,47,6096,2.44003794239846,106,11.4727960278761,0.212680321036804,0.212424849699399,0.000255471337404861
5048,500,48,6097,1.90569554878854,82,11.0894130129569,0.171848189490456,0.164328657314629,0.00751953217582635
5049,500,49,6098,1.75213186859162,90,11.1042261686468,0.157789641707662,0.180360721442886,-0.0225710797352242
5050,500,50,6099,1.62350871784263,90,9.51164196504229,0.170686483344246,0.180360721442886,-0.00967423809863938
5051,500,51,6100,2.0909615874159,87,11.4659778699558,0.182362255634107,0.17434869739479,0.00801355823931788
5052,500,52,6101,2.36818707602827,115,11.1874542638778,0.211682391737207,0.230460921843687,-0.0187785301064808
5053,500,53,6102,1.98430674058527,108,11.3950154334472,0.174138135413211,0.216432865731463,-0.0422947303182515
5054,500,54,6103,2.05787027212491,95,11.4215154154347,0.180174888994498,0.190380761523046,-0.0102058725285478
5055,500,55,6104,2.24362617757595,108,10.6191453866144,0.211281237415213,0.216432865731463,-0.00515162831624949
5056,500,56,6105,1.88289314459856,86,10.5067470958689,0.179208001050953,0.172344689378758,0.00686331167219512
5057,500,57,6106,1.86878053997889,89,10.4623177737831,0.178620128004691,0.178356713426854,0.000263414577837434
5058,500,58,6107,2.22727618128748,84,10.8902559832457,0.204520094359039,0.168336673346693,0.0361834210123452
5059,500,59,6108,2.34327240053279,108,11.549190607785,0.20289494563829,0.216432865731463,-0.0135379200931727
5060,500,60,6109,2.25403786865294,121,10.1988004666409,0.221010095846627,0.24248496993988,-0.0214748740932529
5061,500,61,6110,2.1244650788854,93,11.3856232656315,0.186591900093716,0.186372745490982,0.000219154602733612
5062,500,62,6111,1.93348206805853,105,10.8082224819922,0.178889921194714,0.210420841683367,-0.031530920488653
5063,500,63,6112,1.70698384872916,83,10.3608980309909,0.16475249960219,0.166332665330661,-0.00158016572847139
5064,500,64,6113,2.24635012260497,105,11.0957587073639,0.202451241221941,0.210420841683367,-0.00796960046142589
5065,500,65,6114,2.17697027035591,111,11.3547400339917,0.191723479695608,0.222444889779559,-0.0307214100839509
5066,500,66,6115,1.86148534731891,83,11.2906147706883,0.16487014968853,0.166332665330661,-0.00146251564213126
5067,500,67,6116,2.17416637393255,97,11.2305226578284,0.193594406972414,0.19438877755511,-0.000794370582696685
5068,500,68,6117,2.05381630459113,108,10.4447210272061,0.196636779406689,0.216432865731463,-0.0197960863247735
5069,500,69,6118,2.39211569409714,117,10.4437260258345,0.22904810870946,0.234468937875752,-0.00542082916629186
5070,500,70,6119,1.74643731350251,77,10.7261357030476,0.162820736363264,0.154308617234469,0.00851211912879504
5071,500,71,6120,1.99876857806403,95,10.6542317567927,0.187603256967796,0.190380761523046,-0.00277750455525008
5072,500,72,6121,2.03728467882182,102,11.3172927223513,0.180015196991259,0.204408817635271,-0.0243936206440111
5073,500,73,6122,2.07899125456182,95,11.4485192933706,0.181594772327081,0.190380761523046,-0.00878598919596549
5074,500,74,6123,2.06324419154015,98,11.0410701291815,0.186869947151862,0.196392785571142,-0.00952283841928009
5075,500,75,6124,1.84408115293701,98,10.3041998591842,0.178964031961528,0.196392785571142,-0.0174287536096139
5076,500,76,6125,2.0795342103429,126,10.233103298376,0.203216380183804,0.25250501002004,-0.0492886298362364
5077,500,77,6126,1.95493947563006,85,11.2756168721766,0.173377607433082,0.170340681362725,0.00303692607035605
5078,500,78,6127,2.09452445911112,108,11.0301562721364,0.189890732953817,0.216432865731463,-0.0265421327776456
5079,500,79,6128,1.88671781858958,91,11.7747188323972,0.160234638758287,0.182364729458918,-0.0221300907006305
5080,500,80,6129,2.06525813347621,98,10.6649126865958,0.193649792939414,0.196392785571142,-0.00274299263172867
5081,500,81,6130,1.95759536815783,97,10.2536053743175,0.190917759821445,0.19438877755511,-0.00347101773366476
5082,500,82,6131,2.40942472305857,109,10.3458562418107,0.232887898956238,0.218436873747495,0.0144510252087428
5083,500,83,6132,2.34628377279044,122,11.2663591893894,0.208255722487542,0.244488977955912,-0.0362332554683702
5084,500,84,6133,1.9496150857851,93,11.8300575569823,0.164801825890898,0.186372745490982,-0.0215709196000838
5085,500,85,6134,2.31677804413595,109,10.8086119063436,0.214345566684305,0.218436873747495,-0.00409130706319025
5086,500,86,6135,2.11114763922908,85,11.2867623171813,0.18704634508121,0.170340681362725,0.0167056637184842
5087,500,87,6136,1.89995915070689,98,10.95750272563,0.173393445411865,0.196392785571142,-0.0229993401592768
5088,500,88,6137,2.13445648116177,96,11.0266223599515,0.1935730100737,0.192384769539078,0.00118824053462152
5089,500,89,6138,2.54123887309964,121,10.6397381361039,0.238844118209681,0.24248496993988,-0.00364085173019918
5090,500,90,6139,2.01852092438985,101,9.99109924259177,0.202031916146419,0.202404809619238,-0.000372893472819574
5091,500,91,6140,2.03794664770499,105,10.7221223282486,0.19006933378626,0.210420841683367,-0.0203515078971067
5092,500,92,6141,2.33473997894631,111,11.7704992792384,0.198355220416561,0.222444889779559,-0.0240896693629979
5093,500,93,6142,2.16536346702112,114,11.025027425464,0.196404361046747,0.228456913827655,-0.032052552780908
5094,500,94,6143,1.72416783592889,97,10.3645883339767,0.166351791346773,0.19438877755511,-0.0280369862083375
5095,500,95,6144,2.03230048488464,109,10.9054530373592,0.186356355661935,0.218436873747495,-0.0320805180855603
5096,500,96,6145,1.90322601666906,112,10.5134662122139,0.181027453577394,0.224448897795591,-0.0434214442181969
5097,500,97,6146,2.06233312617563,102,10.9877713255607,0.187693488066871,0.204408817635271,-0.0167153295683998
5098,500,98,6147,2.10658546712249,96,12.0089482763033,0.175417981546253,0.192384769539078,-0.0169667879928251
5099,500,99,6148,2.27520426150131,101,11.4393941925222,0.198892023756693,0.202404809619238,-0.00351278586254539
5100,500,100,6149,2.08561777726645,114,11.0194023853522,0.189267775540968,0.228456913827655,-0.0391891382866876
5101,500,101,6150,2.037977388797,104,10.3651790759325,0.19661767287061,0.208416833667335,-0.0117991607967248
5102,500,102,6151,2.20853772732689,106,10.570685290512,0.208930420935833,0.212424849699399,-0.00349442876356543
5103,500,103,6152,1.90340743676945,98,11.0342941274607,0.172499247779927,0.196392785571142,-0.0238935377912151
5104,500,104,6153,2.14064525264617,114,11.1941245340233,0.191229358413864,0.228456913827655,-0.0372275554137918
5105,500,105,6154,1.90652438350558,98,10.2314507286706,0.186339594849742,0.196392785571142,-0.0100531907214
5106,500,106,6155,1.79329290474671,97,10.3469435295654,0.173316197157406,0.19438877755511,-0.0210725803977043
5107,500,107,6156,1.68109736596205,86,9.7532628768485,0.17236256083618,0.172344689378758,1.78714574222139e-05
5108,500,108,6157,2.02016097020722,98,10.8371524462254,0.186410681240424,0.196392785571142,-0.00998210433071783
5109,500,109,6158,1.63471958206168,81,11.6129328368649,0.140767160632524,0.162324649298597,-0.0215574886660728
5110,500,110,6159,2.41893394508429,109,12.0758355268952,0.200311932014712,0.218436873747495,-0.0181249417327828
5111,500,111,6160,2.09139381187415,105,10.8645850008716,0.192496428690685,0.210420841683367,-0.0179244129926822
5112,500,112,6161,2.10251108118046,97,10.413586710935,0.201900760952293,0.19438877755511,0.00751198339718301
5113,500,113,6162,1.95508259945555,93,10.9034288479559,0.179308970299015,0.186372745490982,-0.00706377519196713
5114,500,114,6163,2.09976969973157,100,10.3822367863653,0.202246369731149,0.200400801603206,0.00184556812794262
5115,500,115,6164,2.17516692376454,115,10.7119950269128,0.203058993054016,0.230460921843687,-0.0274019287896715
5116,500,116,6165,2.32517541627613,107,11.9047604431663,0.195314758946776,0.214428857715431,-0.0191140987686553
5117,500,117,6166,2.17357387439461,94,11.824471871538,0.183819953906482,0.188376753507014,-0.00455679960053176
5118,500,118,6167,2.05268732909092,94,11.4736673161345,0.17890420495323,0.188376753507014,-0.00947254855378363
5119,500,119,6168,2.1772440595459,96,11.0919529335706,0.196290416357277,0.192384769539078,0.00390564681819916
5120,500,120,6169,1.85231700133715,86,11.4638527245984,0.161578925151626,0.172344689378758,-0.0107657642271319
5121,500,121,6170,1.70917801564067,84,10.5353357186107,0.162232895210108,0.168336673346693,-0.00610377813658541
5122,500,122,6171,1.84455253028194,82,10.9068352212715,0.169118950901956,0.164328657314629,0.00479029358732624
5123,500,123,6172,2.00048689719114,91,11.0611049985081,0.180857780254411,0.182364729458918,-0.00150694920450689
5124,500,124,6173,2.29143198555821,107,11.738307141552,0.195209748554531,0.214428857715431,-0.0192191091608999
5125,500,125,6174,1.75684492267237,92,9.64082359266964,0.182229755143345,0.18436873747495,-0.00213898233160537
5126,500,126,6175,2.04044204114586,103,11.5453881798816,0.176732216306199,0.206412825651303,-0.0296806093451039
5127,500,127,6176,2.27760204826678,108,10.9579328752764,0.207849607603052,0.216432865731463,-0.00858325812841132
5128,500,128,6177,1.97818581705265,89,11.1243883946444,0.177824231488089,0.178356713426854,-0.000532481938764651
5129,500,129,6178,2.0690867906802,117,10.64115685337,0.194441903186959,0.234468937875752,-0.0400270346887927
5130,500,130,6179,1.76384022756358,94,9.83877717935976,0.179274334138174,0.188376753507014,-0.00910241936884029
5131,500,131,6180,1.99447671004532,113,10.3843294653214,0.192066008374052,0.226452905811623,-0.0343868974375717
5132,500,132,6181,2.21578618136343,95,12.0517066307819,0.183856631201425,0.190380761523046,-0.00652413032162086
5133,500,133,6182,2.27701368858436,111,11.4673773681559,0.19856446818498,0.222444889779559,-0.0238804215945788
5134,500,134,6183,1.95983523960546,92,9.93765734642573,0.197213002147871,0.18436873747495,0.0128442646729208
5135,500,135,6184,1.80320717034515,92,11.277144109692,0.159899275277985,0.18436873747495,-0.024469462196965
5136,500,136,6185,2.19165146486882,98,11.418055069876,0.191946128430489,0.196392785571142,-0.00444665714065307
5137,500,137,6186,2.23253765442035,101,10.7479638890451,0.207717264169064,0.202404809619238,0.00531245454982529
5138,500,138,6187,1.98324451141344,89,11.1368899530628,0.178078846048759,0.178356713426854,-0.000277867378094626
5139,500,139,6188,2.15384423887821,93,11.1481125245104,0.193202592290196,0.186372745490982,0.00682984679921433
5140,500,140,6189,1.75673056134625,91,10.642702916071,0.165064323903423,0.182364729458918,-0.0173004055554951
5141,500,141,6190,2.35326976357449,105,11.5798796788475,0.203220571270106,0.210420841683367,-0.00720027041326032
5142,500,142,6191,2.55168223192993,108,11.4577488677628,0.222703627159193,0.216432865731463,0.00627076142773042
5143,500,143,6192,2.00514217067653,104,10.1487826723004,0.197574648647199,0.208416833667335,-0.0108421850201361
5144,500,144,6193,1.8889672158357,95,10.4585052312912,0.180615410525782,0.190380761523046,-0.00976535099726406
5145,500,145,6194,2.1177447872565,106,11.149012276304,0.189949094572039,0.212424849699399,-0.0224757551273598
5146,500,146,6195,2.01315692954603,111,10.9334852310197,0.184127648870321,0.222444889779559,-0.0383172409092383
5147,500,147,6196,2.27415349830493,107,10.7652164961001,0.211250140592044,0.214428857715431,-0.00317871712338677
5148,500,148,6197,1.84650201432878,88,10.9522950954732,0.168594983812295,0.176352705410822,-0.00775772159852628
5149,500,149,6198,1.9309001712663,101,10.587742691893,0.182371278511027,0.202404809619238,-0.020033531108212
5150,500,150,6199,2.23388500935218,95,10.9932673650239,0.203204828480703,0.190380761523046,0.0128240669576565
5151,500,151,6200,2.17834429023443,94,10.8742717621241,0.200320935312815,0.188376753507014,0.0119441818058012
5152,500,152,6201,2.27511733454107,105,11.65430927484,0.19521683189348,0.210420841683367,-0.0152040097898866
5153,500,153,6202,1.90306691409662,96,9.75628701196456,0.195060570867053,0.192384769539078,0.00267580132797515
5154,500,154,6203,1.87206797958318,87,11.5881823246775,0.161549751905139,0.17434869739479,-0.0127989454896502
5155,500,155,6204,2.38139876016331,107,11.7893882517839,0.201995108592931,0.214428857715431,-0.0124337491225003
5156,500,156,6205,2.16470228461429,86,11.1470078426436,0.194195816058645,0.172344689378758,0.0218511266798878
5157,500,157,6206,1.9371543370775,97,11.2303622625966,0.172492595677817,0.19438877755511,-0.0218961818772927
5158,500,158,6207,1.93180208353659,94,10.8619762732291,0.177849963482041,0.188376753507014,-0.0105267900249729
5159,500,159,6208,1.66089983087117,104,9.53963387997193,0.174105196464422,0.208416833667335,-0.0343116372029125
5160,500,160,6209,2.00179083613062,95,11.2618897377725,0.177749106299327,0.190380761523046,-0.0126316552237195
5161,500,161,6210,2.10165491123279,100,10.22161488369,0.205608892053473,0.200400801603206,0.00520809045026652
5162,500,162,6211,2.27757243369192,126,10.0134469247284,0.227451391195515,0.25250501002004,-0.0250536188245249
5163,500,163,6212,2.1241005131005,113,10.5976967547151,0.200430391835421,0.226452905811623,-0.0260225139762026
5164,500,164,6213,2.11799441998319,102,11.2158780132876,0.188838931510664,0.204408817635271,-0.0155698861246065
5165,500,165,6214,1.97145038988052,88,11.4637376027708,0.171972742066603,0.176352705410822,-0.0043799633442182
5166,500,166,6215,1.89489055467248,92,10.7037477992026,0.177030568191606,0.18436873747495,-0.00733816928334424
5167,500,167,6216,1.85540591023552,106,10.7733412130865,0.172221957286727,0.212424849699399,-0.0402028924126716
5168,500,168,6217,1.85187224916254,94,10.3414967671,0.179071974866735,0.188376753507014,-0.00930477864027948
5169,500,169,6218,2.04519889554649,95,11.3465582362288,0.180248393650888,0.190380761523046,-0.0101323678721579
5170,500,170,6219,2.08071759924192,95,11.5817089163503,0.179655490763068,0.190380761523046,-0.0107252707599782
5171,500,171,6220,2.27432400267818,120,10.9194723368235,0.20828149314583,0.240480961923848,-0.0321994687780175
5172,500,172,6221,2.05539923655311,83,11.1247170322453,0.184759686974103,0.166332665330661,0.0184270216434415
5173,500,173,6222,1.81178238586655,95,10.0687448866713,0.179941234608588,0.190380761523046,-0.010439526914458
5174,500,174,6223,1.95260042859656,101,9.92441767485891,0.196747103212212,0.202404809619238,-0.00565770640702687
5175,500,175,6224,2.04107316887927,97,11.1214858943288,0.183525222103647,0.19438877755511,-0.0108635554514629
5176,500,176,6225,2.03243761266613,93,10.7773297697204,0.188584524747159,0.186372745490982,0.00221177925617719
5177,500,177,6226,2.11726276486754,101,11.6989172263192,0.180979378168803,0.202404809619238,-0.0214254314504352
5178,500,178,6227,2.1445939617091,94,12.1934798795325,0.175880387132875,0.188376753507014,-0.0124963663741389
5179,500,179,6228,1.95011857775313,96,10.5176229252286,0.185414384183272,0.192384769539078,-0.00697038535580566
5180,500,180,6229,1.76679104934885,85,11.2777986403301,0.156660985507464,0.170340681362725,-0.0136796958552613
5181,500,181,6230,2.03051195324423,98,11.1936073607885,0.181399247606019,0.196392785571142,-0.014993537965123
5182,500,182,6231,2.38893573774122,127,11.0781484652523,0.215643953972484,0.254509018036072,-0.0388650640635878
5183,500,183,6232,2.12215723970419,102,10.8846705433213,0.194967521640452,0.204408817635271,-0.00944129599481841
5184,500,184,6233,2.1867582221849,91,11.6919864754582,0.18703051246039,0.182364729458918,0.00466578300147247
5185,500,185,6234,1.88581099181933,89,10.6951054603626,0.176324674759719,0.178356713426854,-0.00203203866713461
5186,500,186,6235,1.85188177128513,93,11.3370778456542,0.16334736309454,0.186372745490982,-0.0230253823964422
5187,500,187,6236,1.66274241161435,84,9.90663713254337,0.167841255248184,0.168336673346693,-0.000495418098509143
5188,500,188,6237,2.15897442194069,94,11.6265184439678,0.185693974713543,0.188376753507014,-0.00268277879347134
5189,500,189,6238,2.08201540528994,107,10.9027892705024,0.190961721228792,0.214428857715431,-0.0234671364866391
5190,500,190,6239,1.985803062667,94,11.7783007024417,0.168598434768721,0.188376753507014,-0.0197783187382932
5191,500,191,6240,2.00217579830388,104,10.5928212772166,0.189012515731784,0.208416833667335,-0.0194043179355505
5192,500,192,6241,2.10500583358574,94,10.4450712399915,0.201531017378437,0.188376753507014,0.0131542638714232
5193,500,193,6242,2.10864084900683,90,11.7773092603316,0.179042666062032,0.180360721442886,-0.00131805538085344
5194,500,194,6243,1.96611718261865,103,10.4866047242945,0.187488442094486,0.206412825651303,-0.0189243835568169
5195,500,195,6244,1.90522214002218,95,10.350275196963,0.184074539446179,0.190380761523046,-0.00630622207686679
5196,500,196,6245,2.16789157135507,114,10.2828956427371,0.210825009479335,0.228456913827655,-0.0176319043483203
5197,500,197,6246,2.22609824312501,97,11.4925443371134,0.193699339139042,0.19438877755511,-0.000689438416067806
5198,500,198,6247,1.91409588716131,88,11.691772930278,0.163713056914099,0.176352705410822,-0.0126396484967231
5199,500,199,6248,1.73895351866566,99,10.1744127974963,0.170914386242867,0.198396793587174,-0.0274824073443071
5200,500,200,6249,2.19826510951615,93,11.8840504319455,0.184976083878523,0.186372745490982,-0.00139666161245874
5201,500,201,6250,2.11583206069043,128,10.0908817673578,0.209677618811744,0.256513026052104,-0.0468354072403605
5202,500,202,6251,2.19498096463914,102,11.0705080959348,0.198272829541143,0.204408817635271,-0.00613598809412713
5203,500,203,6252,1.83913720450571,91,10.7055033017826,0.171793623584187,0.182364729458918,-0.0105711058747308
5204,500,204,6253,2.01327405645508,86,11.6809825591724,0.172354855103706,0.172344689378758,1.01657249487186e-05
5205,500,205,6254,1.93033420390718,92,11.2162675107943,0.172101298587027,0.18436873747495,-0.0122674388879231
5206,500,206,6255,1.85250346338693,92,10.5679128375532,0.175295111897975,0.18436873747495,-0.00907362557697539
5207,500,207,6256,1.70386466613304,79,10.6109183091777,0.160576551103906,0.158316633266533,0.00225991783737295
5208,500,208,6257,2.11177723599946,96,11.4054429273369,0.185155214878844,0.192384769539078,-0.00722955466023384
5209,500,209,6258,2.20983386445481,95,11.4725594682063,0.192619081258972,0.190380761523046,0.00223831973592553
5210,500,210,6259,1.77249803637963,92,10.3312275867531,0.171567030296803,0.18436873747495,-0.0128017071781474
5211,500,211,6260,2.01332121868083,91,11.0948586697708,0.181464341151668,0.182364729458918,-0.000900388307250005
5212,500,212,6261,2.10111051726989,107,10.7629645496223,0.195216708889338,0.214428857715431,-0.0192121488260925
5213,500,213,6262,2.02260826529823,88,11.3810216827564,0.177717635698974,0.176352705410822,0.00136493028815254
5214,500,214,6263,1.84150412654019,92,10.2935456692436,0.178898912552793,0.18436873747495,-0.00546982492215736
5215,500,215,6264,1.76307058385828,100,9.61743101087855,0.183320325548894,0.200400801603206,-0.0170804760543126
5216,500,216,6265,2.10208004319745,99,11.274839627524,0.186439906255152,0.198396793587174,-0.0119568873320222
5217,500,217,6266,1.84904309999471,87,10.8887917565009,0.169811595385758,0.17434869739479,-0.00453710200903173
5218,500,218,6267,1.88677069889272,86,10.9129756486658,0.172892413548398,0.172344689378758,0.000547724169640301
5219,500,219,6268,2.09035185267638,102,10.5382165500221,0.19835916663451,0.204408817635271,-0.0060496510007603
5220,500,220,6269,1.96630208800539,87,10.9479062350341,0.179605309526043,0.17434869739479,0.00525661213125325
5221,500,221,6270,2.13624569639692,97,10.6057275788182,0.201423776023008,0.19438877755511,0.00703499846789796
5222,500,222,6271,1.96137774360775,86,10.7918385173648,0.181746394782664,0.172344689378758,0.00940170540390661
5223,500,223,6272,2.10217963905571,88,11.5852239906981,0.181453517061351,0.176352705410822,0.00510081165052961
5224,500,224,6273,1.70001405672379,77,9.80509201383127,0.173380734655597,0.154308617234469,0.0190721174211279
5225,500,225,6274,2.00428823038573,89,11.8904593268061,0.168562725400122,0.178356713426854,-0.00979398802673184
5226,500,226,6275,2.07511355138589,101,11.1643601807506,0.185869455821012,0.202404809619238,-0.0165353537982261
5227,500,227,6276,2.27875664894587,103,11.0253742268076,0.206682929945834,0.206412825651303,0.000270104294531281
5228,500,228,6277,2.17058048479278,103,10.4743377215728,0.207228422692757,0.206412825651303,0.000815597041454535
5229,500,229,6278,2.17954004527853,117,10.4907887084899,0.207757500969846,0.234468937875752,-0.0267114369059054
5230,500,230,6279,1.94426429942469,91,10.9524784533828,0.177518203546357,0.182364729458918,-0.00484652591256096
5231,500,231,6280,1.69627883208554,86,10.7865177251549,0.157259170689509,0.172344689378758,-0.0150855186892487
5232,500,232,6281,1.89729040005156,109,9.86430355836981,0.192339011956066,0.218436873747495,-0.0260978617914285
5233,500,233,6282,1.98477465291566,88,12.1044686146028,0.163970407632867,0.176352705410822,-0.0123822977779543
5234,500,234,6283,1.79057609353363,102,10.5760884330187,0.169304190757655,0.204408817635271,-0.0351046268776158
5235,500,235,6284,2.12089817630982,95,11.2803266648614,0.188017443051228,0.190380761523046,-0.00236331847181803
5236,500,236,6285,1.93439857077752,102,11.808274230833,0.163817212656406,0.204408817635271,-0.0405916049788648
5237,500,237,6286,1.89163795444616,112,10.8868866329891,0.173753802920496,0.224448897795591,-0.0506950948750955
5238,500,238,6287,2.07587473536397,112,9.3992903130172,0.220854412006943,0.224448897795591,-0.00359448578864832
5239,500,239,6288,2.11817451389584,110,9.8192940024991,0.215715560951403,0.220440881763527,-0.00472532081212373
5240,500,240,6289,2.09222265488082,105,10.8262909321382,0.193253873186614,0.210420841683367,-0.0171669684967528
5241,500,241,6290,2.19400086377644,88,11.2764461847149,0.194564921238252,0.176352705410822,0.0182122158274306
5242,500,242,6291,2.12774795345168,97,10.7629772113478,0.197691392601696,0.19438877755511,0.00330261504658627
5243,500,243,6292,1.75692074307237,88,10.1998361070104,0.172249899374836,0.176352705410822,-0.00410280603598548
5244,500,244,6293,2.01411234179668,109,10.6590197991185,0.188958495223289,0.218436873747495,-0.029478378524206
5245,500,245,6294,2.37578274696675,104,11.7338097485558,0.202473262979159,0.208416833667335,-0.00594357068817608
5246,500,246,6295,2.317170295587,97,11.3301358697985,0.204513901882115,0.19438877755511,0.0101251243270049
5247,500,247,6296,2.15870086528798,124,10.8267184986194,0.199386440643419,0.248496993987976,-0.0491105533445567
5248,500,248,6297,2.46740912588391,119,11.3844931184686,0.216734210316411,0.238476953907816,-0.0217427435914047
5249,500,249,6298,2.33448559314531,106,11.7268295489427,0.199072185998967,0.212424849699399,-0.0133526637004318
5250,500,250,6299,2.15113728398127,107,11.4508670734404,0.187858025963003,0.214428857715431,-0.0265708317524276
5251,500,251,6300,2.06802687539988,109,10.7961308030155,0.191552595381881,0.218436873747495,-0.0268842783656143
5252,500,252,6301,1.80952704795253,85,10.9587420472292,0.165121784978053,0.170340681362725,-0.00521889638467224
5253,500,253,6302,2.27445346944641,105,11.1151682707061,0.204626094185251,0.210420841683367,-0.00579474749811615
5254,500,254,6303,2.22474595495218,103,11.3551582776797,0.195923817224569,0.206412825651303,-0.0104890084267336
5255,500,255,6304,1.95151533078182,101,11.3563434257608,0.171843634664569,0.202404809619238,-0.0305611749546695
5256,500,256,6305,2.23159069324759,94,11.7708161889084,0.189586742111428,0.188376753507014,0.00120998860441388
5257,500,257,6306,2.10787378533064,102,10.399794083708,0.202684184741,0.204408817635271,-0.00172463289427011
5258,500,258,6307,1.85577154989561,101,10.0680879842941,0.184322142674016,0.202404809619238,-0.018082666945222
5259,500,259,6308,2.27992184953789,99,11.4547879054019,0.199036583511312,0.198396793587174,0.000639789924137407
5260,500,260,6309,1.71730647351015,92,10.9771545101212,0.156443682370214,0.18436873747495,-0.0279250551047363
5261,500,261,6310,1.79368047335369,84,11.4399241805457,0.156791290313267,0.168336673346693,-0.0115453830334269
5262,500,262,6311,1.86617065626539,93,10.9791591859978,0.169973913726054,0.186372745490982,-0.0163988317649282
5263,500,263,6312,1.90451339403313,93,10.9157758150532,0.174473480062384,0.186372745490982,-0.0118992654285983
5264,500,264,6313,1.78339687082895,87,10.5323206095851,0.169326109310226,0.17434869739479,-0.00502258808456357
5265,500,265,6314,2.03782709976502,79,11.3580878706688,0.179416387949199,0.158316633266533,0.0210997546826664
5266,500,266,6315,2.23054898766251,107,11.2375250634893,0.198491124607994,0.214428857715431,-0.0159377331074371
5267,500,267,6316,2.12453867572371,95,11.194488160479,0.189784351483275,0.190380761523046,-0.000596410039770734
5268,500,268,6317,1.79075088775618,93,10.3265079028377,0.173413016733768,0.186372745490982,-0.012959728757214
5269,500,269,6318,2.18868618354456,88,11.6178993344437,0.188389150270544,0.176352705410822,0.0120364448597224
5270,500,270,6319,2.18465687840338,101,10.7141624253571,0.203903654963544,0.202404809619238,0.00149884534430569
5271,500,271,6320,2.09502093446914,111,10.1022483760863,0.207381649755157,0.222444889779559,-0.0150632400244022
5272,500,272,6321,1.7027367760901,91,10.5777926502144,0.160972788217358,0.182364729458918,-0.0213919412415597
5273,500,273,6322,2.14493949189085,98,10.9796847225115,0.195355289892169,0.196392785571142,-0.00103749567897354
5274,500,274,6323,2.9948348673474,149,10.6837915413466,0.280315733956179,0.298597194388778,-0.0182814604325984
5275,500,275,6324,2.18528810644828,100,11.4518809759264,0.190823508473594,0.200400801603206,-0.00957729312961206
5276,500,276,6325,2.08483002580222,108,10.9676926814375,0.190088297179472,0.216432865731463,-0.0263445685519909
5277,500,277,6326,2.43003672023093,116,10.2809102946461,0.236363964920149,0.232464929859719,0.00389903506042918
5278,500,278,6327,1.90348150532812,93,10.7611559479003,0.176884482907204,0.186372745490982,-0.00948826258377825
5279,500,279,6328,2.01489275182849,90,10.5871307687138,0.190315279545119,0.180360721442886,0.00995455810223281
5280,500,280,6329,2.1712531546876,110,10.9482325787306,0.198319969828349,0.220440881763527,-0.0221209119351779
5281,500,281,6330,1.67524300504218,88,10.139719922558,0.165215905156832,0.176352705410822,-0.0111368002539901
5282,500,282,6331,2.12867208439929,101,11.2790743723042,0.188727551050311,0.202404809619238,-0.0136772585689277
5283,500,283,6332,1.83192990519087,88,10.8122593830434,0.169430813698739,0.176352705410822,-0.00692189171208302
5284,500,284,6333,2.06898285263301,90,11.0882212397703,0.18659285451594,0.180360721442886,0.00623213307305431
5285,500,285,6334,2.72593285213049,133,11.7050772470436,0.232884652924354,0.266533066132265,-0.0336484132079107
5286,500,286,6335,1.85576849936185,73,11.736461556662,0.158119931667858,0.146292585170341,0.0118273464975174
5287,500,287,6336,2.00488273927973,89,10.4772977524893,0.191354945391659,0.178356713426854,0.0129982319648051
5288,500,288,6337,2.1482254135349,93,10.9928675311359,0.195419930918873,0.186372745490982,0.00904718542789149
5289,500,289,6338,2.67197397305221,117,11.2261845932606,0.238012652549494,0.234468937875752,0.0035437146737424
5290,500,290,6339,1.97446467891909,99,10.8036795349443,0.182758538193652,0.198396793587174,-0.0156382553935221
5291,500,291,6340,1.8774486720289,95,11.1395939391061,0.168538340112921,0.190380761523046,-0.0218424214101254
5292,500,292,6341,2.34106603907244,116,11.5881642650059,0.202022165507441,0.232464929859719,-0.0304427643522781
5293,500,293,6342,1.92504363080127,98,11.1347413785529,0.172886245432622,0.196392785571142,-0.0235065401385208
5294,500,294,6343,2.00279758388272,113,10.6217872363623,0.188555611152368,0.226452905811623,-0.0378972946592557
5295,500,295,6344,2.29353734967424,101,12.1138118133085,0.189332423602165,0.202404809619238,-0.0130723860170739
5296,500,296,6345,1.98500604894216,94,11.0454614065981,0.179712370164673,0.188376753507014,-0.00866438334234143
5297,500,297,6346,1.96107065434854,102,10.9107248771911,0.179737888767424,0.204408817635271,-0.0246709288678468
5298,500,298,6347,2.11257979405245,93,11.6053197234673,0.182035466871332,0.186372745490982,-0.00433727861964955
5299,500,299,6348,1.88288054117219,86,10.5551522998557,0.17838497140377,0.172344689378758,0.00604028202501211
5300,500,300,6349,1.89920740730666,108,10.4638744759302,0.181501356087113,0.216432865731463,-0.0349315096443499
5301,500,301,6350,2.41636977260265,103,11.2585066582305,0.214626135237587,0.206412825651303,0.00821330958628436
5302,500,302,6351,2.17979184665377,93,11.0723492816282,0.196868053130387,0.186372745490982,0.0104953076394048
5303,500,303,6352,1.69550109852273,90,9.73854145629187,0.17410215956182,0.180360721442886,-0.0062585618810653
5304,500,304,6353,2.51135296355025,123,10.9917974225874,0.228475186268406,0.246492985971944,-0.0180177997035378
5305,500,305,6354,2.11975715021458,112,11.6278459810091,0.182300071197764,0.224448897795591,-0.0421488265978273
5306,500,306,6355,2.08062265538514,100,11.1955489411353,0.185843737214207,0.200400801603206,-0.0145570643889995
5307,500,307,6356,1.7273118837962,90,10.6907788848564,0.161570256236705,0.180360721442886,-0.0187904652061813
5308,500,308,6357,1.88680095196069,99,9.94950989315564,0.189637577350281,0.198396793587174,-0.00875921623689344
5309,500,309,6358,2.27284660128886,117,11.6949275596105,0.194344649823941,0.234468937875752,-0.0401242880518107
5310,500,310,6359,1.99130942988767,87,11.4005095356797,0.17466845877858,0.17434869739479,0.00031976138379039
5311,500,311,6360,1.77910348849662,79,11.1187788176288,0.16000889285394,0.158316633266533,0.00169225958740704
5312,500,312,6361,1.85035451340355,97,10.8928118824736,0.169869316882333,0.19438877755511,-0.0245194606727775
5313,500,313,6362,1.88131675696653,88,11.3735652972933,0.165411347083421,0.176352705410822,-0.0109413583274004
5314,500,314,6363,1.91027892840433,102,11.025183372618,0.173265048193999,0.204408817635271,-0.0311437694412716
5315,500,315,6364,1.81286405993912,107,9.58937779751167,0.189049185277645,0.214428857715431,-0.0253796724377859
5316,500,316,6365,1.82725831695946,98,11.2366911885366,0.162615336338832,0.196392785571142,-0.0337774492323107
5317,500,317,6366,2.32866877467275,105,11.538263351698,0.201821426994042,0.210420841683367,-0.00859941468932476
5318,500,318,6367,2.1894541361598,107,11.7446327514727,0.186421677245315,0.214428857715431,-0.0280071804701158
5319,500,319,6368,2.22703807317561,102,11.1111251369819,0.200433173573324,0.204408817635271,-0.00397564406194681
5320,500,320,6369,2.0022570078318,95,11.1626290816334,0.179371453910106,0.190380761523046,-0.0110093076129405
5321,500,321,6370,1.72659819585796,81,11.097590079286,0.155583165671321,0.162324649298597,-0.00674148362727639
5322,500,322,6371,2.15628672563337,96,11.5241994583812,0.187109458962476,0.192384769539078,-0.00527531057660233
5323,500,323,6372,2.21663717957444,111,11.5213775846097,0.192393415049207,0.222444889779559,-0.0300514747303517
5324,500,324,6373,2.29835311761448,91,11.5496610492496,0.19899745177057,0.182364729458918,0.0166327223116525
5325,500,325,6374,2.35070376130888,107,11.1872336851994,0.2101237738887,0.214428857715431,-0.00430508382673075
5326,500,326,6375,1.84701235682789,90,10.2803500861843,0.179664344243499,0.180360721442886,-0.000696377199387227
5327,500,327,6376,2.03678278226656,97,11.4473319749216,0.177926418726099,0.19438877755511,-0.0164623588290111
5328,500,328,6377,2.18518203106285,107,11.7260484939782,0.186352805225479,0.214428857715431,-0.0280760524899518
5329,500,329,6378,2.51890897814353,119,11.6524800726987,0.216169344416666,0.238476953907816,-0.02230760949115
5330,500,330,6379,2.47031962934647,113,11.3346009303539,0.217945002609751,0.226452905811623,-0.00850790320187203
5331,500,331,6380,1.85700131297415,107,9.68282173821989,0.191783073486133,0.214428857715431,-0.0226457842292978
5332,500,332,6381,1.92165604305466,92,10.8686289937518,0.176807584853563,0.18436873747495,-0.00756115262138707
5333,500,333,6382,1.87447076477787,97,10.2703361112477,0.182513088614988,0.19438877755511,-0.011875688940122
5334,500,334,6383,2.07577430561897,98,11.0392305711202,0.188036140041265,0.196392785571142,-0.0083566455298773
5335,500,335,6384,1.84003495978447,97,10.6097761838243,0.173428254084171,0.19438877755511,-0.0209605234709395
5336,500,336,6385,2.04230101797687,86,11.2920077994224,0.180862522790795,0.172344689378758,0.00851783341203749
5337,500,337,6386,1.71332908966232,74,10.4448977928377,0.164035026827854,0.148296593186373,0.0157384336414809
5338,500,338,6387,2.06961573195928,100,11.1339299261517,0.185883667823174,0.200400801603206,-0.0145171337800327
5339,500,339,6388,1.96355124497916,107,10.824727367777,0.181394983750285,0.214428857715431,-0.0330338739651462
5340,500,340,6389,1.79647139600265,87,11.1950397443153,0.160470300868281,0.17434869739479,-0.0138783965265082
5341,500,341,6390,1.95443627180084,96,10.8092318623616,0.180811763193489,0.192384769539078,-0.0115730063455887
5342,500,342,6391,1.92155895520027,86,11.2136519185749,0.171358890854932,0.172344689378758,-0.000985798523825882
5343,500,343,6392,1.99287700509036,93,11.6017193995099,0.171774280730712,0.186372745490982,-0.0145984647602703
5344,500,344,6393,1.6970431907861,104,9.72351313007734,0.174529839995455,0.208416833667335,-0.0338869936718796
5345,500,345,6394,2.35920934501182,129,10.1947085957263,0.231415083899585,0.258517034068136,-0.0271019501685513
5346,500,346,6395,2.16478840764401,121,10.8036161700559,0.200376278976303,0.24248496993988,-0.0421086909635764
5347,500,347,6396,1.93598376867195,94,10.7780594840546,0.179622665057296,0.188376753507014,-0.00875408844971767
5348,500,348,6397,2.36577140179418,98,11.9669374296035,0.197692301452316,0.196392785571142,0.00129951588117322
5349,500,349,6398,2.55544384998102,120,11.7492446413462,0.217498565055687,0.240480961923848,-0.0229823968681608
5350,500,350,6399,2.06119166670479,111,10.2703122842031,0.200694157068149,0.222444889779559,-0.0217507327114098
5351,500,351,6400,1.97439268161695,94,10.9247562677423,0.180726474186594,0.188376753507014,-0.00765027932042003
5352,500,352,6401,2.14924716331425,97,11.7421933016256,0.183036261463752,0.19438877755511,-0.0113525160913586
5353,500,353,6402,2.22267767288831,91,11.3122057933501,0.196484904314144,0.182364729458918,0.0141201748552266
5354,500,354,6403,2.07350892884631,92,11.6629811367543,0.177785499653424,0.18436873747495,-0.00658323782152628
5355,500,355,6404,1.96903471943294,107,10.7963416960812,0.182379807425662,0.214428857715431,-0.0320490502897686
5356,500,356,6405,2.01954446129168,93,10.8638930834113,0.185895097253437,0.186372745490982,-0.000477648237544481
5357,500,357,6406,2.21424947488585,112,10.2982978130102,0.215011210113629,0.224448897795591,-0.00943768768196254
5358,500,358,6407,2.50999597777244,133,10.6899229114609,0.234800194403781,0.266533066132265,-0.0317328717284838
5359,500,359,6408,1.88858086935462,88,11.0492720360648,0.170923556157391,0.176352705410822,-0.00542914925343016
5360,500,360,6409,2.34269237849731,113,11.415527469962,0.205219810005424,0.226452905811623,-0.0212330958061995
5361,500,361,6410,2.32675644080864,95,10.9631472089964,0.21223435172879,0.190380761523046,0.021853590205744
5362,500,362,6411,1.79120876021441,95,10.4858086880958,0.170822185822245,0.190380761523046,-0.0195585757008011
5363,500,363,6412,2.08813559038667,96,10.9317261202195,0.191016090910328,0.192384769539078,-0.00136867862874984
5364,500,364,6413,1.77301572386435,78,10.4857918974117,0.169087441483747,0.156312625250501,0.0127748162332459
5365,500,365,6414,2.16287137487799,103,10.8389718956807,0.199545805238216,0.206412825651303,-0.00686702041308701
5366,500,366,6415,1.8124191565043,84,10.043061878645,0.180464800317333,0.168336673346693,0.0121281269706398
5367,500,367,6416,1.69336669205995,91,9.87189141427627,0.171534169187789,0.182364729458918,-0.0108305602711284
5368,500,368,6417,2.26169733410225,97,11.2268981511906,0.201453447216175,0.19438877755511,0.00706466966106517
5369,500,369,6418,2.00943950986018,99,10.388429105485,0.193430545605708,0.198396793587174,-0.00496624798146644
5370,500,370,6419,2.07080566611755,102,11.0486067837991,0.187426859027513,0.204408817635271,-0.0169819586077571
5371,500,371,6420,1.96973537413688,110,10.5902204667669,0.1859956910546,0.220440881763527,-0.0344451907089273
5372,500,372,6421,2.18761020595233,97,11.8916686403192,0.18396158454459,0.19438877755511,-0.0104271930105203
5373,500,373,6422,1.99801766804997,93,10.2062620289225,0.195763900866742,0.186372745490982,0.00939115537575966
5374,500,374,6423,1.89795913604828,105,10.5923458639743,0.179182134007108,0.210420841683367,-0.0312387076762585
5375,500,375,6424,2.26302522120458,109,11.7620905837587,0.192399914376566,0.218436873747495,-0.0260369593709292
5376,500,376,6425,1.75451553604694,77,11.0737044091677,0.158439802185293,0.154308617234469,0.00413118495082426
5377,500,377,6426,2.06395903102267,103,11.209847584765,0.184120168933228,0.206412825651303,-0.0222926567180743
5378,500,378,6427,2.24744602128256,122,10.1498853805252,0.22142575379174,0.244488977955912,-0.0230632241641713
5379,500,379,6428,1.94328034619129,83,11.5648156845534,0.168033836353038,0.166332665330661,0.00170117102237693
5380,500,380,6429,1.75034805038991,100,10.2565471777747,0.170656656675144,0.200400801603206,-0.0297441449280624
5381,500,381,6430,2.04284365011259,79,11.3065012453037,0.180678673781698,0.158316633266533,0.0223620405151647
5382,500,382,6431,1.83667270108628,98,10.5535814132367,0.174033120053695,0.196392785571142,-0.0223596655174471
5383,500,383,6432,1.90550240375063,94,11.192961657858,0.170241126700624,0.188376753507014,-0.0181356268063901
5384,500,384,6433,2.26105135395816,110,11.2088656431847,0.201719908680763,0.220440881763527,-0.0187209730827644
5385,500,385,6434,2.1011000228227,121,10.6683963916369,0.196946190007505,0.24248496993988,-0.0455387799323744
5386,500,386,6435,1.91823321253604,90,11.3406402330316,0.169146818267707,0.180360721442886,-0.0112139031751785
5387,500,387,6436,2.3584252247578,115,10.8300465083835,0.217766860274529,0.230460921843687,-0.0126940615691585
5388,500,388,6437,1.89914075554607,107,11.260608007905,0.16865348249516,0.214428857715431,-0.0457753752202704
5389,500,389,6438,1.94063450709614,102,10.8326056982444,0.179147525642021,0.204408817635271,-0.0252612919932492
5390,500,390,6439,2.07923660058798,120,10.5968478900164,0.19621274384309,0.240480961923848,-0.0442682180807573
5391,500,391,6440,1.80106473230361,91,10.3123411268426,0.174651391973013,0.182364729458918,-0.00771333748590441
5392,500,392,6441,1.93595212707036,95,11.2695661132734,0.171785861816825,0.190380761523046,-0.0185948997062212
5393,500,393,6442,1.96437148698046,93,11.3436489737498,0.173169276616916,0.186372745490982,-0.0132034688740663
5394,500,394,6443,2.26657550833256,120,11.2030378004008,0.202317938108847,0.240480961923848,-0.0381630238150006
5395,500,395,6444,2.0576748231611,100,11.4842971657054,0.179172899609891,0.200400801603206,-0.0212279019933154
5396,500,396,6445,1.6204842699278,85,10.330207782809,0.156868506810145,0.170340681362725,-0.0134721745525802
5397,500,397,6446,2.11551226672601,101,9.8648187122375,0.214450191983932,0.202404809619238,0.0120453823646931
5398,500,398,6447,2.2155825309045,98,10.832172914339,0.20453721967193,0.196392785571142,0.00814443410078819
5399,500,399,6448,2.14226745656479,106,11.0654647001895,0.193599411738045,0.212424849699399,-0.0188254379613539
5400,500,400,6449,2.28917476078188,102,11.0485252686369,0.207192788641222,0.204408817635271,0.00278397100595124
5401,500,401,6450,2.02218914902547,86,10.6006525036563,0.190760818574894,0.172344689378758,0.0184161291961362
5402,500,402,6451,2.18231984545257,109,10.6429542462144,0.205048316000119,0.218436873747495,-0.0133885577473759
5403,500,403,6452,1.86782013722215,83,11.0380111309691,0.169217091291169,0.166332665330661,0.00288442596050789
5404,500,404,6453,2.04112145453327,98,10.5565399058543,0.193351370120936,0.196392785571142,-0.003041415450206
5405,500,405,6454,1.93511303445646,93,12.1062898356065,0.159843606978992,0.186372745490982,-0.0265291385119897
5406,500,406,6455,2.1329471464884,98,11.3976569610584,0.187139089531813,0.196392785571142,-0.00925369603932946
5407,500,407,6456,2.23830236683508,109,11.7614746187194,0.19030797067509,0.218436873747495,-0.0281289030724047
5408,500,408,6457,1.9332104138522,90,9.87276857087628,0.195812390412451,0.180360721442886,0.0154516689695653
5409,500,409,6458,1.93604001228803,88,10.903502577781,0.177561292665098,0.176352705410822,0.00120858725427658
5410,500,410,6459,1.90939711433935,91,10.2454829556715,0.186364773881389,0.182364729458918,0.00400004442247151
5411,500,411,6460,2.05468463995131,89,10.2197413889567,0.201050551256764,0.178356713426854,0.0226938378299106
5412,500,412,6461,1.9275540481153,97,11.0745138140545,0.174053153075584,0.19438877755511,-0.0203356244795265
5413,500,413,6462,1.80542364769175,86,11.1519338782908,0.161893324278611,0.172344689378758,-0.0104513651001466
5414,500,414,6463,2.09411305794337,110,10.4285624959734,0.200805533720677,0.220440881763527,-0.0196353480428499
5415,500,415,6464,1.991999254687,104,10.2502512514001,0.194336627057304,0.208416833667335,-0.0140802066100309
5416,500,416,6465,2.01333052833401,105,10.5290037253395,0.191217572037576,0.210420841683367,-0.0192032696457909
5417,500,417,6466,2.31096766635423,105,11.4519740339383,0.201796446578171,0.210420841683367,-0.00862439510519605
5418,500,418,6467,1.91925515637865,96,10.5322979726494,0.182225679653446,0.192384769539078,-0.0101590898856319
5419,500,419,6468,1.87439633043286,92,10.4443125282206,0.179465745147728,0.18436873747495,-0.00490299232722158
5420,500,420,6469,2.17854716458649,92,11.243221866652,0.193765380637749,0.18436873747495,0.00939664316279903
5421,500,421,6470,2.32258449647552,108,11.5805635971154,0.20055884819406,0.216432865731463,-0.0158740175374027
5422,500,422,6471,2.04395438388555,92,10.0147848826881,0.204093688264718,0.18436873747495,0.0197249507897678
5423,500,423,6472,2.11845510329813,114,10.7844275313555,0.196436491147886,0.228456913827655,-0.0320204226797696
5424,500,424,6473,1.9559104312196,97,11.0539305963586,0.176942528648037,0.19438877755511,-0.0174462489070734
5425,500,425,6474,1.87742332011848,91,11.0383227471242,0.170082299922568,0.182364729458918,-0.0122824295363498
5426,500,426,6475,2.10186497280266,92,10.5773705505337,0.19871337236045,0.18436873747495,0.0143446348855003
5427,500,427,6476,1.93026544939151,93,10.5464035456649,0.183025942543698,0.186372745490982,-0.00334680294728401
5428,500,428,6477,2.04611928577289,107,10.4811605320857,0.195218771767608,0.214428857715431,-0.019210085947823
5429,500,429,6478,1.79711751051109,95,10.330972205833,0.17395434570005,0.190380761523046,-0.0164264158229958
5430,500,430,6479,1.98093482708185,112,10.8087305859229,0.183271736799674,0.224448897795591,-0.0411771609959174
5431,500,431,6480,2.20939064373992,114,10.9255823942183,0.202221773084527,0.228456913827655,-0.026235140743128
5432,500,432,6481,1.71992357221696,88,10.5009481481889,0.163787454994109,0.176352705410822,-0.0125652504167123
5433,500,433,6482,2.05858826104498,111,11.5969957521488,0.177510478148063,0.222444889779559,-0.0449344116314959
5434,500,434,6483,1.86973542387976,92,10.1901595302327,0.183484411439539,0.18436873747495,-0.000884326035411276
5435,500,435,6484,2.3761103530781,106,11.5522506640873,0.205683760002262,0.212424849699399,-0.00674108969713655
5436,500,436,6485,2.1245653288972,89,10.8818356838731,0.195239607600931,0.178356713426854,0.0168828941740774
5437,500,437,6486,2.2829533801503,112,10.7509064003805,0.212349851736176,0.224448897795591,-0.0120990460594152
5438,500,438,6487,2.41302358860844,97,10.9162569233999,0.221048625507881,0.19438877755511,0.026659847952771
5439,500,439,6488,1.88704342234642,88,11.4490673707893,0.16482071082584,0.176352705410822,-0.0115319945849818
5440,500,440,6489,2.30242907237035,104,11.7722838889392,0.195580491779818,0.208416833667335,-0.0128363418875166
5441,500,441,6490,1.91789923461085,97,10.4835478319177,0.182943719565213,0.19438877755511,-0.0114450579898968
5442,500,442,6491,2.40081000947047,115,11.7607386692696,0.204137688710293,0.230460921843687,-0.0263232331333939
5443,500,443,6492,2.16855195769107,92,11.0302403411725,0.196600608020891,0.18436873747495,0.0122318705459411
5444,500,444,6493,1.6999233320193,84,10.4143144909988,0.163229498541508,0.168336673346693,-0.00510717480518513
5445,500,445,6494,2.24499106467579,115,10.9769243905767,0.204519133483605,0.230460921843687,-0.0259417883600823
5446,500,446,6495,2.19797412435888,104,11.649155504807,0.18868098408094,0.208416833667335,-0.0197358495863947
5447,500,447,6496,1.85076756313084,96,10.5863472669996,0.17482588814181,0.192384769539078,-0.0175588813972677
5448,500,448,6497,2.13922341433126,100,11.1587371298907,0.191708379669681,0.200400801603206,-0.00869242193352579
5449,500,449,6498,2.15560972795985,102,11.9572148009797,0.180276909283526,0.204408817635271,-0.0241319083517447
5450,500,450,6499,2.07011541219961,95,10.8166771985301,0.191381824030111,0.190380761523046,0.00100106250706536
5451,500,451,6500,2.09937530346348,96,11.301933541807,0.185753640799397,0.192384769539078,-0.00663112873968122
5452,500,452,6501,1.85007545709414,95,10.6097963705454,0.174374266242306,0.190380761523046,-0.0160064952807402
5453,500,453,6502,2.11098193323785,91,10.8953887056602,0.193750034098479,0.182364729458918,0.0113853046395614
5454,500,454,6503,1.95348835502641,89,10.7212083630481,0.182207852778921,0.178356713426854,0.00385113935206766
5455,500,455,6504,1.98721231842282,114,10.5445840290687,0.18845810445861,0.228456913827655,-0.0399988093690455
5456,500,456,6505,2.12004258033418,106,11.2218456882849,0.188921024154467,0.212424849699399,-0.0235038255449314
5457,500,457,6506,1.76776137292436,100,10.2225540526229,0.172927564268616,0.200400801603206,-0.02747323733459
5458,500,458,6507,2.0735219426657,87,11.7357603808752,0.176684072899507,0.17434869739479,0.00233537550471713
5459,500,459,6508,2.30477031112923,125,11.0455009593372,0.208661455882716,0.250501002004008,-0.0418395461212921
5460,500,460,6509,2.17653560743047,108,11.6630224533367,0.186618487286526,0.216432865731463,-0.0298143784449373
5461,500,461,6510,2.10679129118235,97,10.7266861278283,0.196406538429113,0.19438877755511,0.00201776087400288
5462,500,462,6511,2.20591900240136,85,11.4381712331155,0.192855917038104,0.170340681362725,0.0225152356753789
5463,500,463,6512,2.43374683764017,116,10.9410722191237,0.222441346597299,0.232464929859719,-0.0100235832624207
5464,500,464,6513,2.0285912448113,103,10.9595567651687,0.185097927614966,0.206412825651303,-0.0213148980363367
5465,500,465,6514,1.92867121618763,95,11.2004190297831,0.172196344713452,0.190380761523046,-0.0181844168095942
5466,500,466,6515,1.78159899895702,91,10.8202370368981,0.164654341016892,0.182364729458918,-0.0177103884420256
5467,500,467,6516,1.93768002885883,89,11.2597521901468,0.172089047444086,0.178356713426854,-0.00626766598276723
5468,500,468,6517,1.99138095340233,99,10.9692506209896,0.181542114608251,0.198396793587174,-0.0168546789789237
5469,500,469,6518,1.93764890069899,98,10.9778068141542,0.176506011947732,0.196392785571142,-0.0198867736234103
5470,500,470,6519,1.98288759755491,87,11.1313050708757,0.178136129135747,0.17434869739479,0.00378743174095703
5471,500,471,6520,2.08823798171033,77,11.779526802311,0.177276898873445,0.154308617234469,0.0229682816389762
5472,500,472,6521,1.96633414945281,101,10.7565827103613,0.182802866151787,0.202404809619238,-0.0196019434674514
5473,500,473,6522,2.04010118410776,107,10.5617553071437,0.193159292634615,0.214428857715431,-0.021269565080816
5474,500,474,6523,1.98268537941559,103,10.0110616211762,0.198049463128032,0.206412825651303,-0.00836336252327041
5475,500,475,6524,1.80773320133639,102,10.5854188028059,0.170775784596941,0.204408817635271,-0.0336330330383296
5476,500,476,6525,2.67049756413417,150,10.2319806669441,0.260995172983622,0.30060120240481,-0.0396060294211875
5477,500,477,6526,2.06419229167192,95,11.4316422104082,0.180568308006747,0.190380761523046,-0.00981245351629903
5478,500,478,6527,2.18462405039249,98,11.7915632845588,0.18527009503933,0.196392785571142,-0.011122690531812
5479,500,479,6528,2.24175389561738,119,11.5841201967707,0.193519564501957,0.238476953907816,-0.0449573894058588
5480,500,480,6529,2.29771247070646,113,10.4022673306288,0.220885735549306,0.226452905811623,-0.00556717026231771
5481,500,481,6530,2.41113437266572,128,10.6559911270924,0.226270305962954,0.256513026052104,-0.0302427200891498
5482,500,482,6531,1.72433912932678,84,10.6369853966595,0.162107877845569,0.168336673346693,-0.00622879550112429
5483,500,483,6532,2.75526801238889,131,11.2079850156304,0.245830807995054,0.2625250501002,-0.0166942421051464
5484,500,484,6533,1.89636714547868,110,10.8909483080918,0.174123234435859,0.220440881763527,-0.0463176473276685
5485,500,485,6534,2.15264983326418,99,11.4147030108042,0.188585706630007,0.198396793587174,-0.00981108695716762
5486,500,486,6535,1.66432888232867,83,10.7147504565142,0.155330624738611,0.166332665330661,-0.0110020405920503
5487,500,487,6536,1.65755324533647,84,10.8587874592108,0.152646255538456,0.168336673346693,-0.0156904178082374
5488,500,488,6537,2.00029366641481,97,10.9560756905408,0.182573918154089,0.19438877755511,-0.011814859401021
5489,500,489,6538,2.10852344188841,109,11.0999941645053,0.189957166701122,0.218436873747495,-0.0284797070463732
5490,500,490,6539,2.44424839824515,125,11.3767983845157,0.214845013125298,0.250501002004008,-0.0356559888787099
5491,500,491,6540,1.9656162151926,83,11.1124232256604,0.176884571013608,0.166332665330661,0.0105519056829469
5492,500,492,6541,2.01471562053948,102,10.6528885077827,0.189123881195938,0.204408817635271,-0.0152849364393324
5493,500,493,6542,2.42142663372344,97,11.1443661187343,0.217278094413364,0.19438877755511,0.0228893168582533
5494,500,494,6543,1.73278392766717,100,10.4052988753914,0.166528991470415,0.200400801603206,-0.0338718101327916
5495,500,495,6544,2.71669280357025,119,11.3512277585729,0.239330305175005,0.238476953907816,0.000853351267189634
5496,500,496,6545,2.38324766828766,96,11.5060598544773,0.207129781908815,0.192384769539078,0.0147450123697367
5497,500,497,6546,2.17072145136092,97,11.8989025660927,0.182430391315804,0.19438877755511,-0.0119583862393058
5498,500,498,6547,2.06324052898491,85,10.5951157162805,0.194735063234329,0.170340681362725,0.0243943818716031
5499,500,499,6548,1.8834562744899,88,10.2593588588623,0.183584208370186,0.176352705410822,0.00723150295936453
5500,500,500,6549,2.16087315597066,98,10.408392903416,0.207608722693536,0.196392785571142,0.0112159371223941
5501,500,501,6550,2.05205900022711,103,11.3341278410469,0.181051337077346,0.206412825651303,-0.0253614885739571
5502,500,502,6551,1.77171857745389,98,11.5220973402194,0.15376702045985,0.196392785571142,-0.0426257651112925
5503,500,503,6552,2.08770525288613,105,11.4546664886492,0.182258056570648,0.210420841683367,-0.028162785112719
5504,500,504,6553,2.04947218520794,100,11.4055534555307,0.179690726381552,0.200400801603206,-0.0207100752216543
5505,500,505,6554,2.05182700696459,102,11.6581287664982,0.175999686404296,0.204408817635271,-0.0284091312309743
5506,500,506,6555,1.7864800859475,106,10.6329576356436,0.168013467857606,0.212424849699399,-0.0444113818417928
5507,500,507,6556,2.29434382918018,108,11.8964268270428,0.192859911848884,0.216432865731463,-0.0235729538825792
5508,500,508,6557,2.3436841637398,108,12.2398197634072,0.19148028394557,0.216432865731463,-0.024952581785893
5509,500,509,6558,2.11305171123,102,11.655240157553,0.181296282415997,0.204408817635271,-0.0231125352192738
5510,500,510,6559,1.9864186479862,94,10.3839333733707,0.191297322176615,0.188376753507014,0.00292056866960075
5511,500,511,6560,1.9840375074625,93,11.2862871017939,0.175791869333817,0.186372745490982,-0.0105808761571652
5512,500,512,6561,1.95269613044862,104,11.0071829936265,0.177401986646292,0.208416833667335,-0.0310148470210431
5513,500,513,6562,2.25384877204747,96,11.2960412957681,0.199525542890131,0.192384769539078,0.00714077335105257
5514,500,514,6563,2.14274282950946,102,9.52380417309302,0.224988123502498,0.204408817635271,0.0205793058672273
5515,500,515,6564,2.12587736710809,108,10.4506635482781,0.20342032420117,0.216432865731463,-0.013012541530293
5516,500,516,6565,2.22881112228791,109,10.5916588709702,0.210430787985126,0.218436873747495,-0.00800608576236861
5517,500,517,6566,1.86755533936138,80,10.8334420234329,0.172387994076289,0.160320641282565,0.0120673527937242
5518,500,518,6567,2.13359354147326,94,12.0100949716326,0.177650014135004,0.188376753507014,-0.0107267393720099
5519,500,519,6568,1.94021589593771,103,10.1861407268539,0.190476054471021,0.206412825651303,-0.0159367711802814
5520,500,520,6569,2.12590534781897,95,10.6509219448976,0.199598246876402,0.190380761523046,0.0092174853533562
5521,500,521,6570,2.30906562929189,110,11.2327832901306,0.205564869333916,0.220440881763527,-0.0148760124296115
5522,500,522,6571,2.12043195259811,102,11.1041504733369,0.190958503101129,0.204408817635271,-0.0134503145341414
5523,500,523,6572,1.84651367481075,93,11.1557002696855,0.165521986981711,0.186372745490982,-0.0208507585092711
5524,500,524,6573,2.46829560577522,118,11.9110461749716,0.207227439934016,0.236472945891784,-0.0292455059577672
5525,500,525,6574,1.73733457762089,90,10.5349096004254,0.164912148610249,0.180360721442886,-0.0154485728326368
5526,500,526,6575,2.24369618956999,114,10.7484159697104,0.20874668378046,0.228456913827655,-0.0197102300471955
5527,500,527,6576,2.03805929117296,90,11.8523764079895,0.171953642123543,0.180360721442886,-0.00840707931934276
5528,500,528,6577,2.13007721464496,101,11.2724447113869,0.188963199126917,0.202404809619238,-0.0134416104923219
5529,500,529,6578,1.96813818932265,92,11.0835306982151,0.177573215874215,0.18436873747495,-0.00679552160073463
5530,500,530,6579,2.27620953417047,90,11.2407943683895,0.202495434003442,0.180360721442886,0.0221347125605566
5531,500,531,6580,2.25381090189477,119,11.0402791144504,0.204144377015325,0.238476953907816,-0.0343325768924908
5532,500,532,6581,2.27433294404296,111,10.7518273817952,0.211529897503174,0.222444889779559,-0.0109149922763848
5533,500,533,6582,1.79116156386234,86,10.4878905598532,0.170783777122805,0.172344689378758,-0.00156091225595251
5534,500,534,6583,2.25407179153624,104,11.2277028211786,0.200759837291421,0.208416833667335,-0.00765699637591405
5535,500,535,6584,2.12392448552144,104,11.5013728992769,0.184667039676192,0.208416833667335,-0.0237497939911427
5536,500,536,6585,1.89477529374352,92,10.3774840061503,0.18258522900354,0.18436873747495,-0.00178350847141021
5537,500,537,6586,1.98933699675914,92,11.0068330875119,0.180736546192945,0.18436873747495,-0.00363219128200448
5538,500,538,6587,2.47397557743797,126,11.5479759197506,0.214234563236896,0.25250501002004,-0.0382704467831444
5539,500,539,6588,2.51152333623255,128,10.7147830277448,0.234397964917183,0.256513026052104,-0.0221150611349209
5540,500,540,6589,2.41850398032398,111,10.6962391713651,0.226107881618668,0.222444889779559,0.00366299183910873
5541,500,541,6590,2.24543837957562,89,10.9203998205671,0.205618696794108,0.178356713426854,0.0272619833672544
5542,500,542,6591,1.98327088148667,108,10.2139600540132,0.194172570775565,0.216432865731463,-0.0222602949558975
5543,500,543,6592,1.82624146037128,93,10.3779911717782,0.175972539400259,0.186372745490982,-0.0104002060907229
5544,500,544,6593,2.28470720469113,108,12.1948586642945,0.187350035583484,0.216432865731463,-0.0290828301479786
5545,500,545,6594,2.04194441790873,106,10.9072168123343,0.187210399595214,0.212424849699399,-0.0252144501041853
5546,500,546,6595,1.9079560105383,105,10.9731344280116,0.173875206127775,0.210420841683367,-0.0365456355555916
5547,500,547,6596,2.70799092908351,125,11.7385818620541,0.230691489049227,0.250501002004008,-0.0198095129547805
5548,500,548,6597,1.71151569766306,87,11.221178906218,0.152525479895403,0.17434869739479,-0.0218232174993871
5549,500,549,6598,1.95068658729125,95,10.1891609222702,0.191447225357653,0.190380761523046,0.00106646383460657
5550,500,550,6599,1.77893720704491,87,10.6155124969911,0.167579022449376,0.17434869739479,-0.00676967494541394
5551,500,551,6600,2.43872171936424,122,10.8640390891966,0.224476522897394,0.244488977955912,-0.0200124550585176
5552,500,552,6601,2.00912337567825,100,10.8586929937736,0.18502442023458,0.200400801603206,-0.0153763813686261
5553,500,553,6602,1.87425254940162,88,10.5416062993302,0.177795726398994,0.176352705410822,0.00144302098817237
5554,500,554,6603,1.92270665999118,97,11.1533881862785,0.17238767519601,0.19438877755511,-0.0220011023591005
5555,500,555,6604,2.14091843276718,121,10.5278144939517,0.203358297583714,0.24248496993988,-0.0391266723561654
5556,500,556,6605,2.45474846902632,125,11.3694439293916,0.215907522326615,0.250501002004008,-0.0345934796773926
5557,500,557,6606,1.93902138827231,86,11.9712803961857,0.1619727651597,0.172344689378758,-0.0103719242190572
5558,500,558,6607,2.19637877983152,113,10.7730139956456,0.203877835925887,0.226452905811623,-0.0225750698857363
5559,500,559,6608,1.94137700068296,100,11.3113832032099,0.171630380282054,0.200400801603206,-0.0287704213211526
5560,500,560,6609,1.88076687275196,87,11.0225764453422,0.170628607755921,0.17434869739479,-0.00372008963886852
5561,500,561,6610,2.01076092584781,93,10.5356584579628,0.190852895798656,0.186372745490982,0.0044801503076741
5562,500,562,6611,2.08212155312526,91,10.7639005710342,0.193435598869082,0.182364729458918,0.0110708694101643
5563,500,563,6612,2.23162352858674,105,12.0862013372638,0.184642259905622,0.210420841683367,-0.0257785817777443
5564,500,564,6613,2.16643255978531,94,11.727613028609,0.1847291989001,0.188376753507014,-0.00364755460691429
5565,500,565,6614,2.38579315982013,124,10.4839718035971,0.227565774166004,0.248496993987976,-0.0209312198219717
5566,500,566,6615,2.0888854580167,87,11.5574028755259,0.18074003999983,0.17434869739479,0.00639134260503996
5567,500,567,6616,2.16539727893119,112,10.736374790279,0.201687936685277,0.224448897795591,-0.0227609611103144
5568,500,568,6617,1.64197348325703,86,9.57319750480969,0.171517769526021,0.172344689378758,-0.000826919852736807
5569,500,569,6618,1.97029304780673,94,10.7394786707186,0.183462634287712,0.188376753507014,-0.00491411921930204
5570,500,570,6619,1.88548656823079,93,11.106495881139,0.16976430625907,0.186372745490982,-0.0166084392319115
5571,500,571,6620,2.21012058196875,100,10.7026347754167,0.206502476104786,0.200400801603206,0.00610167450158003
5572,500,572,6621,2.14615648415146,97,11.4417318903293,0.187572694826507,0.19438877755511,-0.00681608272860315
5573,500,573,6622,2.11638043440496,97,11.8753948278874,0.178215584835545,0.19438877755511,-0.0161731927195654
5574,500,574,6623,2.20592823188757,108,11.5735486674994,0.190600851585151,0.216432865731463,-0.025832014146312
5575,500,575,6624,2.00462057290177,107,11.4146674334963,0.175617956859541,0.214428857715431,-0.0388109008558894
5576,500,576,6625,2.15306002383855,99,11.7524085299136,0.183201598068884,0.198396793587174,-0.0151951955182908
5577,500,577,6626,2.19789147036879,105,10.7044559933665,0.205324910647566,0.210420841683367,-0.00509593103580022
5578,500,578,6627,2.0297304078469,90,11.0486840278037,0.183707887992736,0.180360721442886,0.00334716654984979
5579,500,579,6628,1.94362303344541,89,11.2857694053656,0.172218921336578,0.178356713426854,-0.00613779209027537
5580,500,580,6629,2.0943533799531,96,11.5780645400985,0.180889765530299,0.192384769539078,-0.0114950040087787
5581,500,581,6630,1.85244688009696,83,10.7767569004391,0.171892796433172,0.166332665330661,0.00556013110251094
5582,500,582,6631,1.81341974386272,92,10.0288154825194,0.180820930151081,0.18436873747495,-0.00354780732386895
5583,500,583,6632,2.17359503329337,104,10.5320995928498,0.206378131362241,0.208416833667335,-0.00203870230509362
5584,500,584,6633,2.09591546496349,101,11.5413970254619,0.181599806361363,0.202404809619238,-0.0208050032578752
5585,500,585,6634,1.78373265885334,112,10.0891036254632,0.176797932211887,0.224448897795591,-0.0476509655837041
5586,500,586,6635,2.09666496199172,110,11.1745792941062,0.187628089327494,0.220440881763527,-0.0328127924360329
5587,500,587,6636,1.6960776011534,88,10.5955878394966,0.160073950293822,0.176352705410822,-0.0162787551169999
5588,500,588,6637,1.72499296072979,86,11.0808034661632,0.155673996565077,0.172344689378758,-0.0166706928136803
5589,500,589,6638,2.56568798516482,130,11.256248350397,0.227934557349593,0.260521042084168,-0.0325864847345755
5590,500,590,6639,1.98608032482145,94,10.8270334174729,0.1834371658645,0.188376753507014,-0.00493958764251454
5591,500,591,6640,2.11169738986448,88,11.566736759246,0.1825663913529,0.176352705410822,0.0062136859420788
5592,500,592,6641,2.63511981972575,138,10.6712320132048,0.246936793845828,0.276553106212425,-0.029616312366597
5593,500,593,6642,1.93941595318294,106,10.1792334231042,0.190526719701796,0.212424849699399,-0.0218981299976025
5594,500,594,6643,2.00155531318978,87,11.0209420757913,0.181613812995753,0.17434869739479,0.00726511560096296
5595,500,595,6644,2.02946641009863,101,11.2370222656626,0.180605356305126,0.202404809619238,-0.0217994533141129
5596,500,596,6645,2.07266868391908,105,11.0598572944419,0.187404649873801,0.210420841683367,-0.0230161918095661
5597,500,597,6646,2.44935059908364,117,11.8214676507551,0.207195136123998,0.234468937875752,-0.0272738017517538
5598,500,598,6647,1.98101576474563,81,11.5658656877208,0.171281235510873,0.162324649298597,0.00895658621227555
5599,500,599,6648,1.97274341320384,102,11.0110201639993,0.179160821052145,0.204408817635271,-0.0252479965831256
5600,500,600,6649,1.84386268905323,90,11.3333374862639,0.162693707064491,0.180360721442886,-0.0176670143783952
5601,500,601,6650,1.96738337297953,93,11.3212590962567,0.173777788870676,0.186372745490982,-0.0125949566203056
5602,500,602,6651,2.06184141637849,99,10.2370027061014,0.201410654619598,0.198396793587174,0.00301386103242407
5603,500,603,6652,2.3023074357176,114,11.5681369968657,0.199021453181389,0.228456913827655,-0.0294354606462663
5604,500,604,6653,2.18529812884953,107,11.5235890115517,0.189636937473118,0.214428857715431,-0.0247919202423129
5605,500,605,6654,1.99960620465338,95,10.8362015736039,0.184530177947617,0.190380761523046,-0.00585058357542956
5606,500,606,6655,1.80670578744231,89,10.5571268715691,0.171136125332343,0.178356713426854,-0.00722058809451023
5607,500,607,6656,2.0836915233315,89,11.0381397269857,0.18877198285843,0.178356713426854,0.0104152694315758
5608,500,608,6657,1.70715087653667,105,10.000209872497,0.170711504888688,0.210420841683367,-0.039709336794679
5609,500,609,6658,1.94315029420021,92,11.1159990674865,0.174806626233335,0.18436873747495,-0.00956211124161452
5610,500,610,6659,1.86890708691446,100,10.3334002358198,0.180860805181634,0.200400801603206,-0.0195399964215721
5611,500,611,6660,2.55968907091592,135,11.1566847340892,0.229430976309189,0.270541082164329,-0.0411101058551396
5612,500,612,6661,1.9469565805913,106,10.6501356476705,0.182810496035059,0.212424849699399,-0.02961435366434
5613,500,613,6662,2.00410638228787,90,11.3234627968623,0.17698705936873,0.180360721442886,-0.0033736620741559
5614,500,614,6663,2.34896198014132,122,11.0594355333414,0.212394382431164,0.244488977955912,-0.0320945955247474
5615,500,615,6664,2.08292080824683,93,10.4759235587326,0.198829324838908,0.186372745490982,0.0124565793479264
5616,500,616,6665,2.41988006988442,125,11.4748525230587,0.210885505066114,0.250501002004008,-0.0396154969378936
5617,500,617,6666,1.81916686623146,92,11.054776664363,0.164559350357196,0.18436873747495,-0.0198093871177538
5618,500,618,6667,1.937023855081,90,11.1980081562655,0.172979321683848,0.180360721442886,-0.00738139975903759
5619,500,619,6668,2.02406159130685,102,11.1039222128321,0.182283480783732,0.204408817635271,-0.0221253368515381
5620,500,620,6669,2.16771809614592,88,11.9876086332793,0.180829902148126,0.176352705410822,0.00447719673730418
5621,500,621,6670,2.39401490540642,134,10.936983148758,0.218891706501191,0.268537074148297,-0.0496453676471055
5622,500,622,6671,2.00696777044433,95,11.2366782011009,0.178608636335933,0.190380761523046,-0.011772125187113
5623,500,623,6672,1.86146865779311,106,10.6563898986985,0.174680982536163,0.212424849699399,-0.0377438671632357
5624,500,624,6673,1.96575936317053,99,10.8550516139223,0.181091664331592,0.198396793587174,-0.0173051292555824
5625,500,625,6674,1.70462680608099,88,10.4998651959849,0.162347494397627,0.176352705410822,-0.014005211013195
5626,500,626,6675,1.93561125637019,83,11.6833590133716,0.165672496595789,0.166332665330661,-0.000660168734872568
5627,500,627,6676,1.87335149712043,94,11.0472820912104,0.16957578177631,0.188376753507014,-0.0188009717307044
5628,500,628,6677,1.94746974388345,88,10.8853666472412,0.17890713349348,0.176352705410822,0.00255442808265816
5629,500,629,6678,1.76588262592219,84,10.0409134320327,0.175868723286533,0.168336673346693,0.00753204993983986
5630,500,630,6679,1.94670106397033,124,9.85531358543486,0.197528069208001,0.248496993987976,-0.0509689247799746
5631,500,631,6680,2.05176500240865,92,11.4128738307834,0.179776367708063,0.18436873747495,-0.00459236976688693
5632,500,632,6681,1.99651967918077,97,11.0245912896495,0.181096933820595,0.19438877755511,-0.013291843734515
5633,500,633,6682,2.16619293819276,105,11.3275598008985,0.191232090253096,0.210420841683367,-0.0191887514302709
5634,500,634,6683,1.82226278638567,85,9.99188413212084,0.182374291203764,0.170340681362725,0.0120336098410382
5635,500,635,6684,1.95354030559496,100,11.0368897328442,0.177000980609737,0.200400801603206,-0.0233998209934692
5636,500,636,6685,1.69602344099836,88,10.3468050560798,0.163917598892208,0.176352705410822,-0.0124351065186134
5637,500,637,6686,1.95800565012443,93,10.4681912776683,0.187043358130208,0.186372745490982,0.000670612639225687
5638,500,638,6687,1.82234525701213,96,10.753793322498,0.169460691902977,0.192384769539078,-0.0229240776361011
5639,500,639,6688,1.8923500112713,103,11.1582055803206,0.169592682053535,0.206412825651303,-0.0368201435977674
5640,500,640,6689,1.96115257552587,101,10.4200668390262,0.188209212649268,0.202404809619238,-0.0141955969699706
5641,500,641,6690,1.77474370324391,92,10.3207777170682,0.171958330263124,0.18436873747495,-0.0124104072118254
5642,500,642,6691,1.99152914675548,91,11.8792497338567,0.167647721141806,0.182364729458918,-0.0147170083171118
5643,500,643,6692,1.96351938431385,96,10.2986829303177,0.190657329446814,0.192384769539078,-0.00172744009226433
5644,500,644,6693,2.18260669811055,114,10.7182543567049,0.203634530910828,0.228456913827655,-0.0248223829168271
5645,500,645,6694,2.17923210995143,108,11.0105819434736,0.197921610423429,0.216432865731463,-0.018511255308034
5646,500,646,6695,2.1470356478011,99,10.846664846621,0.197944315433509,0.198396793587174,-0.000452478153665059
5647,500,647,6696,2.01071472678659,92,11.3210731524015,0.177608138355689,0.18436873747495,-0.00676059911926102
5648,500,648,6697,1.77428707866607,96,10.4885423724009,0.169164314322155,0.192384769539078,-0.0232204552169233
5649,500,649,6698,1.96550771584545,120,9.8565295606935,0.199411740587034,0.240480961923848,-0.0410692213368132
5650,500,650,6699,1.91687927611379,95,11.1608115345598,0.171750886589036,0.190380761523046,-0.0186298749340096
5651,500,651,6700,1.89066323395409,90,11.4154631680582,0.165622998043951,0.180360721442886,-0.0147377233989352
5652,500,652,6701,2.18924946798149,116,10.6872818514602,0.204846236714752,0.232464929859719,-0.0276186931449677
5653,500,653,6702,2.00430463462003,99,10.8781850683685,0.184249911361422,0.198396793587174,-0.0141468822257521
5654,500,654,6703,2.4610138848454,116,11.1258878768375,0.221197077670436,0.232464929859719,-0.011267852189283
5655,500,655,6704,1.94461795576028,88,11.505636384738,0.1690143761487,0.176352705410822,-0.00733832926212202
5656,500,656,6705,2.39437727259643,108,11.7427779731333,0.20390211567268,0.216432865731463,-0.0125307500587832
5657,500,657,6706,2.04968939644937,102,11.0548256566688,0.185411281924008,0.204408817635271,-0.0189975357112625
5658,500,658,6707,2.14527392407067,89,11.901824259615,0.180247487887211,0.178356713426854,0.00189077446035751
5659,500,659,6708,2.08454857355889,90,11.367564422545,0.183376886734388,0.180360721442886,0.00301616529150245
5660,500,660,6709,2.00984529104996,88,10.4819090123489,0.191744203148694,0.176352705410822,0.0153914977378726
5661,500,661,6710,1.89536921448117,96,11.7697095492124,0.161037891934045,0.192384769539078,-0.0313468776050327
5662,500,662,6711,2.44542152383913,105,12.0818860624327,0.202403955078082,0.210420841683367,-0.00801688660528513
5663,500,663,6712,1.86064990965697,89,11.4885154232904,0.161957384492423,0.178356713426854,-0.0163993289344307
5664,500,664,6713,2.31436217577969,112,10.9736583190636,0.210901607147649,0.224448897795591,-0.0135472906479424
5665,500,665,6714,2.18140879268043,115,11.0287021841252,0.197793788993628,0.230460921843687,-0.032667132850059
5666,500,666,6715,2.00861957382124,96,11.6580924958993,0.172294015897348,0.192384769539078,-0.0200907536417297
5667,500,667,6716,2.01731378676693,100,11.8946180398734,0.169598870682896,0.200400801603206,-0.0308019309203101
5668,500,668,6717,2.10759493648333,107,10.6236473844936,0.198387132046531,0.214428857715431,-0.0160417256688994
5669,500,669,6718,1.8958019559796,86,11.1133799645774,0.170587342646634,0.172344689378758,-0.00175734673212358
5670,500,670,6719,1.93709518208137,92,11.4787316484399,0.16875515879358,0.18436873747495,-0.0156135786813701
5671,500,671,6720,1.72954547466754,87,11.0137362945021,0.157035308311395,0.17434869739479,-0.0173133890833945
5672,500,672,6721,2.27904686562942,108,11.3792854253747,0.200280314662586,0.216432865731463,-0.0161525510688771
5673,500,673,6722,1.87553026123437,96,10.674477677822,0.175702298308337,0.192384769539078,-0.0166824712307408
5674,500,674,6723,1.90738079174482,85,11.4901895893892,0.166000811118575,0.170340681362725,-0.00433987024415042
5675,500,675,6724,2.31181876830283,118,11.0808625010946,0.208631662749579,0.236472945891784,-0.0278412831422044
5676,500,676,6725,2.18461231207986,99,11.830129811371,0.184665117535737,0.198396793587174,-0.013731676051437
5677,500,677,6726,2.30136704153716,107,10.9079109847949,0.210981465171943,0.214428857715431,-0.00344739254348753
5678,500,678,6727,2.17671618572947,106,10.3589131079934,0.210129785146071,0.212424849699399,-0.00229506455332823
5679,500,679,6728,1.80394252998493,93,10.8958991463691,0.165561603108824,0.186372745490982,-0.0208111423821576
5680,500,680,6729,1.88087570684633,91,11.2229105901222,0.167592505682241,0.182364729458918,-0.0147722237766772
5681,500,681,6730,1.95077007891747,96,10.9136074883084,0.178746585948534,0.192384769539078,-0.0136381835905443
5682,500,682,6731,2.16048680227981,110,11.0652963602248,0.195248887327218,0.220440881763527,-0.0251919944363094
5683,500,683,6732,2.19157377545698,100,11.8457106564968,0.185009902656622,0.200400801603206,-0.0153908989465849
5684,500,684,6733,2.39291262273503,109,11.3725200497554,0.210411818336298,0.218436873747495,-0.00802505541119675
5685,500,685,6734,2.15383039120445,98,10.5745825136309,0.203679945608074,0.196392785571142,0.00728716003693217
5686,500,686,6735,1.83525652781589,95,10.7839868629321,0.170183490683231,0.190380761523046,-0.0201972708398156
5687,500,687,6736,1.94515284324443,100,11.2200872449099,0.173363432991742,0.200400801603206,-0.0270373686114648
5688,500,688,6737,1.92071330104561,91,10.7715535508556,0.17831348950524,0.182364729458918,-0.00405123995367826
5689,500,689,6738,2.06668056477197,109,11.1639500350696,0.185120907768296,0.218436873747495,-0.0333159659791993
5690,500,690,6739,2.20932497207628,99,11.2742703097161,0.195961681899032,0.198396793587174,-0.00243511168814284
5691,500,691,6740,2.17633127893333,106,11.5097932795118,0.189085175213993,0.212424849699399,-0.0233396744854062
5692,500,692,6741,1.94589103667128,97,10.4350780463528,0.18647594469611,0.19438877755511,-0.00791283285900005
5693,500,693,6742,2.03794991950895,102,11.0584433043124,0.184289041723822,0.204408817635271,-0.0201197759114489
5694,500,694,6743,2.33687855364097,125,10.9738261945762,0.212950206446315,0.250501002004008,-0.0375507955576931
5695,500,695,6744,2.02317707723074,95,10.7188744135373,0.188749023374654,0.190380761523046,-0.00163173814839226
5696,500,696,6745,1.94054547743959,111,10.4615659822114,0.185492829729245,0.222444889779559,-0.0369520600503142
5697,500,697,6746,2.01415539816006,88,11.2468523749924,0.17908614170473,0.176352705410822,0.00273343629390818
5698,500,698,6747,1.88257610904954,80,11.5661208692862,0.162766421890742,0.160320641282565,0.00244578060817655
5699,500,699,6748,2.07240402880658,87,10.6402319264762,0.194770569206278,0.17434869739479,0.0204218718114879
5700,500,700,6749,2.17989956785081,108,11.2958823070101,0.192981788283858,0.216432865731463,-0.0234510774476048
5701,500,701,6750,2.17836335546609,114,10.3656303786579,0.210152520964976,0.228456913827655,-0.0183043928626791
5702,500,702,6751,2.50216349478826,135,10.8768065184623,0.230045785087846,0.270541082164329,-0.0404952970764826
5703,500,703,6752,1.67454468102127,92,10.6558243286557,0.157148300250978,0.18436873747495,-0.0272204372239716
5704,500,704,6753,1.96723217581129,88,11.3200300491492,0.173783299803091,0.176352705410822,-0.00256940560773108
5705,500,705,6754,2.03389003064441,101,10.5473460353959,0.192834294411018,0.202404809619238,-0.00957051520822019
5706,500,706,6755,2.30365535539913,116,11.9613659578459,0.192591328073871,0.232464929859719,-0.0398736017858488
5707,500,707,6756,2.14586351256333,109,10.8174745927473,0.1983700996166,0.218436873747495,-0.0200667741308949
5708,500,708,6757,1.67596257901616,87,11.0975519874125,0.151020926139129,0.17434869739479,-0.0233277712556607
5709,500,709,6758,2.18054076162222,101,11.2745265172417,0.193404198241727,0.202404809619238,-0.00900061137751146
5710,500,710,6759,1.86477861247015,90,10.5569001537386,0.176640735946505,0.180360721442886,-0.00371998549638083
5711,500,711,6760,2.10682309222214,106,11.2171811728593,0.18782108087188,0.212424849699399,-0.0246037688275187
5712,500,712,6761,1.82589461215613,89,11.4441228681137,0.159548672554324,0.178356713426854,-0.0188080408725296
5713,500,713,6762,2.19726749598756,107,11.5522646154094,0.190202316960145,0.214428857715431,-0.0242265407552855
5714,500,714,6763,2.22823058931535,96,11.5162249458022,0.193486198802287,0.192384769539078,0.00110142926320897
5715,500,715,6764,2.03008113739595,93,11.3652181429309,0.178622276481216,0.186372745490982,-0.00775046900976553
5716,500,716,6765,1.85139498230441,88,10.8630569747747,0.170430384983118,0.176352705410822,-0.00592232042770319
5717,500,717,6766,1.99924136127451,92,11.7122529762086,0.170696565838837,0.18436873747495,-0.013672171636113
5718,500,718,6767,2.10117760548627,108,10.8855134718747,0.19302512563281,0.216432865731463,-0.0234077400986529
5719,500,719,6768,2.00607245141645,103,10.8921330635468,0.184176271049264,0.206412825651303,-0.0222365546020389
5720,500,720,6769,2.21303094590232,108,11.0441048286695,0.2003811970489,0.216432865731463,-0.0160516686825627
5721,500,721,6770,1.97603671335583,94,10.8935295033709,0.181395452478865,0.188376753507014,-0.00698130102814898
5722,500,722,6771,2.04984614633641,83,10.6180670299084,0.193052665853636,0.166332665330661,0.0267200005229744
5723,500,723,6772,1.71724640499258,88,11.5217241785579,0.149044221019316,0.176352705410822,-0.0273084843915056
5724,500,724,6773,2.33215685865766,117,11.4618837549089,0.203470643092052,0.234468937875752,-0.0309982947836991
5725,500,725,6774,1.93101714857434,88,11.2888100816392,0.171055862806574,0.176352705410822,-0.00529684260424801
5726,500,726,6775,2.18842488203956,98,11.2798343001089,0.194012148034695,0.196392785571142,-0.00238063753644746
5727,500,727,6776,2.0433739247323,112,10.9406392996568,0.186769152036334,0.224448897795591,-0.037679745759257
5728,500,728,6777,1.88451669687268,92,10.7368426959897,0.175518702306831,0.18436873747495,-0.00885003516811925
5729,500,729,6778,1.94723749654179,97,11.1309437284012,0.174939119633972,0.19438877755511,-0.0194496579211381
5730,500,730,6779,1.88554107466308,92,10.903710596336,0.172926551746217,0.18436873747495,-0.0114421857287332
5731,500,731,6780,1.63205933754782,89,10.4626708245903,0.155988787653723,0.178356713426854,-0.0223679257731309
5732,500,732,6781,1.94051548990433,105,11.1642906226883,0.173814490815993,0.210420841683367,-0.036606350867374
5733,500,733,6782,2.14335400205897,109,10.9296249657771,0.196104990680855,0.218436873747495,-0.0223318830666396
5734,500,734,6783,2.18712817177914,93,10.8715997608939,0.201178135682149,0.186372745490982,0.0148053901911674
5735,500,735,6784,2.08908988721585,117,10.6687968861307,0.195813071474971,0.234468937875752,-0.0386558664007803
5736,500,736,6785,1.88561094458838,95,10.5321172333098,0.179034367242399,0.190380761523046,-0.0113463942806473
5737,500,737,6786,1.93290098325567,104,10.6500098227773,0.181492882675259,0.208416833667335,-0.0269239509920761
5738,500,738,6787,1.87320944185441,90,10.7118918822453,0.174871951887341,0.180360721442886,-0.0054887695555445
5739,500,739,6788,2.38795691558445,99,11.7959283644187,0.202439082521686,0.198396793587174,0.00404228893451183
5740,500,740,6789,1.6923963032649,77,10.0874993130901,0.167771640000882,0.154308617234469,0.0134630227664132
5741,500,741,6790,2.4095843589518,112,11.3667329530272,0.211985657524405,0.224448897795591,-0.0124632402711865
5742,500,742,6791,2.14707608973508,96,11.6702774126983,0.183978153544051,0.192384769539078,-0.00840661599502701
5743,500,743,6792,1.91932249216795,95,11.1036615330655,0.172854916952612,0.190380761523046,-0.0175258445704342
5744,500,744,6793,2.06449815659581,102,10.7622953760841,0.191826936954688,0.204408817635271,-0.0125818806805826
5745,500,745,6794,1.9245770697574,99,9.92892565529866,0.193835379231622,0.198396793587174,-0.00456141435555193
5746,500,746,6795,2.21433305646077,108,10.7005105775984,0.206937140092783,0.216432865731463,-0.00949572563868026
5747,500,747,6796,1.89390187512008,98,10.5280172358062,0.179891600925467,0.196392785571142,-0.0165011846456755
5748,500,748,6797,2.19147977383939,105,11.256203515854,0.194690844986302,0.210420841683367,-0.0157299966970644
5749,500,749,6798,1.91360149081704,89,10.3664529892764,0.184595588558263,0.178356713426854,0.00623887513140914
5750,500,750,6799,1.75935941628786,96,11.7514989004962,0.149713617912484,0.192384769539078,-0.0426711516265943
5751,500,751,6800,2.17514417719041,94,11.8372260795933,0.183754552169974,0.188376753507014,-0.00462220133704047
5752,500,752,6801,2.2356646074375,112,11.3118482358794,0.197639197487316,0.224448897795591,-0.0268097003082755
5753,500,753,6802,1.63332018868238,85,10.1617676284843,0.160731897086886,0.170340681362725,-0.0096087842758398
5754,500,754,6803,2.13056563063118,112,11.7357631179911,0.181544703076444,0.224448897795591,-0.0429041947191471
5755,500,755,6804,2.12494919077046,99,11.3848140093161,0.186647686034364,0.198396793587174,-0.0117491075528106
5756,500,756,6805,2.17811368091625,99,11.6374723919115,0.187163810797105,0.198396793587174,-0.0112329827900694
5757,500,757,6806,2.07551220630269,97,10.7719982496163,0.192676619342805,0.19438877755511,-0.00171215821230497
5758,500,758,6807,1.93780900718732,95,10.6366840042879,0.182181684292411,0.190380761523046,-0.00819907723063487
5759,500,759,6808,1.78287176707008,87,10.2427606495119,0.174061644909669,0.17434869739479,-0.000287052485120204
5760,500,760,6809,1.89790938921236,91,10.4707291410223,0.181258569833185,0.182364729458918,-0.0011061596257331
5761,500,761,6810,1.88121449200312,100,10.581200858696,0.177788373656765,0.200400801603206,-0.0226124279464412
5762,500,762,6811,2.10549485717361,105,10.7166810588129,0.19646892966383,0.210420841683367,-0.0139519120195372
5763,500,763,6812,2.3092372500746,97,11.5036486334858,0.200739550002655,0.19438877755511,0.00635077244754481
5764,500,764,6813,1.79593732346297,91,10.0287597734423,0.179078706044879,0.182364729458918,-0.00328602341403855
5765,500,765,6814,1.70506191438705,89,10.449487974211,0.163171814599442,0.178356713426854,-0.0151848988274114
5766,500,766,6815,1.94286229589596,114,10.4273435704887,0.186323801720183,0.228456913827655,-0.042133112107472
5767,500,767,6816,1.77766825803583,103,10.1442028991479,0.175239816840133,0.206412825651303,-0.0311730088111696
5768,500,768,6817,2.28364736365224,118,11.1232743251645,0.205303519170238,0.236472945891784,-0.0311694267215453
5769,500,769,6818,2.30179424310347,111,12.2064864389186,0.188571400510841,0.222444889779559,-0.0338734892687185
5770,500,770,6819,2.15711130888252,130,11.2508746845167,0.191728320630138,0.260521042084168,-0.0687927214540301
5771,500,771,6820,2.1017688718768,104,10.7966856224591,0.194667969909648,0.208416833667335,-0.0137488637576862
5772,500,772,6821,1.98791039180363,98,10.6606445453918,0.186471876380396,0.196392785571142,-0.00992090919074654
5773,500,773,6822,2.22622205034685,100,10.9833115109246,0.202691332949314,0.200400801603206,0.00229053134610779
5774,500,774,6823,2.66810173085865,117,11.5731090378344,0.230543212038889,0.234468937875752,-0.00392572583686257
5775,500,775,6824,1.97788406101978,100,11.1624632589045,0.177190644676208,0.200400801603206,-0.0232101569269987
5776,500,776,6825,2.21876901607864,125,10.8622197838999,0.204264787513075,0.250501002004008,-0.0462362144909329
5777,500,777,6826,2.62998427407625,133,11.7387096754866,0.224043727699333,0.266533066132265,-0.0424893384329317
5778,500,778,6827,2.79371202866867,143,11.3083370865912,0.247048881482433,0.286573146292585,-0.0395242648101523
5779,500,779,6828,2.27383550454037,102,10.3961316641743,0.218719383131338,0.204408817635271,0.0143105654960673
5780,500,780,6829,1.83494603799532,95,10.7977617064663,0.169937630397645,0.190380761523046,-0.0204431311254011
5781,500,781,6830,1.85725872399984,95,10.7778692719675,0.172321511528298,0.190380761523046,-0.0180592499947484
5782,500,782,6831,2.33688624489739,125,10.8242958738142,0.215892679961818,0.250501002004008,-0.0346083220421898
5783,500,783,6832,2.22054705394356,110,10.9986146986107,0.201893339733417,0.220440881763527,-0.0185475420301104
5784,500,784,6833,2.14374716063063,98,11.1592562814044,0.192104841628464,0.196392785571142,-0.00428794394267873
5785,500,785,6834,1.5863439478637,81,10.644617139717,0.14902780692269,0.162324649298597,-0.0132968423759071
5786,500,786,6835,2.23619900967954,111,11.0262615446043,0.202806635833323,0.222444889779559,-0.0196382539462357
5787,500,787,6836,2.01076628778011,91,11.6947607849568,0.171937359365794,0.182364729458918,-0.0104273700931236
5788,500,788,6837,1.78673180841419,99,10.3128915687028,0.173252263587886,0.198396793587174,-0.0251445299992883
5789,500,789,6838,2.38445907324379,116,11.2326548640746,0.212279207551369,0.232464929859719,-0.0201857223083503
5790,500,790,6839,2.29181426117522,110,12.1195668573101,0.18910034394446,0.220440881763527,-0.031340537819067
5791,500,791,6840,2.01598964915222,98,11.7936865381065,0.170938038978599,0.196392785571142,-0.0254547465925433
5792,500,792,6841,2.21626540783979,103,11.4385836984799,0.193753480873189,0.206412825651303,-0.0126593447781137
5793,500,793,6842,2.16846954036812,97,10.8320194026687,0.200190699421556,0.19438877755511,0.00580192186644607
5794,500,794,6843,1.92072437404698,98,10.8545392538603,0.176951257821827,0.196392785571142,-0.0194415277493155
5795,500,795,6844,1.67503524430695,89,10.4585942868481,0.16015873628575,0.178356713426854,-0.0181979771411033
5796,500,796,6845,2.37742934180412,107,11.364132683902,0.209204644818333,0.214428857715431,-0.00522421289709796
5797,500,797,6846,1.94696262507615,100,9.12107807429524,0.213457511186427,0.200400801603206,0.0130567095832202
5798,500,798,6847,1.84342332248673,94,10.3666343743268,0.177822739369686,0.188376753507014,-0.0105540141373281
5799,500,799,6848,2.04690178379694,100,10.3480354436333,0.197805834251979,0.200400801603206,-0.00259496735122711
5800,500,800,6849,1.93795301782987,103,10.512808357532,0.184342085570447,0.206412825651303,-0.0220707400808552
5801,500,801,6850,2.34206851711344,113,11.2988276251509,0.20728420636315,0.226452905811623,-0.0191686994484737
5802,500,802,6851,1.89430823772621,94,11.374524317459,0.166539556719625,0.188376753507014,-0.0218371967873889
5803,500,803,6852,1.99333900774954,107,10.0822903638049,0.197706962983882,0.214428857715431,-0.0167218947315485
5804,500,804,6853,1.98117479852586,105,10.9472697981972,0.180974328307148,0.210420841683367,-0.0294465133762188
5805,500,805,6854,2.20141848681365,110,10.8618786004367,0.202673825384602,0.220440881763527,-0.0177670563789254
5806,500,806,6855,2.17733991178807,100,10.9181394701864,0.199424079325384,0.200400801603206,-0.000976722277822223
5807,500,807,6856,2.0399794841928,109,10.8513286935741,0.187993520590785,0.218436873747495,-0.0304433531567105
5808,500,808,6857,2.20409395278901,100,12.110602929952,0.181997045525937,0.200400801603206,-0.0184037560772699
5809,500,809,6858,2.32118996610678,98,11.686269312985,0.19862540421926,0.196392785571142,0.00223261864811738
5810,500,810,6859,2.00409401387835,99,10.9463243715678,0.183083740792829,0.198396793587174,-0.015313052794345
5811,500,811,6860,1.90554845553663,87,11.1664565862647,0.170649340801678,0.17434869739479,-0.00369935659311177
5812,500,812,6861,1.84717950089452,89,10.5128706535972,0.175706480347732,0.178356713426854,-0.00265023307912157
5813,500,813,6862,1.57574558698869,80,10.4916259171258,0.150190790201216,0.160320641282565,-0.0101298510813486
5814,500,814,6863,1.9661389596033,97,10.7284670148019,0.18326373720408,0.19438877755511,-0.01112504035103
5815,500,815,6864,2.35287896430368,92,11.0831730318693,0.212292901819547,0.18436873747495,0.0279241643445968
5816,500,816,6865,1.97056701628817,104,9.40391702911651,0.209547469441391,0.208416833667335,0.00113063577405684
5817,500,817,6866,2.20436209654244,93,11.4143246619925,0.193122428336259,0.186372745490982,0.00674968284527735
5818,500,818,6867,2.05409759436218,91,10.7079477769426,0.191829250305579,0.182364729458918,0.00946452084666094
5819,500,819,6868,2.07418089191653,108,11.4332036024551,0.181417296852051,0.216432865731463,-0.035015568879412
5820,500,820,6869,1.84134785091113,95,10.313234091633,0.178542233653456,0.190380761523046,-0.01183852786959
5821,500,821,6870,2.01581739420368,93,11.4191165871377,0.176530065073009,0.186372745490982,-0.00984268041797343
5822,500,822,6871,1.86952241359052,95,9.90455929501695,0.188753720171183,0.190380761523046,-0.00162704135186278
5823,500,823,6872,1.75898807042355,84,11.8324173099514,0.148658386899877,0.168336673346693,-0.0196782864468161
5824,500,824,6873,2.08889837075841,97,10.9920556512594,0.190037099249863,0.19438877755511,-0.0043516783052473
5825,500,825,6874,1.80675719930846,98,9.94177974574222,0.18173377861064,0.196392785571142,-0.014659006960502
5826,500,826,6875,2.18800790198276,101,11.5288725962011,0.189785070805947,0.202404809619238,-0.0126197388132914
5827,500,827,6876,2.02592259483868,97,11.2357017878101,0.180311175314091,0.19438877755511,-0.0140776022410192
5828,500,828,6877,1.7839362288099,83,10.9445915953032,0.162997057795694,0.166332665330661,-0.00333560753496731
5829,500,829,6878,2.06077978794903,89,11.077212696779,0.186037755558151,0.178356713426854,0.0076810421312973
5830,500,830,6879,2.31331343147349,99,10.8468187407234,0.213271143066895,0.198396793587174,0.0148743494797202
5831,500,831,6880,1.98348660865606,102,10.6634067218007,0.186008717514351,0.204408817635271,-0.0184001001209194
5832,500,832,6881,1.9372204101651,90,10.7107574532544,0.180866798507933,0.180360721442886,0.000506077065046878
5833,500,833,6882,1.74871032138549,88,10.5649698344494,0.165519670078323,0.176352705410822,-0.0108330353324991
5834,500,834,6883,2.4677394495311,96,10.8815846724267,0.226781256941758,0.192384769539078,0.0343964874026801
5835,500,835,6884,2.14157891222696,100,10.9838185328427,0.194975809717124,0.200400801603206,-0.00542499188608203
5836,500,836,6885,2.56439372693712,107,11.6541219755572,0.220041778549732,0.214428857715431,0.00561292083430162
5837,500,837,6886,2.14475576418353,119,10.4626003602907,0.20499261085453,0.238476953907816,-0.0334843430532852
5838,500,838,6887,2.16706820637859,107,11.4412862498414,0.189407743068104,0.214428857715431,-0.0250211146473269
5839,500,839,6888,2.64804709571082,121,11.4207285781115,0.231863236885426,0.24248496993988,-0.0106217330544533
5840,500,840,6889,1.79400798473863,95,10.4558160794308,0.171579910272896,0.190380761523046,-0.0188008512501504
5841,500,841,6890,1.9673415176184,84,11.8655441718555,0.165802890210871,0.168336673346693,-0.00253378313582192
5842,500,842,6891,1.86640132849601,86,10.8829621961852,0.171497547712722,0.172344689378758,-0.000847141666035833
5843,500,843,6892,2.0506662065442,97,9.80099803071936,0.209230345737932,0.19438877755511,0.0148415681828217
5844,500,844,6893,2.18837144986796,96,11.3119731414147,0.19345620985043,0.192384769539078,0.00107144031135184
5845,500,845,6894,2.16410116075319,102,11.3247371165568,0.191095046046523,0.204408817635271,-0.0133137715887479
5846,500,846,6895,2.31128398530754,116,10.5995102147095,0.218055734509323,0.232464929859719,-0.0144091953503963
5847,500,847,6896,2.04046736381122,93,10.4105258530739,0.196000412717744,0.186372745490982,0.0096276672267617
5848,500,848,6897,1.98201737658821,120,10.7426019432217,0.18450068121893,0.240480961923848,-0.0559802807049173
5849,500,849,6898,1.85750608089475,91,10.9966857827903,0.16891508201514,0.182364729458918,-0.0134496474437773
5850,500,850,6899,2.19455225737517,109,10.4511229388915,0.209982436357019,0.218436873747495,-0.00845443739047563
5851,500,851,6900,2.5833543684259,125,10.8564741144509,0.237955190717697,0.250501002004008,-0.0125458112863112
5852,500,852,6901,2.03868812063105,87,10.4959528747948,0.194235639674679,0.17434869739479,0.0198869422798895
5853,500,853,6902,2.03340295069129,87,11.8254828215685,0.171950945375572,0.17434869739479,-0.0023977520192178
5854,500,854,6903,2.03689186095533,100,10.7252071293852,0.189916319226564,0.200400801603206,-0.0104844823766426
5855,500,855,6904,1.75961743760682,88,10.9011109195483,0.161416341012677,0.176352705410822,-0.0149363643981444
5856,500,856,6905,1.96070806375842,101,10.6844699190481,0.183510092556198,0.202404809619238,-0.0188947170630404
5857,500,857,6906,2.44128097714804,121,11.2776383857129,0.216470939540035,0.24248496993988,-0.0260140303998447
5858,500,858,6907,2.37743352961743,129,10.4987392943078,0.226449430066944,0.258517034068136,-0.0320676040011922
5859,500,859,6908,2.02978045779767,96,11.0319510923152,0.183991067474149,0.192384769539078,-0.00839370206492943
5860,500,860,6909,1.99218695501234,104,11.6679163724828,0.170740592528641,0.208416833667335,-0.037676241138694
5861,500,861,6910,2.29656545038308,101,11.6874721118347,0.196498047516845,0.202404809619238,-0.00590676210239396
5862,500,862,6911,2.27927252276332,111,11.3012278327026,0.201683618497429,0.222444889779559,-0.0207612712821301
5863,500,863,6912,1.82845909595564,97,9.76848400695663,0.187179412348272,0.19438877755511,-0.00720936520683815
5864,500,864,6913,1.78546373922928,88,11.0583646453938,0.161458208015684,0.176352705410822,-0.0148944973951375
5865,500,865,6914,1.97484521763185,100,10.4792942874444,0.188452119337652,0.200400801603206,-0.011948682265554
5866,500,866,6915,2.12851408234117,90,11.9003151145656,0.178861993304356,0.180360721442886,-0.00149872813852978
5867,500,867,6916,1.90199498103948,97,11.3087819601894,0.168187430594659,0.19438877755511,-0.0262013469604515
5868,500,868,6917,1.8380335617883,81,11.2236997133761,0.163763608144094,0.162324649298597,0.00143895884549672
5869,500,869,6918,2.06728539170751,101,11.0457791514165,0.18715614022053,0.202404809619238,-0.0152486693987084
5870,500,870,6919,1.87259266791299,87,10.6312670382473,0.17614012150914,0.17434869739479,0.00179142411435002
5871,500,871,6920,1.62185692474532,77,10.2729976934586,0.157875721687161,0.154308617234469,0.00356710445269209
5872,500,872,6921,2.0267161797972,127,9.95869457837174,0.203512233842257,0.254509018036072,-0.0509967841938156
5873,500,873,6922,1.84089932913829,95,10.9675734884574,0.167849281436382,0.190380761523046,-0.0225314800866642
5874,500,874,6923,2.2012979100928,99,10.9532217966053,0.20097264083295,0.198396793587174,0.00257584724577578
5875,500,875,6924,1.68881639372046,85,10.6246717127335,0.158952336541037,0.170340681362725,-0.011388344821688
5876,500,876,6925,2.30329648143042,97,11.3194569473503,0.203481182193072,0.19438877755511,0.00909240463796201
5877,500,877,6926,2.02722567341629,87,11.8310559940999,0.171347821735208,0.17434869739479,-0.00300087565958115
5878,500,878,6927,2.40845646655262,138,10.7475796488541,0.224092916288311,0.276553106212425,-0.052460189924114
5879,500,879,6928,1.92834362322687,97,10.9677607640016,0.175819263815097,0.19438877755511,-0.0185695137400133
5880,500,880,6929,1.92390000267579,85,10.5732343431594,0.181959459162134,0.170340681362725,0.0116187777994081
5881,500,881,6930,2.13418023938652,110,11.6521125408193,0.183158224048225,0.220440881763527,-0.0372826577153016
5882,500,882,6931,2.03716559994034,93,10.823711491492,0.188213220718388,0.186372745490982,0.00184047522740635
5883,500,883,6932,1.86963681025371,87,10.6061008508023,0.17627937321681,0.17434869739479,0.00193067582202092
5884,500,884,6933,1.77176472533039,82,10.7508583519416,0.164802164378848,0.164328657314629,0.00047350706421842
5885,500,885,6934,1.87422831866405,93,10.7896956596042,0.173705392421865,0.186372745490982,-0.0126673530691168
5886,500,886,6935,2.00849094944533,99,11.3767416024748,0.17654360269626,0.198396793587174,-0.0218531908909145
5887,500,887,6936,2.29308263542997,96,11.5205445929793,0.199042902609603,0.192384769539078,0.00665813307052462
5888,500,888,6937,1.9035556923956,86,11.0315251754283,0.172555984972559,0.172344689378758,0.000211295593801175
5889,500,889,6938,2.40115845174431,120,10.8599263671355,0.221102645687427,0.240480961923848,-0.0193783162364203
5890,500,890,6939,2.44443222476971,137,11.3101054397581,0.216128155284642,0.274549098196393,-0.0584209429117505
5891,500,891,6940,1.84514595033859,87,10.8913973142823,0.169413152150733,0.17434869739479,-0.00493554524405623
5892,500,892,6941,2.25953598280007,114,11.1616596345089,0.202437276963201,0.228456913827655,-0.0260196368644543
5893,500,893,6942,2.27020763759811,107,11.7949208939533,0.192473324578374,0.214428857715431,-0.0219555331370571
5894,500,894,6943,1.87520458350359,89,11.394307449044,0.164573809500017,0.178356713426854,-0.0137829039268365
5895,500,895,6944,1.87647147837987,86,11.3867641326488,0.164794093960332,0.172344689378758,-0.00755059541842562
5896,500,896,6945,1.98891695005992,93,10.5708181405232,0.188151657101678,0.186372745490982,0.00177891161069613
5897,500,897,6946,2.43143223615794,94,11.4604344819858,0.212158818235017,0.188376753507014,0.0237820647280033
5898,500,898,6947,2.69062635283566,118,11.7350423147903,0.229281350732287,0.236472945891784,-0.00719159515949655
5899,500,899,6948,2.08787748965071,95,10.756415659099,0.19410531870666,0.190380761523046,0.00372455718361353
5900,500,900,6949,2.04078386582191,93,11.1522258688979,0.182993412240098,0.186372745490982,-0.00337933325088433
5901,500,901,6950,2.29613634623144,97,11.3163326074691,0.202904635793041,0.19438877755511,0.00851585823793058
5902,500,902,6951,1.98294222090463,99,10.5739233198877,0.187531360018004,0.198396793587174,-0.0108654335691701
5903,500,903,6952,1.95695617359025,91,10.8693160232852,0.18004409563563,0.182364729458918,-0.00232063382328832
5904,500,904,6953,1.91317176300056,97,10.7570729542577,0.177852448443543,0.19438877755511,-0.016536329111567
5905,500,905,6954,1.96551838227645,96,11.862595073027,0.165690421882951,0.192384769539078,-0.0266943476561274
5906,500,906,6955,1.99841433879189,105,10.2313476970543,0.195322688463344,0.210420841683367,-0.0150981532200222
5907,500,907,6956,1.70399329468178,90,10.5900000225271,0.160905882063932,0.180360721442886,-0.0194548393789533
5908,500,908,6957,1.73080364796208,78,11.0480801772214,0.156661032523153,0.156312625250501,0.000348407272651924
5909,500,909,6958,1.84646133372616,77,11.083435826853,0.166596474466207,0.154308617234469,0.0122878572317384
5910,500,910,6959,2.30948116367927,101,11.5289304984109,0.200320503623263,0.202404809619238,-0.00208430599597559
5911,500,911,6960,2.11750952504019,121,10.6351378377941,0.199105038160879,0.24248496993988,-0.0433799317790012
5912,500,912,6961,2.03700729348495,93,11.3877723914274,0.178876712974908,0.186372745490982,-0.00749603251607359
5913,500,913,6962,2.25914294353458,120,11.4870982559255,0.19666785233331,0.240480961923848,-0.043813109590538
5914,500,914,6963,1.87918654655492,87,10.7421608405112,0.174935618117731,0.17434869739479,0.000586920722941725
5915,500,915,6964,1.86904230986102,101,10.5502957461702,0.177155442352361,0.202404809619238,-0.0252493672668774
5916,500,916,6965,2.29913628467564,105,11.1173327655301,0.206806464568934,0.210420841683367,-0.00361437711443316
5917,500,917,6966,1.93202958371805,92,10.2094951175104,0.189238504106281,0.18436873747495,0.00486976663133107
5918,500,918,6967,1.977191730823,102,10.307054855654,0.191828971370847,0.204408817635271,-0.0125798462644238
5919,500,919,6968,2.07000185068071,93,11.0082096068848,0.188041645699231,0.186372745490982,0.00166890020824872
5920,500,920,6969,1.79480902148837,100,9.26083283780997,0.193806437598199,0.200400801603206,-0.00659436400500701
5921,500,921,6970,1.80867062863544,84,10.9790626150547,0.164738165001023,0.168336673346693,-0.0035985083456708
5922,500,922,6971,2.60828872283731,111,12.0614208513002,0.216250535902339,0.222444889779559,-0.00619435387721973
5923,500,923,6972,2.11225535884513,85,11.7955533221971,0.179072172466064,0.170340681362725,0.00873149110333865
5924,500,924,6973,2.08545912858713,93,11.4137773720191,0.182714193611279,0.186372745490982,-0.00365855187970274
5925,500,925,6974,1.78515111722494,89,10.931412387742,0.16330470884318,0.178356713426854,-0.0150520045836737
5926,500,926,6975,1.97141170756124,83,11.5568867637406,0.170583284916011,0.166332665330661,0.00425061958535006
5927,500,927,6976,1.96577506302599,102,10.8833439788605,0.180622340600853,0.204408817635271,-0.0237864770344171
5928,500,928,6977,1.99495042855438,93,10.9270092282174,0.182570581472807,0.186372745490982,-0.00380216401817512
5929,500,929,6978,2.05446767302684,98,10.9776091080045,0.187150740458484,0.196392785571142,-0.00924204511265833
5930,500,930,6979,2.17051444975525,96,10.8724197084863,0.19963490262072,0.192384769539078,0.0072501330816418
5931,500,931,6980,1.8083981662927,86,11.2873135537788,0.160215108553202,0.172344689378758,-0.0121295808255552
5932,500,932,6981,1.84943854033951,86,11.2900215392182,0.163811781396086,0.172344689378758,-0.00853290798267184
5933,500,933,6982,2.14616462251325,108,10.8820018881747,0.197221489627331,0.216432865731463,-0.0192113761041321
5934,500,934,6983,2.07977708340269,95,11.4869205434585,0.181056104247806,0.190380761523046,-0.0093246572752404
5935,500,935,6984,1.90445490606007,94,10.5871814061251,0.179883090031712,0.188376753507014,-0.00849366347530245
5936,500,936,6985,1.88309941673223,114,10.3705940412929,0.181580670232991,0.228456913827655,-0.0468762435946639
5937,500,937,6986,1.95695014219483,85,11.2552876172945,0.173869403318299,0.170340681362725,0.00352872195557319
5938,500,938,6987,2.17594771883726,116,10.497898547244,0.207274599677715,0.232464929859719,-0.0251903301820049
5939,500,939,6988,2.58980655599901,118,10.9143398529895,0.237284763978616,0.236472945891784,0.000811818086832256
5940,500,940,6989,1.78486517633065,94,10.2399320356192,0.174304396759868,0.188376753507014,-0.0140723567471458
5941,500,941,6990,1.78674705300052,89,10.5292600603244,0.169693505788997,0.178356713426854,-0.00866320763785658
5942,500,942,6991,2.14177036804778,90,11.5366949991725,0.185648521366076,0.180360721442886,0.00528779992318998
5943,500,943,6992,1.76723262435302,87,10.4537994225747,0.169051705788111,0.17434869739479,-0.00529699160667843
5944,500,944,6993,2.38559260553069,113,11.2063873799589,0.212877935113774,0.226452905811623,-0.0135749706978496
5945,500,945,6994,1.86874361032122,96,11.4900126383745,0.16264069232439,0.192384769539078,-0.0297440772146886
5946,500,946,6995,2.3579165969908,106,10.0984780178511,0.233492274065725,0.212424849699399,0.021067424366326
5947,500,947,6996,1.67841890440194,95,10.3545013306896,0.162095580540155,0.190380761523046,-0.0282851809828906
5948,500,948,6997,1.97801692141446,86,11.0177901819742,0.179529369206052,0.172344689378758,0.00718467982729407
5949,500,949,6998,1.88351777958798,78,12.3275641334625,0.152789128427673,0.156312625250501,-0.00352349682282813
5950,500,950,6999,2.07217345897465,109,11.1879757039442,0.185214333120525,0.218436873747495,-0.0332225406269703
5951,500,951,7000,2.08455621175861,105,10.9641151129521,0.190125348948234,0.210420841683367,-0.020295492735133
5952,500,952,7001,1.56496107918717,94,10.2887845316236,0.152103591476437,0.188376753507014,-0.0362731620305768
5953,500,953,7002,2.1032919450592,93,11.4259396185467,0.184080435857119,0.186372745490982,-0.00229230963386304
5954,500,954,7003,1.84323183367412,91,11.5506704303537,0.159577908900451,0.182364729458918,-0.0227868205584671
5955,500,955,7004,2.04197124342454,94,11.8411265377808,0.17244737963988,0.188376753507014,-0.0159293738671341
5956,500,956,7005,1.91366966040976,106,10.3704872262834,0.184530352205601,0.212424849699399,-0.0278944974937978
5957,500,957,7006,2.08575809196723,104,11.223105295799,0.185845007864977,0.208416833667335,-0.0225718258023574
5958,500,958,7007,2.17482190393659,92,11.930177117336,0.182295860534737,0.18436873747495,-0.00207287694021288
5959,500,959,7008,2.0603060721592,102,11.3927886056767,0.18084300020564,0.204408817635271,-0.0235658174296304
5960,500,960,7009,2.34395505065511,111,11.6157899945533,0.201790412167766,0.222444889779559,-0.0206544776117931
5961,500,961,7010,2.03047454123418,106,10.2379549703797,0.198328137514642,0.212424849699399,-0.0140967121847571
5962,500,962,7011,2.34333027940847,109,11.4148693109797,0.205287525907499,0.218436873747495,-0.0131493478399957
5963,500,963,7012,1.88137005365378,97,10.6438727926936,0.176756157302559,0.19438877755511,-0.0176326202525514
5964,500,964,7013,2.19191664634267,113,11.0782199635289,0.197858198659963,0.226452905811623,-0.0285947071516602
5965,500,965,7014,1.94960015270864,88,11.7084600512395,0.166512089905644,0.176352705410822,-0.00984061550517798
5966,500,966,7015,1.78787372371213,98,10.733325230787,0.16657221180477,0.196392785571142,-0.0298205737663721
5967,500,967,7016,1.96351491104188,99,11.2656477419295,0.174292233879628,0.198396793587174,-0.0241045597075464
5968,500,968,7017,2.44855234136851,120,11.3381733011583,0.215956510482898,0.240480961923848,-0.0245244514409495
5969,500,969,7018,1.99306505050935,90,10.9057865177106,0.182752985974251,0.180360721442886,0.00239226453136571
5970,500,970,7019,2.05934909593903,83,12.1317851036051,0.169748233945149,0.166332665330661,0.00341556861448808
5971,500,971,7020,2.06132865088766,96,11.1164980228556,0.185429678181883,0.192384769539078,-0.00695509135719505
5972,500,972,7021,2.22072047541905,99,12.5041086483932,0.177599262599531,0.198396793587174,-0.0207975309876434
5973,500,973,7022,1.91776327254827,92,11.003723909992,0.174283114356117,0.18436873747495,-0.010085623118833
5974,500,974,7023,1.77875883106855,91,9.77471841536564,0.181975454993403,0.182364729458918,-0.000389274465515316
5975,500,975,7024,2.03407372926616,99,11.1127795787913,0.183039150092401,0.198396793587174,-0.0153576434947734
5976,500,976,7025,1.97497894343401,98,11.5833945089496,0.170500878814764,0.196392785571142,-0.0258919067563785
5977,500,977,7026,1.69283158401196,88,11.3897474291161,0.148627666640307,0.176352705410822,-0.0277250387705144
5978,500,978,7027,2.67536177781118,129,11.125901713718,0.240462467371297,0.258517034068136,-0.0180545666968389
5979,500,979,7028,1.81153867153214,94,10.62965614164,0.17042307365294,0.188376753507014,-0.0179536798540738
5980,500,980,7029,1.97495904396351,111,10.3579787288109,0.19067031277735,0.222444889779559,-0.0317745770022096
5981,500,981,7030,1.64613362649388,75,11.0391040785758,0.149118408049855,0.150300601202405,-0.00118219315255025
5982,500,982,7031,2.17682586783697,98,11.3786010061816,0.191308744076217,0.196392785571142,-0.00508404149492558
5983,500,983,7032,2.50583324870335,117,10.9386450175074,0.229080772316201,0.234468937875752,-0.00538816555955038
5984,500,984,7033,2.01823381327334,89,10.7283006353005,0.188122413966711,0.178356713426854,0.00976570053985742
5985,500,985,7034,2.01876309569711,107,11.1395926410416,0.181224139943806,0.214428857715431,-0.0332047177716245
5986,500,986,7035,2.32335949523411,125,10.7302287175696,0.21652469452304,0.250501002004008,-0.0339763074809675
5987,500,987,7036,2.32855935568655,104,11.4722976851305,0.202972361735753,0.208416833667335,-0.00544447193158176
5988,500,988,7037,2.17304930221364,114,11.0618759226044,0.196444917427896,0.228456913827655,-0.0320119963997595
5989,500,989,7038,2.65590701951008,120,11.447278318535,0.232012094543883,0.240480961923848,-0.00846886737996497
5990,500,990,7039,1.77940919754461,94,10.5001409997634,0.169465266950673,0.188376753507014,-0.0189114865563414
5991,500,991,7040,2.32933085431592,93,11.5253024044372,0.202105833979604,0.186372745490982,0.0157330884886225
5992,500,992,7041,2.00921602520853,71,11.7084819881846,0.171603460400425,0.142284569138277,0.0293188912621486
5993,500,993,7042,1.70997799495194,92,11.0216658300285,0.155146964290381,0.18436873747495,-0.0292217731845687
5994,500,994,7043,1.99684407581573,87,10.7431451255597,0.185871460589777,0.17434869739479,0.0115227631949874
5995,500,995,7044,1.94380871081765,108,11.0206682159681,0.176378480208779,0.216432865731463,-0.0400543855226835
5996,500,996,7045,2.0970093580028,116,10.58327684345,0.198143674121182,0.232464929859719,-0.0343212557385377
5997,500,997,7046,1.73705039452762,100,10.5975990342456,0.163909805316698,0.200400801603206,-0.0364909962865087
5998,500,998,7047,1.58759989644137,79,10.7929861812378,0.147095518309957,0.158316633266533,-0.0112211149565759
5999,500,999,7048,2.0857677935026,100,10.9153133561067,0.191086387120137,0.200400801603206,-0.00931441448306977
6000,500,1000,7049,2.39472810128106,112,10.5367818605771,0.227273197164765,0.224448897795591,0.00282429936917369
