"run_id","n","replicate","seed","weighted_diameter","hop_diameter","mst_length","weighted_stringy","hop_stringy","difference"
1,50,1,1050,1.91133777924964,22,4.37765677299108,0.436612068593877,0.448979591836735,-0.0123675232428573
2,50,2,1051,2.22737095526014,23,4.71080003966904,0.472822224782147,0.469387755102041,0.0034344696801063
3,50,3,1052,2.25619266987066,23,4.71215906410975,0.478802315281544,0.469387755102041,0.00941456017950321
4,50,4,1053,1.98015223443489,23,4.3333723645388,0.456954092069039,0.469387755102041,-0.012433663033002
5,50,5,1054,2.11521189380717,26,4.34285407892901,0.48705571390711,0.530612244897959,-0.0435565309908489
6,50,6,1055,1.8774583129344,25,4.32817034596474,0.433776437354134,0.510204081632653,-0.0764276442785191
7,50,7,1056,1.68156848232244,20,4.2191029248749,0.398560668527019,0.408163265306122,-0.00960259677910374
8,50,8,1057,1.96715116753507,24,3.99510614742503,0.492390213161911,0.489795918367347,0.00259429479456369
9,50,9,1058,1.66736397195648,19,4.26844533225898,0.390625588983253,0.387755102040816,0.0028704869424368
10,50,10,1059,2.06332562764479,26,4.09855015460427,0.503428175772564,0.530612244897959,-0.0271840691253955
11,50,11,1060,2.29739653505614,25,4.57581887151442,0.502073311808294,0.510204081632653,-0.00813076982435879
12,50,12,1061,2.04859541126795,25,4.62295942688865,0.443135061785887,0.510204081632653,-0.0670690198467657
13,50,13,1062,1.73297743720207,21,4.37129390771169,0.396444959728014,0.428571428571429,-0.0321264688434147
14,50,14,1063,1.68323607820503,21,3.81597665207737,0.441102300059592,0.428571428571429,0.012530871488163
15,50,15,1064,2.1728749050032,26,4.16813858989344,0.521305819886077,0.530612244897959,-0.00930642501188195
16,50,16,1065,1.97589483134997,24,4.21991722955943,0.468230707822736,0.489795918367347,-0.0215652105446114
17,50,17,1066,1.49302491360117,20,4.03957849552819,0.369599183492522,0.408163265306122,-0.0385640818136008
18,50,18,1067,1.85452745429246,22,4.10688207990291,0.451565790838654,0.448979591836735,0.00258619900191942
19,50,19,1068,1.6417601446173,19,3.96485144017838,0.414078602789575,0.387755102040816,0.0263235007487589
20,50,20,1069,1.67873053998971,21,4.1117515279357,0.40827626100075,0.428571428571429,-0.0202951675706789
21,50,21,1070,1.76111233720823,23,3.68083994906742,0.478453929422937,0.469387755102041,0.00906617432089629
22,50,22,1071,1.84599410049861,22,4.10394826659416,0.449809300844473,0.448979591836735,0.000829709007738488
23,50,23,1072,1.77769300334537,21,4.58196528052137,0.387976096393095,0.428571428571429,-0.040595332178334
24,50,24,1073,2.21988932926464,22,4.66687534634831,0.475669300017116,0.448979591836735,0.0266897081803816
25,50,25,1074,1.7465920096067,19,4.34025779098527,0.402416652124761,0.387755102040816,0.0146615500839448
26,50,26,1075,1.91587557513725,22,3.83981855536072,0.498949506992334,0.448979591836735,0.049969915155599
27,50,27,1076,1.87085245393182,21,4.51641875947129,0.41423361153314,0.428571428571429,-0.0143378170382884
28,50,28,1077,1.81612340194472,24,3.86086134533445,0.470393324054322,0.489795918367347,-0.0194025943130244
29,50,29,1078,1.72324114722533,22,4.07309757999476,0.423078778099773,0.448979591836735,-0.0259008137369616
30,50,30,1079,1.66566639043453,22,3.93449544432231,0.423349426630592,0.448979591836735,-0.0256301652061424
31,50,31,1080,2.17768599664829,27,4.31244400306971,0.504977222915395,0.551020408163265,-0.0460431852478707
32,50,32,1081,2.38526271791958,28,4.17017717424038,0.571981145706133,0.571428571428571,0.000552574277561946
33,50,33,1082,2.41076680328999,25,4.3516084084202,0.553994426204629,0.510204081632653,0.0437903445719756
34,50,34,1083,1.66167331196507,21,3.8561492484518,0.430915196716572,0.428571428571429,0.00234376814514392
35,50,35,1084,1.72813749443658,21,4.12507283266229,0.418935026008076,0.428571428571429,-0.00963640256335285
36,50,36,1085,1.91395802213664,20,4.25510230374112,0.44980305654552,0.408163265306122,0.0416397912393972
37,50,37,1086,2.15187349858924,22,4.52629041491522,0.47541657766773,0.448979591836735,0.0264369858309953
38,50,38,1087,2.07152849108024,25,4.59504705140025,0.450817688678288,0.510204081632653,-0.0593863929543648
39,50,39,1088,2.00296865288982,24,4.50904483362992,0.444211296803046,0.489795918367347,-0.045584621564301
40,50,40,1089,2.47181466022844,31,4.02839594239436,0.613597743512586,0.63265306122449,-0.0190553177119043
41,50,41,1090,1.65473741368244,25,3.62997761942887,0.455853337724653,0.510204081632653,-0.0543507439080003
42,50,42,1091,1.94369153378934,21,3.9527056987074,0.491736972581834,0.428571428571429,0.0631655440104055
43,50,43,1092,1.66731925721233,23,3.94041816737859,0.423132567760322,0.469387755102041,-0.0462551873417191
44,50,44,1093,1.79553382976384,20,3.69291638614913,0.486210258238794,0.408163265306122,0.0780469929326714
45,50,45,1094,1.91494171174051,26,4.10772607745607,0.466180479328954,0.530612244897959,-0.0644317655690057
46,50,46,1095,1.94375624831228,20,4.29522991409597,0.452538347698994,0.408163265306122,0.0443750823928712
47,50,47,1096,2.07883082996009,28,3.78367739769637,0.549420738466169,0.571428571428571,-0.0220078329624025
48,50,48,1097,1.71606631403027,20,4.01256009450868,0.42767367306941,0.408163265306122,0.0195104077632879
49,50,49,1098,1.98789394216024,26,4.1303191210434,0.481293063296779,0.530612244897959,-0.0493191816011799
50,50,50,1099,1.55273482217148,19,3.94921892527464,0.393175169964401,0.387755102040816,0.00542006792358474
51,50,51,1100,1.60457788554137,22,3.85361196359579,0.416382837893244,0.448979591836735,-0.032596753943491
52,50,52,1101,2.30200548070444,29,3.93814073988963,0.584541191579902,0.591836734693878,-0.00729554311397529
53,50,53,1102,1.99770547860956,24,4.3091207563053,0.463599326077468,0.489795918367347,-0.0261965922898794
54,50,54,1103,1.8409666725486,25,3.92078460280997,0.469540374961993,0.510204081632653,-0.0406637066706602
55,50,55,1104,1.53735680601363,20,3.78577772547552,0.406087445564577,0.408163265306122,-0.00207581974154525
56,50,56,1105,1.73593587793862,18,4.57120235629641,0.379754765296603,0.36734693877551,0.0124078265210926
57,50,57,1106,1.77816625883525,21,4.28215264027315,0.415250554618675,0.428571428571429,-0.0133208739527539
58,50,58,1107,1.68770648126013,21,4.29517385319188,0.392930889166673,0.428571428571429,-0.0356405394047553
59,50,59,1108,1.91782122450594,24,4.06475722126508,0.471816917987799,0.489795918367347,-0.0179790003795479
60,50,60,1109,1.5969622343439,19,3.8605646217551,0.413660277914965,0.387755102040816,0.0259051758741491
61,50,61,1110,2.17165897093145,22,4.34590707073774,0.499702118702414,0.448979591836735,0.0507225268656792
62,50,62,1111,1.90803985681468,23,4.28706399489958,0.445069133347372,0.469387755102041,-0.0243186217546688
63,50,63,1112,1.444351989312,20,3.72811324095033,0.387421705286994,0.408163265306122,-0.0207415600191283
64,50,64,1113,1.75974000858765,21,4.15260515697032,0.42376771738913,0.428571428571429,-0.00480371118229805
65,50,65,1114,1.88388760310073,20,4.52959991178278,0.415905960745054,0.408163265306122,0.00774269543893114
66,50,66,1115,2.04817533047582,22,4.36444192708998,0.46928687898511,0.448979591836735,0.0203072871483749
67,50,67,1116,1.85957632413213,23,3.8859640636522,0.47853667549988,0.469387755102041,0.00914892039783888
68,50,68,1117,1.99365653022278,24,4.29718997672838,0.463944238216023,0.489795918367347,-0.0258516801513237
69,50,69,1118,2.01087631513894,24,4.39505522241703,0.457531524264461,0.489795918367347,-0.0322643941028859
70,50,70,1119,2.1248112489819,23,4.43260304110764,0.479359696610897,0.469387755102041,0.009971941508856
71,50,71,1120,1.82277732097238,23,4.20770565771929,0.433199817013907,0.469387755102041,-0.0361879380881339
72,50,72,1121,2.05081979921137,23,4.37838103791805,0.468396830118411,0.469387755102041,-0.000990924983629682
73,50,73,1122,1.86161892286778,23,4.06604593666664,0.457845029757321,0.469387755102041,-0.0115427253447195
74,50,74,1123,2.00158569319933,23,4.25692040597895,0.470195705418418,0.469387755102041,0.000807950316377481
75,50,75,1124,1.86511766914086,21,4.36095340746503,0.427685759253509,0.428571428571429,-0.00088566931791989
76,50,76,1125,1.57222906873147,24,3.77680557757333,0.416285412748638,0.489795918367347,-0.0735105056187092
77,50,77,1126,1.931623105396,23,4.00250505235519,0.482603539565648,0.469387755102041,0.013215784463607
78,50,78,1127,1.61148972928732,19,4.19574740851068,0.384076917027598,0.387755102040816,-0.00367818501321854
79,50,79,1128,1.97699592734168,26,4.17523317661094,0.473505513037339,0.530612244897959,-0.05710673186062
80,50,80,1129,2.00181863093272,23,4.3289664630981,0.462424148580741,0.469387755102041,-0.00696360652129996
81,50,81,1130,2.24102940968573,28,4.29642743146239,0.521602993518487,0.571428571428571,-0.0498255779100842
82,50,82,1131,1.85614295278727,22,4.40097307349582,0.421757398145789,0.448979591836735,-0.0272221936909455
83,50,83,1132,2.00297891731418,22,4.46309787394945,0.448786688951036,0.448979591836735,-0.000192902885698565
84,50,84,1133,2.05352556016789,24,4.37174280340634,0.469726983611168,0.489795918367347,-0.0200689347561787
85,50,85,1134,1.92617049316774,21,4.5181533462274,0.426318087405348,0.428571428571429,-0.00225334116608006
86,50,86,1135,2.03455501306435,22,4.26581762380852,0.476943740329878,0.448979591836735,0.0279641484931434
87,50,87,1136,1.74828554389013,22,3.92900090986352,0.444969493262566,0.448979591836735,-0.00401009857416856
88,50,88,1137,1.70756783835774,20,4.24066642259849,0.402664974839361,0.408163265306122,-0.00549829046676165
89,50,89,1138,1.8244071706786,23,4.24442752314787,0.429835863783471,0.469387755102041,-0.0395518913185696
90,50,90,1139,1.83016430858301,23,4.39626995909102,0.416299345948586,0.469387755102041,-0.0530884091534548
91,50,91,1140,2.01345598777191,23,4.67606732479186,0.430587467613405,0.469387755102041,-0.0388002874886362
92,50,92,1141,2.29926280593325,28,4.16060056196345,0.552627624711993,0.571428571428571,-0.0188009467165783
93,50,93,1142,1.69910519326268,23,3.91354028016599,0.434160650364027,0.469387755102041,-0.0352271047380137
94,50,94,1143,1.76880456521743,26,3.87507982655723,0.456456291066629,0.530612244897959,-0.0741559538313301
95,50,95,1144,1.81470803090507,26,3.96023385630097,0.45823254301454,0.530612244897959,-0.0723797018834196
96,50,96,1145,1.55983148260865,21,4.29229243044538,0.363402892017494,0.428571428571429,-0.0651685365539342
97,50,97,1146,1.68861187686003,18,3.84510976373511,0.439158302523912,0.36734693877551,0.0718113637484015
98,50,98,1147,1.86353822324908,21,4.80981051405864,0.387445247126084,0.428571428571429,-0.0411261814453446
99,50,99,1148,1.7388397297522,19,4.24387996551503,0.409728772698966,0.387755102040816,0.0219736706581496
100,50,100,1149,2.21486705728832,25,4.31362843785616,0.513458006222968,0.510204081632653,0.00325392459031504
101,50,101,1150,2.02565816426387,22,4.14809470632886,0.488334598815516,0.448979591836735,0.039355006978781
102,50,102,1151,1.9603442248126,22,4.70071426441566,0.417031139214816,0.448979591836735,-0.0319484526219188
103,50,103,1152,1.65581504979557,19,4.20960633778931,0.393342017502075,0.387755102040816,0.00558691546125867
104,50,104,1153,1.89207245873918,19,4.64325184146422,0.407488657376493,0.387755102040816,0.0197335553356768
105,50,105,1154,1.92572330918271,21,4.4558697221996,0.432176753191091,0.428571428571429,0.00360532461966201
106,50,106,1155,1.51444611832951,19,4.40454581550973,0.343837067830397,0.387755102040816,-0.0439180342104193
107,50,107,1156,1.91295702637518,21,4.60605241855664,0.415313776862015,0.428571428571429,-0.0132576517094131
108,50,108,1157,1.7902599825916,19,4.10089784486982,0.436553176966161,0.387755102040816,0.048798074925345
109,50,109,1158,1.85934757284546,21,4.1407794782107,0.449033227349966,0.428571428571429,0.020461798778537
110,50,110,1159,2.30382900776159,28,3.84264750682011,0.59954211352268,0.571428571428571,0.0281135420941087
111,50,111,1160,1.90945793777316,23,4.58092542348502,0.41682799025366,0.469387755102041,-0.0525597648483805
112,50,112,1161,1.63226589593531,19,4.62751715006424,0.352730382838808,0.387755102040816,-0.0350247192020081
113,50,113,1162,1.61632245950926,24,3.60661532294477,0.448154936077171,0.489795918367347,-0.0416409822901759
114,50,114,1163,1.59390877008509,17,4.08203199571345,0.390469445550368,0.346938775510204,0.0435306700401638
115,50,115,1164,1.69775755834028,22,4.10135882919273,0.413950017310347,0.448979591836735,-0.0350295745263874
116,50,116,1165,1.71380593810332,18,4.26671802959386,0.401668431383654,0.36734693877551,0.0343214926081435
117,50,117,1166,2.18576669725675,30,4.20663208963646,0.519600157722767,0.612244897959184,-0.0926447402364169
118,50,118,1167,1.99897947761631,28,4.06520604632154,0.491728944323774,0.571428571428571,-0.0796996271047973
119,50,119,1168,1.66428140400685,23,4.0015670588726,0.415907413151223,0.469387755102041,-0.0534803419508183
120,50,120,1169,1.62559405327408,18,4.45754016260541,0.364684106923206,0.36734693877551,-0.00266283185230398
121,50,121,1170,2.41936559090223,27,4.37475943707968,0.553028258056001,0.551020408163265,0.00200784989273584
122,50,122,1171,1.57962059382053,16,4.46787152816082,0.353551032939117,0.326530612244898,0.0270204206942188
123,50,123,1172,2.18245327776074,32,4.16969686574579,0.523408139255799,0.653061224489796,-0.129653085233997
124,50,124,1173,1.65351482057181,19,4.09213100242038,0.404071819693408,0.387755102040816,0.0163167176525919
125,50,125,1174,1.57587913216869,19,4.59124655935493,0.343235570513577,0.387755102040816,-0.0445195315272389
126,50,126,1175,1.42245472519658,22,3.7486861653549,0.379454204073631,0.448979591836735,-0.0695253877631034
127,50,127,1176,1.77610514118703,19,3.81821881992919,0.465165886228587,0.387755102040816,0.0774107841877705
128,50,128,1177,1.94024353748247,24,4.52339264939077,0.428935466777086,0.489795918367347,-0.0608604515902608
129,50,129,1178,1.84502503198385,24,4.04747531748164,0.455845900780399,0.489795918367347,-0.033950017586948
130,50,130,1179,1.80205640979548,21,4.21660405442561,0.427371502407038,0.428571428571429,-0.00119992616439069
131,50,131,1180,1.94425853259462,25,4.28180434512111,0.454074585357922,0.510204081632653,-0.0561294962747312
132,50,132,1181,1.72205723357768,23,4.06502032647954,0.423628197468091,0.469387755102041,-0.0457595576339496
133,50,133,1182,1.91215696728622,19,4.73404971978958,0.403915691737014,0.387755102040816,0.0161605896961973
134,50,134,1183,1.94868574101058,23,4.28675245349914,0.454583221715993,0.469387755102041,-0.0148045333860475
135,50,135,1184,2.04177361911914,25,4.17059597442474,0.489563993165453,0.510204081632653,-0.0206400884672002
136,50,136,1185,1.81472332613646,23,4.10164638888449,0.442437780851705,0.469387755102041,-0.0269499742503361
137,50,137,1186,2.17933992790414,24,4.27968113291163,0.509229510382109,0.489795918367347,0.0194335920147624
138,50,138,1187,1.9728647075002,19,4.45462941411934,0.442879648135721,0.387755102040816,0.0551245460949045
139,50,139,1188,2.10854850266238,23,4.41213214196626,0.477897858635465,0.469387755102041,0.0085101035334243
140,50,140,1189,1.51413160804792,17,4.27055585172347,0.354551412186042,0.346938775510204,0.00761263667583834
141,50,141,1190,1.88081104483813,23,4.05811529716116,0.463469100090342,0.469387755102041,-0.00591865501169858
142,50,142,1191,2.29017510695855,27,4.11983723222825,0.555889705797888,0.551020408163265,0.00486929763462263
143,50,143,1192,1.96082389472743,23,4.16442617985804,0.470850919200174,0.469387755102041,0.00146316409813285
144,50,144,1193,1.67274968307461,19,4.1392025069899,0.404123663978708,0.387755102040816,0.0163685619378918
145,50,145,1194,2.55534727165433,28,4.70650190885872,0.542939814141915,0.571428571428571,-0.0284887572866559
146,50,146,1195,1.75470714352806,22,4.41598929320183,0.397353124526214,0.448979591836735,-0.0516264673105205
147,50,147,1196,2.03093871913138,24,4.16830570280962,0.487233630144362,0.489795918367347,-0.0025622882229846
148,50,148,1197,1.72649037302847,23,3.83293533013716,0.450435560301167,0.469387755102041,-0.0189521948008742
149,50,149,1198,1.93268884882662,20,4.28936334774327,0.45057708851908,0.408163265306122,0.0424138232129571
150,50,150,1199,2.07697496522173,23,4.40391122376604,0.47162053449515,0.469387755102041,0.00223277939310962
151,50,151,1200,1.86718919024241,21,4.37878517357985,0.426417171938102,0.428571428571429,-0.00215425663332675
152,50,152,1201,1.66733302910924,21,4.36971572878993,0.381565560002908,0.428571428571429,-0.0470058685685207
153,50,153,1202,1.8236108808548,23,4.71396885687898,0.3868525516866,0.469387755102041,-0.0825352034154409
154,50,154,1203,1.87860532620525,22,4.2967233582133,0.437218124041952,0.448979591836735,-0.0117614677947824
155,50,155,1204,2.33325259769333,26,4.4426761026107,0.525190795773343,0.530612244897959,-0.00542144912461628
156,50,156,1205,2.5260419169854,29,4.17805090901192,0.604598165986157,0.591836734693878,0.0127614312922795
157,50,157,1206,1.85849419705838,22,4.23698492436762,0.438636018355851,0.448979591836735,-0.0103435734808838
158,50,158,1207,1.79324085866966,21,4.41835629549067,0.405861532828356,0.428571428571429,-0.0227098957430722
159,50,159,1208,1.83157828533437,20,4.06753037624154,0.450292466414664,0.408163265306122,0.0421292011085415
160,50,160,1209,1.72564880299969,20,4.16482555164214,0.414338795611569,0.408163265306122,0.00617553030544671
161,50,161,1210,1.87091110216212,23,3.49042777434629,0.536011979939196,0.469387755102041,0.0666242248371556
162,50,162,1211,1.67740834980181,21,3.71631030676089,0.451363909722552,0.428571428571429,0.0227924811511238
163,50,163,1212,1.85171788565576,22,4.19486842722044,0.441424544722307,0.448979591836735,-0.00755504711442728
164,50,164,1213,2.28621187501949,30,4.4275675257289,0.516358443261261,0.612244897959184,-0.0958864546979225
165,50,165,1214,2.21123347867358,23,4.54709241608634,0.486296137472564,0.469387755102041,0.0169083823705236
166,50,166,1215,1.93130530901053,26,4.02536190159092,0.479784266912058,0.530612244897959,-0.0508279779859012
167,50,167,1216,2.19364405781928,21,4.63235209185488,0.473548645336435,0.428571428571429,0.0449772167650062
168,50,168,1217,1.78012320201223,19,4.03450324935411,0.441224877510561,0.387755102040816,0.0534697754697451
169,50,169,1218,1.59678600967889,22,3.90379671687263,0.409034108455854,0.448979591836735,-0.0399454833808805
170,50,170,1219,1.97810350404303,22,4.30230840042431,0.459777245129137,0.448979591836735,0.0107976532924027
171,50,171,1220,1.92327269637148,20,4.80760145027325,0.400048281094965,0.408163265306122,-0.00811498421115697
172,50,172,1221,2.19125298293034,23,4.59836037395389,0.476529198394731,0.469387755102041,0.00714144329269012
173,50,173,1222,1.81657089519067,27,3.55773502309884,0.510597580594523,0.551020408163265,-0.0404228275687426
174,50,174,1223,1.63492929643372,18,4.83722416539923,0.337989152565723,0.36734693877551,-0.0293577862097867
175,50,175,1224,2.4438543718395,27,4.4330055381681,0.55128610844222,0.551020408163265,0.000265700278955006
176,50,176,1225,1.91376224230946,23,4.00284163879141,0.478100913052179,0.469387755102041,0.00871315795013861
177,50,177,1226,1.75240474120797,23,4.49745221990403,0.389643881807679,0.469387755102041,-0.0797438732943617
178,50,178,1227,1.73615099599842,20,4.00258146768169,0.43375781605365,0.408163265306122,0.0255945507475271
179,50,179,1228,1.70256275976774,19,4.24683637509462,0.400901426236325,0.387755102040816,0.0131463241955092
180,50,180,1229,1.72484146466238,20,4.16191632977645,0.414434440289439,0.408163265306122,0.00627117498331631
181,50,181,1230,1.97737748171102,22,4.89881480699987,0.403644056698277,0.448979591836735,-0.0453355351384573
182,50,182,1231,1.92635846028445,23,4.23692742455311,0.454659300775639,0.469387755102041,-0.014728454326402
183,50,183,1232,1.81612165678994,25,4.15485912134252,0.437107878690991,0.510204081632653,-0.0730962029416624
184,50,184,1233,2.03736460554236,25,4.12373436305887,0.494058158496683,0.510204081632653,-0.01614592313597
185,50,185,1234,1.48830189011753,19,3.91235187325064,0.380411051545052,0.387755102040816,-0.00734405049576453
186,50,186,1235,2.15814236261342,22,4.20835293137739,0.512823519748632,0.448979591836735,0.0638439279118972
187,50,187,1236,1.97013435949116,26,4.25567276131563,0.462943104413437,0.530612244897959,-0.0676691404845223
188,50,188,1237,1.71244760811047,18,4.14645691606038,0.412990570691254,0.36734693877551,0.0456436319157441
189,50,189,1238,2.35854162634124,21,5.06677353520855,0.465491818403161,0.428571428571429,0.036920389831732
190,50,190,1239,1.48526328142658,19,4.23194771914804,0.350964468371454,0.387755102040816,-0.0367906336693628
191,50,191,1240,1.57012068903561,19,4.19766568770333,0.374046149895912,0.387755102040816,-0.0137089521449043
192,50,192,1241,1.64497252516216,18,4.51862147641038,0.364043001554743,0.36734693877551,-0.00330393722076688
193,50,193,1242,2.11205840796428,23,4.54787908946518,0.464405136200015,0.469387755102041,-0.00498261890202545
194,50,194,1243,2.24956535248752,29,4.38292990185638,0.51325606451856,0.591836734693878,-0.0785806701753177
195,50,195,1244,2.27162359196464,31,3.72880026765775,0.609210316698342,0.63265306122449,-0.0234427445261481
196,50,196,1245,2.17590404943384,25,4.87988898826522,0.445892120633541,0.510204081632653,-0.0643119609991125
197,50,197,1246,1.73501001594821,20,4.25653773260682,0.407610627449,0.408163265306122,-0.000552637857122784
198,50,198,1247,1.97250181480358,24,4.13558069905689,0.476958850120712,0.489795918367347,-0.0128370682466352
199,50,199,1248,1.79332459640702,25,4.09092662152354,0.438366356162885,0.510204081632653,-0.0718377254697678
200,50,200,1249,1.90515081434613,19,4.72497738795805,0.403208451156093,0.387755102040816,0.0154533491152763
201,50,201,1250,1.75849652181959,21,4.09228491346757,0.429710188562982,0.428571428571429,0.00113875999155338
202,50,202,1251,2.51872477135727,28,4.67536962814578,0.538722062998937,0.571428571428571,-0.0327065084296345
203,50,203,1252,2.37423108223387,30,4.26754955465492,0.556345287108412,0.612244897959184,-0.0558996108507717
204,50,204,1253,1.97677323080666,23,4.20020525347753,0.470637293063239,0.469387755102041,0.00124953796119792
205,50,205,1254,2.03330041536423,25,3.92624505218575,0.517874047171938,0.510204081632653,0.00766996553928501
206,50,206,1255,2.43705814854632,25,4.68493855487413,0.520189991821951,0.510204081632653,0.00998591018929762
207,50,207,1256,1.83547420363153,21,4.24285516060831,0.43260354976821,0.428571428571429,0.00403212119678198
208,50,208,1257,2.08659383207719,27,4.0988420945358,0.509069094137305,0.551020408163265,-0.0419513140259606
209,50,209,1258,1.99845112678714,24,4.29841263770892,0.464927705929212,0.489795918367347,-0.0248682124381348
210,50,210,1259,2.0156937766244,19,4.61516673871612,0.436754269291068,0.387755102040816,0.0489991672502514
211,50,211,1260,2.08325071631064,24,4.26709246007951,0.488213165240816,0.489795918367347,-0.00158275312653072
212,50,212,1261,2.04694547755204,27,4.17283455100545,0.490540770915258,0.551020408163265,-0.0604796372480073
213,50,213,1262,2.0030682010747,26,4.40464902395668,0.454762272812227,0.530612244897959,-0.0758499720857325
214,50,214,1263,1.56171194882507,22,3.8382606414144,0.406880119597499,0.448979591836735,-0.0420994722392353
215,50,215,1264,2.25261421633616,31,4.39754731505684,0.512243315409795,0.63265306122449,-0.120409745814694
216,50,216,1265,1.69377083473069,18,4.10657877810976,0.412453023855133,0.36734693877551,0.0451060850796224
217,50,217,1266,1.57586260955296,23,4.12572207550536,0.381960437642891,0.469387755102041,-0.0874273174591498
218,50,218,1267,1.89775553040322,28,3.69476040580217,0.513634260945048,0.571428571428571,-0.0577943104835235
219,50,219,1268,2.11439406480606,22,4.30256139378554,0.491426820279661,0.448979591836735,0.0424472284429267
220,50,220,1269,1.60859000810723,19,3.87087865358028,0.415561982708861,0.387755102040816,0.0278068806680451
221,50,221,1270,1.85543488249649,21,4.13790743362631,0.448399320733584,0.428571428571429,0.0198278921621557
222,50,222,1271,1.88500249249595,21,4.5432050378961,0.414905881810889,0.428571428571429,-0.0136655467605399
223,50,223,1272,2.17472663656954,23,4.63824756110029,0.468868167971105,0.469387755102041,-0.00051958713093625
224,50,224,1273,1.58217198777923,18,4.04857466408143,0.390797285231296,0.36734693877551,0.0234503464557857
225,50,225,1274,2.18223059985642,27,4.25154395905852,0.513279556996433,0.551020408163265,-0.0377408511668322
226,50,226,1275,2.06307569537289,23,4.45093716759328,0.463514899826915,0.469387755102041,-0.00587285527512571
227,50,227,1276,3.02041822855992,28,4.44711810390878,0.679185521496524,0.571428571428571,0.107756950067953
228,50,228,1277,2.22105117608861,27,4.32470696458404,0.513572640707747,0.551020408163265,-0.0374477674555186
229,50,229,1278,2.13246781346127,25,4.5232608238572,0.471444804202738,0.510204081632653,-0.0387592774299154
230,50,230,1279,1.93025373647161,24,4.2351255462452,0.455772494910557,0.489795918367347,-0.0340234234567897
231,50,231,1280,1.90411576229706,24,4.33552126357264,0.439189579877183,0.489795918367347,-0.050606338490164
232,50,232,1281,1.57006825361194,20,4.26992818204761,0.367703667760291,0.408163265306122,-0.0404595975458314
233,50,233,1282,1.79011557885056,20,4.37890343666796,0.40880453399829,0.408163265306122,0.000641268692167962
234,50,234,1283,1.59712258197803,22,4.14021305122864,0.385758549672721,0.448979591836735,-0.063221042164014
235,50,235,1284,1.8492453245181,25,4.19211181072536,0.44112500047992,0.510204081632653,-0.0690790811527327
236,50,236,1285,1.52147165238116,18,4.44313533669344,0.342431984868017,0.36734693877551,-0.024914953907493
237,50,237,1286,2.36578669684366,28,4.14083112164453,0.571331364971023,0.571428571428571,-9.72064575485154e-05
238,50,238,1287,1.77290075875059,22,4.40360748372109,0.402601904303349,0.448979591836735,-0.0463776875333853
239,50,239,1288,1.96596189620796,22,3.7363970414173,0.526165146373798,0.448979591836735,0.0771855545370633
240,50,240,1289,3.16815047522723,29,5.41633053578085,0.584925616023264,0.591836734693878,-0.00691111867061345
241,50,241,1290,1.38164517294681,16,3.8861436180801,0.355531166300384,0.326530612244898,0.0290005540554865
242,50,242,1291,1.59920070746353,19,3.90959957460634,0.409044628982127,0.387755102040816,0.0212895269413108
243,50,243,1292,2.27140330584208,25,4.41734213658827,0.514201353576021,0.510204081632653,0.00399727194336774
244,50,244,1293,1.73782469113316,22,4.1481429424031,0.418940406650115,0.448979591836735,-0.0300391851866196
245,50,245,1294,1.80576557890531,24,4.27007586383504,0.422888406784305,0.489795918367347,-0.0669075115830423
246,50,246,1295,1.94575637446584,23,4.55173723422429,0.42747554929924,0.469387755102041,-0.0419122058028004
247,50,247,1296,2.52198131727507,30,4.22312554322582,0.597183600501884,0.612244897959184,-0.0150612974572992
248,50,248,1297,1.48127492638243,18,3.9013128801572,0.379686267645047,0.36734693877551,0.0123393288695363
249,50,249,1298,1.92417031778756,23,4.23268097132674,0.454598475723159,0.469387755102041,-0.0147892793788822
250,50,250,1299,1.73465872569035,19,4.55383651352355,0.380922486026656,0.387755102040816,-0.00683261601416013
251,50,251,1300,2.1344986349735,21,4.74502423965286,0.449839353218912,0.428571428571429,0.0212679246474832
252,50,252,1301,1.89467868925951,25,4.60367681018177,0.411557710799578,0.510204081632653,-0.0986463708330747
253,50,253,1302,2.12001750246692,21,4.32349503453318,0.490348083097967,0.428571428571429,0.0617766545265383
254,50,254,1303,1.75637774024257,22,4.29436374964979,0.408996033553469,0.448979591836735,-0.0399835582832654
255,50,255,1304,1.66776252184069,26,3.68386195185808,0.452721232129638,0.530612244897959,-0.0778910127683207
256,50,256,1305,1.61330328144425,18,4.02418726766741,0.400901641533046,0.36734693877551,0.0335547027575357
257,50,257,1306,2.16436698074695,23,4.40813314749017,0.490994012279158,0.469387755102041,0.0216062571771169
258,50,258,1307,1.72016089723635,20,4.06905981440432,0.42274161002673,0.408163265306122,0.0145783447206075
259,50,259,1308,2.29028390798544,29,3.71469520636901,0.616546925319375,0.591836734693878,0.0247101906254976
260,50,260,1309,2.66259693623216,34,4.17247781468769,0.638133275834197,0.693877551020408,-0.0557442751862115
261,50,261,1310,1.90348564275236,21,4.44100940413305,0.42861553974213,0.428571428571429,4.41111707017439e-05
262,50,262,1311,1.96143358689425,25,4.23653804460263,0.46298028395924,0.510204081632653,-0.0472237976734129
263,50,263,1312,1.84434126707359,23,3.66105345387937,0.50377337842999,0.469387755102041,0.0343856233279486
264,50,264,1313,1.67067421530431,20,3.79512380323146,0.440215998719666,0.408163265306122,0.0320527334135431
265,50,265,1314,1.92117849627745,23,4.52213889455725,0.424838453898384,0.469387755102041,-0.0445493012036568
266,50,266,1315,2.23451953663404,23,4.69814557979815,0.47561734703207,0.469387755102041,0.00622959193002875
267,50,267,1316,2.05277784402108,25,4.54708221079612,0.451449467781159,0.510204081632653,-0.0587546138514937
268,50,268,1317,2.24150646158585,28,4.35741465228369,0.514412017321119,0.571428571428571,-0.0570165541074523
269,50,269,1318,1.80593924824785,22,3.6777793888314,0.491040668108611,0.448979591836735,0.0420610762718763
270,50,270,1319,2.37261134090519,25,4.16781281987263,0.569270128829273,0.510204081632653,0.0590660471966202
271,50,271,1320,1.81643404966038,27,4.08057444930599,0.445141749581193,0.551020408163265,-0.105878658582072
272,50,272,1321,1.88108826249592,18,4.61925116610272,0.407227967229806,0.36734693877551,0.0398810284542961
273,50,273,1322,1.64234806872975,19,4.32463691659558,0.379765538796406,0.387755102040816,-0.00798956324441058
274,50,274,1323,1.60674230636691,22,4.00625383766677,0.401058537844091,0.448979591836735,-0.0479210539926437
275,50,275,1324,2.20256500123581,22,4.79768537554461,0.459089087513536,0.448979591836735,0.0101094956768009
276,50,276,1325,1.57482104918277,20,3.78025948271913,0.416590727801047,0.408163265306122,0.00842746249492404
277,50,277,1326,1.52134832436469,21,4.14858580891873,0.366714922731997,0.428571428571429,-0.0618565058394317
278,50,278,1327,1.97857661535653,21,4.19884665965608,0.471219069361917,0.428571428571429,0.0426476407904888
279,50,279,1328,1.97431982800901,23,4.50681026293278,0.438074760823021,0.469387755102041,-0.03131299427902
280,50,280,1329,2.58945774260493,29,4.38382620470236,0.590684397987156,0.591836734693878,-0.00115233670672177
281,50,281,1330,2.22388029238925,23,4.60846175828381,0.482564553864806,0.469387755102041,0.0131767987627651
282,50,282,1331,2.01411326934243,23,4.38898167294131,0.458902182654286,0.469387755102041,-0.0104855724477552
283,50,283,1332,1.81639064079497,24,4.34828118050071,0.417726123356588,0.489795918367347,-0.0720697950107592
284,50,284,1333,1.92320687677805,23,4.06069999416873,0.473614618055956,0.469387755102041,0.00422686295391506
285,50,285,1334,2.08564621101022,23,4.57986710975296,0.45539448220425,0.469387755102041,-0.0139932728977912
286,50,286,1335,2.15301667181464,26,4.21963638168043,0.510237488984115,0.530612244897959,-0.0203747559138443
287,50,287,1336,1.59989761391048,20,3.98446540233044,0.401533820063974,0.408163265306122,-0.00662944524214804
288,50,288,1337,1.69601194929987,20,4.35720895957559,0.389242738880504,0.408163265306122,-0.0189205264256189
289,50,289,1338,2.07540531174033,26,4.38961061774631,0.47279941035086,0.530612244897959,-0.057812834547099
290,50,290,1339,1.95210891740948,27,3.88063318731105,0.503038762795853,0.551020408163265,-0.0479816453674122
291,50,291,1340,1.61933588322909,20,4.00884686944576,0.403940568439068,0.408163265306122,-0.00422269686705495
292,50,292,1341,2.29790542319735,22,4.48293179336996,0.512589869557203,0.448979591836735,0.0636102777204683
293,50,293,1342,1.95160563195143,20,4.35642769288873,0.44798301946734,0.408163265306122,0.0398197541612172
294,50,294,1343,2.1487643957665,24,4.72740885594211,0.454533225546086,0.489795918367347,-0.0352626928212604
295,50,295,1344,2.20151667790421,22,4.32850981773935,0.508608452008546,0.448979591836735,0.0596288601718113
296,50,296,1345,1.90874488647193,20,4.35110817463697,0.438680172926564,0.408163265306122,0.0305169076204418
297,50,297,1346,2.04974677089464,21,4.5338169430094,0.452101793402821,0.428571428571429,0.023530364831392
298,50,298,1347,2.20000365157957,25,4.19278512950704,0.524711756893259,0.510204081632653,0.0145076752606058
299,50,299,1348,1.72815471135191,18,4.05313998967504,0.426374296410737,0.36734693877551,0.0590273576352264
300,50,300,1349,2.37993929215432,27,4.51605010476993,0.526995767748587,0.551020408163265,-0.0240246404146782
301,50,301,1350,1.54397413223742,20,4.36863026026641,0.353422935852499,0.408163265306122,-0.0547403294536237
302,50,302,1351,2.39815044912439,21,4.43830909309482,0.540329751448691,0.428571428571429,0.111758322877263
303,50,303,1352,1.80919839481568,25,4.10135553788553,0.441122057842471,0.510204081632653,-0.0690820237901825
304,50,304,1353,1.64367843817538,22,4.36787645512824,0.376310652341269,0.448979591836735,-0.0726689394954657
305,50,305,1354,2.08811443578811,22,4.25219203806658,0.491067763895618,0.448979591836735,0.0420881720588835
306,50,306,1355,2.35327951257827,28,4.59657437991668,0.511963762157359,0.571428571428571,-0.0594648092712127
307,50,307,1356,1.51909666567801,21,3.92092414486932,0.38743332172488,0.428571428571429,-0.0411381068465483
308,50,308,1357,1.92799138323024,22,4.39270839464603,0.43890720940642,0.448979591836735,-0.0100723824303151
309,50,309,1358,2.16326694635198,27,4.45702663766042,0.485361009080151,0.551020408163265,-0.065659399083114
310,50,310,1359,1.88868712961404,25,4.32865552157085,0.43632188336591,0.510204081632653,-0.0738821982667433
311,50,311,1360,2.52411841109669,26,4.58862107753401,0.550082120193978,0.530612244897959,0.0194698752960191
312,50,312,1361,2.36685542548578,29,4.15618740828442,0.569477550691768,0.591836734693878,-0.0223591840021099
313,50,313,1362,1.52842973076159,20,4.14266325713333,0.368948581116207,0.408163265306122,-0.0392146841899156
314,50,314,1363,2.21630090243931,22,4.92692042445811,0.449834929632148,0.448979591836735,0.000855337795413136
315,50,315,1364,3.1678690043238,29,4.67659144694118,0.677388444183169,0.591836734693878,0.0855517094892916
316,50,316,1365,1.93641112658466,25,4.62141434052865,0.419008334656952,0.510204081632653,-0.0911957469757015
317,50,317,1366,1.70775462131493,27,3.59464188283639,0.475083381593331,0.551020408163265,-0.0759370265699347
318,50,318,1367,2.6826308638648,33,4.36970059036719,0.613916401910588,0.673469387755102,-0.0595529858445139
319,50,319,1368,1.53348935388745,21,3.91185163716379,0.392011123151714,0.428571428571429,-0.0365603054197144
320,50,320,1369,1.63819766507747,22,3.91378698586898,0.418570982782739,0.448979591836735,-0.030408609053996
321,50,321,1370,1.60922078652518,22,3.82990861873094,0.420172110283509,0.448979591836735,-0.028807481553226
322,50,322,1371,2.01090377164146,20,4.47809038693751,0.449053859544064,0.408163265306122,0.0408905942379417
323,50,323,1372,1.76070194059838,23,4.2457461409609,0.414697883986039,0.469387755102041,-0.0546898711160015
324,50,324,1373,1.70489355105227,21,4.18610908689417,0.40727403793416,0.428571428571429,-0.0212973906372684
325,50,325,1374,1.66036098050989,22,4.15579285398271,0.399529292928707,0.448979591836735,-0.0494502989080279
326,50,326,1375,2.06716174932394,20,4.43484146299218,0.466118522290811,0.408163265306122,0.0579552569846886
327,50,327,1376,2.20190540959214,29,4.0191797881538,0.547849443332212,0.591836734693878,-0.0439872913616652
328,50,328,1377,1.88217705167286,21,4.31116558786584,0.436581943632696,0.428571428571429,0.00801051506126754
329,50,329,1378,1.87987061318814,23,3.78638216802772,0.496482005715588,0.469387755102041,0.027094250613547
330,50,330,1379,1.82800520649628,24,4.19830454669064,0.435415102969895,0.489795918367347,-0.0543808153974519
331,50,331,1380,1.60162507742613,18,4.54949698639592,0.352044430893211,0.36734693877551,-0.0153025078822994
332,50,332,1381,2.26698395069214,23,4.65973324711855,0.486505091701114,0.469387755102041,0.0171173365990732
333,50,333,1382,1.94687584460818,24,4.24170380007315,0.458984393152252,0.489795918367347,-0.0308115252150953
334,50,334,1383,1.72948099551344,24,3.8617063033536,0.447854098591474,0.489795918367347,-0.0419418197758727
335,50,335,1384,1.73987913515631,23,4.16749943227814,0.417487551811188,0.469387755102041,-0.0519002032908533
336,50,336,1385,1.85402620408669,21,4.3326387626485,0.427920790459194,0.428571428571429,-0.00065063811223437
337,50,337,1386,2.05739807159872,23,4.4589992144983,0.461403551027584,0.469387755102041,-0.00798420407445721
338,50,338,1387,1.74315598140587,22,3.87513068003676,0.449831534814029,0.448979591836735,0.00085194297729474
339,50,339,1388,2.15686334032012,20,4.22289373924199,0.510754822049412,0.408163265306122,0.10259155674329
340,50,340,1389,1.88573540712763,20,4.34465261807166,0.434035945540014,0.408163265306122,0.0258726802338918
341,50,341,1390,1.78908382646785,22,4.02849222755887,0.444107553250008,0.448979591836735,-0.00487203858672625
342,50,342,1391,1.99301686903711,24,4.40312247135237,0.452637164195203,0.489795918367347,-0.0371587541721441
343,50,343,1392,1.94746806196371,24,4.09846331043508,0.475170305173959,0.489795918367347,-0.0146256131933876
344,50,344,1393,1.83838863346396,18,4.54978052598851,0.404060948206846,0.36734693877551,0.0367140094313355
345,50,345,1394,1.74773988852841,18,4.11319454911677,0.42491058170436,0.36734693877551,0.05756364292885
346,50,346,1395,1.55544886430179,16,4.26473405764454,0.364723531005092,0.326530612244898,0.0381929187601945
347,50,347,1396,1.76562941769854,20,4.12712951252561,0.427810518749157,0.408163265306122,0.0196472534430341
348,50,348,1397,1.87809624433718,23,4.22872216890776,0.444128549788902,0.469387755102041,-0.0252592053131385
349,50,349,1398,1.77773823937561,21,4.15650309938606,0.427700448398125,0.428571428571429,-0.000870980173304003
350,50,350,1399,1.86942606646175,20,4.34208360496889,0.430536635527345,0.408163265306122,0.022373370221222
351,50,351,1400,2.48376341233037,26,4.76307112952814,0.521462591001958,0.530612244897959,-0.0091496538960012
352,50,352,1401,1.57428701999585,21,3.76471152983398,0.418169362385457,0.428571428571429,-0.0104020661859717
353,50,353,1402,1.92260337530295,22,4.31155978661869,0.445918291860389,0.448979591836735,-0.00306129997634552
354,50,354,1403,2.07419356942031,26,3.93016536956019,0.527762415669655,0.530612244897959,-0.00284982922830435
355,50,355,1404,2.52079199836825,27,4.2576188989927,0.592066142642461,0.551020408163265,0.0410457344791954
356,50,356,1405,1.66926938229462,24,3.71090947285087,0.449827567745064,0.489795918367347,-0.0399683506222829
357,50,357,1406,2.18800984794807,20,4.95064348262883,0.441964737639765,0.408163265306122,0.033801472333643
358,50,358,1407,1.85140838404199,21,4.41773036791858,0.419085872122677,0.428571428571429,-0.0094855564487511
359,50,359,1408,2.0328768035953,23,4.32271398537674,0.470277888028747,0.469387755102041,0.000890132926706255
360,50,360,1409,1.71938939068147,22,3.62811822302796,0.473906660419269,0.448979591836735,0.0249270685825344
361,50,361,1410,1.69884888755633,22,3.99577721569646,0.425161062754651,0.448979591836735,-0.0238185290820839
362,50,362,1411,1.77282807701193,22,4.10907246145619,0.431442398166828,0.448979591836735,-0.0175371936699064
363,50,363,1412,2.47383162096021,23,4.76792986122393,0.518848156949434,0.469387755102041,0.0494604018473927
364,50,364,1413,2.11755030003561,22,4.45282491450198,0.475552113701835,0.448979591836735,0.0265725218651003
365,50,365,1414,2.2767144542684,28,4.32148049797231,0.526836683709822,0.571428571428571,-0.0445918877187491
366,50,366,1415,1.90617002647309,20,4.19753041170862,0.454117025848344,0.408163265306122,0.045953760542222
367,50,367,1416,2.03882081983845,23,4.23170831140543,0.481796161220129,0.469387755102041,0.0124084061180882
368,50,368,1417,1.62753630424631,17,4.397911762652,0.370070249718899,0.346938775510204,0.0231314742086951
369,50,369,1418,1.86524601861826,21,4.36929135519789,0.426898979029927,0.428571428571429,-0.0016724495415017
370,50,370,1419,1.741514015133,24,4.15019273302716,0.419622443380537,0.489795918367347,-0.0701734749868098
371,50,371,1420,1.73701119593004,22,3.79363416144032,0.457875251542588,0.448979591836735,0.00889565970585365
372,50,372,1421,1.60853839146654,21,3.97744914637998,0.404414571316525,0.428571428571429,-0.024156857254904
373,50,373,1422,2.03809077843375,26,4.00354027705957,0.509072130512108,0.530612244897959,-0.0215401143858511
374,50,374,1423,1.5866952367877,20,3.70164400949252,0.42864609149847,0.408163265306122,0.020482826192348
375,50,375,1424,2.30791770993819,27,4.12043658285155,0.560114847912788,0.551020408163265,0.00909443974952318
376,50,376,1425,1.71048026533758,18,4.4366790297551,0.385531667687936,0.36734693877551,0.0181847289124253
377,50,377,1426,1.69969369221102,20,4.07565676311692,0.41703553341208,0.408163265306122,0.00887226810595737
378,50,378,1427,2.02757316053823,20,4.46488296988982,0.454115633984527,0.408163265306122,0.0459523686784046
379,50,379,1428,1.84553005387004,22,4.27983821268898,0.431214910974522,0.448979591836735,-0.0177646808622126
380,50,380,1429,1.69293178750247,22,4.27199115108093,0.396286351640525,0.448979591836735,-0.0526932401962093
381,50,381,1430,2.48333964692492,19,4.6846139422011,0.530105506572033,0.387755102040816,0.142350404531217
382,50,382,1431,1.93562814356932,22,4.30341150757833,0.449789228885192,0.448979591836735,0.000809637048457768
383,50,383,1432,1.83748005418915,21,4.02542205772873,0.456468918746352,0.428571428571429,0.0278974901749234
384,50,384,1433,2.3621268243937,28,4.48861890764517,0.526248022609012,0.571428571428571,-0.0451805488195594
385,50,385,1434,1.60139221259469,19,4.15277555011815,0.385619736310847,0.387755102040816,-0.00213536572996975
386,50,386,1435,2.17996331114453,23,4.62069758716836,0.471782294776934,0.469387755102041,0.00239453967489356
387,50,387,1436,1.61006226377293,21,3.99579105517542,0.402939553530344,0.428571428571429,-0.0256318750410842
388,50,388,1437,1.60620232724689,22,3.95602381788453,0.40601432175042,0.448979591836735,-0.0429652700863147
389,50,389,1438,1.851160188134,25,3.99668301777784,0.463174132124005,0.510204081632653,-0.0470299495086485
390,50,390,1439,1.67717456119426,20,4.38037504706329,0.382883781222952,0.408163265306122,-0.0252794840831704
391,50,391,1440,1.83189789984045,21,4.11138744160569,0.44556683743846,0.428571428571429,0.0169954088670312
392,50,392,1441,2.09587192932476,26,4.26695147477555,0.491187195756662,0.530612244897959,-0.039425049141297
393,50,393,1442,1.68535981475991,20,4.72780048565517,0.356478624652952,0.408163265306122,-0.0516846406531707
394,50,394,1443,1.69473086917271,20,4.01765795705779,0.421820594805883,0.408163265306122,0.0136573294997608
395,50,395,1444,2.49927941706857,26,4.91381357861801,0.508623165507123,0.530612244897959,-0.0219890793908365
396,50,396,1445,1.94022052394094,23,4.11932164375318,0.471004862386315,0.469387755102041,0.001617107284274
397,50,397,1446,1.8359073930005,19,4.40013888773047,0.417238509929724,0.387755102040816,0.0294834078889081
398,50,398,1447,1.88466836427096,19,4.29001935630724,0.439314652858174,0.387755102040816,0.0515595508173581
399,50,399,1448,1.86482777898807,22,4.00205563526855,0.465967479950571,0.448979591836735,0.0169878881138362
400,50,400,1449,2.30035070100103,27,4.15255041530906,0.553960932664514,0.551020408163265,0.00294052450124904
401,50,401,1450,2.27699950419957,25,4.02760781903658,0.565347870623668,0.510204081632653,0.0551437889910148
402,50,402,1451,1.48471001692467,18,4.30662179719659,0.344750499774822,0.36734693877551,-0.0225964390006879
403,50,403,1452,1.88064534700747,23,3.9362131430977,0.477780363673968,0.469387755102041,0.00839260857192736
404,50,404,1453,1.48790111875178,25,3.76679027451079,0.395005033548097,0.510204081632653,-0.115199048084556
405,50,405,1454,2.11823902071999,25,4.21296131302738,0.502790997432125,0.510204081632653,-0.00741308420052789
406,50,406,1455,1.65078904276847,21,3.76592570046407,0.438348808253185,0.428571428571429,0.00977737968175635
407,50,407,1456,2.31574807062306,29,4.29184873913265,0.539568892423515,0.591836734693878,-0.0522678422703622
408,50,408,1457,2.36558151747053,28,4.64075961694657,0.509740153062912,0.571428571428571,-0.0616884183656595
409,50,409,1458,2.00081299962725,21,4.19067868440887,0.47744366731602,0.428571428571429,0.0488722387445913
410,50,410,1459,1.71578250035339,26,4.21068664760778,0.407482827374053,0.530612244897959,-0.123129417523906
411,50,411,1460,1.76226808385086,21,4.25443449741978,0.414219113003064,0.428571428571429,-0.0143523155683646
412,50,412,1461,1.80561736128931,24,3.87278230661905,0.466232599287415,0.489795918367347,-0.0235633190799315
413,50,413,1462,1.73633854056635,26,3.60984362565965,0.481001040661161,0.530612244897959,-0.0496112042367985
414,50,414,1463,1.67499585576994,21,4.42511786539115,0.37852005454365,0.428571428571429,-0.0500513740277786
415,50,415,1464,1.79558189809448,26,4.26151238333177,0.421348511180587,0.530612244897959,-0.109263733717372
416,50,416,1465,2.26327655818054,28,4.49211712468285,0.503832935642864,0.571428571428571,-0.0675956357857073
417,50,417,1466,1.60982353315105,20,3.96721413470462,0.405781860643353,0.408163265306122,-0.00238140466276976
418,50,418,1467,1.54640021530602,20,3.73578565942827,0.413942435750633,0.408163265306122,0.00577917044451015
419,50,419,1468,2.55881661735968,27,4.82689163836762,0.530116855539153,0.551020408163265,-0.0209035526241121
420,50,420,1469,1.75230135410351,24,4.00033574615972,0.438038571083864,0.489795918367347,-0.051757347283483
421,50,421,1470,1.73900805822356,23,4.31244039462129,0.40325381897279,0.469387755102041,-0.0661339361292511
422,50,422,1471,1.97005203802102,20,4.36338218415872,0.451496558145491,0.408163265306122,0.043333292839369
423,50,423,1472,1.81704737489802,21,4.04633803589735,0.449059707512809,0.428571428571429,0.0204882789413804
424,50,424,1473,1.77953927231393,21,4.13277042893595,0.430592335798363,0.428571428571429,0.00202090722693432
425,50,425,1474,1.79517643955462,24,4.00310078125055,0.448446476282272,0.489795918367347,-0.0413494420850751
426,50,426,1475,1.5615139718826,19,3.90703464914148,0.399667295560259,0.387755102040816,0.0119121935194423
427,50,427,1476,2.53885994838539,26,4.5961430034894,0.552389241687624,0.530612244897959,0.0217769967896649
428,50,428,1477,1.60453829763747,21,4.22562611468894,0.379716106936164,0.428571428571429,-0.0488553216352646
429,50,429,1478,2.5544466142578,30,4.09638353844792,0.623585802032993,0.612244897959184,0.0113409040738097
430,50,430,1479,1.75651703386632,20,4.5088605345211,0.389570052215617,0.408163265306122,-0.0185932130905052
431,50,431,1480,1.63361306844745,23,4.25642992809333,0.383798886871192,0.469387755102041,-0.0855888682308488
432,50,432,1481,2.57984397902388,25,4.63742996960992,0.556308989231137,0.510204081632653,0.0461049075984841
433,50,433,1482,2.62343327307613,28,4.33260144306733,0.605509947672185,0.571428571428571,0.0340813762436135
434,50,434,1483,1.54031225785063,19,4.00923225157862,0.384191326717014,0.387755102040816,-0.00356377532380281
435,50,435,1484,1.55901707133005,23,3.8832203103781,0.401475308306228,0.469387755102041,-0.0679124467958128
436,50,436,1485,1.66790958036623,19,4.68520349828802,0.355995119737208,0.387755102040816,-0.0317599823036087
437,50,437,1486,2.09622939407501,25,3.89987974847885,0.537511289903912,0.510204081632653,0.0273072082712584
438,50,438,1487,2.44483997150606,28,4.28974890904208,0.56992612466262,0.571428571428571,-0.00150244676595124
439,50,439,1488,1.61012004946201,16,4.48339964984023,0.359129271359824,0.326530612244898,0.0325986591149264
440,50,440,1489,1.71288829524781,21,4.47379210892309,0.382871678778148,0.428571428571429,-0.0456997497932805
441,50,441,1490,1.43795653249215,18,4.06452912715864,0.353781825029599,0.36734693877551,-0.0135651137459109
442,50,442,1491,1.90228214725626,21,4.03867750114226,0.471016105326121,0.428571428571429,0.0424446767546925
443,50,443,1492,1.67266672398949,21,4.20719013917637,0.39757336099788,0.428571428571429,-0.0309980675735488
444,50,444,1493,2.20320392577048,23,4.27883241412237,0.514907739433487,0.469387755102041,0.0455199843314464
445,50,445,1494,1.73410181278721,24,4.3817778214157,0.39575302159591,0.489795918367347,-0.0940428967714369
446,50,446,1495,1.89212098514395,21,4.12502105105151,0.458693655553984,0.428571428571429,0.0301222269825551
447,50,447,1496,1.72079186553343,22,4.2942025121635,0.400724432687842,0.448979591836735,-0.0482551591488924
448,50,448,1497,1.67391890149824,22,4.17486809673301,0.400951326536074,0.448979591836735,-0.0480282653006605
449,50,449,1498,1.5486978124795,21,3.93393563666688,0.393676449112336,0.428571428571429,-0.0348949794590925
450,50,450,1499,1.56853800585489,19,4.00943324489056,0.391211902044701,0.387755102040816,0.00345680000388476
451,50,451,1500,1.99060927293239,22,4.39283899279092,0.453148698643219,0.448979591836735,0.00416910680648414
452,50,452,1501,2.16860152800296,25,4.04794428396598,0.535729095035437,0.510204081632653,0.0255250134027842
453,50,453,1502,1.72160349106005,20,3.99337034481557,0.431115409392254,0.408163265306122,0.0229521440861318
454,50,454,1503,2.02095856311317,27,3.88480845313708,0.5202209034222,0.551020408163265,-0.0307995047410657
455,50,455,1504,1.73191184276899,19,4.6652736683242,0.371234779757541,0.387755102040816,-0.0165203222832749
456,50,456,1505,1.6545200861086,23,3.7417419169846,0.4421791034273,0.469387755102041,-0.0272086516747404
457,50,457,1506,1.86198821643153,22,4.59299810819177,0.405397122439613,0.448979591836735,-0.0435824693971217
458,50,458,1507,1.89852723272837,21,4.37231343467677,0.434215721515107,0.428571428571429,0.0056442929436788
459,50,459,1508,1.90175403667025,23,4.01862427963279,0.473235093489265,0.469387755102041,0.00384733838722418
460,50,460,1509,2.45938104735977,32,3.96911908336435,0.619628939244404,0.653061224489796,-0.0334322852453917
461,50,461,1510,1.86503820101158,21,4.41860321490204,0.422087730059494,0.428571428571429,-0.00648369851193425
462,50,462,1511,1.86603271163287,24,4.12021033095996,0.45289744011639,0.489795918367347,-0.0368984782509568
463,50,463,1512,1.51558190669451,21,3.91428030437224,0.387192993052034,0.428571428571429,-0.0413784355193949
464,50,464,1513,2.27374077277267,27,4.43030664766724,0.513224242382838,0.551020408163265,-0.037796165780427
465,50,465,1514,2.1492775766656,27,4.44682391765549,0.483328689524269,0.551020408163265,-0.0676917186389961
466,50,466,1515,2.36681340708869,28,4.17076859257657,0.567476558469657,0.571428571428571,-0.00395201295891401
467,50,467,1516,1.82724651160291,22,4.17895737545035,0.437249377640755,0.448979591836735,-0.0117302141959797
468,50,468,1517,2.30154604584542,24,4.22014696419422,0.54537106536167,0.489795918367347,0.0555751469943228
469,50,469,1518,2.33718733851786,25,4.64820772109227,0.502814736078243,0.510204081632653,-0.00738934555441029
470,50,470,1519,1.67740168845732,18,4.47930771247216,0.374477887238417,0.36734693877551,0.00713094846290702
471,50,471,1520,1.97056064064828,23,4.20947874715748,0.468124620412666,0.469387755102041,-0.00126313468937489
472,50,472,1521,1.84329074999974,18,4.26393313305207,0.432298230877823,0.36734693877551,0.0649512921023124
473,50,473,1522,2.55282693996334,26,4.92518810630945,0.518320698592816,0.530612244897959,-0.0122915463051433
474,50,474,1523,2.40424870017758,28,4.2663258166794,0.563540808528515,0.571428571428571,-0.00788776290005666
475,50,475,1524,1.66857146126405,18,4.09325394127136,0.407639370829214,0.36734693877551,0.0402924320537035
476,50,476,1525,1.5939589844373,20,3.73119360776887,0.427198144078736,0.408163265306122,0.0190348787726134
477,50,477,1526,1.79573489859899,24,3.98863598413423,0.450212780946158,0.489795918367347,-0.039583137421189
478,50,478,1527,1.78570161836692,20,4.80104316643984,0.371940338060132,0.408163265306122,-0.0362229272459903
479,50,479,1528,1.99762342607843,24,4.24458688257767,0.47062846899845,0.489795918367347,-0.0191674493688972
480,50,480,1529,2.3650218272153,23,4.4553722929747,0.530824737350119,0.469387755102041,0.0614369822480783
481,50,481,1530,2.54543108702608,28,4.68779483258781,0.542991145715506,0.571428571428571,-0.0284374257130651
482,50,482,1531,2.40226613280944,25,4.81489993223993,0.498923376729843,0.510204081632653,-0.0112807049028101
483,50,483,1532,1.85051832111685,22,4.3435027035712,0.42604286158159,0.448979591836735,-0.0229367302551452
484,50,484,1533,1.84843396823473,20,4.20173592259277,0.439921499658198,0.408163265306122,0.0317582343520755
485,50,485,1534,2.96812272604564,33,4.2995227395613,0.690337720216008,0.673469387755102,0.0168683324609064
486,50,486,1535,2.03953353760345,23,4.52067678466996,0.45115668178705,0.469387755102041,-0.0182310733149914
487,50,487,1536,1.72682821595179,21,4.63279067035688,0.372740393171868,0.428571428571429,-0.0558310353995604
488,50,488,1537,1.66180979017753,22,4.28380902513742,0.38792807532409,0.448979591836735,-0.0610515165126443
489,50,489,1538,2.09407553676529,25,4.06076565184581,0.515684901888746,0.510204081632653,0.00548082025609287
490,50,490,1539,2.14582651351394,21,4.40274300872545,0.487384003395449,0.428571428571429,0.0588125748240205
491,50,491,1540,2.87909208801825,28,5.02866280548392,0.572536318179557,0.571428571428571,0.00110774675098579
492,50,492,1541,2.07504750010959,24,4.27595527691675,0.48528278845934,0.489795918367347,-0.0045131299080074
493,50,493,1542,1.6342430198609,18,4.44039472835167,0.368040032438185,0.36734693877551,0.000693093662674893
494,50,494,1543,1.88248287128704,21,3.9622709591078,0.475102003551753,0.428571428571429,0.0465305749803244
495,50,495,1544,1.66285190393088,20,4.33823509620729,0.383301473307574,0.408163265306122,-0.0248617919985489
496,50,496,1545,1.84048206703912,26,3.75064963981942,0.490710208572755,0.530612244897959,-0.0399020363252042
497,50,497,1546,1.91941195739311,20,4.59232983211961,0.417960387768401,0.408163265306122,0.00979712246227904
498,50,498,1547,1.67734225643086,24,3.62298379941451,0.462972607468444,0.489795918367347,-0.0268233108989028
499,50,499,1548,1.73510289596885,19,4.47328123059956,0.387881469222155,0.387755102040816,0.000126367181338793
500,50,500,1549,1.54583689714535,19,4.43323802339753,0.348692510753271,0.387755102040816,-0.0390625912875455
501,50,501,1550,2.33143271013908,23,4.35820556556407,0.534952442023539,0.469387755102041,0.0655646869214986
502,50,502,1551,2.55117858165234,28,4.16041150362261,0.613203424572532,0.571428571428571,0.0417748531439608
503,50,503,1552,1.74264155970605,22,3.79383920389937,0.459334585903098,0.448979591836735,0.0103549940663632
504,50,504,1553,1.86709492118351,25,4.07987895501845,0.45763488127188,0.510204081632653,-0.0525692003607726
505,50,505,1554,2.29529030603377,28,4.18400180238822,0.548587312922193,0.571428571428571,-0.0228412585063785
506,50,506,1555,2.94593966821004,33,4.39244499432363,0.670683337416197,0.673469387755102,-0.00278605033890522
507,50,507,1556,2.00622616402307,29,3.48218066486073,0.576140745443865,0.591836734693878,-0.0156959892500123
508,50,508,1557,2.47858782134796,25,4.54251486058775,0.545642204245263,0.510204081632653,0.0354381226126099
509,50,509,1558,1.78761546518934,23,4.16717701761747,0.428975168952958,0.469387755102041,-0.0404125861490827
510,50,510,1559,1.49819271736324,18,4.38789711210367,0.341437522140297,0.36734693877551,-0.0259094166352132
511,50,511,1560,1.37656673191096,17,4.29182595685414,0.320741508567596,0.346938775510204,-0.0261972669426084
512,50,512,1561,2.10278492816695,25,4.24804761886923,0.495000319400065,0.510204081632653,-0.0152037622325886
513,50,513,1562,1.95190279459827,26,3.98575311533131,0.489719944542029,0.530612244897959,-0.0408923003559303
514,50,514,1563,1.77123365047383,22,4.18193276249962,0.423544267941584,0.448979591836735,-0.0254353238951506
515,50,515,1564,1.67092179755869,20,4.23349690986304,0.39469068553371,0.408163265306122,-0.0134725797724125
516,50,516,1565,1.43375122951929,17,4.16083994309636,0.344582163487965,0.346938775510204,-0.0023566120222388
517,50,517,1566,1.72241956810778,18,4.15071665648393,0.414969199455509,0.36734693877551,0.0476222606799989
518,50,518,1567,1.94829673140335,25,4.13396923070903,0.471289606349873,0.510204081632653,-0.0389144752827803
519,50,519,1568,1.62490847057303,23,3.71107892214938,0.437853385675752,0.469387755102041,-0.0315343694262892
520,50,520,1569,2.08232221415008,27,4.19614825828031,0.496246101419559,0.551020408163265,-0.0547743067437062
521,50,521,1570,2.06869310628181,24,4.12087763796668,0.502003041105229,0.489795918367347,0.0122071227378818
522,50,522,1571,1.84258186725548,22,4.07147014645271,0.452559346127304,0.448979591836735,0.00357975429056973
523,50,523,1572,2.26820167038662,28,4.34205876475379,0.52237931204398,0.571428571428571,-0.0490492593845915
524,50,524,1573,1.60244803092752,19,4.39715875204577,0.364428059410405,0.387755102040816,-0.0233270426304114
525,50,525,1574,1.68758594016655,20,4.51949396195357,0.37340152556307,0.408163265306122,-0.0347617397430521
526,50,526,1575,1.9298623870341,20,4.61281829233426,0.418369479292347,0.408163265306122,0.0102062139862241
527,50,527,1576,1.55590841427565,19,4.04042247253771,0.385085575790892,0.387755102040816,-0.00266952624992384
528,50,528,1577,1.67692220344643,21,4.5103088340744,0.371797645158499,0.428571428571429,-0.05677378341293
529,50,529,1578,1.77205822738887,18,4.42890935391498,0.400111649569535,0.36734693877551,0.0327647107940252
530,50,530,1579,1.65089490926228,24,4.27254576234803,0.386396074165162,0.489795918367347,-0.103399844202185
531,50,531,1580,1.97986966560727,21,4.35403649985218,0.454720502612802,0.428571428571429,0.0261490740413737
532,50,532,1581,1.83057282955262,20,4.42475038002238,0.413712113075937,0.408163265306122,0.00554884776981462
533,50,533,1582,1.97718020311574,22,4.85318782305808,0.407398245277447,0.448979591836735,-0.0415813465592874
534,50,534,1583,1.74192888231653,18,4.16058297362115,0.418674232279627,0.36734693877551,0.0513272935041171
535,50,535,1584,1.67195310440699,23,3.91133184870211,0.42746388419121,0.469387755102041,-0.041923870910831
536,50,536,1585,1.78519227476202,21,4.13355520828938,0.431878173825287,0.428571428571429,0.00330674525385827
537,50,537,1586,1.69937826780264,20,4.14201946941551,0.410277711235009,0.408163265306122,0.00211444592888649
538,50,538,1587,1.87672154623379,26,4.1441746701693,0.452857732986704,0.530612244897959,-0.0777545119112557
539,50,539,1588,2.08672827160395,24,4.69938446194185,0.444042892958301,0.489795918367347,-0.0457530254090464
540,50,540,1589,1.83752724444843,20,4.11616254315143,0.446417561304947,0.408163265306122,0.0382542959988244
541,50,541,1590,1.95287012355671,23,4.69390037310507,0.416044220867189,0.469387755102041,-0.0533435342348517
542,50,542,1591,2.40439878030387,26,4.25419564868951,0.565182934415473,0.530612244897959,0.0345706895175136
543,50,543,1592,1.64338503267286,22,4.19275298414196,0.391958467118992,0.448979591836735,-0.0570211247177428
544,50,544,1593,2.2429189339651,25,4.58164238794386,0.489544740520806,0.510204081632653,-0.0206593411118472
545,50,545,1594,1.63894655667934,22,3.89331553654547,0.42096422478348,0.448979591836735,-0.0280153670532546
546,50,546,1595,1.46255962443169,20,4.09139760248781,0.357471887734002,0.408163265306122,-0.0506913775721203
547,50,547,1596,1.71090055323165,21,4.47130868563595,0.382639775850839,0.428571428571429,-0.04593165272059
548,50,548,1597,2.3198004157041,27,4.22793638364878,0.548683850749447,0.551020408163265,-0.00233655741381866
549,50,549,1598,1.40215673838557,19,3.98004587581446,0.35229662725901,0.387755102040816,-0.0354584747818064
550,50,550,1599,1.77133342344324,20,3.756255521521,0.47156893701576,0.408163265306122,0.0634056717096375
551,50,551,1600,1.89734845596158,25,4.02961743343087,0.470850766184559,0.510204081632653,-0.0393533154480945
552,50,552,1601,2.07688865130987,26,4.05087187374765,0.512701639558016,0.530612244897959,-0.0179106053399436
553,50,553,1602,1.59053903248027,16,4.71160451933776,0.337579061644976,0.326530612244898,0.0110484494000781
554,50,554,1603,1.62401899809304,21,3.99814376721543,0.406193246828668,0.428571428571429,-0.0223781817427608
555,50,555,1604,2.19411509814817,23,4.28686916948604,0.511822267347438,0.469387755102041,0.042434512245397
556,50,556,1605,1.87491187794238,23,4.29823175284483,0.436205394625697,0.469387755102041,-0.0331823604763442
557,50,557,1606,1.65197439544947,19,4.5251575463964,0.36506450405578,0.387755102040816,-0.0226905979850368
558,50,558,1607,1.76778819425268,22,4.29272576048005,0.411810186089081,0.448979591836735,-0.0371694057476538
559,50,559,1608,1.74849878255967,18,4.50450990881394,0.388166264023173,0.36734693877551,0.0208193252476623
560,50,560,1609,1.59366997676093,21,4.12585347547503,0.38626431748826,0.428571428571429,-0.0423071110831686
561,50,561,1610,1.80844696316907,23,4.30658233253916,0.419926248595093,0.469387755102041,-0.0494615065069483
562,50,562,1611,1.74701036657774,22,4.02810354187339,0.43370542698742,0.448979591836735,-0.0152741648493152
563,50,563,1612,1.53515427996288,19,4.1988284277862,0.365614910531669,0.387755102040816,-0.0221401915091476
564,50,564,1613,2.01039798219825,23,4.55979667739083,0.440896409299684,0.469387755102041,-0.0284913458023571
565,50,565,1614,2.02618428158247,22,4.45433530929021,0.454879155001318,0.448979591836735,0.00589956316458312
566,50,566,1615,2.03356551731878,24,4.18738608726698,0.48564079713176,0.489795918367347,-0.00415512123558681
567,50,567,1616,1.81440115803743,21,4.5894206922828,0.395344266671474,0.428571428571429,-0.033227161899955
568,50,568,1617,1.60853978720734,18,4.59929549538333,0.349736125635319,0.36734693877551,-0.017610813140191
569,50,569,1618,1.91929786017492,25,4.18869514365488,0.458209011243588,0.510204081632653,-0.0519950703890654
570,50,570,1619,1.84528750059737,22,4.15076976669586,0.44456512991957,0.448979591836735,-0.00441446191716427
571,50,571,1620,1.52217128129174,22,3.92909135042006,0.387410509335448,0.448979591836735,-0.0615690825012872
572,50,572,1621,2.67157884375446,33,4.20858733730734,0.634792301937528,0.673469387755102,-0.0386770858175736
573,50,573,1622,2.22015271437808,26,4.37763122039781,0.507158461414739,0.530612244897959,-0.0234537834832207
574,50,574,1623,1.6769761882556,25,4.00367121124773,0.418859616530044,0.510204081632653,-0.0913444651026091
575,50,575,1624,1.80647876118174,25,4.35674433386007,0.414639607640506,0.510204081632653,-0.0955644739921473
576,50,576,1625,2.05582159705703,22,4.2690096003566,0.481568745332711,0.448979591836735,0.0325891534959768
577,50,577,1626,1.73267356861781,21,4.20966834738595,0.411593841993214,0.428571428571429,-0.0169775865782144
578,50,578,1627,1.88182137786619,22,4.27079808022337,0.440625228006043,0.448979591836735,-0.00835436383069194
579,50,579,1628,1.58121606341953,21,4.52488249251662,0.349449088685639,0.428571428571429,-0.07912233988579
580,50,580,1629,2.09072030883328,23,4.51850828970524,0.462701443659334,0.469387755102041,-0.00668631144270704
581,50,581,1630,1.55168907456856,20,3.92184456948971,0.395652873813522,0.408163265306122,-0.0125103914926004
582,50,582,1631,1.56401676334833,19,4.57496087652416,0.341864511098638,0.387755102040816,-0.0458905909421785
583,50,583,1632,1.94449192742534,22,4.28106207003332,0.454207833387056,0.448979591836735,0.0052282415503212
584,50,584,1633,2.03629003566565,24,4.2356884320886,0.480745944446524,0.489795918367347,-0.00904997392082268
585,50,585,1634,1.75210529120325,25,4.23676307634059,0.413548093115603,0.510204081632653,-0.0966559885170502
586,50,586,1635,1.64536867702273,20,3.96338275998906,0.415142512510517,0.408163265306122,0.00697924720439491
587,50,587,1636,1.90830262495633,25,4.25262463949122,0.448735260393128,0.510204081632653,-0.0614688212395251
588,50,588,1637,1.80176191814707,21,4.43363747116017,0.406384583734491,0.428571428571429,-0.0221868448369375
589,50,589,1638,1.78997720432171,20,4.55974743537073,0.392560603343193,0.408163265306122,-0.0156026619629298
590,50,590,1639,1.7608790144785,19,4.18300529095193,0.42096026468993,0.387755102040816,0.0332051626491137
591,50,591,1640,2.28958391693476,27,4.03960467814515,0.566784153241961,0.551020408163265,0.0157637450786955
592,50,592,1641,1.5477623140652,18,3.99706231071998,0.387224965173586,0.36734693877551,0.0198780263980761
593,50,593,1642,1.5806272223179,23,4.08544176977,0.386892608288696,0.469387755102041,-0.0824951468133452
594,50,594,1643,1.99015482513772,22,4.04910807609516,0.491504496233889,0.448979591836735,0.0425249043971541
595,50,595,1644,2.06332191932706,25,4.41078615404068,0.467790059927722,0.510204081632653,-0.0424140217049307
596,50,596,1645,1.822422248108,20,4.18236796720081,0.435739337714878,0.408163265306122,0.0275760724087553
597,50,597,1646,2.38705828072387,25,4.26936856937702,0.559112721690409,0.510204081632653,0.0489086400577559
598,50,598,1647,2.0114765342825,25,4.22558453827198,0.476023261649163,0.510204081632653,-0.0341808199834897
599,50,599,1648,1.59082674271998,27,3.91278367724391,0.406571605778248,0.551020408163265,-0.144448802385017
600,50,600,1649,1.52425986218812,20,3.97198065767514,0.383753092866341,0.408163265306122,-0.0244101724397817
601,50,601,1650,2.33978962988551,24,4.60328255591244,0.50828720624162,0.489795918367347,0.0184912878742726
602,50,602,1651,1.93041722080142,21,4.00166958888452,0.482402951548915,0.428571428571429,0.0538315229774864
603,50,603,1652,1.55252159546152,19,4.20279138394462,0.369402488401498,0.387755102040816,-0.018352613639318
604,50,604,1653,2.05753080303585,27,3.8089573033046,0.540182165142875,0.551020408163265,-0.0108382430203905
605,50,605,1654,2.25104051724247,22,4.60765616992092,0.488543509808177,0.448979591836735,0.0395639179714423
606,50,606,1655,1.99698575134667,21,4.05743735847462,0.49217907139728,0.428571428571429,0.0636076428258515
607,50,607,1656,1.60589685082505,25,3.70123001815146,0.433881937342306,0.510204081632653,-0.0763221442903466
608,50,608,1657,1.74779480973945,22,4.02762971662152,0.433951215159259,0.448979591836735,-0.0150283766774753
609,50,609,1658,1.9432107293404,25,4.33069104069394,0.448706848648576,0.510204081632653,-0.0614972329840767
610,50,610,1659,1.54240188225105,19,3.90662665413554,0.394816812253679,0.387755102040816,0.00706171021286223
611,50,611,1660,2.36221702144402,23,4.60806752498605,0.512626390267831,0.469387755102041,0.0432386351657898
612,50,612,1661,1.74692094782904,21,4.04769614113339,0.431584013947225,0.428571428571429,0.00301258537579596
613,50,613,1662,1.64717436421848,23,4.34332943867065,0.379242327223197,0.469387755102041,-0.0901454278788434
614,50,614,1663,1.79712866879029,22,4.17684131408167,0.430260221457661,0.448979591836735,-0.0187193703790734
615,50,615,1664,2.39488265265163,23,4.64002237304276,0.516136014034162,0.469387755102041,0.0467482589321216
616,50,616,1665,1.98904682792154,26,3.68017721039845,0.540475828800153,0.530612244897959,0.00986358390219422
617,50,617,1666,1.70136273392005,22,4.6297990492757,0.367480902694084,0.448979591836735,-0.0814986891426508
618,50,618,1667,1.71452831784337,19,4.77616920332715,0.358975623528791,0.387755102040816,-0.0287794785120252
619,50,619,1668,2.2770704752446,23,4.0734898907109,0.558997453372152,0.469387755102041,0.089609698270111
620,50,620,1669,2.24340299808838,25,4.27361339427047,0.524942897524622,0.510204081632653,0.0147388158919692
621,50,621,1670,1.83808565890143,22,4.47291399453051,0.410936955449858,0.448979591836735,-0.0380426363868764
622,50,622,1671,2.22579122745496,25,4.43823638530255,0.501503532985712,0.510204081632653,-0.00870054864694125
623,50,623,1672,1.69885139682769,21,4.03019568750266,0.421530746533153,0.428571428571429,-0.00704068203827546
624,50,624,1673,2.11494390475903,25,3.7532613517168,0.563494973189549,0.510204081632653,0.0532908915568961
625,50,625,1674,1.77484442962832,25,4.27661640228568,0.415011369427413,0.510204081632653,-0.0951927122052401
626,50,626,1675,1.60474896585052,22,3.82714389559191,0.419307193465829,0.448979591836735,-0.0296723983709061
627,50,627,1676,1.75968940513134,22,3.88700028257522,0.452711416826938,0.448979591836735,0.00373182499020291
628,50,628,1677,1.85703760818796,21,4.12264167975469,0.450448463010364,0.428571428571429,0.0218770344389352
629,50,629,1678,2.10601766706617,24,4.49407657159009,0.468620779712486,0.489795918367347,-0.0211751386548605
630,50,630,1679,1.76268248424198,20,3.90966725941851,0.450852302071389,0.408163265306122,0.042689036765267
631,50,631,1680,1.9800534158871,22,4.40184722728139,0.449823293188209,0.448979591836735,0.000843701351473936
632,50,632,1681,2.22785914138254,30,4.01471323671439,0.554923604756837,0.612244897959184,-0.0573212932023466
633,50,633,1682,1.69214041149219,19,4.60025000238546,0.367836619882556,0.387755102040816,-0.0199184821582604
634,50,634,1683,2.06186721164073,25,3.76375136791351,0.547822374564491,0.510204081632653,0.0376182929318375
635,50,635,1684,1.72870683639655,18,4.21729937800639,0.409908493907717,0.36734693877551,0.0425615551322066
636,50,636,1685,1.86257392050051,23,4.18947750970048,0.444583821297007,0.469387755102041,-0.0248039338050343
637,50,637,1686,1.6437366653572,19,4.06463323663331,0.404399750152782,0.387755102040816,0.0166446481119654
638,50,638,1687,1.60610050048499,19,3.97669658627388,0.403878059500106,0.387755102040816,0.0161229574592899
639,50,639,1688,2.19859903815792,24,4.65808427092159,0.471996406738029,0.489795918367347,-0.0177995116293175
640,50,640,1689,1.9142899030683,19,4.16412055769051,0.459710490257755,0.387755102040816,0.071955388216939
641,50,641,1690,1.58772799060602,17,3.94402211998213,0.402565691141007,0.346938775510204,0.0556269156308029
642,50,642,1691,2.17456480389354,24,4.54856951839425,0.478076633785563,0.489795918367347,-0.0117192845817839
643,50,643,1692,1.9192212152826,22,4.51874066780117,0.424724797543317,0.448979591836735,-0.0242547942934178
644,50,644,1693,2.13156906907303,23,4.36073230651497,0.488809887708183,0.469387755102041,0.0194221326061421
645,50,645,1694,1.77260503117913,21,4.30209732073436,0.412032759611433,0.428571428571429,-0.016538668959996
646,50,646,1695,1.98808844126774,21,4.87096704550041,0.408150665503732,0.428571428571429,-0.0204207630676964
647,50,647,1696,1.45679703617299,17,4.28256828964245,0.340169014863419,0.346938775510204,-0.00676976064678547
648,50,648,1697,1.7340056783281,21,4.68711246235602,0.369951797029527,0.428571428571429,-0.0586196315419018
649,50,649,1698,1.67042161149514,21,4.15212839381315,0.402304903187518,0.428571428571429,-0.0262665253839104
650,50,650,1699,2.04271874380999,21,4.21018600641211,0.485184915986832,0.428571428571429,0.0566134874154034
651,50,651,1700,2.09048393990067,29,3.95135736698811,0.52905463762042,0.591836734693878,-0.0627820970734579
652,50,652,1701,2.06738284599461,26,4.32952806748416,0.477507666833522,0.530612244897959,-0.053104578064437
653,50,653,1702,2.02968962977868,25,3.99839126086272,0.507626567126084,0.510204081632653,-0.00257751450656951
654,50,654,1703,1.59694463698873,19,4.6838155402248,0.34094951504262,0.387755102040816,-0.0468055869981966
655,50,655,1704,1.75736895732946,24,4.26280349384423,0.412256619350909,0.489795918367347,-0.0775392990164382
656,50,656,1705,1.56196021662042,19,4.08007667564506,0.382826191954707,0.387755102040816,-0.00492891008610918
657,50,657,1706,2.3959387951748,23,4.59564215465614,0.521350164905098,0.469387755102041,0.0519624098030576
658,50,658,1707,1.82933449295599,18,4.53934129940212,0.402995582904712,0.36734693877551,0.0356486441292016
659,50,659,1708,1.51230276455118,20,4.17439706061625,0.36228052640683,0.408163265306122,-0.0458827388992926
660,50,660,1709,1.62554318153261,18,4.35017642959904,0.373672932084374,0.36734693877551,0.00632599330886346
661,50,661,1710,1.82798800539108,24,4.33052744318113,0.422116711965292,0.489795918367347,-0.0676792064020554
662,50,662,1711,1.68568626383825,21,4.04152120341174,0.417092025254065,0.428571428571429,-0.0114794033173634
663,50,663,1712,1.86472083340313,20,4.25709317280339,0.43802678440678,0.408163265306122,0.0298635191006575
664,50,664,1713,1.85123104179731,22,4.57958469510703,0.404235572665621,0.448979591836735,-0.0447440191711134
665,50,665,1714,1.57273232480555,19,4.21773379692185,0.372885630182101,0.387755102040816,-0.014869471858715
666,50,666,1715,1.68951387793344,21,4.08674074452471,0.413413520345523,0.428571428571429,-0.015157908225906
667,50,667,1716,1.98028640950089,20,4.5372438600849,0.436451394407493,0.408163265306122,0.028288129101371
668,50,668,1717,1.74148500718926,22,4.15319058968486,0.419312566949017,0.448979591836735,-0.029667024887718
669,50,669,1718,1.65165670952233,20,4.15682836196821,0.397335796838214,0.408163265306122,-0.0108274684679084
670,50,670,1719,2.17414880343036,25,4.3044128715797,0.505097644741606,0.510204081632653,-0.00510643689104728
671,50,671,1720,1.80242087713488,20,4.36439835699092,0.412982667873969,0.408163265306122,0.00481940256784685
672,50,672,1721,2.38413318137337,25,4.3687640131194,0.545722582912197,0.510204081632653,0.0355185012795441
673,50,673,1722,2.02611623683958,28,3.89447791183371,0.520253621334724,0.571428571428571,-0.0511749500938476
674,50,674,1723,2.06941166596901,22,4.4056007741666,0.469722921355823,0.448979591836735,0.0207433295190888
675,50,675,1724,1.84032366055709,26,3.74606260693481,0.491268794373654,0.530612244897959,-0.0393434505243056
676,50,676,1725,1.91152490560068,25,4.23566323786487,0.451292937670903,0.510204081632653,-0.0589111439617502
677,50,677,1726,1.52788309130329,20,4.19356054468664,0.364340296276194,0.408163265306122,-0.0438229690299285
678,50,678,1727,2.11409625845618,20,4.43291317713703,0.476909015353547,0.408163265306122,0.0687457500474241
679,50,679,1728,1.95101301416982,21,3.59648502486458,0.542477724967947,0.428571428571429,0.113906296396518
680,50,680,1729,1.728057312811,24,4.02603073928038,0.429221092613883,0.489795918367347,-0.0605748257534636
681,50,681,1730,2.34285092146911,24,4.1382613375409,0.566143781257979,0.489795918367347,0.0763478628906318
682,50,682,1731,1.83103583399243,18,4.46839847091653,0.409774518971416,0.36734693877551,0.042427580195906
683,50,683,1732,1.68884757306444,22,4.09056237371058,0.412864398283817,0.448979591836735,-0.036115193552918
684,50,684,1733,1.7139488923775,23,4.08824454666135,0.419238348590762,0.469387755102041,-0.0501494065112786
685,50,685,1734,2.04600754998718,20,4.44941456018474,0.459837473517466,0.408163265306122,0.0516742082113437
686,50,686,1735,2.09323324213241,25,4.4659947033039,0.468704819686386,0.510204081632653,-0.0414992619462674
687,50,687,1736,1.57021781214697,21,3.52352916288668,0.445637807879119,0.428571428571429,0.0170663793076907
688,50,688,1737,1.69792456666978,22,4.10814373025189,0.413307001448478,0.448979591836735,-0.0356725903882564
689,50,689,1738,1.88686181405848,26,4.09130364233771,0.461188408147667,0.530612244897959,-0.069423836750292
690,50,690,1739,1.75466607895072,22,4.1504652917896,0.422763703727816,0.448979591836735,-0.0262158881089192
691,50,691,1740,1.66749131394635,22,3.97725451284177,0.419256878975772,0.448979591836735,-0.0297227128609628
692,50,692,1741,1.74419109347789,22,3.93480668796361,0.443272371883805,0.448979591836735,-0.0057072199529295
693,50,693,1742,1.82775226052151,22,4.3552307345347,0.419668295878882,0.448979591836735,-0.0293112959578524
694,50,694,1743,2.07784565178287,19,4.69109221007931,0.442934301593645,0.387755102040816,0.0551791995528286
695,50,695,1744,2.06012759978706,22,4.0158464707124,0.512999591695446,0.448979591836735,0.0640199998587114
696,50,696,1745,1.80586506600842,20,4.00553140650939,0.450842817777864,0.408163265306122,0.0426795524717411
697,50,697,1746,1.83596080994152,25,3.97407121397595,0.46198487925552,0.510204081632653,-0.0482192023771327
698,50,698,1747,2.16708881899467,25,4.29491472456094,0.50457086065107,0.510204081632653,-0.00563322098158325
699,50,699,1748,2.33535744082122,27,4.07984653687435,0.572413060078084,0.551020408163265,0.021392651914819
700,50,700,1749,2.13788491219352,25,4.2306074677388,0.505337573503644,0.510204081632653,-0.00486650812900957
701,50,701,1750,1.64460830564247,20,3.97771581924382,0.413455455436512,0.408163265306122,0.00529219013038951
702,50,702,1751,1.72483927992872,20,3.98435805992317,0.432902679424846,0.408163265306122,0.0247394141187232
703,50,703,1752,2.34579315838266,22,4.8414362558123,0.484524226786309,0.448979591836735,0.0355446349495745
704,50,704,1753,1.9839895286749,25,4.06995089027468,0.487472596638876,0.510204081632653,-0.0227314849937767
705,50,705,1754,2.09364902637304,26,4.11911054393592,0.508276970001515,0.530612244897959,-0.0223352748964438
706,50,706,1755,2.57986102238135,29,4.67212593803694,0.552181395920444,0.591836734693878,-0.0396553387734334
707,50,707,1756,1.55794834241883,25,3.53564091852076,0.440640997862035,0.510204081632653,-0.069563083770618
708,50,708,1757,2.17003765465714,26,4.36592498731269,0.497039610383421,0.530612244897959,-0.0335726345145382
709,50,709,1758,1.68660961953519,20,4.00558534154497,0.421064457681647,0.408163265306122,0.0129011923755242
710,50,710,1759,1.53431941403446,19,4.3995619682972,0.348743676095623,0.387755102040816,-0.0390114259451929
711,50,711,1760,1.98870423560963,27,4.30776786999708,0.461655385254308,0.551020408163265,-0.089365022908957
712,50,712,1761,2.10217497325536,25,4.57158212123741,0.459835329981201,0.510204081632653,-0.0503687516514524
713,50,713,1762,1.83174773019454,20,4.00647508373339,0.457196835600347,0.408163265306122,0.0490335702942246
714,50,714,1763,1.9530834113255,22,4.40252699413422,0.44362781055692,0.448979591836735,-0.00535178127981462
715,50,715,1764,1.68625171565059,20,4.33850176339914,0.388671437194356,0.408163265306122,-0.0194918281117666
716,50,716,1765,1.94104374555467,21,4.00403701974303,0.484771678179748,0.428571428571429,0.0562002496083199
717,50,717,1766,1.80840188713789,22,3.8964972112041,0.464109632091602,0.448979591836735,0.0151300402548671
718,50,718,1767,2.35238315760806,31,3.694322344402,0.636756335345946,0.63265306122449,0.00410327412145628
719,50,719,1768,1.34971290742568,18,3.84430850974665,0.351093806338304,0.36734693877551,-0.0162531324372067
720,50,720,1769,1.93131727546485,21,4.35362615716859,0.443611188867188,0.428571428571429,0.0150397602957597
721,50,721,1770,1.62876662183121,20,4.45073157387394,0.365954808731257,0.408163265306122,-0.042208456574865
722,50,722,1771,1.64312386634868,21,4.31064288509131,0.381178378759129,0.428571428571429,-0.0473930498122999
723,50,723,1772,1.8476812496212,26,3.73194135708169,0.495099218564908,0.530612244897959,-0.0355130263330512
724,50,724,1773,1.75329512713286,22,4.24702217098164,0.412829285213646,0.448979591836735,-0.0361503066230883
725,50,725,1774,2.15683584091355,26,4.38867938458828,0.491454410747732,0.530612244897959,-0.0391578341502277
726,50,726,1775,1.81662579703734,21,4.23779654463666,0.428672254060063,0.428571428571429,0.00010082548863477
727,50,727,1776,1.36106696373248,17,3.99186519146905,0.340960152322075,0.346938775510204,-0.00597862318812953
728,50,728,1777,1.696769559053,17,4.642071338626,0.365519923171889,0.346938775510204,0.0185811476616851
729,50,729,1778,1.62959130677679,18,4.47486127713452,0.36416577092649,0.36734693877551,-0.00318116784902067
730,50,730,1779,1.89633137258505,25,4.15387493597848,0.456521056077089,0.510204081632653,-0.0536830255555637
731,50,731,1780,1.97739424389996,24,4.17357799149075,0.473788736650316,0.489795918367347,-0.0160071817170312
732,50,732,1781,1.45763368178891,19,4.23944891953804,0.343826216438468,0.387755102040816,-0.0439288856023485
733,50,733,1782,1.5886451779779,20,4.13824910937724,0.383893075546864,0.408163265306122,-0.0242701897592588
734,50,734,1783,1.94461681370512,21,4.56542609216847,0.425944210780438,0.428571428571429,-0.00262721779099023
735,50,735,1784,2.27435234269222,22,4.22789104138489,0.537940150403506,0.448979591836735,0.0889605585667708
736,50,736,1785,1.74273728918648,26,3.8201975496193,0.456190358365147,0.530612244897959,-0.0744218865328124
737,50,737,1786,1.66390428892043,24,3.97605396143147,0.418481314655345,0.489795918367347,-0.0713146037120022
738,50,738,1787,1.88604905787891,24,4.20939294024149,0.448057257817017,0.489795918367347,-0.0417386605503303
739,50,739,1788,1.7273405616331,20,4.30303480800652,0.40142379476436,0.408163265306122,-0.00673947054176294
740,50,740,1789,1.70791203899289,24,4.09946973441221,0.416617794407933,0.489795918367347,-0.0731781239594144
741,50,741,1790,2.35825974336589,28,4.10546155339618,0.574420126140278,0.571428571428571,0.00299155471170676
742,50,742,1791,1.99280468331923,22,4.57593029184114,0.435497168056163,0.448979591836735,-0.0134824237805716
743,50,743,1792,1.73666982897371,21,4.33085077276639,0.40099969269188,0.428571428571429,-0.027571735879549
744,50,744,1793,2.19913863231592,25,4.3791348246621,0.502185641769001,0.510204081632653,-0.00801843986365225
745,50,745,1794,1.93241376884608,21,4.60393322014527,0.419731059605836,0.428571428571429,-0.00884036896559243
746,50,746,1795,1.91467004052045,19,4.80224644546735,0.398702994996775,0.387755102040816,0.0109478929559588
747,50,747,1796,1.92213169709869,27,4.07372432604551,0.471836467875225,0.551020408163265,-0.0791839402880405
748,50,748,1797,1.73074126551628,25,3.63529159275613,0.476094206298345,0.510204081632653,-0.0341098753343076
749,50,749,1798,1.71480923831625,20,4.37273751263986,0.392159198524816,0.408163265306122,-0.0160040667813063
750,50,750,1799,1.70785793976549,23,3.886111438283,0.439477345641965,0.469387755102041,-0.0299104094600758
751,50,751,1800,1.82496287422127,19,3.97056978232879,0.459622415488919,0.387755102040816,0.0718673134481024
752,50,752,1801,1.62819397639994,23,4.08945434166946,0.398144554350314,0.469387755102041,-0.0712432007517269
753,50,753,1802,1.76635575740629,19,4.58637009125228,0.385131535890509,0.387755102040816,-0.00262356615030734
754,50,754,1803,2.25080128453812,27,4.48047131398528,0.502358150918745,0.551020408163265,-0.0486622572445202
755,50,755,1804,1.87897033992948,21,4.14364596807543,0.453458223604512,0.428571428571429,0.0248867950330837
756,50,756,1805,1.5962152110618,19,3.51741441950778,0.453803567247891,0.387755102040816,0.0660484652070748
757,50,757,1806,2.30600729455095,25,4.33393070841689,0.532082178903432,0.510204081632653,0.0218780972707786
758,50,758,1807,2.05339000048391,26,3.96101672204879,0.518399730315154,0.530612244897959,-0.0122125145828053
759,50,759,1808,2.17445710933762,26,4.36070996939166,0.498647496531618,0.530612244897959,-0.0319647483663416
760,50,760,1809,1.90604147325516,24,4.24293695189723,0.449226914013622,0.489795918367347,-0.0405690043537245
761,50,761,1810,1.85470411772394,25,4.12307239445292,0.449835448006979,0.510204081632653,-0.0603686336256741
762,50,762,1811,1.73039202441154,22,4.1084347101293,0.421180363447247,0.448979591836735,-0.0277992283894878
763,50,763,1812,1.8377592894478,23,3.49855243631251,0.525291337746764,0.469387755102041,0.0559035826447234
764,50,764,1813,2.53602531231584,26,4.66224879376788,0.543948944918126,0.530612244897959,0.013336700020167
765,50,765,1814,2.32239634154494,30,3.8664598744124,0.600651866818578,0.612244897959184,-0.0115930311406054
766,50,766,1815,2.06106747527237,23,4.29066073358918,0.480361325037291,0.469387755102041,0.01097356993525
767,50,767,1816,2.1774620806914,22,4.76114536086736,0.457339970879343,0.448979591836735,0.00836037904260861
768,50,768,1817,2.18530015565612,26,4.29021138554898,0.509368877024806,0.530612244897959,-0.0212433678731533
769,50,769,1818,1.80168683482424,21,3.9299920574952,0.458445413747874,0.428571428571429,0.0298739851764455
770,50,770,1819,1.7196525311888,18,4.40151322172224,0.390695754973997,0.36734693877551,0.0233488161984868
771,50,771,1820,1.71540435516215,21,4.4909722201632,0.381967260331841,0.428571428571429,-0.0466041682395874
772,50,772,1821,2.04559605437421,26,3.83958140377837,0.53276538227871,0.530612244897959,0.00215313738075074
773,50,773,1822,2.32704684355023,27,4.10096300177874,0.567439121626044,0.551020408163265,0.0164187134627786
774,50,774,1823,1.63068833959376,16,4.08325622536823,0.399359787774941,0.326530612244898,0.0728291755300434
775,50,775,1824,2.24335003159088,22,4.54784027054793,0.493278105240182,0.448979591836735,0.0442985134034478
776,50,776,1825,1.99417275464378,27,4.39592263466791,0.453641458317982,0.551020408163265,-0.097378949845283
777,50,777,1826,1.69634973633109,21,4.28984759164606,0.395433567298409,0.428571428571429,-0.03313786127302
778,50,778,1827,2.00725012238148,26,4.12927609088085,0.48610218309556,0.530612244897959,-0.0445100618023997
779,50,779,1828,1.89586426878513,22,4.40357550985015,0.430528388702398,0.448979591836735,-0.0184512031343363
780,50,780,1829,2.06855099910418,26,3.7032097876338,0.558583260935348,0.530612244897959,0.0279710160373888
781,50,781,1830,2.01022166941895,23,4.54301909351096,0.442485850937817,0.469387755102041,-0.0269019041642238
782,50,782,1831,2.00555889727822,21,4.4965230549261,0.446024377675782,0.428571428571429,0.0174529491043537
783,50,783,1832,1.89495720462597,25,3.87258676671162,0.489325951561586,0.510204081632653,-0.0208781300710674
784,50,784,1833,1.93111168452021,28,4.02291900542156,0.480027483008659,0.571428571428571,-0.0914010884199128
785,50,785,1834,2.13251203118622,27,4.48622432279127,0.475346723157034,0.551020408163265,-0.075673685006231
786,50,786,1835,1.93092084046723,23,4.28595245505034,0.450523159255286,0.469387755102041,-0.0188645958467551
787,50,787,1836,1.83338919349057,23,3.78320079216218,0.484613240008008,0.469387755102041,0.0152254849059667
788,50,788,1837,1.84210122423183,24,4.09390495516115,0.449961893206511,0.489795918367347,-0.0398340251608358
789,50,789,1838,1.52446539857941,18,4.4268821269311,0.344365482266915,0.36734693877551,-0.0229814565085957
790,50,790,1839,1.88690845477334,21,4.71486271981876,0.40020432553461,0.428571428571429,-0.0283671030368184
791,50,791,1840,1.95175970090525,24,3.8239163586833,0.510408575353176,0.489795918367347,0.020612656985829
792,50,792,1841,2.1003027993393,23,4.31217244634294,0.48706373074679,0.469387755102041,0.0176759756447487
793,50,793,1842,1.86844132411894,24,3.89810426671604,0.479320509734083,0.489795918367347,-0.0104754086332644
794,50,794,1843,2.00765727727555,26,4.22566840802023,0.475109990520093,0.530612244897959,-0.0555022543778659
795,50,795,1844,2.09559432443256,26,3.9298682885519,0.533247979464663,0.530612244897959,0.00263573456670396
796,50,796,1845,1.91943033126711,22,4.38193827213402,0.438032261538989,0.448979591836735,-0.010947330297746
797,50,797,1846,1.59733909945491,22,3.83759218083777,0.416234718069027,0.448979591836735,-0.0327448737677074
798,50,798,1847,1.96804294834325,21,4.54665831717673,0.432854815790362,0.428571428571429,0.00428338721893362
799,50,799,1848,1.81455427976257,21,4.36161456986627,0.416028113143937,0.428571428571429,-0.0125433154274916
800,50,800,1849,2.03607582179091,24,3.818603670185,0.533199042804111,0.489795918367347,0.0434031244367639
801,50,801,1850,2.29672270411852,26,4.59962967082143,0.499327743424256,0.530612244897959,-0.031284501473703
802,50,802,1851,1.81525329809018,23,3.69367013469158,0.491449759154456,0.469387755102041,0.022062004052415
803,50,803,1852,1.8424706634991,23,3.98059042227487,0.462863662935245,0.469387755102041,-0.00652409216679539
804,50,804,1853,1.67325807172195,21,4.3189891120574,0.387418914081234,0.428571428571429,-0.0411525144901945
805,50,805,1854,1.53395095321024,21,3.75513417085918,0.408494312963329,0.428571428571429,-0.0200771156080995
806,50,806,1855,2.09980968991506,23,4.28060573503623,0.490540315995087,0.469387755102041,0.021152560893046
807,50,807,1856,1.67461495325061,24,3.67794751693142,0.455312357107199,0.489795918367347,-0.0344835612601478
808,50,808,1857,1.8855808695771,25,4.1552126933357,0.453786847686829,0.510204081632653,-0.056417233945824
809,50,809,1858,2.35913322508085,24,4.24162475075463,0.556186217241668,0.489795918367347,0.0663902988743206
810,50,810,1859,2.11684846129811,26,3.88130882405114,0.545395524360425,0.530612244897959,0.0147832794624657
811,50,811,1860,2.08696341827278,29,4.35392201776117,0.479329535476135,0.591836734693878,-0.112507199217743
812,50,812,1861,1.42660912239644,21,3.77652910175777,0.377756687147579,0.428571428571429,-0.05081474142385
813,50,813,1862,1.98856924275546,23,4.48808248570746,0.443077695004085,0.469387755102041,-0.0263100600979562
814,50,814,1863,2.80441312822361,31,4.32396068748252,0.648575075241117,0.63265306122449,0.0159220140166275
815,50,815,1864,1.87882874681609,24,4.19865577699231,0.447483396260214,0.489795918367347,-0.0423125221071332
816,50,816,1865,1.93950296729521,24,4.51028858137788,0.430017488305082,0.489795918367347,-0.0597784300622645
817,50,817,1866,1.87101350227147,21,4.48625543237643,0.417054608341899,0.428571428571429,-0.0115168202295291
818,50,818,1867,1.92358123580423,22,4.64575692513284,0.414051201301117,0.448979591836735,-0.0349283905356179
819,50,819,1868,2.09598128508133,29,4.4052523296839,0.475791425376019,0.591836734693878,-0.116045309317859
820,50,820,1869,1.77859203396019,21,4.24513578129181,0.418971765708507,0.428571428571429,-0.00959966286292147
821,50,821,1870,1.68290384341385,20,4.06396674042365,0.414103744175429,0.408163265306122,0.00594047886930693
822,50,822,1871,1.70269740000244,18,4.4749462112862,0.380495612597106,0.36734693877551,0.0131486738215953
823,50,823,1872,1.94452259741717,27,4.66865204670835,0.416506215919039,0.551020408163265,-0.134514192244226
824,50,824,1873,2.06777260474783,22,4.48079986643515,0.461473992676426,0.448979591836735,0.0124944008396913
825,50,825,1874,2.0113482506533,21,4.55599370664611,0.441473008998941,0.428571428571429,0.0129015804275124
826,50,826,1875,2.01974288206093,22,4.35660728250946,0.463604532400619,0.448979591836735,0.0146249405638839
827,50,827,1876,2.01202288364405,26,4.2674725765438,0.471478808019329,0.530612244897959,-0.05913343687863
828,50,828,1877,1.97585788207412,24,4.04902441306612,0.487983691997032,0.489795918367347,-0.00181222637031514
829,50,829,1878,2.11550635481089,22,4.29207452269458,0.492886678370806,0.448979591836735,0.0439070865340713
830,50,830,1879,1.79796490056313,22,4.19397289051983,0.428702079745748,0.448979591836735,-0.020277512090987
831,50,831,1880,1.7426443321631,22,4.12115236905522,0.422853652596836,0.448979591836735,-0.0261259392398988
832,50,832,1881,1.59629270361859,21,3.92905501283184,0.406279041246631,0.428571428571429,-0.0222923873247976
833,50,833,1882,1.91319017404109,24,4.26504861509127,0.448574060157611,0.489795918367347,-0.0412218582097359
834,50,834,1883,2.02496269915872,24,4.57896134912625,0.442231882901811,0.489795918367347,-0.0475640354655361
835,50,835,1884,1.73152056381519,18,4.95958104295052,0.349126377575047,0.36734693877551,-0.0182205612004634
836,50,836,1885,1.72487681566963,22,3.8303742613423,0.45031547780534,0.448979591836735,0.00133588596860512
837,50,837,1886,2.29341577221717,24,4.1494244246097,0.55270696307064,0.489795918367347,0.0629110447032932
838,50,838,1887,2.27721852916417,24,4.26343003897372,0.534128274264431,0.489795918367347,0.0443323558970841
839,50,839,1888,2.11674177200151,27,3.93463912087763,0.53797609055678,0.551020408163265,-0.0130443176064853
840,50,840,1889,1.88885456108022,20,4.5432065939236,0.415753614111783,0.408163265306122,0.0075903488056609
841,50,841,1890,2.21066226254378,27,4.36697463067515,0.506222831480476,0.551020408163265,-0.0447975766827896
842,50,842,1891,1.78569715760753,20,4.16601517971634,0.428634337748408,0.408163265306122,0.0204710724422859
843,50,843,1892,1.88258009709741,22,4.48142388687003,0.420085255182648,0.448979591836735,-0.0288943366540864
844,50,844,1893,1.72541100466995,25,3.71359288512743,0.464620398100194,0.510204081632653,-0.0455836835324591
845,50,845,1894,1.6720688813885,19,4.29328729936712,0.389461213470382,0.387755102040816,0.00170611142956523
846,50,846,1895,2.31861821158542,26,4.11224215750233,0.563833092211108,0.530612244897959,0.0332208473131487
847,50,847,1896,1.79518316930474,24,3.82229059483912,0.469661613831405,0.489795918367347,-0.0201343045359423
848,50,848,1897,1.9987975283848,24,4.66500928539826,0.428465927097112,0.489795918367347,-0.061329991270235
849,50,849,1898,2.17760107828996,31,4.14152838548628,0.525796487577201,0.63265306122449,-0.106856573647289
850,50,850,1899,2.06040151546288,27,4.33084803183048,0.475750130302315,0.551020408163265,-0.0752702778609501
851,50,851,1900,1.81385408877934,22,4.10373161575669,0.442001148860433,0.448979591836735,-0.0069784429763019
852,50,852,1901,1.61743233699632,22,4.11690276241394,0.392876011491692,0.448979591836735,-0.0561035803450429
853,50,853,1902,2.12484775498718,19,4.14634420332856,0.512462943448209,0.387755102040816,0.124707841407393
854,50,854,1903,1.84946825924379,24,3.85481018846631,0.479781926689269,0.489795918367347,-0.0100139916780778
855,50,855,1904,1.62183669234382,18,3.74581659006075,0.432972798680866,0.36734693877551,0.0656258599053561
856,50,856,1905,2.00062900461873,22,4.39324143567572,0.455387902966689,0.448979591836735,0.00640831112995444
857,50,857,1906,1.70618070017487,19,3.86913577988883,0.440972040589357,0.387755102040816,0.0532169385485403
858,50,858,1907,1.62610596350444,23,3.88422050026789,0.418644091753361,0.469387755102041,-0.05074366334868
859,50,859,1908,1.84496984975716,22,4.47018330989483,0.412728007299674,0.448979591836735,-0.0362515845370602
860,50,860,1909,1.58700483121701,24,3.83801531893537,0.413496221181637,0.489795918367347,-0.0762996971857094
861,50,861,1910,1.90741374165663,20,4.38701564267408,0.434786172883118,0.408163265306122,0.0266229075769954
862,50,862,1911,1.57462736913837,24,3.84678053075085,0.409336419520408,0.489795918367347,-0.0804594988469394
863,50,863,1912,1.78783872025331,25,3.99130603096236,0.44793325953566,0.510204081632653,-0.0622708220969931
864,50,864,1913,1.79721499482065,22,4.21070729332243,0.426820215613366,0.448979591836735,-0.0221593762233684
865,50,865,1914,1.70913457718805,20,4.44952112351112,0.384116521698714,0.408163265306122,-0.0240467436074082
866,50,866,1915,2.11966238943657,24,4.72328291923951,0.448768880814332,0.489795918367347,-0.0410270375530146
867,50,867,1916,1.9257844893187,23,4.22496388774508,0.455810875663251,0.469387755102041,-0.01357687943879
868,50,868,1917,2.15781146163432,27,4.19192701944733,0.514754062182793,0.551020408163265,-0.0362663459804724
869,50,869,1918,1.99976965869678,25,4.23649672804332,0.472033802235557,0.510204081632653,-0.038170279397096
870,50,870,1919,2.37470468946013,25,4.76808147331786,0.498041969867537,0.510204081632653,-0.0121621117651165
871,50,871,1920,2.20582826676152,27,4.00121961155509,0.551288977088717,0.551020408163265,0.000268568925451462
872,50,872,1921,2.37184590481344,27,4.22050087927271,0.561982089960414,0.551020408163265,0.0109616817971483
873,50,873,1922,2.10388390335461,25,4.42520711454511,0.475431736616216,0.510204081632653,-0.0347723450164372
874,50,874,1923,1.97026217812815,19,4.63317218918773,0.425251231267875,0.387755102040816,0.0374961292270584
875,50,875,1924,1.85189826291991,25,4.06796687536561,0.455239268081177,0.510204081632653,-0.0549648135514765
876,50,876,1925,2.03379346851372,23,4.39369099066723,0.462889509716035,0.469387755102041,-0.00649824538600585
877,50,877,1926,1.61393561712127,20,4.15073687389476,0.388831107862267,0.408163265306122,-0.0193321574438552
878,50,878,1927,1.88357424136997,21,4.37036797828258,0.430987562312809,0.428571428571429,0.00241613374138022
879,50,879,1928,2.06276005503412,24,4.27163349680086,0.482897246821146,0.489795918367347,-0.00689867154620094
880,50,880,1929,1.58218545794706,21,3.86961834036152,0.408873774822775,0.428571428571429,-0.0196976537486536
881,50,881,1930,1.77205950317183,20,4.17493443457762,0.424452055700633,0.408163265306122,0.0162887903945104
882,50,882,1931,1.96063785223521,22,4.40694687962031,0.444897092202784,0.448979591836735,-0.00408249963395108
883,50,883,1932,1.83687305460577,26,4.25267589100797,0.43193347005111,0.530612244897959,-0.0986787748468489
884,50,884,1933,1.79668079546118,25,3.9372496722843,0.456328895804768,0.510204081632653,-0.053875185827885
885,50,885,1934,1.86502174752085,22,4.37123321909585,0.42665802853379,0.448979591836735,-0.0223215633029445
886,50,886,1935,1.79375646164115,20,4.30421908842325,0.416743763454255,0.408163265306122,0.00858049814813289
887,50,887,1936,1.9555841780072,24,3.68439911565198,0.530774250189003,0.489795918367347,0.040978331821656
888,50,888,1937,1.651304778125,22,4.08764367087738,0.403974737301542,0.448979591836735,-0.0450048545351926
889,50,889,1938,1.97707059510877,17,4.83357667983831,0.409028495059462,0.346938775510204,0.0620897195492577
890,50,890,1939,1.67065803302341,21,3.82302303740935,0.43699920630233,0.428571428571429,0.00842777773090098
891,50,891,1940,1.80478711412592,24,4.11324923542364,0.438774071501173,0.489795918367347,-0.0510218468661737
892,50,892,1941,2.3084423227758,27,4.47810560124007,0.515495284911671,0.551020408163265,-0.0355251232515943
893,50,893,1942,2.04176203634293,23,4.45137578280213,0.458681121515571,0.469387755102041,-0.0107066335864696
894,50,894,1943,1.91326383474308,26,4.38892942875096,0.435929505316192,0.530612244897959,-0.094682739581767
895,50,895,1944,1.76057692757301,21,4.23406786925962,0.415812165023436,0.428571428571429,-0.0127592635479923
896,50,896,1945,1.90160098147293,21,3.92684100268059,0.484257187946962,0.428571428571429,0.0556857593755334
897,50,897,1946,1.8265701994229,20,4.11910707153755,0.443438387907963,0.408163265306122,0.0352751226018408
898,50,898,1947,1.53848684987619,19,4.09175809653479,0.375996530972615,0.387755102040816,-0.0117585710682009
899,50,899,1948,1.58927059034483,22,3.76028659985679,0.422646132985012,0.448979591836735,-0.0263334588517227
900,50,900,1949,1.67122840758467,18,4.24751700304188,0.393460086537103,0.36734693877551,0.0261131477615926
901,50,901,1950,1.8384852854809,21,4.19800129304607,0.437943001238785,0.428571428571429,0.00937157266735689
902,50,902,1951,1.81578489518325,26,3.82751493784679,0.474403085205133,0.530612244897959,-0.0562091596928259
903,50,903,1952,2.40253854582042,27,4.6145117259633,0.520648486448234,0.551020408163265,-0.0303719217150313
904,50,904,1953,1.64100597129659,23,3.88791437883348,0.422078732039605,0.469387755102041,-0.0473090230624355
905,50,905,1954,1.81666942713946,17,4.00969912797724,0.453068763804207,0.346938775510204,0.106129988294003
906,50,906,1955,2.76218053001279,28,4.70234885136596,0.587404426451775,0.571428571428571,0.0159758550232034
907,50,907,1956,2.23657163517893,29,4.48016139611306,0.49921675525336,0.591836734693878,-0.0926199794405172
908,50,908,1957,1.87954512971054,19,4.35039611491646,0.432039998212125,0.387755102040816,0.0442848961713087
909,50,909,1958,1.95288942649149,19,4.13743586658495,0.472004760790024,0.387755102040816,0.0842496587492073
910,50,910,1959,1.76715151819581,23,4.03943851168351,0.437474543326893,0.469387755102041,-0.0319132117751474
911,50,911,1960,1.834664467627,25,3.85832588462694,0.475507907441675,0.510204081632653,-0.0346961741909783
912,50,912,1961,2.33869136307318,20,4.84435038983459,0.482766764348984,0.408163265306122,0.0746034990428616
913,50,913,1962,1.97047788976206,21,4.32112950369859,0.456009913166329,0.428571428571429,0.0274384845949001
914,50,914,1963,2.16832686190672,22,4.20815844239717,0.515267400595195,0.448979591836735,0.0662878087584604
915,50,915,1964,1.72469525625275,20,4.21697222732477,0.408989000467496,0.408163265306122,0.000825735161373076
916,50,916,1965,2.61347799224407,28,4.43349660054826,0.589484604977678,0.571428571428571,0.0180560335491069
917,50,917,1966,1.51377156947219,22,3.69768623142054,0.409383456229775,0.448979591836735,-0.0395961356069597
918,50,918,1967,1.94966480180738,24,4.33564607954665,0.449682646146994,0.489795918367347,-0.040113272220353
919,50,919,1968,1.54575929997207,19,4.21816441724061,0.366453069883715,0.387755102040816,-0.0213020321571017
920,50,920,1969,1.97616090921786,18,4.77949146126316,0.413466772612579,0.36734693877551,0.0461198338370685
921,50,921,1970,1.55333024756803,23,4.13517074503523,0.375638720464683,0.469387755102041,-0.0937490346373575
922,50,922,1971,1.92358697360793,21,4.72891962697273,0.406770917111006,0.428571428571429,-0.0218005114604225
923,50,923,1972,1.7851705300131,23,4.01866217981932,0.444220103639904,0.469387755102041,-0.0251676514621366
924,50,924,1973,2.25663459348454,20,5.17926164486479,0.435705849254011,0.408163265306122,0.0275425839478885
925,50,925,1974,1.89147643432118,22,4.4844262235714,0.421787836396785,0.448979591836735,-0.0271917554399496
926,50,926,1975,1.74150727434673,19,4.77402814357705,0.364787810622721,0.387755102040816,-0.0229672914180949
927,50,927,1976,1.62972432369656,21,4.1303576445884,0.394572205104764,0.428571428571429,-0.0339992234666642
928,50,928,1977,1.94744323252182,19,4.4611916705667,0.436529827976309,0.387755102040816,0.0487747259354927
929,50,929,1978,2.69408016943174,27,4.76818613864099,0.5650115350152,0.551020408163265,0.0139911268519345
930,50,930,1979,2.47987169375058,28,4.53167875051923,0.547230249599322,0.571428571428571,-0.0241983218292491
931,50,931,1980,1.81845369187835,20,4.74821790271807,0.382976040513514,0.408163265306122,-0.0251872247926087
932,50,932,1981,2.15839398573587,23,4.42222477116732,0.488078760674601,0.469387755102041,0.0186910055725606
933,50,933,1982,2.04273891475478,23,4.08370503571402,0.500217057032774,0.469387755102041,0.0308293019307327
934,50,934,1983,1.93065131684795,22,4.47676514941032,0.43126035260131,0.448979591836735,-0.0177192392354244
935,50,935,1984,2.14529171455249,27,4.27029924998049,0.502375030172016,0.551020408163265,-0.0486453779912491
936,50,936,1985,2.09999919971637,26,4.48789805082328,0.467924889544034,0.530612244897959,-0.0626873553539256
937,50,937,1986,1.68260816917843,19,4.36497394943767,0.385479544361359,0.387755102040816,-0.00227555767945692
938,50,938,1987,1.87698214718229,23,4.00586655168311,0.468558331378676,0.469387755102041,-0.000829423723365141
939,50,939,1988,1.62000427199798,21,3.65770109050634,0.442902312658283,0.428571428571429,0.0143308840868544
940,50,940,1989,1.72455050532992,21,4.41456661425089,0.390650013018902,0.428571428571429,-0.0379214155525263
941,50,941,1990,1.74767130258613,20,4.03599202022373,0.433021496035875,0.408163265306122,0.0248582307297523
942,50,942,1991,1.58878938475879,22,3.83583187513238,0.414196825220333,0.448979591836735,-0.0347827666164019
943,50,943,1992,1.67035207495044,18,4.0434409188565,0.413101640031586,0.36734693877551,0.0457547012560753
944,50,944,1993,2.24041576263796,23,3.81293813070128,0.587582511396768,0.469387755102041,0.118194756294728
945,50,945,1994,1.83347116325923,21,4.39656342510217,0.417023703738933,0.428571428571429,-0.0115477248324956
946,50,946,1995,1.80283787711217,20,4.49544495320844,0.401036581668178,0.408163265306122,-0.00712668363794478
947,50,947,1996,1.91881276848805,26,4.07052184854234,0.471392327540309,0.530612244897959,-0.0592199173576507
948,50,948,1997,2.79171217948597,31,4.4977104958563,0.62069628137648,0.63265306122449,-0.01195677984801
949,50,949,1998,2.16212274395429,22,4.20952024520331,0.513626878601665,0.448979591836735,0.0646472867649305
950,50,950,1999,1.88321174733045,21,4.43716966958968,0.424417339782411,0.428571428571429,-0.00415408878901774
951,50,951,2000,2.01916599465687,24,4.39358644066415,0.459571245934483,0.489795918367347,-0.0302246724328636
952,50,952,2001,1.52075454080092,18,3.7652676897059,0.403890152341254,0.36734693877551,0.0365432135657436
953,50,953,2002,1.82975127881966,23,4.15329947858273,0.440553658183117,0.469387755102041,-0.0288340969189236
954,50,954,2003,2.08137697414747,25,4.42459545214583,0.470410684244147,0.510204081632653,-0.0397933973885056
955,50,955,2004,1.98102948877367,22,4.59662521851563,0.43097476835699,0.448979591836735,-0.0180048234797442
956,50,956,2005,1.87716371740824,22,4.29450341564887,0.437108446710738,0.448979591836735,-0.0118711451259962
957,50,957,2006,1.77366557661557,21,4.36513583069996,0.406325403242069,0.428571428571429,-0.0222460253293592
958,50,958,2007,2.20320777274187,24,4.3242995428037,0.509494717221509,0.489795918367347,0.0196987988541623
959,50,959,2008,1.94762460870384,21,4.04840703947294,0.481084186870053,0.428571428571429,0.0525127582986248
960,50,960,2009,1.82398368723537,24,3.93385122055604,0.463663617399734,0.489795918367347,-0.0261323009676128
961,50,961,2010,1.95162361162298,17,4.18365587725336,0.466487605310467,0.346938775510204,0.119548829800263
962,50,962,2011,2.18390148088666,23,4.37760040478976,0.498880957361284,0.469387755102041,0.0294932022592428
963,50,963,2012,1.59169202435275,18,4.04674945786163,0.39332606105885,0.36734693877551,0.02597912228334
964,50,964,2013,2.04179732042423,25,4.67116846557474,0.437106333345013,0.510204081632653,-0.0730977482876402
965,50,965,2014,1.90549226660596,22,4.30651579405024,0.442467265356029,0.448979591836735,-0.00651232648070527
966,50,966,2015,2.51154534218001,27,4.41948207836546,0.568289518465228,0.551020408163265,0.0172691103019632
967,50,967,2016,1.71938174832739,20,4.3291097033367,0.397167516222136,0.408163265306122,-0.0109957490839864
968,50,968,2017,1.53073418688554,21,3.9573822630257,0.38680473230685,0.428571428571429,-0.0417666962645781
969,50,969,2018,1.98512853429579,21,4.30866691464175,0.460729170674557,0.428571428571429,0.0321577421031282
970,50,970,2019,2.23373499827942,24,4.20769982783065,0.530868429231812,0.489795918367347,0.0410725108644651
971,50,971,2020,1.85296713787953,21,4.15012636883432,0.446484509916258,0.428571428571429,0.0179130813448294
972,50,972,2021,1.69427363237009,19,4.72603906990953,0.358497593292753,0.387755102040816,-0.0292575087480632
973,50,973,2022,1.95999768638734,27,4.09978562819158,0.47807321263573,0.551020408163265,-0.0729471955275354
974,50,974,2023,1.58409533132293,19,4.26642746213488,0.371293159295918,0.387755102040816,-0.0164619427448983
975,50,975,2024,2.34961619487614,26,4.54718889610215,0.516718405274571,0.530612244897959,-0.0138938396233881
976,50,976,2025,1.78731892552718,20,4.51691265091728,0.395694817158843,0.408163265306122,-0.0124684481472795
977,50,977,2026,1.93999347421449,24,4.70179034374585,0.412607396838737,0.489795918367347,-0.0771885215286096
978,50,978,2027,2.5061321493612,28,4.24948059287451,0.58975022819576,0.571428571428571,0.0183216567671881
979,50,979,2028,2.10715005494488,20,4.70702634679822,0.447660560977781,0.408163265306122,0.0394972956716582
980,50,980,2029,2.07982529556604,24,4.47226706193747,0.46504944064432,0.489795918367347,-0.0247464777230265
981,50,981,2030,1.87618195524868,20,3.97635320958119,0.471834833668182,0.408163265306122,0.0636715683620597
982,50,982,2031,1.68880051286028,22,4.45341974178059,0.379214314118313,0.448979591836735,-0.069765277718422
983,50,983,2032,1.44180955764314,17,4.12721013104485,0.349342415787812,0.346938775510204,0.00240364027760825
984,50,984,2033,1.85532200509102,19,4.49892959999873,0.412391873189469,0.387755102040816,0.0246367711486525
985,50,985,2034,1.58295363909277,16,4.38702202137235,0.360826463004075,0.326530612244898,0.0342958507591768
986,50,986,2035,1.69582196271918,20,4.17416225443846,0.406266421703177,0.408163265306122,-0.00189684360294595
987,50,987,2036,1.68689396065413,23,4.39493470794238,0.38382685358343,0.469387755102041,-0.0855609015186112
988,50,988,2037,2.25795530854317,25,4.47952317438953,0.504061530801408,0.510204081632653,-0.00614255083124526
989,50,989,2038,1.61658602960668,19,4.46389145059915,0.362147253690433,0.387755102040816,-0.0256078483503834
990,50,990,2039,1.99089947029201,27,4.33404109705551,0.459363311447277,0.551020408163265,-0.0916570967159885
991,50,991,2040,1.5389722327585,22,3.8594719330025,0.39875202086552,0.448979591836735,-0.0502275709712148
992,50,992,2041,1.72574144992177,18,4.44202198526622,0.388503581397367,0.36734693877551,0.0211566426218572
993,50,993,2042,1.97745479455144,21,4.5204263383194,0.43744873747608,0.428571428571429,0.00887730890465138
994,50,994,2043,2.09694328530851,24,4.11033360682742,0.510163769146477,0.489795918367347,0.0203678507791302
995,50,995,2044,1.83172422519182,21,4.71486150395686,0.388500112602371,0.428571428571429,-0.0400713159690574
996,50,996,2045,1.93322592377163,21,4.1588480731923,0.464846488678703,0.428571428571429,0.036275060107274
997,50,997,2046,1.82479553972186,21,4.117866505245,0.443141014260074,0.428571428571429,0.0145695856886455
998,50,998,2047,1.93643663373961,28,4.10897579043047,0.471269905811917,0.571428571428571,-0.100158665616655
999,50,999,2048,1.74760328177999,25,3.81529325529613,0.458052150867849,0.510204081632653,-0.0521519307648045
1000,50,1000,2049,2.77336999401751,32,4.60385310595524,0.602401929468614,0.653061224489796,-0.0506592950211817
1001,75,1,2050,1.62978481561288,28,4.85758780752183,0.335513197124138,0.378378378378378,-0.0428651812542407
1002,75,2,2051,1.81381790338982,27,5.17004671690515,0.350832014236728,0.364864864864865,-0.0140328506281364
1003,75,3,2052,2.20886898233575,38,4.66169635566941,0.473833732145465,0.513513513513513,-0.0396797813680485
1004,75,4,2053,1.86435653573919,28,5.58917727945894,0.333565468139823,0.378378378378378,-0.0448129102385549
1005,75,5,2054,1.84651854493781,32,4.97082441772443,0.371471287208153,0.432432432432432,-0.0609611452242796
1006,75,6,2055,2.65669852643821,33,5.68979242401458,0.466923628922777,0.445945945945946,0.0209776829768307
1007,75,7,2056,2.02934947607648,31,4.61146230934184,0.440066369395549,0.418918918918919,0.0211474504766302
1008,75,8,2057,2.18289398963602,37,5.00390175567145,0.436238378813477,0.5,-0.0637616211865233
1009,75,9,2058,1.87703030053279,25,4.75096929241452,0.39508365240956,0.337837837837838,0.0572458145717226
1010,75,10,2059,2.30330451958986,32,5.28822223984552,0.435553653973731,0.432432432432432,0.00312122154129885
1011,75,11,2060,2.16993345922101,33,5.20214365801053,0.417122940440069,0.445945945945946,-0.0288230055058766
1012,75,12,2061,3.00023403222275,40,5.24881548938837,0.571602114474852,0.540540540540541,0.031061573934311
1013,75,13,2062,2.05136478700672,32,5.52146283376989,0.371525599060514,0.432432432432432,-0.0609068333719182
1014,75,14,2063,1.6845080118227,25,4.95393862578506,0.340034089856282,0.337837837837838,0.00219625201844453
1015,75,15,2064,1.74767826677779,29,5.08795944602764,0.343492963203995,0.391891891891892,-0.0483989286878973
1016,75,16,2065,1.99217517308001,33,5.13763931015514,0.38776080857647,0.445945945945946,-0.058185137369476
1017,75,17,2066,1.90378727289828,35,4.87009056424805,0.390914141694658,0.472972972972973,-0.0820588312783147
1018,75,18,2067,1.68146483223439,32,4.66571873472526,0.360387097430425,0.432432432432432,-0.0720453350020074
1019,75,19,2068,2.34943390864554,30,5.34133095169348,0.439859265395389,0.405405405405405,0.0344538599899832
1020,75,20,2069,1.82574633869917,30,5.31464982874056,0.343530881155313,0.405405405405405,-0.0618745242500929
1021,75,21,2070,1.71124758620958,29,4.98797651507496,0.343074507475675,0.391891891891892,-0.0488173844162166
1022,75,22,2071,2.14584531763432,39,4.54432636456769,0.472203170609745,0.527027027027027,-0.0548238564172822
1023,75,23,2072,1.66752326535472,25,5.33757934953198,0.312411892387312,0.337837837837838,-0.0254259454505263
1024,75,24,2073,1.77664087953922,32,4.42501607908924,0.40149930481267,0.432432432432432,-0.0309331276197627
1025,75,25,2074,1.73391701531721,25,5.12067171251186,0.338611243341484,0.337837837837838,0.000773405503645963
1026,75,26,2075,2.00067455326104,34,4.84073404222127,0.413299829284359,0.45945945945946,-0.0461596301751006
1027,75,27,2076,1.66447363575263,28,4.80127128828788,0.346673523700464,0.378378378378378,-0.0317048546779142
1028,75,28,2077,1.98018311885818,33,4.69200775588333,0.42203321517856,0.445945945945946,-0.023912730767386
1029,75,29,2078,2.19314295475251,27,5.48237249545867,0.400035378217952,0.364864864864865,0.0351705133530875
1030,75,30,2079,2.20769782696938,40,4.63690386998941,0.476114642198615,0.540540540540541,-0.064425898341926
1031,75,31,2080,1.92411799239385,29,5.18717778694456,0.370937351952077,0.391891891891892,-0.0209545399398152
1032,75,32,2081,1.85749654847754,25,5.28998635579813,0.351134468700778,0.337837837837838,0.0132966308629401
1033,75,33,2082,1.56085846263136,28,4.65325016903668,0.335434031253577,0.378378378378378,-0.0429443471248016
1034,75,34,2083,1.84511708951737,32,5.09332822674486,0.362261571879215,0.432432432432432,-0.0701708605532173
1035,75,35,2084,1.55696623532273,26,4.77573031630482,0.326016364451547,0.351351351351351,-0.0253349868998046
1036,75,36,2085,2.21675980633005,32,5.45242218841257,0.406564225903322,0.432432432432432,-0.0258682065291106
1037,75,37,2086,2.13468760250508,31,5.10432395865387,0.418211622106377,0.418918918918919,-0.000707296812541613
1038,75,38,2087,1.98865289111943,30,4.91945310848897,0.404242676424301,0.405405405405405,-0.00116272898110437
1039,75,39,2088,2.06431476580661,35,5.33336480611618,0.387056734510135,0.472972972972973,-0.0859162384628376
1040,75,40,2089,2.00840015135687,33,4.71855301662671,0.425638992352082,0.445945945945946,-0.0203069535938639
1041,75,41,2090,2.12178888972382,29,5.52096430739928,0.384314907973624,0.391891891891892,-0.0075769839182675
1042,75,42,2091,1.48004755323941,26,4.73826163173402,0.312360875838291,0.351351351351351,-0.0389904755130602
1043,75,43,2092,2.07921738386809,33,5.02236762281218,0.413991475738264,0.445945945945946,-0.0319544702076815
1044,75,44,2093,2.00394983712641,31,5.16095673087527,0.388290377467774,0.418918918918919,-0.0306285414511449
1045,75,45,2094,1.78226381731743,28,4.65045728750763,0.383244852523442,0.378378378378378,0.00486647414506391
1046,75,46,2095,2.05120246701738,32,5.12053351832604,0.400583739892781,0.432432432432432,-0.0318486925396517
1047,75,47,2096,1.84780410961813,33,4.9175765008263,0.375755030818056,0.445945945945946,-0.07019091512789
1048,75,48,2097,1.78983696251106,28,4.9616608324931,0.360733436431145,0.378378378378378,-0.017644941947233
1049,75,49,2098,2.23168237031757,33,5.49874096076588,0.405853337380478,0.445945945945946,-0.0400926085654676
1050,75,50,2099,1.99408488032664,34,5.01349492767251,0.397743472187451,0.45945945945946,-0.0617159872720089
1051,75,51,2100,2.47942137982388,35,5.10877608268888,0.485325905792861,0.472972972972973,0.012352932819888
1052,75,52,2101,1.88338835866041,31,4.97382336543755,0.378660081045063,0.418918918918919,-0.040258837873856
1053,75,53,2102,2.70926142241058,30,5.63726160357504,0.48059884620086,0.405405405405405,0.0751934407954548
1054,75,54,2103,1.98717107089701,37,4.6412846590769,0.428151086792475,0.5,-0.0718489132075255
1055,75,55,2104,1.81529067973307,26,5.11152121806396,0.355137072172935,0.351351351351351,0.0037857208215834
1056,75,56,2105,1.84192431440218,27,4.72646474213655,0.389704443996245,0.364864864864865,0.0248395791313805
1057,75,57,2106,1.98100473585553,28,5.39545469969938,0.367161777109519,0.378378378378378,-0.0112166012688598
1058,75,58,2107,1.92895822397428,28,4.95712953757506,0.389128064811051,0.378378378378378,0.0107496864326722
1059,75,59,2108,2.06977967605925,29,5.46015631917455,0.379069674029434,0.391891891891892,-0.0128222178624574
1060,75,60,2109,2.08708249478398,37,5.28663592059512,0.394784608989876,0.5,-0.105215391010124
1061,75,61,2110,2.13920965253711,28,5.19229924142174,0.411996603637845,0.378378378378378,0.0336182252594664
1062,75,62,2111,1.63065587232507,22,5.05711054720641,0.322448136560087,0.297297297297297,0.02515083926279
1063,75,63,2112,1.81065367671202,26,5.30307310522607,0.341434794652869,0.351351351351351,-0.00991655669848202
1064,75,64,2113,1.4954256746219,29,4.29988610408009,0.347782624568339,0.391891891891892,-0.0441092673235531
1065,75,65,2114,2.09845289385981,34,4.63597912970981,0.452645026033835,0.45945945945946,-0.00681443342562443
1066,75,66,2115,1.97381932865362,32,4.95661202128327,0.398219453162403,0.432432432432432,-0.0342129792700292
1067,75,67,2116,1.85685176020169,28,5.2389480438498,0.354432176967572,0.378378378378378,-0.0239462014108066
1068,75,68,2117,1.84525143510193,29,5.02263289181163,0.367387279709459,0.391891891891892,-0.0245046121824334
1069,75,69,2118,1.93615267936885,29,5.18374765492347,0.37350442348981,0.391891891891892,-0.0183874684020816
1070,75,70,2119,1.7142491534551,31,4.50354084073446,0.380644744675066,0.418918918918919,-0.0382741742438529
1071,75,71,2120,2.06726406685595,33,4.83488004012999,0.427572980032069,0.445945945945946,-0.0183729659138769
1072,75,72,2121,1.95513424921429,26,5.41218366442173,0.361246840543647,0.351351351351351,0.00989548919229605
1073,75,73,2122,1.62046326805959,26,4.86479524385294,0.333099994312645,0.351351351351351,-0.0182513570387065
1074,75,74,2123,2.08264823330461,25,4.58559314072827,0.454172049152588,0.337837837837838,0.11633421131475
1075,75,75,2124,1.64155017060256,30,4.80476451862007,0.341650493846473,0.405405405405405,-0.0637549115589324
1076,75,76,2125,1.99511149106299,27,5.41304550935817,0.368574675312411,0.364864864864865,0.00370981044754626
1077,75,77,2126,1.85811964312309,29,4.90774021351427,0.378610024631389,0.391891891891892,-0.013281867260503
1078,75,78,2127,1.81989691307614,28,5.23356242143039,0.347735780435909,0.378378378378378,-0.0306425979424695
1079,75,79,2128,2.07151803735002,26,5.64268708800886,0.367115525819632,0.351351351351351,0.0157641744682807
1080,75,80,2129,1.84111263492719,28,4.64066657088304,0.396734522251371,0.378378378378378,0.0183561438729923
1081,75,81,2130,2.03826287958565,27,4.76009141269292,0.428198264039755,0.364864864864865,0.0633333991748903
1082,75,82,2131,2.02188851278392,31,5.30504202434258,0.381125823981475,0.418918918918919,-0.0377930949374441
1083,75,83,2132,2.15035254893951,29,4.94286693907216,0.435041560989937,0.391891891891892,0.0431496690980456
1084,75,84,2133,2.0303153264905,27,6.13093175911179,0.331159341885195,0.364864864864865,-0.0337055229796701
1085,75,85,2134,1.91517744113118,29,5.27382122733392,0.363147963985757,0.391891891891892,-0.0287439279061344
1086,75,86,2135,2.08015493235438,33,4.87831869059869,0.426408167298125,0.445945945945946,-0.0195377786478213
1087,75,87,2136,1.82249279773143,28,5.27979681687625,0.345182373667495,0.378378378378378,-0.0331960047108837
1088,75,88,2137,1.96842678313175,32,5.05344371371908,0.38952185769634,0.432432432432432,-0.0429105747360926
1089,75,89,2138,2.11242212279181,31,5.33305632625893,0.39609972097813,0.418918918918919,-0.0228191979407892
1090,75,90,2139,2.18140305300698,32,5.29762755945121,0.41176980233638,0.432432432432432,-0.0206626300960526
1091,75,91,2140,1.92226578827059,28,4.84251626934697,0.39695597936108,0.378378378378378,0.0185776009827016
1092,75,92,2141,1.68779432371094,28,5.30952932915871,0.317880214813385,0.378378378378378,-0.0604981635649937
1093,75,93,2142,1.77013156243344,25,5.19809322799657,0.340534785505507,0.337837837837838,0.00269694766766959
1094,75,94,2143,2.09685454943327,27,5.05915341043614,0.414467476931582,0.364864864864865,0.0496026120667172
1095,75,95,2144,2.27728667751372,35,5.10631797720498,0.445974318027141,0.472972972972973,-0.026998654945832
1096,75,96,2145,1.75216927236719,27,5.05418083941568,0.346677202110118,0.364864864864865,-0.0181876627547468
1097,75,97,2146,1.89004647723077,26,5.26577556296408,0.358930314182794,0.351351351351351,0.00757896283144227
1098,75,98,2147,2.11343385779069,25,5.16768054901268,0.408971459776955,0.337837837837838,0.071133621939117
1099,75,99,2148,2.09708697011743,29,4.98488003023081,0.420689556699389,0.391891891891892,0.028797664807497
1100,75,100,2149,2.09019840699107,31,4.57652330663568,0.45672189715726,0.418918918918919,0.0378029782383413
1101,75,101,2150,1.99190402627752,32,4.63448882091885,0.429800157740504,0.432432432432432,-0.00263227469192895
1102,75,102,2151,1.63537366293035,29,4.89039843492388,0.334404994744728,0.391891891891892,-0.0574868971471643
1103,75,103,2152,2.11679839826982,29,5.38201852919743,0.393309385091522,0.391891891891892,0.00141749319963014
1104,75,104,2153,1.49575636335344,29,4.43051543534689,0.337603239438061,0.391891891891892,-0.0542886524538309
1105,75,105,2154,2.17515592412248,33,5.4211108106003,0.401238048827417,0.445945945945946,-0.0447078971185291
1106,75,106,2155,1.74493169780594,23,5.41537305888166,0.322218188633211,0.310810810810811,0.0114073778223998
1107,75,107,2156,1.84509339187032,27,4.88662409709091,0.377580381713571,0.364864864864865,0.0127155168487063
1108,75,108,2157,1.88960502596548,30,5.23005160448372,0.361297587263865,0.405405405405405,-0.04410781814154
1109,75,109,2158,1.65700542434446,32,4.36642679928797,0.379487736886981,0.432432432432432,-0.0529446955454512
1110,75,110,2159,1.94388914341627,29,4.97230308342444,0.39094341410852,0.391891891891892,-0.000948477783371926
1111,75,111,2160,1.72549217772779,26,5.17776516014178,0.333250374314108,0.351351351351351,-0.0181009770372433
1112,75,112,2161,1.68889617950362,27,4.81044489396955,0.351089393336745,0.364864864864865,-0.0137754715281195
1113,75,113,2162,2.11891572290809,30,4.87919627079648,0.434275566160447,0.405405405405405,0.0288701607550421
1114,75,114,2163,2.44213367404449,36,5.29399997832716,0.46130216925618,0.486486486486487,-0.0251843172303062
1115,75,115,2164,1.93444136282005,29,5.05410806625519,0.3827463397025,0.391891891891892,-0.00914555218939234
1116,75,116,2165,2.25164882053761,35,5.72378373896158,0.393384677553542,0.472972972972973,-0.0795882954194309
1117,75,117,2166,2.36859986329858,31,5.323033037403,0.444971850945747,0.418918918918919,0.0260529320268281
1118,75,118,2167,2.13369490687004,38,4.65746174084695,0.458123979453673,0.513513513513513,-0.0553895340598402
1119,75,119,2168,1.98271620274543,31,5.14082675896306,0.385680415954214,0.418918918918919,-0.0332385029647045
1120,75,120,2169,1.68356696801318,25,5.00106426716894,0.336641738252692,0.337837837837838,-0.00119609958514599
1121,75,121,2170,1.32367493624903,27,4.61545522761768,0.286791848467839,0.364864864864865,-0.0780730163970257
1122,75,122,2171,1.67143373251901,27,4.63353687266518,0.360725246923007,0.364864864864865,-0.00413961794185769
1123,75,123,2172,1.78625318322792,26,4.92327723516631,0.362817915365185,0.351351351351351,0.011466564013834
1124,75,124,2173,2.03415989248057,28,4.81614722313217,0.422362481510202,0.378378378378378,0.0439841031318238
1125,75,125,2174,2.34420785817603,33,5.43435052189622,0.431368541416437,0.445945945945946,-0.0145774045295086
1126,75,126,2175,1.86643019003482,28,4.80204896711811,0.388673710496322,0.378378378378378,0.0102953321179434
1127,75,127,2176,1.6127253862308,25,4.69443255672122,0.343540005473461,0.337837837837838,0.00570216763562353
1128,75,128,2177,1.69548585691735,30,4.71561056125977,0.359547472144181,0.405405405405405,-0.0458579332612247
1129,75,129,2178,1.8041968672454,27,5.40824851469423,0.333600954605431,0.364864864864865,-0.0312639102594343
1130,75,130,2179,1.80636675833532,29,4.71913461641821,0.382775001173062,0.391891891891892,-0.00911689071883015
1131,75,131,2180,2.08046978348334,37,4.84475790468239,0.429426985706054,0.5,-0.0705730142939455
1132,75,132,2181,1.96217994470976,38,4.72319070279642,0.415435257261162,0.513513513513513,-0.0980782562523518
1133,75,133,2182,2.10580158588708,36,5.04288355016226,0.417578864342272,0.486486486486487,-0.0689076221442144
1134,75,134,2183,1.98461649821034,31,5.08150202809519,0.390557061128298,0.418918918918919,-0.0283618577906212
1135,75,135,2184,1.75156871928204,24,5.67860961099285,0.308450279077345,0.324324324324324,-0.0158740452469791
1136,75,136,2185,2.28026040905104,33,5.03874664105395,0.452545160828741,0.445945945945946,0.00659921488279536
1137,75,137,2186,2.16438355205751,33,5.43963695778169,0.397891177086965,0.445945945945946,-0.0480547688589812
1138,75,138,2187,1.72269768253654,26,5.39668371969473,0.319214127048006,0.351351351351351,-0.0321372243033453
1139,75,139,2188,1.67321369737997,27,5.10055661939856,0.328045313920517,0.364864864864865,-0.036819550944348
1140,75,140,2189,2.04555125572438,30,5.3395801744879,0.383092151232762,0.405405405405405,-0.022313254172643
1141,75,141,2190,1.77285124775298,28,5.25223188394554,0.33754245565053,0.378378378378378,-0.0408359227278489
1142,75,142,2191,1.82726376464475,31,4.78800287039793,0.381633807268977,0.418918918918919,-0.0372851116499419
1143,75,143,2192,2.5666947286894,34,5.02935614895955,0.510342607019466,0.45945945945946,0.0508831475600068
1144,75,144,2193,1.94773173746679,29,4.96640424204021,0.39218147427054,0.391891891891892,0.00028958237864829
1145,75,145,2194,2.04853038228702,31,4.57087699755877,0.448170095887748,0.418918918918919,0.0292511769688288
1146,75,146,2195,1.96087322991777,35,4.92330378427676,0.39828402142888,0.472972972972973,-0.0746889515440929
1147,75,147,2196,1.75314020496109,28,5.01529383293534,0.34955882214682,0.378378378378378,-0.0288195562315585
1148,75,148,2197,1.79773283507648,26,4.9029109683899,0.36666642463362,0.351351351351351,0.0153150732822686
1149,75,149,2198,2.20118997369644,34,4.83359670187657,0.455393800819556,0.45945945945946,-0.00406565863990377
1150,75,150,2199,2.42094817966325,40,4.6947720581142,0.515668950418798,0.540540540540541,-0.0248715901217427
1151,75,151,2200,2.14798988833651,33,5.23246602884978,0.410511960611561,0.445945945945946,-0.0354339853343849
1152,75,152,2201,1.96507297457983,32,5.02525152227152,0.391039725249728,0.432432432432432,-0.0413927071827045
1153,75,153,2202,1.96855395980886,28,5.23959127487543,0.375707542160465,0.378378378378378,-0.00267083621791314
1154,75,154,2203,1.89866537680766,28,5.38050757019516,0.352878488142113,0.378378378378378,-0.0254998902362658
1155,75,155,2204,1.94628607979869,32,5.09523686186425,0.38198147261138,0.432432432432432,-0.0504509598210526
1156,75,156,2205,1.96512618033876,32,4.47778787551158,0.438860936465028,0.432432432432432,0.0064285040325957
1157,75,157,2206,1.97607568477712,28,4.56094764914314,0.433259891757005,0.378378378378378,0.0548815133786261
1158,75,158,2207,1.69320475293689,25,5.05056340269332,0.335250667684709,0.337837837837838,-0.00258717015312893
1159,75,159,2208,1.98744083950548,27,4.88115766991814,0.407165876192402,0.364864864864865,0.042301011327537
1160,75,160,2209,1.54826637497903,26,4.73547767871936,0.326950411346409,0.351351351351351,-0.0244009400049425
1161,75,161,2210,1.9155161478571,31,5.0829284148677,0.376852867385299,0.418918918918919,-0.0420660515336202
1162,75,162,2211,2.00788552385479,33,4.80775480152285,0.417634760245842,0.445945945945946,-0.028311185700104
1163,75,163,2212,2.05975201964008,31,5.28075273146031,0.390048942713985,0.418918918918919,-0.0288699762049339
1164,75,164,2213,1.72422437334984,31,4.95718818593246,0.347823061921041,0.418918918918919,-0.0710958569978775
1165,75,165,2214,1.94772242044979,32,4.78717652510602,0.406862460624775,0.432432432432432,-0.0255699718076577
1166,75,166,2215,2.01470018936553,33,4.83936562478427,0.416314935793954,0.445945945945946,-0.0296310101519916
1167,75,167,2216,1.80878874310691,28,4.94157411532871,0.366034931560788,0.378378378378378,-0.0123434468175901
1168,75,168,2217,2.04905066869808,32,5.13775905906409,0.398821868667259,0.432432432432432,-0.0336105637651731
1169,75,169,2218,1.4716507557457,28,4.54447789807032,0.323832745752949,0.378378378378378,-0.0545456326254299
1170,75,170,2219,1.92201663287479,28,5.27819080178015,0.364143075734693,0.378378378378378,-0.0142353026436859
1171,75,171,2220,1.82391817332116,29,4.5343739287091,0.402242559170768,0.391891891891892,0.0103506672788761
1172,75,172,2221,2.07000041931553,28,4.8213281769689,0.429342360307218,0.378378378378378,0.0509639819288398
1173,75,173,2222,1.84619335594105,31,4.62367536081205,0.399291302237277,0.418918918918919,-0.0196276166816423
1174,75,174,2223,2.11230383350027,28,5.15811066831955,0.40951115036631,0.378378378378378,0.0311327719879314
1175,75,175,2224,1.8599483593703,31,4.88553893799088,0.380704848119619,0.418918918918919,-0.0382140707992996
1176,75,176,2225,1.62160433084239,26,5.4325827893784,0.298496018139457,0.351351351351351,-0.0528553332118947
1177,75,177,2226,2.15002390141888,32,5.28744056620154,0.406628476386532,0.432432432432432,-0.0258039560459002
1178,75,178,2227,2.155657669396,29,5.02551877081861,0.428942317739042,0.391891891891892,0.0370504258471504
1179,75,179,2228,1.84489015051342,37,4.72790012698694,0.390213435343685,0.5,-0.109786564656315
1180,75,180,2229,2.72507917215782,40,5.93777049737877,0.45893979455097,0.540540540540541,-0.0816007459895707
1181,75,181,2230,1.75282608374226,29,5.29502973380142,0.331032340111879,0.391891891891892,-0.0608595517800126
1182,75,182,2231,2.16000198690457,32,5.11648368289095,0.422165323057205,0.432432432432432,-0.0102671093752278
1183,75,183,2232,1.90873910529946,33,4.63482989600031,0.411825061141215,0.445945945945946,-0.0341208848047312
1184,75,184,2233,2.11062702735686,30,5.17753986174641,0.407650560636135,0.405405405405405,0.00224515523072932
1185,75,185,2234,1.99955389301729,29,4.99243892138859,0.400516445869934,0.391891891891892,0.00862455397804196
1186,75,186,2235,2.27034307863017,29,5.2611166975904,0.431532545109671,0.391891891891892,0.039640653217779
1187,75,187,2236,1.99898992410022,30,5.0179597996856,0.398367066277707,0.405405405405405,-0.00703833912769875
1188,75,188,2237,1.66366695834779,28,4.87038546986009,0.341588354483076,0.378378378378378,-0.0367900238953024
1189,75,189,2238,1.79395187922335,34,4.62313653787828,0.388037832005425,0.45945945945946,-0.0714216274540349
1190,75,190,2239,1.78098714412128,29,4.76633278466397,0.373659839667876,0.391891891891892,-0.0182320522240164
1191,75,191,2240,1.70676191621766,25,4.72627515169,0.361121995956448,0.337837837837838,0.0232841581186101
1192,75,192,2241,2.17117597210117,30,5.05756005633812,0.42929316664866,0.405405405405405,0.0238877612432549
1193,75,193,2242,2.25815327789389,29,5.51293558973808,0.409609951202273,0.391891891891892,0.017718059310381
1194,75,194,2243,1.84182541193236,29,5.09494318386844,0.361500677331188,0.391891891891892,-0.0303912145607035
1195,75,195,2244,1.82766652695097,24,5.15568446268217,0.354495419605286,0.324324324324324,0.0301710952809617
1196,75,196,2245,1.81167190760213,24,5.41984727985356,0.334266228189936,0.324324324324324,0.00994190386561139
1197,75,197,2246,2.37175179518495,26,5.57857786702706,0.425153480280971,0.351351351351351,0.0738021289296197
1198,75,198,2247,1.81924742202849,25,4.94572064923432,0.367842737399682,0.337837837837838,0.0300048995618442
1199,75,199,2248,2.09494602376426,29,5.47270361551638,0.382799100946123,0.391891891891892,-0.0090927909457692
1200,75,200,2249,1.90635506520098,27,5.06370521840145,0.376474337067116,0.364864864864865,0.0116094722022507
1201,75,201,2250,1.81610402612861,25,5.19127119138603,0.349838018314687,0.337837837837838,0.0120001804768491
1202,75,202,2251,2.16621142002183,32,5.32673749396574,0.406667575129386,0.432432432432432,-0.0257648573030463
1203,75,203,2252,2.00912723349589,30,5.1169753780774,0.392639613257387,0.405405405405405,-0.0127657921480181
1204,75,204,2253,2.03808268128455,33,4.67154640437721,0.436275807808498,0.445945945945946,-0.00967013813744749
1205,75,205,2254,2.21216018210518,30,5.4931048778275,0.402715810330582,0.405405405405405,-0.00268959507482303
1206,75,206,2255,1.47944765186771,26,4.5437642388908,0.325599563288272,0.351351351351351,-0.0257517880630793
1207,75,207,2256,1.89099001275717,34,5.19020242511018,0.364338393356022,0.45945945945946,-0.0951210661034373
1208,75,208,2257,2.11019375967823,34,4.86303687663243,0.433925099317673,0.45945945945946,-0.0255343601417867
1209,75,209,2258,1.74066698822417,29,5.26058289326189,0.330888615110264,0.391891891891892,-0.0610032767816276
1210,75,210,2259,2.27490999322261,31,5.24357663751561,0.433846999955446,0.418918918918919,0.0149280810365274
1211,75,211,2260,1.72851232406786,29,5.25530910317886,0.328907832085901,0.391891891891892,-0.0629840598059913
1212,75,212,2261,1.82520729074975,27,5.05952075504307,0.360747070546252,0.364864864864865,-0.0041177943186132
1213,75,213,2262,1.44473601144726,24,4.55327791819226,0.317295811370295,0.324324324324324,-0.0070285129540294
1214,75,214,2263,2.0333965102627,31,5.09536296643265,0.399068039638857,0.418918918918919,-0.0198508792800624
1215,75,215,2264,1.73494504468909,28,5.1453963136675,0.33718394831524,0.378378378378378,-0.0411944300631386
1216,75,216,2265,2.17298527583162,33,4.83151762041675,0.44975211652942,0.445945945945946,0.00380617058347454
1217,75,217,2266,2.04232532703717,30,5.2917890358185,0.385942318035222,0.405405405405405,-0.0194630873701829
1218,75,218,2267,1.83655724688954,29,4.99782370026134,0.367471394958071,0.391891891891892,-0.0244204969338211
1219,75,219,2268,2.08743239494557,34,5.00935880951157,0.41670650363117,0.45945945945946,-0.0427529558282891
1220,75,220,2269,1.94869531537849,29,5.36655727029118,0.363118330287147,0.391891891891892,-0.0287735616047445
1221,75,221,2270,1.82291092524514,29,5.22213501500874,0.34907387878827,0.391891891891892,-0.0428180131036223
1222,75,222,2271,2.60317515662606,33,5.26699718542911,0.494242746859181,0.445945945945946,0.048296800913235
1223,75,223,2272,1.79785912622816,28,5.06439202526727,0.354999991560345,0.378378378378378,-0.0233783868180333
1224,75,224,2273,2.22011916172187,28,5.19220717265369,0.427586783018749,0.378378378378378,0.0492084046403707
1225,75,225,2274,1.80468824139214,32,4.89134744674899,0.368955233918542,0.432432432432432,-0.0634771985138902
1226,75,226,2275,2.51345539154636,32,5.41287011093175,0.464347996540731,0.432432432432432,0.0319155641082981
1227,75,227,2276,1.86329353316138,25,4.96767635665032,0.375083519816453,0.337837837837838,0.0372456819786157
1228,75,228,2277,1.98602884606602,29,5.16727856520557,0.384347160890292,0.391891891891892,-0.00754473100160019
1229,75,229,2278,1.97946756940487,31,5.28114559270648,0.374817837277316,0.418918918918919,-0.0441010816416026
1230,75,230,2279,1.87960718433404,34,4.66167129186205,0.403204573350184,0.45945945945946,-0.0562548861092753
1231,75,231,2280,1.94048333787491,29,5.20305975766944,0.37295042306877,0.391891891891892,-0.0189414688231218
1232,75,232,2281,2.00956141874122,35,4.89367779621275,0.410644407422253,0.472972972972973,-0.0623285655507203
1233,75,233,2282,1.868340488299,32,4.84948900090847,0.385265434760032,0.432432432432432,-0.0471669976724005
1234,75,234,2283,1.95046224371707,29,4.82346139592519,0.404369825653587,0.391891891891892,0.0124779337616946
1235,75,235,2284,2.03546956706808,26,5.26355782241752,0.386709833109271,0.351351351351351,0.0353584817579195
1236,75,236,2285,1.77293710610495,25,4.74583839935472,0.373577217957108,0.337837837837838,0.0357393801192702
1237,75,237,2286,1.99343584596001,31,4.62367066833621,0.431137074621564,0.418918918918919,0.0122181557026453
1238,75,238,2287,1.85630473164352,28,5.19957477083322,0.357010873669205,0.378378378378378,-0.0213675047091738
1239,75,239,2288,1.74639384130294,26,4.93339394259218,0.353994402560385,0.351351351351351,0.00264305120903402
1240,75,240,2289,1.7448447800366,26,5.29139786600577,0.329751196984494,0.351351351351351,-0.021600154366857
1241,75,241,2290,1.88006900792584,27,5.39172520085253,0.348695257619689,0.364864864864865,-0.0161696072451763
1242,75,242,2291,1.90468185642519,35,4.78508890576263,0.398045238852594,0.472972972972973,-0.0749277341203786
1243,75,243,2292,1.82538003067608,26,4.76019681535385,0.38346734420484,0.351351351351351,0.0321159928534886
1244,75,244,2293,1.84593243718036,32,4.7397396458334,0.389458614842501,0.432432432432432,-0.0429738175899312
1245,75,245,2294,2.07188500693796,29,5.70112174306469,0.363417078307154,0.391891891891892,-0.0284748135847381
1246,75,246,2295,2.36300830943018,28,5.34719005129197,0.441915901017814,0.378378378378378,0.063537522639436
1247,75,247,2296,1.94993981310847,29,5.25409627241634,0.371127537830916,0.391891891891892,-0.0207643540609755
1248,75,248,2297,1.75873434893951,32,4.74584087323217,0.370584348678704,0.432432432432432,-0.0618480837537287
1249,75,249,2298,1.91816731656887,26,5.33188064114478,0.359754361672476,0.351351351351351,0.00840301032112489
1250,75,250,2299,1.6741509629994,25,5.40226413280475,0.309898020874853,0.337837837837838,-0.027939816962985
1251,75,251,2300,2.43544789958647,37,4.98742442854068,0.488317754881567,0.5,-0.0116822451184326
1252,75,252,2301,1.90214946800241,24,5.19879617779773,0.365882678018006,0.324324324324324,0.0415583536936814
1253,75,253,2302,1.91586245951085,31,4.6562891707093,0.411456932606915,0.418918918918919,-0.00746198631200357
1254,75,254,2303,1.97063266911446,29,5.10992070166054,0.385648385595118,0.391891891891892,-0.00624350629677356
1255,75,255,2304,1.94727150314583,32,5.11633711150091,0.3805987488136,0.432432432432432,-0.0518336836188324
1256,75,256,2305,2.17847196950289,37,4.4310308454197,0.491639992024598,0.5,-0.00836000797540182
1257,75,257,2306,1.79170362128382,30,4.83847637297624,0.370303269700935,0.405405405405405,-0.0351021357044707
1258,75,258,2307,1.86334890961959,31,4.96230232463759,0.375500884008649,0.418918918918919,-0.0434180349102695
1259,75,259,2308,1.82172150903054,29,5.34180009213249,0.341031389720781,0.391891891891892,-0.050860502171111
1260,75,260,2309,1.83615597535662,38,4.6451088996628,0.395288036301993,0.513513513513513,-0.118225477211521
1261,75,261,2310,2.04250801761234,31,5.27484707294423,0.387216537155889,0.418918918918919,-0.0317023817630301
1262,75,262,2311,1.93500367894633,33,4.94034427894876,0.391673853012946,0.445945945945946,-0.0542720929329996
1263,75,263,2312,1.56670506593083,25,4.94720473776319,0.316684905714897,0.337837837837838,-0.0211529321229406
1264,75,264,2313,1.86803735363358,28,5.51264356695426,0.33886416397962,0.378378378378378,-0.0395142143987587
1265,75,265,2314,1.73608289122919,27,4.7879947883943,0.362590806372078,0.364864864864865,-0.00227405849278728
1266,75,266,2315,1.9917796950219,32,4.78542814857371,0.416217657685562,0.432432432432432,-0.0162147747468705
1267,75,267,2316,2.27612926669139,40,4.59077768753973,0.495804724517427,0.540540540540541,-0.0447358160231134
1268,75,268,2317,1.5599313689319,25,4.55875430409596,0.342183689858066,0.337837837837838,0.00434585202022847
1269,75,269,2318,1.94384652157914,31,4.86586032003051,0.399486708152558,0.418918918918919,-0.0194322107663608
1270,75,270,2319,1.72633588288889,26,4.59903536563576,0.375369125401419,0.351351351351351,0.0240177740500678
1271,75,271,2320,1.98976022087359,30,5.06593136541602,0.392772834321688,0.405405405405405,-0.0126325710837176
1272,75,272,2321,1.851937402694,29,5.15462341968123,0.359276954282051,0.391891891891892,-0.0326149376098409
1273,75,273,2322,2.03241213310363,28,5.15343799211701,0.394379855974307,0.378378378378378,0.0160014775959288
1274,75,274,2323,2.1266908205617,30,5.32635232794176,0.399277158104092,0.405405405405405,-0.0061282473013135
1275,75,275,2324,1.73977607263298,28,4.7345793535341,0.367461593253122,0.378378378378378,-0.0109167851252563
1276,75,276,2325,1.81847333127686,28,5.4078595959974,0.336264893530666,0.378378378378378,-0.042113484847712
1277,75,277,2326,2.2800957693104,38,4.99278203114397,0.456678411973048,0.513513513513513,-0.0568351015404657
1278,75,278,2327,2.22993898713961,33,4.885992053565,0.456394313108341,0.445945945945946,0.0104483671623953
1279,75,279,2328,2.06168226885308,35,5.04041887916708,0.409029947366947,0.472972972972973,-0.0639430256060261
1280,75,280,2329,2.27826962002284,31,5.05319992220695,0.450856814512856,0.418918918918919,0.0319378955939374
1281,75,281,2330,1.80545328428181,24,5.78684297883597,0.31199278965834,0.324324324324324,-0.0123315346659847
1282,75,282,2331,2.03154747314338,29,4.74250688243116,0.42836995781057,0.391891891891892,0.0364780659186786
1283,75,283,2332,2.00158711344998,28,5.0630917554578,0.395329022290056,0.378378378378378,0.0169506439116777
1284,75,284,2333,2.33706896071639,30,5.04414861880995,0.463322779983388,0.405405405405405,0.0579173745779828
1285,75,285,2334,1.7111444960545,29,4.52511365220592,0.378143982134095,0.391891891891892,-0.0137479097577969
1286,75,286,2335,2.45828378236273,36,5.56336535691092,0.441869915897039,0.486486486486487,-0.0446165705894478
1287,75,287,2336,1.93439176214245,29,4.78412829601594,0.404335260773283,0.391891891891892,0.0124433688813911
1288,75,288,2337,1.79736950603338,28,5.41331746820772,0.332027359671641,0.378378378378378,-0.0463510187067372
1289,75,289,2338,1.82742967756715,25,5.00131440097528,0.365389881750044,0.337837837837838,0.0275520439122063
1290,75,290,2339,1.80744175702204,31,4.74821633828761,0.380656993753126,0.418918918918919,-0.0382619251657927
1291,75,291,2340,1.84283218910003,28,4.91469530491029,0.374963670130038,0.378378378378378,-0.00341470824834011
1292,75,292,2341,1.67873818447225,27,5.06624397242273,0.331357548829111,0.364864864864865,-0.0335073160357542
1293,75,293,2342,1.69250986767155,25,4.37781249843225,0.386610862908738,0.337837837837838,0.0487730250709006
1294,75,294,2343,2.43636382478498,36,5.25342000105103,0.463767188669009,0.486486486486487,-0.0227192978174776
1295,75,295,2344,1.94919838827063,31,5.17312697786971,0.376793068604187,0.418918918918919,-0.0421258503147316
1296,75,296,2345,1.87146115414685,25,5.29998725482388,0.353106727274391,0.337837837837838,0.0152688894365535
1297,75,297,2346,1.96572551698333,30,5.16263953561814,0.380759784490351,0.405405405405405,-0.0246456209150541
1298,75,298,2347,1.98166482545463,34,4.97578314068577,0.398261895549877,0.45945945945946,-0.0611975639095828
1299,75,299,2348,2.01565819885097,33,5.12700571446012,0.393145299831838,0.445945945945946,-0.0528006461141081
1300,75,300,2349,2.03623077006332,31,4.92938290918195,0.413080259249174,0.418918918918919,-0.00583865966974539
1301,75,301,2350,1.58778459692692,27,4.78877595868112,0.331563767156108,0.364864864864865,-0.0333010977087566
1302,75,302,2351,1.84653156965835,31,5.12518945240093,0.360285524429409,0.418918918918919,-0.05863339448951
1303,75,303,2352,2.23884305432349,32,4.99065565338519,0.448606998722677,0.432432432432432,0.0161745662902448
1304,75,304,2353,2.08322052560707,34,4.72943981006477,0.440479339894283,0.45945945945946,-0.0189801195651768
1305,75,305,2354,2.80905096400138,44,5.0606767854817,0.555074169537978,0.594594594594595,-0.0395204250566169
1306,75,306,2355,1.92483840028333,30,5.07934781784969,0.378953847877699,0.405405405405405,-0.0264515575277066
1307,75,307,2356,2.41173497394437,35,5.45276924923313,0.442295439933305,0.472972972972973,-0.0306775330396675
1308,75,308,2357,2.1331847746943,31,5.30308386852693,0.402253637238223,0.418918918918919,-0.0166652816806962
1309,75,309,2358,2.24205911054166,40,4.68770157591483,0.478285375942285,0.540540540540541,-0.0622551645982558
1310,75,310,2359,1.93291926071064,30,4.99749989286386,0.386777249054219,0.405405405405405,-0.0186281563511866
1311,75,311,2360,2.31891711374094,29,5.45357162366862,0.425210719462598,0.391891891891892,0.0333188275707058
1312,75,312,2361,1.96126538985493,27,5.33475731996755,0.367639101878932,0.364864864864865,0.00277423701406715
1313,75,313,2362,1.87672482738679,34,5.28727780756756,0.354951053394749,0.45945945945946,-0.104508406064711
1314,75,314,2363,1.71728782865095,24,4.63669900672242,0.370368623488645,0.324324324324324,0.0460442991643202
1315,75,315,2364,1.9573108919386,37,4.890497118072,0.400227388889708,0.5,-0.0997726111102922
1316,75,316,2365,2.04547245402703,32,5.00911899895772,0.40834974262992,0.432432432432432,-0.0240826898025122
1317,75,317,2366,2.027105349517,33,4.73221609337164,0.428362802864465,0.445945945945946,-0.0175831430814814
1318,75,318,2367,2.0621554169251,28,5.05595826637152,0.40786638423047,0.378378378378378,0.0294880058520912
1319,75,319,2368,1.78682348586357,28,5.28152031551827,0.338316124736563,0.378378378378378,-0.0400622536418151
1320,75,320,2369,1.65920981715696,24,5.34445454592569,0.31045447255639,0.324324324324324,-0.0138698517679345
1321,75,321,2370,1.74139003796386,24,5.02245744436288,0.346720715357852,0.324324324324324,0.0223963910335275
1322,75,322,2371,1.79457291629482,31,4.5736422332161,0.39237282340576,0.418918918918919,-0.0265460955131594
1323,75,323,2372,2.03000009397471,33,4.62598414126277,0.438825562731084,0.445945945945946,-0.00712038321486158
1324,75,324,2373,1.81616919198625,26,4.46514975153235,0.406743176164019,0.351351351351351,0.055391824812668
1325,75,325,2374,1.98350348533902,33,4.73471727651053,0.418927545088998,0.445945945945946,-0.027018400856948
1326,75,326,2375,2.55425317418403,34,5.49428172473427,0.464893010979987,0.45945945945946,0.00543355152052749
1327,75,327,2376,1.898627090705,25,5.38815546818448,0.352370510078236,0.337837837837838,0.0145326722403982
1328,75,328,2377,1.92224385116426,26,5.20945539563521,0.368991325422391,0.351351351351351,0.0176399740710398
1329,75,329,2378,2.12831536700883,32,4.72137776209925,0.45078268976777,0.432432432432432,0.0183502573353378
1330,75,330,2379,1.61748291690055,28,4.42400335434685,0.365615210330092,0.378378378378378,-0.0127631680482865
1331,75,331,2380,1.86343246661571,30,4.68497859521331,0.397746207105321,0.405405405405405,-0.00765919830008405
1332,75,332,2381,1.94126781406906,32,5.25885216413574,0.369142876331093,0.432432432432432,-0.0632895561013393
1333,75,333,2382,2.04066690071844,27,5.36818675898464,0.380140817065095,0.364864864864865,0.0152759522002297
1334,75,334,2383,2.13124088845409,31,5.02190278656076,0.424389116841838,0.418918918918919,0.00547019792291958
1335,75,335,2384,1.82836551711544,26,5.03043210284569,0.363460927358733,0.351351351351351,0.0121095760073816
1336,75,336,2385,1.56022518679981,26,4.69537944433668,0.332289478474775,0.351351351351351,-0.0190618728765763
1337,75,337,2386,2.15653464529541,32,5.24023678712666,0.41153381667661,0.432432432432432,-0.020898615755823
1338,75,338,2387,2.49652491731792,30,5.25719053927522,0.474878149967549,0.405405405405405,0.0694727445621431
1339,75,339,2388,2.09774493635097,35,5.27338672400903,0.397798425592459,0.472972972972973,-0.0751745473805142
1340,75,340,2389,1.87604688132297,30,4.61005653551184,0.406946610496323,0.405405405405405,0.00154120509091804
1341,75,341,2390,1.80256386108258,29,4.94741656267825,0.364344469127697,0.391891891891892,-0.0275474227641946
1342,75,342,2391,2.13771446222368,32,4.76645872018583,0.448491130987983,0.432432432432432,0.0160586985555504
1343,75,343,2392,1.77020457410943,26,4.54082002701707,0.389842487387086,0.351351351351351,0.0384911360357344
1344,75,344,2393,1.79460243528894,26,5.08802484498091,0.352711020477668,0.351351351351351,0.00135966912631641
1345,75,345,2394,2.00267014848938,28,5.3510235358611,0.374259267422023,0.378378378378378,-0.00411911095635503
1346,75,346,2395,1.83158008642698,32,4.64897626522522,0.393974927367854,0.432432432432432,-0.0384575050645783
1347,75,347,2396,2.06466666907159,36,4.80817968526972,0.429407136217658,0.486486486486487,-0.057079350268829
1348,75,348,2397,2.45340463026225,34,5.3455869453116,0.458958886154501,0.45945945945946,-0.000500573304958785
1349,75,349,2398,2.26704605842649,31,5.17903814371379,0.437734960723969,0.418918918918919,0.01881604180505
1350,75,350,2399,1.84581334554837,27,5.00030420019591,0.369140210604797,0.364864864864865,0.00427534573993216
1351,75,351,2400,1.89686220260525,27,5.01053913997088,0.378574470653925,0.364864864864865,0.0137096057890603
1352,75,352,2401,2.14856944663266,29,5.51321033075792,0.389712947218049,0.391891891891892,-0.00217894467384305
1353,75,353,2402,1.75438617082383,24,4.9934627985894,0.351336585769583,0.324324324324324,0.0270122614452589
1354,75,354,2403,1.54872747012542,24,4.59039837457783,0.337384109994126,0.324324324324324,0.0130597856698018
1355,75,355,2404,1.71548544911701,29,4.92303667853337,0.348460830405203,0.391891891891892,-0.0434310614866885
1356,75,356,2405,1.7793507347295,30,4.66372609022262,0.381529854092388,0.405405405405405,-0.0238755513130175
1357,75,357,2406,2.13200345440382,28,5.24420496813628,0.406544646396897,0.378378378378378,0.0281662680185187
1358,75,358,2407,2.53044068531181,32,5.6367101639061,0.448921553837403,0.432432432432432,0.0164891214049703
1359,75,359,2408,1.90786229985417,26,4.68270462871108,0.407427427336862,0.351351351351351,0.0560760759855102
1360,75,360,2409,1.7592315096235,27,4.69903900073367,0.374381125449019,0.364864864864865,0.00951626058415389
1361,75,361,2410,1.56043663307097,22,4.58815474952129,0.340101133954511,0.297297297297297,0.0428038366572137
1362,75,362,2411,2.2126653059039,38,4.84480850642985,0.456708516542467,0.513513513513513,-0.0568049969710468
1363,75,363,2412,2.06375417193076,28,4.76540607290464,0.433069950463393,0.378378378378378,0.0546915720850146
1364,75,364,2413,1.58081329686953,26,4.51594718961246,0.350051324892749,0.351351351351351,-0.00130002645860255
1365,75,365,2414,2.31925162845301,37,5.33312837565381,0.434876392445492,0.5,-0.0651236075545082
1366,75,366,2415,2.01300074609995,26,5.29995323593912,0.379814812789242,0.351351351351351,0.0284634614378905
1367,75,367,2416,2.96695341964118,37,5.48823100533235,0.540602867619546,0.5,0.0406028676195462
1368,75,368,2417,1.93233774132536,32,4.58552828901921,0.421399153932307,0.432432432432432,-0.0110332785001251
1369,75,369,2418,2.09926979301892,30,4.48564415562229,0.467997397962945,0.405405405405405,0.0625919925575397
1370,75,370,2419,2.13524829108933,30,5.10050737991038,0.418634487129563,0.405405405405405,0.0132290817241574
1371,75,371,2420,2.40496755927968,31,5.50857710761439,0.436585984419705,0.418918918918919,0.0176670655007864
1372,75,372,2421,1.7895861285221,31,5.10283914558426,0.350704005645703,0.418918918918919,-0.0682149132732155
1373,75,373,2422,2.40337821794225,36,5.28500525718916,0.45475417733463,0.486486486486487,-0.0317323091518567
1374,75,374,2423,1.87351642978587,32,4.80034074011562,0.390288217277832,0.432432432432432,-0.0421442151546006
1375,75,375,2424,1.72398391011749,25,5.11297168736912,0.337178458151127,0.337837837837838,-0.000659379686710815
1376,75,376,2425,2.58922468738405,38,5.34733336120184,0.48420857883491,0.513513513513513,-0.0293049346786035
1377,75,377,2426,1.6754503359656,27,4.83410002744302,0.346589918796493,0.364864864864865,-0.0182749460683719
1378,75,378,2427,1.4778519617714,28,4.51526327528872,0.327301393444637,0.378378378378378,-0.0510769849337412
1379,75,379,2428,1.83470906014506,27,5.19312501291235,0.35329576229788,0.364864864864865,-0.011569102566985
1380,75,380,2429,2.17942520065272,31,5.30834187311196,0.410566096296856,0.418918918918919,-0.00835282262206272
1381,75,381,2430,2.02419066787543,30,5.08812155596033,0.397826711805705,0.405405405405405,-0.00757869359970015
1382,75,382,2431,1.96611263158597,34,4.67116205631567,0.420904393357039,0.45945945945946,-0.0385550661024203
1383,75,383,2432,2.14106486674208,29,5.09455819014461,0.420265072422561,0.391891891891892,0.0283731805306695
1384,75,384,2433,1.80344423475394,29,5.04627537050091,0.357381256935831,0.391891891891892,-0.034510634956061
1385,75,385,2434,1.97233015897349,33,5.04998338289827,0.390561712668753,0.445945945945946,-0.0553842332771926
1386,75,386,2435,1.83415586671207,28,4.60230211659558,0.398530087822403,0.378378378378378,0.0201517094440247
1387,75,387,2436,1.87388926305044,27,5.16811218873095,0.36258680048325,0.364864864864865,-0.0022780643816146
1388,75,388,2437,1.74933071335755,27,5.19431210088769,0.336778129496414,0.364864864864865,-0.0280867353684509
1389,75,389,2438,2.04600289691501,32,5.5646695843676,0.36767733751213,0.432432432432432,-0.0647550949203025
1390,75,390,2439,3.11856208501995,46,5.25800525712397,0.593107449026353,0.621621621621622,-0.0285141725952687
1391,75,391,2440,1.88836846330258,28,5.02355214657751,0.375903028017556,0.378378378378378,-0.00247535036082192
1392,75,392,2441,1.78668541824093,29,5.39480588931626,0.331186228920532,0.391891891891892,-0.0607056629713602
1393,75,393,2442,1.69116905386056,27,5.23488917491854,0.323057279218691,0.364864864864865,-0.0418075856461735
1394,75,394,2443,1.92461861553033,26,5.36728255002839,0.358583435396026,0.351351351351351,0.00723208404467501
1395,75,395,2444,1.8536363668227,27,5.07854144050577,0.3649938448938,0.364864864864865,0.000128980028935355
1396,75,396,2445,1.96980201005458,32,5.45042189964222,0.361403584222331,0.432432432432432,-0.0710288482101016
1397,75,397,2446,1.5688009170333,25,4.58244462805219,0.342350217922903,0.337837837837838,0.00451238008506499
1398,75,398,2447,1.94444619343476,25,5.42211528958077,0.358613952228431,0.337837837837838,0.020776114390593
1399,75,399,2448,1.683485414459,30,4.9669739120137,0.338935827785833,0.405405405405405,-0.0664695776195721
1400,75,400,2449,1.95054369942574,30,5.20690108260254,0.374607404381651,0.405405405405405,-0.0307980010237545
1401,75,401,2450,2.13810542702312,35,4.77533745190323,0.447739128084231,0.472972972972973,-0.025233844888742
1402,75,402,2451,1.84227510412218,30,5.19316756747465,0.354749790024212,0.405405405405405,-0.0506556153811932
1403,75,403,2452,2.03521735174349,31,5.35825887435282,0.379828111979623,0.418918918918919,-0.0390908069392958
1404,75,404,2453,1.69576906273866,26,5.07744636776517,0.333980694213625,0.351351351351351,-0.017370657137726
1405,75,405,2454,1.95291491411407,34,4.61435791192639,0.423225712306908,0.45945945945946,-0.0362337471525511
1406,75,406,2455,2.42105258588677,33,5.04550971709534,0.479843013220982,0.445945945945946,0.0338970672750359
1407,75,407,2456,2.14388204300565,33,4.74453989475837,0.451863002643132,0.445945945945946,0.00591705669718628
1408,75,408,2457,1.75757927900244,32,4.94073968266527,0.355732014210131,0.432432432432432,-0.0767004182223014
1409,75,409,2458,1.94306667074628,26,4.98154812060488,0.390052775503521,0.351351351351351,0.03870142415217
1410,75,410,2459,1.58351427372046,27,4.7325255971826,0.334602368482311,0.364864864864865,-0.0302624963825535
1411,75,411,2460,1.82582738186692,26,5.51221241070072,0.331233132148987,0.351351351351351,-0.0201182192023641
1412,75,412,2461,2.12455615352487,34,4.34829452612848,0.488595273562685,0.45945945945946,0.029135814103225
1413,75,413,2462,1.97082131256619,27,5.1027295063318,0.386228842841986,0.364864864864865,0.021363977977121
1414,75,414,2463,1.5812216786902,25,5.11810959158078,0.30894642844133,0.337837837837838,-0.0288914093965075
1415,75,415,2464,2.01721320775717,31,5.07198699152188,0.397716557855739,0.418918918918919,-0.0212023610631795
1416,75,416,2465,1.99630648864375,30,4.8026603666135,0.415666804698789,0.405405405405405,0.0102613992933832
1417,75,417,2466,1.99611839079009,34,4.88055028229974,0.408994534495301,0.45945945945946,-0.0504649249641589
1418,75,418,2467,2.31487383583325,36,5.04406391554968,0.458930313848132,0.486486486486487,-0.027556172638354
1419,75,419,2468,2.30085800187634,27,5.08506201821395,0.452473931219522,0.364864864864865,0.0876090663546567
1420,75,420,2469,2.35917492603444,33,4.96422155267068,0.475235623753585,0.445945945945946,0.0292896778076389
1421,75,421,2470,1.66076838229004,26,4.43605952164439,0.374379192656642,0.351351351351351,0.0230278413052906
1422,75,422,2471,1.69677229772958,30,4.47089892534275,0.379514796926325,0.405405405405405,-0.0258906084790804
1423,75,423,2472,2.0804569725976,28,5.3138282956553,0.391517538174621,0.378378378378378,0.0131391597962424
1424,75,424,2473,1.6517955752948,30,4.70383580267566,0.351159276085959,0.405405405405405,-0.0542461293194461
1425,75,425,2474,2.10887726299214,31,4.95619694838486,0.425503119620657,0.418918918918919,0.00658420070173826
1426,75,426,2475,1.73197038613426,28,4.6614389573672,0.371552733388679,0.378378378378378,-0.00682564498969945
1427,75,427,2476,2.27600937828986,33,5.43723079742678,0.418597161512254,0.445945945945946,-0.0273487844336924
1428,75,428,2477,1.89915105526277,28,5.22568622785784,0.363426155427875,0.378378378378378,-0.0149522229505032
1429,75,429,2478,1.65755590119432,25,4.99808101469781,0.331638462105748,0.337837837837838,-0.00619937573209012
1430,75,430,2479,1.85067466067415,31,4.42130969259778,0.418580644502821,0.418918918918919,-0.000338274416097906
1431,75,431,2480,1.87394038511452,30,4.70015321028925,0.398697723515102,0.405405405405405,-0.00670768189030335
1432,75,432,2481,1.74241291171822,31,4.99572658093388,0.348780679544816,0.418918918918919,-0.0701382393741031
1433,75,433,2482,2.01573292014268,32,5.3517813298933,0.376647100449239,0.432432432432432,-0.0557853319831939
1434,75,434,2483,2.20889849148664,33,5.0815006409191,0.434694128285521,0.445945945945946,-0.0112518176604252
1435,75,435,2484,1.94025277958305,34,4.20873250451641,0.461006437805434,0.45945945945946,0.00154697834597473
1436,75,436,2485,1.86159787071166,34,4.58105090280742,0.406369173844108,0.45945945945946,-0.0530902856153516
1437,75,437,2486,1.89241432235435,30,4.80218302685951,0.394073760156522,0.405405405405405,-0.0113316452488836
1438,75,438,2487,1.8926204485243,26,5.35843878914146,0.353203707833628,0.351351351351351,0.00185235648227655
1439,75,439,2488,2.41819321502115,33,4.98845012080946,0.484758423249256,0.445945945945946,0.0388124773033103
1440,75,440,2489,2.0628769231946,26,4.91320492792044,0.419863806508826,0.351351351351351,0.0685124551574747
1441,75,441,2490,1.8839429494967,26,5.09190589631106,0.369987778222995,0.351351351351351,0.0186364268716432
1442,75,442,2491,1.68813966432154,30,4.40271698121337,0.383431338313347,0.405405405405405,-0.0219740670920588
1443,75,443,2492,1.85163560989865,31,5.02113463229155,0.368768365219794,0.418918918918919,-0.0501505536991254
1444,75,444,2493,1.77647322816168,31,4.77808485418533,0.371796081981591,0.418918918918919,-0.0471228369373284
1445,75,445,2494,1.82538817693247,29,4.81045723896237,0.379462509748078,0.391891891891892,-0.0124293821438142
1446,75,446,2495,1.91638184793427,32,4.87732811454963,0.392916326916264,0.432432432432432,-0.0395161055161681
1447,75,447,2496,1.981486249643,33,4.83629833123609,0.409711335805159,0.445945945945946,-0.036234610140787
1448,75,448,2497,1.88921986161911,30,4.79393221478775,0.394085643470609,0.405405405405405,-0.0113197619347962
1449,75,449,2498,2.06155794707757,32,5.14723029458604,0.400517915284645,0.432432432432432,-0.0319145171477874
1450,75,450,2499,1.99529481933209,28,5.26014302724551,0.379323301476259,0.378378378378378,0.000944923097880801
1451,75,451,2500,2.27543172492755,30,5.33521482491088,0.426492990367179,0.405405405405405,0.0210875849617737
1452,75,452,2501,1.81060905423069,36,4.50685975345626,0.401745151453216,0.486486486486487,-0.0847413350332709
1453,75,453,2502,2.16346191389561,34,5.0986905302978,0.42431716556236,0.45945945945946,-0.0351422938970998
1454,75,454,2503,1.88872846658364,28,5.20966185773643,0.362543389218026,0.378378378378378,-0.0158349891603522
1455,75,455,2504,2.06287657124741,27,5.46932625799713,0.377171972184165,0.364864864864865,0.0123071073193
1456,75,456,2505,1.80707050250528,29,4.79367991025686,0.376969371408959,0.391891891891892,-0.014922520482933
1457,75,457,2506,1.60005193183325,28,4.48583001893955,0.356690272497554,0.378378378378378,-0.0216881058808245
1458,75,458,2507,1.67087605006144,24,4.91544571752683,0.339923609389818,0.324324324324324,0.0155992850654936
1459,75,459,2508,2.08555786256356,29,5.72725880385054,0.364145908887757,0.391891891891892,-0.0277459830041351
1460,75,460,2509,1.98222160087918,33,5.03986309251881,0.393308620589633,0.445945945945946,-0.0526373253563128
1461,75,461,2510,2.22962271781666,33,5.09893357205763,0.437272360250992,0.445945945945946,-0.00867358569495358
1462,75,462,2511,1.65166105399986,28,4.76202452581861,0.346840098165167,0.378378378378378,-0.0315382802132115
1463,75,463,2512,1.68586974670178,29,4.75986882003368,0.354184077427968,0.391891891891892,-0.0377078144639239
1464,75,464,2513,1.7988749290828,30,4.48367594757148,0.40120538373366,0.405405405405405,-0.00420002167174521
1465,75,465,2514,1.72428032928288,28,5.09587023112965,0.33836817875573,0.378378378378378,-0.040010199622648
1466,75,466,2515,2.23865092703433,34,5.08374566059481,0.440354627570491,0.45945945945946,-0.0191048318889682
1467,75,467,2516,2.02716733355341,29,5.38117004782176,0.376714973795334,0.391891891891892,-0.0151769180965577
1468,75,468,2517,1.8642083583752,26,5.58126491024836,0.334011803480628,0.351351351351351,-0.0173395478707236
1469,75,469,2518,2.40298618641509,33,5.36521477568888,0.447882570760003,0.445945945945946,0.00193662481405671
1470,75,470,2519,1.51452602607463,21,4.85508106186193,0.311946599197216,0.283783783783784,0.0281628154134318
1471,75,471,2520,2.55703046965664,37,5.14471564848646,0.497020757679562,0.5,-0.00297924232043817
1472,75,472,2521,2.13300411380694,26,5.50677899044557,0.387341514432987,0.351351351351351,0.0359901630816355
1473,75,473,2522,1.65788979612872,29,4.60294115372904,0.360180532567877,0.391891891891892,-0.0317113593240153
1474,75,474,2523,1.97088095875797,31,5.37457526429356,0.36670450441948,0.418918918918919,-0.0522144144994389
1475,75,475,2524,2.3345590652734,34,4.83286089994663,0.483059436968107,0.45945945945946,0.0235999775086476
1476,75,476,2525,1.33038336146332,25,4.47583660993307,0.29723680227979,0.337837837837838,-0.0406010355580473
1477,75,477,2526,1.7189915780459,25,4.67508960587447,0.367691685713554,0.337837837837838,0.0298538478757162
1478,75,478,2527,1.70343959518723,25,5.03659177302248,0.338212758141602,0.337837837837838,0.000374920303763682
1479,75,479,2528,1.75918412865788,30,4.72576510473186,0.37225382338543,0.405405405405405,-0.0331515820199752
1480,75,480,2529,1.88353754487799,29,5.37684572706183,0.350305298029678,0.391891891891892,-0.0415865938622143
1481,75,481,2530,2.0453259211151,30,5.20999682662707,0.392577191345284,0.405405405405405,-0.0128282140601213
1482,75,482,2531,2.23801173840303,31,5.38515239854593,0.415589304214923,0.418918918918919,-0.00332961470399551
1483,75,483,2532,1.91217911854361,27,5.00806997191291,0.381819569069084,0.364864864864865,0.0169547042042188
1484,75,484,2533,1.97195299369884,29,4.97816784622161,0.396120230296281,0.391891891891892,0.00422833840438874
1485,75,485,2534,1.80142222325864,30,4.44938812081067,0.404869652713151,0.405405405405405,-0.000535752692254143
1486,75,486,2535,1.86897103899356,30,4.69247877861046,0.398290781305782,0.405405405405405,-0.00711462409962382
1487,75,487,2536,2.17033038419531,31,5.3559351946587,0.405219687191084,0.418918918918919,-0.0136992317278353
1488,75,488,2537,2.07443907080593,27,5.43526341202549,0.381663024135362,0.364864864864865,0.0167981592704974
1489,75,489,2538,2.42439909308805,31,5.49177311624661,0.44146016992505,0.418918918918919,0.0225412510061307
1490,75,490,2539,1.90568704916619,31,4.87310568854184,0.391062121563881,0.418918918918919,-0.0278567973550377
1491,75,491,2540,2.17368608278538,33,5.31352343837188,0.409085629901996,0.445945945945946,-0.0368603160439503
1492,75,492,2541,1.55383829582668,27,4.70797170108594,0.330044102743496,0.364864864864865,-0.0348207621213688
1493,75,493,2542,1.90935929288597,27,4.87489052755402,0.391672240041869,0.364864864864865,0.0268073751770039
1494,75,494,2543,1.81901348123161,26,5.34241467466285,0.340485265933874,0.351351351351351,-0.010866085417477
1495,75,495,2544,2.00121359869451,31,4.97173229915733,0.402518373532238,0.418918918918919,-0.0164005453866805
1496,75,496,2545,2.52880862546432,37,5.73097120626948,0.441253067664674,0.5,-0.0587469323353265
1497,75,497,2546,2.48035552680957,35,4.84416509047196,0.512029520151617,0.472972972972973,0.0390565471786442
1498,75,498,2547,1.70154369112542,29,4.72535673131748,0.360087880741019,0.391891891891892,-0.0318040111508732
1499,75,499,2548,2.12118615776253,29,5.00342622276326,0.423946724369016,0.391891891891892,0.0320548324771244
1500,75,500,2549,1.75326307466431,31,4.67831498403196,0.374763794367963,0.418918918918919,-0.0441551245509558
1501,75,501,2550,2.16857560533569,32,5.01521143957204,0.432399636877671,0.432432432432432,-3.27955547618219e-05
1502,75,502,2551,1.89412530911311,25,5.42710692607375,0.34901197542526,0.337837837837838,0.0111741375874224
1503,75,503,2552,2.30926977251051,38,5.03059061863059,0.459045457596613,0.513513513513513,-0.0544680559169006
1504,75,504,2553,2.05891525981484,35,4.68675514286916,0.439305062255589,0.472972972972973,-0.0336679107173836
1505,75,505,2554,1.77418397436597,33,4.78847094430634,0.37051158814601,0.445945945945946,-0.0754343577999362
1506,75,506,2555,1.92235760885779,35,4.7807040774952,0.40210763471162,0.472972972972973,-0.0708653382613534
1507,75,507,2556,2.02748122019132,30,5.01593921847814,0.404207693092117,0.405405405405405,-0.00119771231328891
1508,75,508,2557,1.74918444464621,27,4.52501277238728,0.386559007152457,0.364864864864865,0.0216941422875917
1509,75,509,2558,1.66483894911706,27,5.05897290084413,0.329086354433578,0.364864864864865,-0.0357785104312867
1510,75,510,2559,2.01146490346839,31,5.46186251213589,0.368274539866035,0.418918918918919,-0.0506443790528835
1511,75,511,2560,1.80815073185861,28,5.05704085188893,0.357551142024731,0.378378378378378,-0.0208272363536474
1512,75,512,2561,1.77599302927795,26,5.20450495704346,0.341241490581046,0.351351351351351,-0.0101098607703058
1513,75,513,2562,1.67763432314099,27,4.76689300443835,0.351934545537099,0.364864864864865,-0.0129303193277658
1514,75,514,2563,1.84971807966962,27,5.13117352386263,0.360486362635655,0.364864864864865,-0.00437850222920949
1515,75,515,2564,2.10756203986602,33,5.15391334802039,0.408924616607211,0.445945945945946,-0.0370213293387353
1516,75,516,2565,1.90758588239426,30,4.9862824956423,0.382566748687297,0.405405405405405,-0.022838656718108
1517,75,517,2566,1.90780572057507,31,5.10274917935572,0.373878012325888,0.418918918918919,-0.0450409065930307
1518,75,518,2567,1.69902255614121,22,4.53671522556077,0.374505004539093,0.297297297297297,0.0772077072417957
1519,75,519,2568,2.20276481981577,35,5.17559140610052,0.425606398762342,0.472972972972973,-0.0473665742106306
1520,75,520,2569,2.13816368552717,32,4.85792760475489,0.440139059181195,0.432432432432432,0.00770662674876293
1521,75,521,2570,2.08921148104985,29,5.3180545330945,0.392852586984318,0.391891891891892,0.00096069509242569
1522,75,522,2571,2.69675348560719,32,5.47971621408637,0.492133785810808,0.432432432432432,0.0597013533783751
1523,75,523,2572,1.56332229327896,29,4.77549770734377,0.327363217215011,0.391891891891892,-0.0645286746768813
1524,75,524,2573,1.9749998075497,35,5.00018961775766,0.39498498227661,0.472972972972973,-0.0779879906963626
1525,75,525,2574,1.82289553575509,30,4.79641852849,0.380053476344352,0.405405405405405,-0.025351929061053
1526,75,526,2575,2.02494939157696,29,4.73329481786549,0.427809690605777,0.391891891891892,0.0359177987138855
1527,75,527,2576,2.12346290403885,37,4.89998057863383,0.433361493981859,0.5,-0.0666385060181406
1528,75,528,2577,1.80126155391567,30,5.11878064003107,0.351892702693495,0.405405405405405,-0.0535127027119103
1529,75,529,2578,1.66904753236375,31,5.08116171769743,0.328477546099456,0.418918918918919,-0.0904413728194633
1530,75,530,2579,1.54775890076692,29,4.64821869359136,0.332978932962181,0.391891891891892,-0.0589129589297106
1531,75,531,2580,2.20449424871721,33,4.85205116192039,0.454342746016036,0.445945945945946,0.00839680007009053
1532,75,532,2581,2.11164298471002,30,5.15403561653452,0.409706711753351,0.405405405405405,0.00430130634794573
1533,75,533,2582,1.88386373070093,28,5.26627428790617,0.357722296202301,0.378378378378378,-0.0206560821760774
1534,75,534,2583,1.77554357182363,26,4.44523402445342,0.399426343372764,0.351351351351351,0.0480749920214123
1535,75,535,2584,2.06141095218051,31,4.8585561728147,0.424284680233774,0.418918918918919,0.0053657613148555
1536,75,536,2585,2.06581463441246,28,5.32819136791444,0.387714046243248,0.378378378378378,0.00933566786486989
1537,75,537,2586,2.01630782477762,34,4.62851971208989,0.435626928305164,0.45945945945946,-0.0238325311542958
1538,75,538,2587,1.9384869061078,30,4.94938329993371,0.391662311976073,0.405405405405405,-0.0137430934293328
1539,75,539,2588,1.79284869015067,31,4.8477801775048,0.369828792664742,0.418918918918919,-0.0490901262541771
1540,75,540,2589,2.22420261655564,32,5.21661127912454,0.426369245770006,0.432432432432432,-0.006063186662426
1541,75,541,2590,2.1601021098549,34,5.21138091406217,0.41449706814295,0.45945945945946,-0.0449623913165091
1542,75,542,2591,1.92653030364015,30,4.91147217958808,0.39225108749404,0.405405405405405,-0.0131543179113651
1543,75,543,2592,1.82680784225389,30,4.88293909341774,0.374120546520117,0.405405405405405,-0.0312848588852888
1544,75,544,2593,2.1530647040672,34,4.84463985834053,0.444422034872311,0.45945945945946,-0.0150374245871483
1545,75,545,2594,1.90747814549799,28,4.89139216469773,0.389966308419244,0.378378378378378,0.011587930040866
1546,75,546,2595,1.71027419995041,26,5.01457474418975,0.341060665599224,0.351351351351351,-0.0102906857521277
1547,75,547,2596,1.75160523973342,29,4.78335122857126,0.366187878755583,0.391891891891892,-0.0257040131363088
1548,75,548,2597,1.56165806649309,26,4.80443550109609,0.32504506848657,0.351351351351351,-0.0263062828647811
1549,75,549,2598,2.48912899179628,36,5.0196839764296,0.495873645329909,0.486486486486487,0.00938715884342223
1550,75,550,2599,1.57964831296075,28,4.93788075714502,0.319904102721604,0.378378378378378,-0.058474275656774
1551,75,551,2600,1.86847341390408,28,4.75216678525722,0.393183467318675,0.378378378378378,0.0148050889402971
1552,75,552,2601,1.69902566035623,31,4.41433227151557,0.38488848501948,0.418918918918919,-0.0340304338994388
1553,75,553,2602,1.81608513125049,28,4.83414759845951,0.375678461251208,0.378378378378378,-0.00269991712716994
1554,75,554,2603,1.64316108473288,28,5.03214839556265,0.326532716360635,0.378378378378378,-0.0518456620177436
1555,75,555,2604,2.32816028221003,36,5.17656640023946,0.449749911853219,0.486486486486487,-0.0367365746332677
1556,75,556,2605,2.14544286265483,30,5.02278850955898,0.427141787589064,0.405405405405405,0.0217363821836584
1557,75,557,2606,1.70331464866496,26,4.97760959300594,0.342195308177301,0.351351351351351,-0.00915604317405067
1558,75,558,2607,2.04611232518319,27,5.28806709674557,0.386930098985019,0.364864864864865,0.0220652341201543
1559,75,559,2608,1.90691993822359,30,4.79540085409206,0.397656003375892,0.405405405405405,-0.00774940202951307
1560,75,560,2609,1.89816854973634,29,4.79323389015292,0.396009999352605,0.391891891891892,0.00411810746071262
1561,75,561,2610,1.93348516890245,30,4.78766636121521,0.403847098570938,0.405405405405405,-0.001558306834467
1562,75,562,2611,1.65652395836514,24,5.29796735619941,0.312671605351959,0.324324324324324,-0.0116527189723651
1563,75,563,2612,2.0527542326934,28,5.50923260038169,0.372602571282102,0.378378378378378,-0.0057758070962764
1564,75,564,2613,2.37469389692057,41,4.86332362728006,0.488286217186966,0.554054054054054,-0.0657678368670881
1565,75,565,2614,2.12170824648321,37,4.99870402859655,0.424451664740572,0.5,-0.0755483352594282
1566,75,566,2615,1.90900112669574,32,4.50927201923019,0.423350181260885,0.432432432432432,-0.00908225117154793
1567,75,567,2616,1.69818762325574,29,4.420971086996,0.384120952125394,0.391891891891892,-0.00777093976649779
1568,75,568,2617,1.75974847587562,26,5.1027554504798,0.344862396983998,0.351351351351351,-0.00648895436735325
1569,75,569,2618,1.98343325664255,28,4.79832472744195,0.413359530525136,0.378378378378378,0.0349811521467574
1570,75,570,2619,1.78377363729146,31,4.76999433909447,0.373957181179819,0.418918918918919,-0.0449617377391
1571,75,571,2620,2.13445380708621,37,5.11930654063289,0.416941980353131,0.5,-0.0830580196468694
1572,75,572,2621,1.88403833225926,30,5.37111311806079,0.350772417345677,0.405405405405405,-0.054632988059728
1573,75,573,2622,1.80601026159597,26,4.85526553931302,0.371969410730006,0.351351351351351,0.0206180593786546
1574,75,574,2623,1.90598467758386,27,4.97594466374003,0.38303976558921,0.364864864864865,0.0181749007243455
1575,75,575,2624,1.79742191817518,28,4.70220195401407,0.382251110384741,0.378378378378378,0.00387273200636301
1576,75,576,2625,1.89999294880383,32,5.13011101299391,0.370360981271437,0.432432432432432,-0.0620714511609953
1577,75,577,2626,2.01325672038755,34,5.01354757240457,0.401563302494397,0.45945945945946,-0.0578961569650622
1578,75,578,2627,1.89684701858597,25,5.30098023361426,0.357829483414746,0.337837837837838,0.0199916455769081
1579,75,579,2628,2.01205413843119,28,4.93982022790064,0.407313231171226,0.378378378378378,0.0289348527928472
1580,75,580,2629,2.13970792360993,30,5.38617830274088,0.397259021767083,0.405405405405405,-0.0081463836383221
1581,75,581,2630,1.74978565935521,27,5.18271031635654,0.337619807503599,0.364864864864865,-0.0272450573612661
1582,75,582,2631,1.75042907299386,29,4.74477430953624,0.368917246385307,0.391891891891892,-0.0229746455065844
1583,75,583,2632,1.67163628245124,25,4.85210371055541,0.344517838482041,0.337837837837838,0.00668000064420271
1584,75,584,2633,1.7968971887724,31,5.42861428067818,0.331004763990696,0.418918918918919,-0.0879141549282234
1585,75,585,2634,1.99176995334086,31,4.87070043224761,0.40892885552022,0.418918918918919,-0.00999006339869846
1586,75,586,2635,2.07954542039186,30,4.82077857400954,0.431371279237631,0.405405405405405,0.0259658738322253
1587,75,587,2636,2.14193290645417,29,4.86552553684141,0.440226423689611,0.391891891891892,0.0483345317977189
1588,75,588,2637,2.32660101321269,34,4.90555223103788,0.474279123661567,0.45945945945946,0.0148196642021073
1589,75,589,2638,1.86218309953701,34,4.71495665081735,0.394952326701498,0.45945945945946,-0.0645071327579615
1590,75,590,2639,2.00596623649002,30,4.70507491933636,0.426340976685863,0.405405405405405,0.0209355712804579
1591,75,591,2640,1.91114400124047,28,5.04121810408109,0.379103613805822,0.378378378378378,0.000725235427443294
1592,75,592,2641,1.68769338197635,25,5.28559108378183,0.319300784950018,0.337837837837838,-0.01853705288782
1593,75,593,2642,2.18525228324,30,4.88945796506152,0.446931397888089,0.405405405405405,0.0415259924826839
1594,75,594,2643,1.93278878249802,29,5.44268575636905,0.35511673262346,0.391891891891892,-0.036775159268432
1595,75,595,2644,2.10800142383482,33,5.06030903555389,0.416575629872392,0.445945945945946,-0.0293703160735538
1596,75,596,2645,2.59368586549058,39,5.11082243358741,0.507488941201585,0.527027027027027,-0.019538085825442
1597,75,597,2646,2.01839459713204,30,4.8862051490585,0.413080199369228,0.405405405405405,0.00767479396382276
1598,75,598,2647,1.6135954750026,28,4.99868201221181,0.322804185395386,0.378378378378378,-0.055574192982992
1599,75,599,2648,2.17300278470229,33,4.92508343734594,0.441211364710055,0.445945945945946,-0.00473458123589121
1600,75,600,2649,1.80483738183046,26,5.40564884616344,0.333879878844037,0.351351351351351,-0.0174714725073146
1601,75,601,2650,1.66110050806834,28,4.97349303653068,0.333990717563577,0.378378378378378,-0.0443876608148014
1602,75,602,2651,2.0358829515336,29,5.13171797130869,0.396725416890829,0.391891891891892,0.00483352499893702
1603,75,603,2652,1.69338612995107,27,4.62876903375697,0.365839409484777,0.364864864864865,0.000974544619912587
1604,75,604,2653,2.20329889317159,31,5.19613049416044,0.424026859149847,0.418918918918919,0.00510794023092803
1605,75,605,2654,1.6211084703204,25,4.75706112895832,0.340779406943501,0.337837837837838,0.00294156910566357
1606,75,606,2655,2.59385694367684,37,5.17111038861685,0.501605409427478,0.5,0.00160540942747844
1607,75,607,2656,1.83007282058842,30,5.02844933603315,0.36394377238215,0.405405405405405,-0.0414616330232556
1608,75,608,2657,1.67106423577377,24,4.69826464926049,0.355676906373674,0.324324324324324,0.03135258204935
1609,75,609,2658,1.99604474404917,26,5.13846662767175,0.388451436718502,0.351351351351351,0.037100085367151
1610,75,610,2659,1.96765840883372,27,5.22365414521484,0.376682367196191,0.364864864864865,0.0118175023313263
1611,75,611,2660,1.88626402537518,31,4.55703444560455,0.413923582955261,0.418918918918919,-0.00499533596365759
1612,75,612,2661,1.87195574718211,29,5.26555253883015,0.355509841251721,0.391891891891892,-0.0363820506401704
1613,75,613,2662,1.81597951901475,30,4.54633324798741,0.399438276949595,0.405405405405405,-0.00596712845581043
1614,75,614,2663,2.0593705040545,33,4.80402481901856,0.428676075090557,0.445945945945946,-0.0172698708553891
1615,75,615,2664,1.77526069439457,29,4.43582567310628,0.400209752416038,0.391891891891892,0.00831786052414574
1616,75,616,2665,2.49098991394182,37,5.00794887225871,0.497407217501867,0.5,-0.00259278249813288
1617,75,617,2666,1.75214171537228,28,5.05983069111331,0.346284653051653,0.378378378378378,-0.0320937253267253
1618,75,618,2667,1.74116216687381,27,4.78662604581383,0.363755628747424,0.364864864864865,-0.00110923611744118
1619,75,619,2668,1.89068604596637,37,4.87777658883087,0.387612267912324,0.5,-0.112387732087676
1620,75,620,2669,1.7823150036229,25,4.79527622023902,0.371681405150434,0.337837837837838,0.0338435673125958
1621,75,621,2670,1.9099456069259,28,4.69071147894864,0.407176100149733,0.378378378378378,0.0287977217713546
1622,75,622,2671,2.07869286743951,34,4.55780546679071,0.456073187542861,0.45945945945946,-0.00338627191659885
1623,75,623,2672,2.35378006378728,30,5.58848364301016,0.42118403025681,0.405405405405405,0.0157786248514043
1624,75,624,2673,1.72379483118622,29,5.24374719320467,0.328733397639778,0.391891891891892,-0.0631584942521137
1625,75,625,2674,1.6667557866771,24,4.80056027106394,0.347200262586788,0.324324324324324,0.0228759382624634
1626,75,626,2675,1.67242037426573,30,4.37604567343175,0.382176169782569,0.405405405405405,-0.0232292356228363
1627,75,627,2676,2.11044079969433,27,5.90086728238614,0.357649257083601,0.364864864864865,-0.00721560778126384
1628,75,628,2677,1.87414319257242,33,5.01571108813879,0.373654534649019,0.445945945945946,-0.0722914112969273
1629,75,629,2678,2.26580060104557,37,5.16747872530105,0.43847313583542,0.5,-0.0615268641645802
1630,75,630,2679,2.10468338140848,31,5.19834071553405,0.404875997281039,0.418918918918919,-0.0140429216378801
1631,75,631,2680,2.63061082333815,32,5.69982329125356,0.461524978743613,0.432432432432432,0.0290925463111802
1632,75,632,2681,2.06979245188423,35,4.88789483272856,0.423452738390612,0.472972972972973,-0.0495202345823606
1633,75,633,2682,1.7715976556313,27,5.06261535074524,0.349937242490783,0.364864864864865,-0.0149276223740821
1634,75,634,2683,2.80763808021827,48,5.17880231016865,0.54214042399445,0.648648648648649,-0.106508224654199
1635,75,635,2684,2.21460228853102,38,4.81735484981441,0.459713340115755,0.513513513513513,-0.0538001733977581
1636,75,636,2685,1.79161162687876,26,4.66522418490316,0.384035483798716,0.351351351351351,0.0326841324473651
1637,75,637,2686,1.7801019753214,26,4.82294655229807,0.369090131109416,0.351351351351351,0.017738779758065
1638,75,638,2687,2.0480312678015,30,4.90915253946942,0.417186317054808,0.405405405405405,0.0117809116494028
1639,75,639,2688,2.0396881171736,34,5.24705037743098,0.388730423848582,0.45945945945946,-0.0707290356108777
1640,75,640,2689,2.55024231305796,36,5.59441145323841,0.455855336057149,0.486486486486487,-0.0306311504293371
1641,75,641,2690,1.78154849356339,28,4.82803589150528,0.369000673068306,0.378378378378378,-0.00937770531007198
1642,75,642,2691,2.0419478506702,32,4.97323189272455,0.410587701260705,0.432432432432432,-0.0218447311717276
1643,75,643,2692,1.84043473478991,31,5.12660871162833,0.358996529346072,0.418918918918919,-0.0599223895728469
1644,75,644,2693,1.74912071064224,29,4.43361864558487,0.394513116815779,0.391891891891892,0.00262122492388722
1645,75,645,2694,2.01854988137022,32,4.69068378984939,0.430331689750298,0.432432432432432,-0.00210074268213412
1646,75,646,2695,1.99936120967642,27,5.4273340768557,0.368387348441012,0.364864864864865,0.00352248357614693
1647,75,647,2696,1.68482987052228,28,4.99096948509893,0.337575670529046,0.378378378378378,-0.0408027078493327
1648,75,648,2697,2.08641711764577,33,5.20660855237179,0.400724789785731,0.445945945945946,-0.045221156160215
1649,75,649,2698,1.85328134179912,30,4.98026487846303,0.372125054997288,0.405405405405405,-0.0332803504081173
1650,75,650,2699,2.0225981145113,27,5.46419489645078,0.370154826619574,0.364864864864865,0.0052899617547093
1651,75,651,2700,2.29169455251694,37,5.21445982307136,0.439488390029845,0.5,-0.0605116099701552
1652,75,652,2701,2.79331555679432,37,5.93024362396319,0.471028803185584,0.5,-0.0289711968144155
1653,75,653,2702,2.02645605800344,31,4.82385837942883,0.420090288439062,0.418918918918919,0.00117136952014268
1654,75,654,2703,1.79060194638201,33,4.54396895157001,0.394061219490359,0.445945945945946,-0.051884726455587
1655,75,655,2704,2.05668469596859,28,5.45775715675008,0.37683697476809,0.378378378378378,-0.00154140361028871
1656,75,656,2705,1.73331256452713,25,4.75735758940919,0.364343552476656,0.337837837837838,0.0265057146388184
1657,75,657,2706,1.83337427651351,29,4.80819278574753,0.381302156175603,0.391891891891892,-0.0105897357162889
1658,75,658,2707,2.03512110933828,30,4.9764371777992,0.408951431843113,0.405405405405405,0.00354602643770741
1659,75,659,2708,2.16739458941448,31,5.35167190467435,0.404993921156003,0.418918918918919,-0.0139249977629162
1660,75,660,2709,2.12324464308255,30,5.14861677707057,0.412391276145945,0.405405405405405,0.0069858707405393
1661,75,661,2710,1.90845057909269,31,4.84387615528768,0.393992438681444,0.418918918918919,-0.0249264802374745
1662,75,662,2711,1.78835785679468,27,4.9499954850799,0.361284745043725,0.364864864864865,-0.0035801198211397
1663,75,663,2712,1.9311434692427,27,4.80815446119367,0.401639232855111,0.364864864864865,0.0367743679902462
1664,75,664,2713,1.81251844935816,30,4.84219326532233,0.374317659383532,0.405405405405405,-0.0310877460218736
1665,75,665,2714,1.88794305628505,27,4.82821661799233,0.391022857021293,0.364864864864865,0.0261579921564283
1666,75,666,2715,1.81087184945047,30,4.51179203774942,0.401364210561835,0.405405405405405,-0.00404119484356996
1667,75,667,2716,1.82958342376002,29,5.53123761608788,0.330772884975794,0.391891891891892,-0.0611190069160975
1668,75,668,2717,1.94413867426871,26,5.27734027074157,0.368393655616131,0.351351351351351,0.0170423042647795
1669,75,669,2718,2.0403023857558,41,4.56679701844418,0.446768791675111,0.554054054054054,-0.107285262378943
1670,75,670,2719,1.87378822097966,32,4.64186644017775,0.403671291522103,0.432432432432432,-0.0287611409103294
1671,75,671,2720,1.73447170476822,29,5.14458203768423,0.337145309776996,0.391891891891892,-0.0547465821148955
1672,75,672,2721,2.3515460536279,32,5.25856105436374,0.447184320827939,0.432432432432432,0.0147518883955065
1673,75,673,2722,1.92468831732024,29,5.18152803806777,0.371451877357392,0.391891891891892,-0.0204400145344998
1674,75,674,2723,1.87654664181888,29,4.98046835050777,0.376781159873761,0.391891891891892,-0.0151107320181305
1675,75,675,2724,2.14235835596355,33,4.87461744922286,0.439492612144384,0.445945945945946,-0.00645333380156216
1676,75,676,2725,1.69264180350641,24,5.03091546132406,0.33644807123452,0.324324324324324,0.0121237469101962
1677,75,677,2726,2.56431552592716,36,5.00901138764218,0.511940446422947,0.486486486486487,0.0254539599364603
1678,75,678,2727,2.002931342302,30,5.01207546877886,0.3996211459262,0.405405405405405,-0.0057842594792053
1679,75,679,2728,1.81862066508683,28,5.03683232868885,0.36106436474534,0.378378378378378,-0.0173140136330389
1680,75,680,2729,1.87572806629818,26,5.33056165663072,0.351881881708459,0.351351351351351,0.000530530357107206
1681,75,681,2730,1.4834296075889,23,4.76427287812977,0.311365374220804,0.310810810810811,0.000554563409993603
1682,75,682,2731,1.85179903590515,29,4.40615980903614,0.420275050420887,0.391891891891892,0.0283831585289948
1683,75,683,2732,2.11526730092174,40,4.7130420957266,0.448811459341661,0.540540540540541,-0.0917290811988795
1684,75,684,2733,2.30639188618551,37,5.12656465807717,0.449890333978655,0.5,-0.0501096660213449
1685,75,685,2734,2.4130039364048,36,5.20536854664757,0.463560632600905,0.486486486486487,-0.0229258538855813
1686,75,686,2735,1.71697805061815,36,4.11855809332673,0.416888146703615,0.486486486486487,-0.0695983397828719
1687,75,687,2736,1.7063557387235,24,5.06048845677909,0.337191904160487,0.324324324324324,0.0128675798361625
1688,75,688,2737,2.64227285501807,35,5.51515815988008,0.479092852538524,0.472972972972973,0.00611987956555143
1689,75,689,2738,1.7350805186627,30,5.02757401138652,0.345112874466505,0.405405405405405,-0.0602925309389006
1690,75,690,2739,1.8801223133507,30,5.23565606124669,0.359099660359091,0.405405405405405,-0.0463057450463146
1691,75,691,2740,2.11020835444493,33,5.18420798172422,0.40704546613176,0.445945945945946,-0.0389004798141858
1692,75,692,2741,2.24600985760928,33,5.11300454016704,0.439273980682972,0.445945945945946,-0.0066719652629742
1693,75,693,2742,1.72833351363267,28,4.62822909383724,0.373433008304201,0.378378378378378,-0.00494537007417695
1694,75,694,2743,1.90177787202194,30,4.69608897162675,0.404970579457132,0.405405405405405,-0.000434825948272932
1695,75,695,2744,2.34290488878831,36,5.1612990269765,0.453937056648468,0.486486486486487,-0.0325494298380187
1696,75,696,2745,1.85165043209496,25,5.05506198793526,0.366296286081997,0.337837837837838,0.028458448244159
1697,75,697,2746,2.21237467975502,31,5.22561301889561,0.423371319643294,0.418918918918919,0.00445240072437558
1698,75,698,2747,1.88230047831761,27,5.46479859334118,0.344440960845507,0.364864864864865,-0.0204239040193577
1699,75,699,2748,1.7290504657273,28,5.20088040248703,0.332453417867575,0.378378378378378,-0.0459249605108037
1700,75,700,2749,1.63901413624932,32,4.50736175723714,0.363630483756419,0.432432432432432,-0.0688019486760139
1701,75,701,2750,1.76372807860847,29,4.95829088160761,0.355712910097889,0.391891891891892,-0.0361789817940029
1702,75,702,2751,1.65713049077117,26,4.73371882318451,0.350069480818121,0.351351351351351,-0.00128187053323042
1703,75,703,2752,1.816392582704,29,5.16846138835674,0.351437777361728,0.391891891891892,-0.0404541145301643
1704,75,704,2753,2.21204921404018,32,4.91202110338209,0.450333817278821,0.432432432432432,0.0179013848463884
1705,75,705,2754,1.83852914766912,30,4.78129158846209,0.384525627365153,0.405405405405405,-0.0208797780402524
1706,75,706,2755,1.97675284894943,28,5.35495227179482,0.369144811870916,0.378378378378378,-0.00923356650746221
1707,75,707,2756,2.24737556125364,38,5.09411690443624,0.44117078650011,0.513513513513513,-0.0723427270134037
1708,75,708,2757,2.53762928939114,32,5.67873300831941,0.446865398615058,0.432432432432432,0.0144329661826251
1709,75,709,2758,2.20769148794744,37,4.92965479088524,0.447838962685458,0.5,-0.0521610373145421
1710,75,710,2759,2.0493036553547,33,5.06607294323626,0.404515228721833,0.445945945945946,-0.0414307172241134
1711,75,711,2760,2.08514358540636,23,5.6330303504934,0.370163740591903,0.310810810810811,0.0593529297810924
1712,75,712,2761,2.24804504061318,38,5.0911215521089,0.441561847935446,0.513513513513513,-0.0719516655780676
1713,75,713,2762,1.84342049582537,30,4.76464389423513,0.386895754802531,0.405405405405405,-0.0185096506028748
1714,75,714,2763,1.89909525841063,31,4.76687581421125,0.398394112292364,0.418918918918919,-0.0205248066265544
1715,75,715,2764,1.99400761444616,30,4.91864181022903,0.405398012577238,0.405405405405405,-7.39282816719644e-06
1716,75,716,2765,1.84630988716197,24,5.3205213912689,0.347016720991256,0.324324324324324,0.0226923966669315
1717,75,717,2766,1.9470548879036,26,4.95749508253178,0.392749736608763,0.351351351351351,0.0413983852574115
1718,75,718,2767,2.0100101599823,31,5.13848381533533,0.391167946074601,0.418918918918919,-0.0277509728443184
1719,75,719,2768,1.96401850255508,28,5.05655061350603,0.388410727524252,0.378378378378378,0.0100323491458736
1720,75,720,2769,1.85700465022125,31,5.36236153997269,0.346303515042499,0.418918918918919,-0.0726154038764197
1721,75,721,2770,2.1807503052089,36,4.64546081674624,0.469436809658927,0.486486486486487,-0.0170496768275598
1722,75,722,2771,2.18504232900746,30,5.37813089119341,0.406282846813086,0.405405405405405,0.000877441407680202
1723,75,723,2772,2.3737448224811,34,4.91662349413586,0.482799796509191,0.45945945945946,0.0233403370497317
1724,75,724,2773,1.9126028122307,28,4.83432466589004,0.395629781699523,0.378378378378378,0.0172514033211447
1725,75,725,2774,1.77261624518029,26,5.20631343133629,0.34047436224471,0.351351351351351,-0.0108769891066409
1726,75,726,2775,2.01431889653188,31,4.59739385442474,0.4381436440546,0.418918918918919,0.0192247251356807
1727,75,727,2776,1.92088713229193,31,5.15745481557518,0.372448659461053,0.418918918918919,-0.0464702594578655
1728,75,728,2777,1.66482261007876,26,4.50570199406063,0.369492392589061,0.351351351351351,0.0181410412377093
1729,75,729,2778,1.98203865150197,30,5.17370047321898,0.38309884032942,0.405405405405405,-0.0223065650759851
1730,75,730,2779,1.97714034366269,30,4.73231272087688,0.417795792518195,0.405405405405405,0.01239038711279
1731,75,731,2780,2.04256049011112,30,4.91747898025914,0.415367406411056,0.405405405405405,0.00996200100565009
1732,75,732,2781,1.97711263669826,38,4.16619525258017,0.474560724314065,0.513513513513513,-0.0389527891994483
1733,75,733,2782,1.91277565201686,28,4.90520517961707,0.389948143242844,0.378378378378378,0.0115697648644657
1734,75,734,2783,1.83323757181327,31,4.69875226374418,0.390154123672071,0.418918918918919,-0.0287647952468476
1735,75,735,2784,2.16176419794381,33,4.75004102125699,0.455104321893151,0.445945945945946,0.0091583759472052
1736,75,736,2785,1.73925196056438,29,4.61722909323227,0.376687386621923,0.391891891891892,-0.0152045052699688
1737,75,737,2786,1.65448161346373,28,4.40026906235527,0.375995556184957,0.378378378378378,-0.00238282219342123
1738,75,738,2787,1.94975785831796,28,5.47585418701333,0.356064605033138,0.378378378378378,-0.0223137733452404
1739,75,739,2788,1.8973615194877,36,4.48242997362513,0.423288602532975,0.486486486486487,-0.0631978839535119
1740,75,740,2789,2.01842157140766,32,4.8822611621255,0.413419418663163,0.432432432432432,-0.0190130137692693
1741,75,741,2790,2.16625463281869,36,4.89349310838786,0.442680634229473,0.486486486486487,-0.0438058522570134
1742,75,742,2791,1.68203259382537,27,4.55512441407267,0.369261614156766,0.364864864864865,0.00439674929190087
1743,75,743,2792,1.70260563241982,26,5.26069841746049,0.32364631030146,0.351351351351351,-0.0277050410498917
1744,75,744,2793,2.07996516645737,29,5.27504537629593,0.39430280084489,0.391891891891892,0.0024109089529985
1745,75,745,2794,2.39591432586573,31,5.30677573751434,0.45148211350419,0.418918918918919,0.032563194585271
1746,75,746,2795,2.36623902733543,36,4.93488525558433,0.479492207981491,0.486486486486487,-0.00699427850499551
1747,75,747,2796,1.5983910672747,27,4.63417777809964,0.344913627359838,0.364864864864865,-0.0199512375050264
1748,75,748,2797,2.10496264183429,33,4.84581063265282,0.434388134701404,0.445945945945946,-0.0115578112445419
1749,75,749,2798,2.11995152631343,32,4.67311600167294,0.453648384836692,0.432432432432432,0.0212159524042599
1750,75,750,2799,1.90260363363363,26,5.46731515826739,0.347995968506883,0.351351351351351,-0.00335538284446812
1751,75,751,2800,1.93554193099408,30,5.28896619958251,0.36595846105934,0.405405405405405,-0.0394469443460659
1752,75,752,2801,2.19772881527191,29,5.5284179665126,0.397533042650585,0.391891891891892,0.0056411507586932
1753,75,753,2802,1.61825346143944,28,4.92883349283498,0.328323824246017,0.378378378378378,-0.0500545541323612
1754,75,754,2803,1.92506122000425,33,4.48568714288194,0.429156371963882,0.445945945945946,-0.0167895739820635
1755,75,755,2804,2.07438975211971,30,5.12385377918088,0.40484952176979,0.405405405405405,-0.000555883635615428
1756,75,756,2805,1.66444057907294,29,4.56264878722303,0.364796997685629,0.391891891891892,-0.0270948942062627
1757,75,757,2806,1.77045921789161,34,4.75840534876418,0.372069861251191,0.45945945945946,-0.087389598208268
1758,75,758,2807,1.57430536577283,25,4.89837347969408,0.321393493636005,0.337837837837838,-0.016444344201833
1759,75,759,2808,1.77231490572926,26,5.29469669962327,0.334733981241147,0.351351351351351,-0.0166173701102045
1760,75,760,2809,1.87648453699714,26,5.78013054247986,0.324643971828371,0.351351351351351,-0.0267073795229804
1761,75,761,2810,1.94507729724006,31,4.94319783577301,0.393485626483305,0.418918918918919,-0.0254332924356143
1762,75,762,2811,1.72517142005772,25,5.04373500768532,0.342042438278185,0.337837837837838,0.00420460044034682
1763,75,763,2812,1.69396314091273,28,5.07675044613062,0.333670752361646,0.378378378378378,-0.0447076260167325
1764,75,764,2813,1.86677146114631,29,5.156227410161,0.362042111926172,0.391891891891892,-0.0298497799657197
1765,75,765,2814,2.13203387933879,34,4.83100563047611,0.441322996166466,0.45945945945946,-0.0181364632929935
1766,75,766,2815,1.8781002614798,30,5.41583960051521,0.346779151528257,0.405405405405405,-0.0586262538771488
1767,75,767,2816,1.63392356056773,24,5.01854946607874,0.325576856741516,0.324324324324324,0.00125253241719131
1768,75,768,2817,1.77308267027263,26,4.93847703991765,0.359034304693699,0.351351351351351,0.00768295334234742
1769,75,769,2818,2.24066907572424,34,4.95557313560089,0.452151348474155,0.45945945945946,-0.0073081109853046
1770,75,770,2819,1.81926645742334,26,5.25784219815129,0.346010090995697,0.351351351351351,-0.0053412603556543
1771,75,771,2820,1.98291566183897,30,5.10802144653765,0.388196424504647,0.405405405405405,-0.0172089809007589
1772,75,772,2821,1.92916324837085,28,5.06051848983779,0.381218496137277,0.378378378378378,0.00284011775889886
1773,75,773,2822,2.1408414794582,35,4.98359839031821,0.429577448218395,0.472972972972973,-0.0433955247545775
1774,75,774,2823,1.65784451677832,26,4.6737023091065,0.354717610821742,0.351351351351351,0.00336625947039032
1775,75,775,2824,2.10257626463072,30,5.29382004174711,0.39717562139434,0.405405405405405,-0.00822978401106556
1776,75,776,2825,1.85419531235037,35,5.0649484603176,0.36608374732289,0.472972972972973,-0.106889225650083
1777,75,777,2826,2.11198864033376,36,4.89006070334273,0.431894156015294,0.486486486486487,-0.0545923304711923
1778,75,778,2827,1.73368057556587,26,4.84227450518879,0.358030213633722,0.351351351351351,0.00667886228237013
1779,75,779,2828,2.153183075866,28,5.32857256735794,0.404082528415975,0.378378378378378,0.0257041500375967
1780,75,780,2829,1.92429979733836,30,5.10481903920753,0.376957494978527,0.405405405405405,-0.0284479104268787
1781,75,781,2830,2.0588153020244,30,5.15512495003899,0.399372531602524,0.405405405405405,-0.00603287380288181
1782,75,782,2831,2.07132822670504,32,5.62675347544849,0.36812137509542,0.432432432432432,-0.064311057337012
1783,75,783,2832,2.07845358347486,28,4.65175410456013,0.446810716292452,0.378378378378378,0.0684323379140732
1784,75,784,2833,2.33599016955531,30,5.03680966509873,0.463783689453654,0.405405405405405,0.0583782840482486
1785,75,785,2834,1.89644913855755,28,5.07788893108447,0.373471961339754,0.378378378378378,-0.00490641703862427
1786,75,786,2835,1.68240799076899,27,4.18534208719701,0.401976219797059,0.364864864864865,0.0371113549321946
1787,75,787,2836,2.49164300942826,34,4.83725361029093,0.515094557814264,0.45945945945946,0.0556350983548041
1788,75,788,2837,1.67467637588009,31,4.66974674593938,0.358622526443499,0.418918918918919,-0.0602963924754204
1789,75,789,2838,1.8568865126897,26,5.43562127326062,0.341614402354384,0.351351351351351,-0.00973694899696781
1790,75,790,2839,2.17581279744236,32,5.22028105766156,0.416799933453587,0.432432432432432,-0.0156324989788452
1791,75,791,2840,1.38353835751756,25,4.73376573191415,0.292270136688432,0.337837837837838,-0.0455677011494055
1792,75,792,2841,1.65718784407294,27,4.50973387787051,0.367469098831937,0.364864864864865,0.00260423396707254
1793,75,793,2842,1.74608794420396,30,4.99863412026311,0.349313012753981,0.405405405405405,-0.056092392651424
1794,75,794,2843,1.67678369817791,25,4.74395778258343,0.353456707463527,0.337837837837838,0.0156188696256896
1795,75,795,2844,2.04597895747068,36,4.88767761471926,0.418599408297553,0.486486486486487,-0.0678870781889331
1796,75,796,2845,1.81347827813015,31,5.1742500041899,0.350481379264951,0.418918918918919,-0.068437539653968
1797,75,797,2846,1.91235108996368,35,4.38337419220282,0.436273748512135,0.472972972972973,-0.0366992244608383
1798,75,798,2847,1.92666930233574,33,4.76805955338807,0.404078279803928,0.445945945945946,-0.0418676661420178
1799,75,799,2848,1.9482348810613,29,4.75525818589621,0.409701178127328,0.391891891891892,0.0178092862354363
1800,75,800,2849,1.90127770021494,31,4.64841169917067,0.409016632617577,0.418918918918919,-0.00990228630134182
1801,75,801,2850,1.75198991911631,26,5.16311335069213,0.339328192142334,0.351351351351351,-0.0120231592090174
1802,75,802,2851,2.07296759769534,30,5.62216112002235,0.368713658936743,0.405405405405405,-0.0366917464686627
1803,75,803,2852,2.18099868786224,32,5.14903401714237,0.423574340468751,0.432432432432432,-0.00885809196368142
1804,75,804,2853,1.82464456760164,35,4.68114749823373,0.389785745544251,0.472972972972973,-0.083187227428722
1805,75,805,2854,1.948509402255,33,4.97170979597225,0.391919376274446,0.445945945945946,-0.0540265696714996
1806,75,806,2855,2.01810678642357,29,4.95753553167584,0.407078632826534,0.391891891891892,0.0151867409346425
1807,75,807,2856,1.79741140471846,32,4.66709812404238,0.385123980029296,0.432432432432432,-0.0473084524031365
1808,75,808,2857,1.81353734002877,30,4.94822947588317,0.366502270937038,0.405405405405405,-0.0389031344683671
1809,75,809,2858,2.3679002664328,31,5.51379006203515,0.429450566632347,0.418918918918919,0.0105316477134283
1810,75,810,2859,1.85872278906329,30,5.28272293924449,0.351849379655167,0.405405405405405,-0.0535560257502389
1811,75,811,2860,1.81881747364068,28,5.49302579486911,0.3311139509557,0.378378378378378,-0.0472644274226788
1812,75,812,2861,2.14108626801891,30,5.13804206722322,0.416712483083274,0.405405405405405,0.011307077677869
1813,75,813,2862,2.21066918296716,35,5.04606192311778,0.438097910142425,0.472972972972973,-0.034875062830548
1814,75,814,2863,2.40988639702167,34,5.54180497337672,0.434855865300017,0.45945945945946,-0.0246035941594425
1815,75,815,2864,1.62886156460202,28,5.2107146354117,0.31259849724496,0.378378378378378,-0.0657798811334188
1816,75,816,2865,1.94943780449932,30,5.03501478311373,0.387176182885755,0.405405405405405,-0.0182292225196509
1817,75,817,2866,1.63530889517655,26,5.0508062770326,0.323771850568244,0.351351351351351,-0.027579500783107
1818,75,818,2867,2.23994905668735,33,5.3585776087996,0.418011871846181,0.445945945945946,-0.0279340740997653
1819,75,819,2868,1.61382472129675,31,4.27420631614237,0.377572957861634,0.418918918918919,-0.0413459610572854
1820,75,820,2869,1.87976624897111,25,5.26346577360442,0.357134696001614,0.337837837837838,0.019296858163776
1821,75,821,2870,1.83047509129893,26,5.24164492568284,0.349217682092511,0.351351351351351,-0.00213366925884034
1822,75,822,2871,2.01129601222288,27,5.80212491892549,0.3466481746476,0.364864864864865,-0.0182166902172649
1823,75,823,2872,1.82320187095827,27,4.90237105319324,0.371902055388219,0.364864864864865,0.007037190523354
1824,75,824,2873,1.59715524333826,24,4.67655476502807,0.341523904580784,0.324324324324324,0.01719958025646
1825,75,825,2874,1.82874413108394,29,5.1590122951462,0.35447562953174,0.391891891891892,-0.0374162623601521
1826,75,826,2875,2.08582182233716,24,4.95982732810378,0.42054323353523,0.324324324324324,0.0962189092109058
1827,75,827,2876,2.18779438451921,34,4.88996600331173,0.447404825112798,0.45945945945946,-0.0120546343466611
1828,75,828,2877,2.0633197255593,31,5.25116263061573,0.392926266181431,0.418918918918919,-0.0259926527374876
1829,75,829,2878,1.84278179155424,26,5.04197847992018,0.365487833574294,0.351351351351351,0.0141364822229423
1830,75,830,2879,1.88197591793624,28,5.24960133101766,0.358498826723554,0.378378378378378,-0.0198795516548243
1831,75,831,2880,1.57764294504359,31,4.89294723622544,0.322432037149993,0.418918918918919,-0.0964868817689261
1832,75,832,2881,2.0728944546461,30,5.29907542327517,0.391180402064351,0.405405405405405,-0.0142250033410544
1833,75,833,2882,2.14302994589709,33,5.30255654432168,0.404150324090741,0.445945945945946,-0.0417956218552048
1834,75,834,2883,2.41428024954563,33,5.41482880281374,0.445864557766088,0.445945945945946,-8.13881798575888e-05
1835,75,835,2884,2.09905142154413,29,5.45587891397231,0.384732039446209,0.391891891891892,-0.00715985244568274
1836,75,836,2885,1.49262726878393,23,5.33013460738723,0.280035567341066,0.310810810810811,-0.0307752434697447
1837,75,837,2886,1.61193486486105,32,4.79278877726671,0.336325037420139,0.432432432432432,-0.0961073950122935
1838,75,838,2887,1.79366861673121,27,4.46293276547536,0.40190357125852,0.364864864864865,0.0370387063936555
1839,75,839,2888,1.69640947658423,24,4.75684165707487,0.356625172515708,0.324324324324324,0.0323008481913832
1840,75,840,2889,1.59978709023127,24,4.65790168348711,0.343456603195969,0.324324324324324,0.0191322788716444
1841,75,841,2890,1.75934386130008,33,4.95456948378753,0.355095203943967,0.445945945945946,-0.0908507420019794
1842,75,842,2891,2.31223357951624,39,5.12037542090861,0.451575009534347,0.527027027027027,-0.0754520174926795
1843,75,843,2892,1.58303395285266,23,5.28319472793477,0.299635738293424,0.310810810810811,-0.0111750725173869
1844,75,844,2893,2.09790770921985,37,4.59434362487882,0.456628384925211,0.5,-0.0433716150747891
1845,75,845,2894,2.27248901155221,33,4.62409250231185,0.491445404782899,0.445945945945946,0.0454994588369528
1846,75,846,2895,1.50117382218987,27,4.53115113893495,0.331300761365185,0.364864864864865,-0.03356410349968
1847,75,847,2896,1.99714154809733,30,5.44735998039607,0.366625586574898,0.405405405405405,-0.0387798188305077
1848,75,848,2897,1.95733557387951,35,4.40909720370707,0.443931145866737,0.472972972972973,-0.0290418271062356
1849,75,849,2898,2.09714743716995,35,4.99968716160569,0.419455731805515,0.472972972972973,-0.0535172411674582
1850,75,850,2899,1.95934905160164,27,4.99262105718303,0.392448982039738,0.364864864864865,0.0275841171748735
1851,75,851,2900,1.82214848461556,24,5.22736188558063,0.348578981998903,0.324324324324324,0.0242546576745783
1852,75,852,2901,1.8436606924409,29,5.02316890833034,0.367031395138517,0.391891891891892,-0.024860496753375
1853,75,853,2902,1.74841771492816,24,4.79789237428839,0.364413700544393,0.324324324324324,0.0400893762200688
1854,75,854,2903,2.18854915735205,35,5.12136603946244,0.427336991827628,0.472972972972973,-0.0456359811453448
1855,75,855,2904,1.5906695535653,27,5.00908050629887,0.31755719469173,0.364864864864865,-0.0473076701731348
1856,75,856,2905,1.99121215433623,31,4.77642611309034,0.416883273642418,0.418918918918919,-0.0020356452765008
1857,75,857,2906,1.7317558495283,25,4.58476098423968,0.377719984854453,0.337837837837838,0.0398821470166151
1858,75,858,2907,1.6711992927224,25,4.69508845371696,0.355946284973474,0.337837837837838,0.0181084471356358
1859,75,859,2908,1.9250687680828,31,5.1364816876452,0.374783535725081,0.418918918918919,-0.0441353831938378
1860,75,860,2909,1.99701339829776,26,5.01588260498003,0.398137985987754,0.351351351351351,0.0467866346364025
1861,75,861,2910,2.30592974581922,38,4.80026142045847,0.480375867862417,0.513513513513513,-0.0331376456510963
1862,75,862,2911,2.14299018555788,32,5.13476162636869,0.417349497696821,0.432432432432432,-0.0150829347356112
1863,75,863,2912,2.07707951330491,25,5.63687373009049,0.368480759506309,0.337837837837838,0.0306429216684716
1864,75,864,2913,1.54641658122807,24,4.85917365240472,0.318246823811859,0.324324324324324,-0.00607750051246553
1865,75,865,2914,1.48471881639547,30,4.63543125764394,0.3202978825211,0.405405405405405,-0.0851075228843055
1866,75,866,2915,1.80008105617343,28,4.85204390115307,0.370994387694153,0.378378378378378,-0.00738399068422563
1867,75,867,2916,2.42752895917585,38,4.91714731591332,0.493686441185047,0.513513513513513,-0.0198270723284668
1868,75,868,2917,1.68052341239993,31,4.81738988156285,0.348845215711446,0.418918918918919,-0.0700737032074733
1869,75,869,2918,2.02748026209893,33,4.59107874798544,0.441613044208528,0.445945945945946,-0.00433290173741768
1870,75,870,2919,2.46807155883653,37,4.96197685462475,0.497396830163807,0.5,-0.00260316983619324
1871,75,871,2920,2.12582330643047,31,5.4911479265815,0.387136412067831,0.418918918918919,-0.0317825068510883
1872,75,872,2921,2.21406967913281,30,5.16016152440135,0.429069839899957,0.405405405405405,0.023664434494552
1873,75,873,2922,2.14167294017116,38,4.99639921637763,0.428643278373554,0.513513513513513,-0.0848702351399594
1874,75,874,2923,1.91136435977152,25,5.00029190583823,0.382250555720528,0.337837837837838,0.0444127178826905
1875,75,875,2924,1.7238356787705,25,5.34848347164775,0.32230363764019,0.337837837837838,-0.0155342001976478
1876,75,876,2925,2.42970519705861,35,5.15422858928366,0.471400357002073,0.472972972972973,-0.00157261597089975
1877,75,877,2926,2.08585140679706,33,5.30137282615819,0.393454955008067,0.445945945945946,-0.0524909909378793
1878,75,878,2927,1.58510360097324,28,4.88420375802691,0.324536747339464,0.378378378378378,-0.053841631038914
1879,75,879,2928,2.38477283934941,40,4.96368879561558,0.48044366549649,0.540540540540541,-0.0600968750440501
1880,75,880,2929,1.97353915238975,31,4.9845611038476,0.395930376069895,0.418918918918919,-0.0229885428490243
1881,75,881,2930,2.17227686288269,29,5.13583567018545,0.422964635627498,0.391891891891892,0.031072743735606
1882,75,882,2931,2.01127562385408,36,4.81605028940393,0.417619315205076,0.486486486486487,-0.0688671712814107
1883,75,883,2932,1.66242980604633,25,5.19182102064272,0.320201678647338,0.337837837837838,-0.0176361591905002
1884,75,884,2933,1.94978715035746,28,5.19676292622608,0.375192630111646,0.378378378378378,-0.00318574826673201
1885,75,885,2934,1.7397657124111,26,4.77968962181117,0.363991357194413,0.351351351351351,0.0126400058430614
1886,75,886,2935,1.92363011762189,33,4.4430947441869,0.432948255298553,0.445945945945946,-0.0129976906473931
1887,75,887,2936,1.85229298929913,28,5.55695191917651,0.333328957356468,0.378378378378378,-0.0450494210219108
1888,75,888,2937,1.82171684696461,29,5.29320430770534,0.344161445707419,0.391891891891892,-0.0477304461844727
1889,75,889,2938,2.14223932422503,33,5.5354324355842,0.387004872546861,0.445945945945946,-0.0589410733990845
1890,75,890,2939,1.94849721959446,25,5.59576133377675,0.348209493466613,0.337837837837838,0.0103716556287752
1891,75,891,2940,1.68504613906454,26,5.07953015757321,0.331732677391877,0.351351351351351,-0.0196186739594746
1892,75,892,2941,1.74129171545406,24,4.97515923423429,0.349997182697622,0.324324324324324,0.0256728583732972
1893,75,893,2942,2.11276067967706,39,4.82154979757499,0.438191197514891,0.527027027027027,-0.0888358295121364
1894,75,894,2943,1.88749043277563,33,4.98394722994684,0.378713968204628,0.445945945945946,-0.0672319777413183
1895,75,895,2944,1.70610179932321,27,4.80638522386056,0.354965679998668,0.364864864864865,-0.00989918486619712
1896,75,896,2945,1.83847846913159,29,4.5104310857511,0.407605932599109,0.391891891891892,0.0157140407072169
1897,75,897,2946,2.07333029444532,33,5.08753722305078,0.40753122847955,0.445945945945946,-0.0384147174663963
1898,75,898,2947,2.35142207117171,35,5.12254020358666,0.459034380935714,0.472972972972973,-0.0139385920372592
1899,75,899,2948,1.84284134208988,32,4.633629086334,0.397710154989527,0.432432432432432,-0.0347222774429053
1900,75,900,2949,1.67980235891289,20,5.18924843894878,0.323708216840198,0.27027027027027,0.0534379465699277
1901,75,901,2950,2.1407165066143,30,5.23919234073301,0.408596662880828,0.405405405405405,0.00319125747542237
1902,75,902,2951,1.77916573179831,24,4.92855872921035,0.360991078640016,0.324324324324324,0.0366667543156921
1903,75,903,2952,1.80119426003614,28,4.70790258459855,0.382589534866031,0.378378378378378,0.00421115648765275
1904,75,904,2953,1.81537976365838,30,4.85487925593907,0.373928921391318,0.405405405405405,-0.0314764840140872
1905,75,905,2954,2.0477932313069,31,5.27938910950715,0.387884504974111,0.418918918918919,-0.0310344139448075
1906,75,906,2955,1.83147805412528,27,5.11530811614616,0.358038658188416,0.364864864864865,-0.00682620667644929
1907,75,907,2956,1.83244121600456,28,5.20774382697884,0.351868539790986,0.378378378378378,-0.0265098385873926
1908,75,908,2957,1.84470010519931,32,4.78369716548201,0.385622258555624,0.432432432432432,-0.0468101738768087
1909,75,909,2958,1.68967848341067,25,5.02050642921382,0.336555386838786,0.337837837837838,-0.00128245099905133
1910,75,910,2959,1.79278903688078,27,5.17729440116359,0.346279136932576,0.364864864864865,-0.0185857279322894
1911,75,911,2960,1.75463488044061,26,5.10778731481829,0.343521523566614,0.351351351351351,-0.00782982778473712
1912,75,912,2961,1.94918398547894,28,4.78517411019037,0.407338153344936,0.378378378378378,0.0289597749665575
1913,75,913,2962,1.86461852679703,28,5.48839456835335,0.339738425066707,0.378378378378378,-0.0386399533116718
1914,75,914,2963,1.64580545533451,27,4.98164136817068,0.330374134487099,0.364864864864865,-0.0344907303777663
1915,75,915,2964,1.43828264909697,23,4.82239576530392,0.298250645342113,0.310810810810811,-0.0125601654686976
1916,75,916,2965,1.82421843633445,29,4.66433393975188,0.391099449545734,0.391891891891892,-0.00079244234615744
1917,75,917,2966,1.77896858152682,24,5.08519009888664,0.349833250465171,0.324324324324324,0.0255089261408467
1918,75,918,2967,2.29145331998989,33,5.31064073410467,0.431483399973622,0.445945945945946,-0.0144625459723243
1919,75,919,2968,1.69656476079701,34,4.25650162130421,0.398581960430964,0.45945945945946,-0.0608774990284959
1920,75,920,2969,2.05857822587046,31,4.89767367292337,0.420317555506249,0.418918918918919,0.00139863658732997
1921,75,921,2970,1.74025544949748,30,4.84335675914248,0.359307714884418,0.405405405405405,-0.0460976905209877
1922,75,922,2971,1.96033218823483,28,4.83885941246244,0.405122782279232,0.378378378378378,0.0267444039008535
1923,75,923,2972,2.04353929323675,31,5.61244577588813,0.364108514333642,0.418918918918919,-0.0548104045852773
1924,75,924,2973,2.29942727955753,32,5.32042067997149,0.432188997425266,0.432432432432432,-0.000243435007166115
1925,75,925,2974,1.92606969119078,30,5.07939517820184,0.379192723467645,0.405405405405405,-0.0262126819377599
1926,75,926,2975,1.96924607907983,25,5.55127855140223,0.354737392628659,0.337837837837838,0.0168995547908213
1927,75,927,2976,2.02972147334305,31,4.70051540441725,0.431808280308079,0.418918918918919,0.0128893613891602
1928,75,928,2977,1.59712211359607,28,5.14318159485194,0.310531931284462,0.378378378378378,-0.0678464470939165
1929,75,929,2978,1.59775912828603,24,5.08430986311824,0.314252901829652,0.324324324324324,-0.0100714224946721
1930,75,930,2979,2.10104566033159,24,5.32124675383882,0.39484086296428,0.324324324324324,0.0705165386399554
1931,75,931,2980,1.80486559435865,28,4.79412591007751,0.376474383070483,0.378378378378378,-0.00190399530789509
1932,75,932,2981,1.97098159581573,32,4.85910498809488,0.405626468381473,0.432432432432432,-0.0268059640509594
1933,75,933,2982,2.04916176332026,28,5.14256758072064,0.398470556031684,0.378378378378378,0.0200921776533051
1934,75,934,2983,2.46455217149359,33,5.32741980851119,0.462616474781314,0.445945945945946,0.0166705288353676
1935,75,935,2984,2.42090387529872,37,4.86929269709553,0.49717772701213,0.5,-0.00282227298787008
1936,75,936,2985,1.46840545834475,26,4.92384918046233,0.29822307802833,0.351351351351351,-0.0531282733230212
1937,75,937,2986,2.08759909164875,36,5.16443076512921,0.404226368130335,0.486486486486487,-0.0822601183561513
1938,75,938,2987,2.05597410424261,30,5.1555044699369,0.398792032134106,0.405405405405405,-0.00661337327129896
1939,75,939,2988,2.06667607186707,28,5.39972174802296,0.38273751284013,0.378378378378378,0.0043591344617519
1940,75,940,2989,1.98332002703935,28,4.94852506708692,0.400790134464629,0.378378378378378,0.0224117560862506
1941,75,941,2990,1.79434341765721,26,4.98208859773261,0.360158873624573,0.351351351351351,0.00880752227322201
1942,75,942,2991,1.62374262325237,26,4.88177985070519,0.332612832391,0.351351351351351,-0.0187385189603509
1943,75,943,2992,1.59064427042978,26,4.3249753077507,0.367781121797209,0.351351351351351,0.0164297704458579
1944,75,944,2993,1.90859133298893,27,5.50868001773302,0.346469812522233,0.364864864864865,-0.0183950523426321
1945,75,945,2994,2.28264269828052,34,4.87865934981305,0.467883189747199,0.45945945945946,0.0084237302877393
1946,75,946,2995,1.75570421275712,27,5.33424584413819,0.329138225731848,0.364864864864865,-0.0357266391330173
1947,75,947,2996,1.87517385027506,31,4.79438706901083,0.391118577470623,0.418918918918919,-0.0278003414482963
1948,75,948,2997,1.72424915195016,26,5.1768117549063,0.333071634354102,0.351351351351351,-0.0182797169972498
1949,75,949,2998,2.05209034039782,31,4.77767119621316,0.429516862111468,0.418918918918919,0.0105979431925488
1950,75,950,2999,1.86025213917699,32,4.75277287525745,0.391403542311335,0.432432432432432,-0.0410288901210976
1951,75,951,3000,1.91779350499147,30,5.11350866657559,0.375044539872811,0.405405405405405,-0.0303608655325948
1952,75,952,3001,1.99539784457294,29,4.99459973859396,0.399511061748197,0.391891891891892,0.00761916985630468
1953,75,953,3002,2.39041505036244,31,5.54832467900527,0.430835466317916,0.418918918918919,0.0119165473989974
1954,75,954,3003,2.41412046721025,34,5.25913999450336,0.459033315282231,0.45945945945946,-0.000426144177228915
1955,75,955,3004,1.68045189615111,30,4.15070100997478,0.404859779616196,0.405405405405405,-0.000545625789209414
1956,75,956,3005,2.1658574834275,31,4.83138063595092,0.448289556676839,0.418918918918919,0.0293706377579205
1957,75,957,3006,2.82193006422932,37,5.62169132884503,0.501971719747389,0.5,0.00197171974738852
1958,75,958,3007,2.22546405820885,36,5.11129237704038,0.435401439410021,0.486486486486487,-0.0510850470764653
1959,75,959,3008,1.82015142143445,28,5.09313877665001,0.357373223321366,0.378378378378378,-0.0210051550570129
1960,75,960,3009,1.74261209518841,26,4.91271768959735,0.354714478887803,0.351351351351351,0.00336312753645135
1961,75,961,3010,1.94677014423033,36,4.6099866441598,0.422294096382385,0.486486486486487,-0.0641923901041012
1962,75,962,3011,1.58779480588967,28,5.14388565497722,0.308676147253258,0.378378378378378,-0.0697022311251204
1963,75,963,3012,2.30767034890572,32,5.1579056533115,0.447404528895199,0.432432432432432,0.0149720964627669
1964,75,964,3013,1.70044662837583,26,5.4633461705633,0.311246363545091,0.351351351351351,-0.0401049878062605
1965,75,965,3014,1.76686567284817,29,5.14048351581292,0.343715852295415,0.391891891891892,-0.0481760395964765
1966,75,966,3015,2.26318187858261,32,5.46849337506359,0.413858392679555,0.432432432432432,-0.0185740397528775
1967,75,967,3016,2.22789195363079,36,4.88087355311813,0.456453528120496,0.486486486486487,-0.0300329583659909
1968,75,968,3017,2.07821614737463,26,5.50139127963372,0.377761922710031,0.351351351351351,0.0264105713586792
1969,75,969,3018,2.18188420107372,34,5.6521206308195,0.386029305386104,0.45945945945946,-0.0734301540733557
1970,75,970,3019,1.9601344048259,28,5.08749063183863,0.385285113363934,0.378378378378378,0.00690673498555555
1971,75,971,3020,1.98982665659596,34,4.72967628161796,0.420710961621093,0.45945945945946,-0.0387484978383669
1972,75,972,3021,1.70461623480075,26,4.25594621973565,0.400525793041302,0.351351351351351,0.0491744416899508
1973,75,973,3022,1.68107807307407,31,4.60336975779314,0.365184237096778,0.418918918918919,-0.0537346818221409
1974,75,974,3023,2.30419400652832,34,5.40585342878433,0.426240562546382,0.45945945945946,-0.0332188969130778
1975,75,975,3024,1.85884167033791,29,4.72606432193782,0.393317048544895,0.391891891891892,0.00142515665300263
1976,75,976,3025,2.54037156384238,39,4.68452875813675,0.542289672025153,0.527027027027027,0.0152626449981262
1977,75,977,3026,2.17306548917246,30,5.30132112731883,0.409910178422166,0.405405405405405,0.00450477301676022
1978,75,978,3027,2.27274924299426,31,4.79868291327916,0.473619383498958,0.418918918918919,0.0547004645800391
1979,75,979,3028,1.80681224330006,27,4.85410862909155,0.372223281628167,0.364864864864865,0.00735841676330207
1980,75,980,3029,2.17001335974841,39,4.90813232901023,0.44212609079878,0.527027027027027,-0.084900936228247
1981,75,981,3030,2.30978901493661,33,5.29749577590797,0.43601526318173,0.445945945945946,-0.00993068276421627
1982,75,982,3031,2.22584964874539,29,5.67561806720996,0.39217749016709,0.391891891891892,0.000285598275197918
1983,75,983,3032,1.87004547063364,32,4.77257944441586,0.391831187393157,0.432432432432432,-0.0406012450392754
1984,75,984,3033,2.31883913741961,29,5.46108727163524,0.424611258176299,0.391891891891892,0.0327193662844069
1985,75,985,3034,2.05926652555717,29,5.1845305518273,0.397194404579481,0.391891891891892,0.00530251268758869
1986,75,986,3035,1.66189407093849,23,5.21704572124378,0.318550796703059,0.310810810810811,0.00773998589224845
1987,75,987,3036,1.61614897659196,28,4.99765758810859,0.323381293755982,0.378378378378378,-0.0549970846223963
1988,75,988,3037,1.78677945826345,27,5.04185814513567,0.354389077762395,0.364864864864865,-0.0104757871024703
1989,75,989,3038,1.70232507281396,34,5.34135601062556,0.318706536210567,0.45945945945946,-0.140752923248893
1990,75,990,3039,1.7218893128047,28,5.50029010039466,0.313054271933975,0.378378378378378,-0.065324106444403
1991,75,991,3040,1.74584007092163,27,5.00904848264277,0.348537267501257,0.364864864864865,-0.0163275973636075
1992,75,992,3041,1.92990761996169,30,4.86071603820642,0.397041835974813,0.405405405405405,-0.0083635694305928
1993,75,993,3042,1.85638815343677,31,4.71263527633394,0.393917212893439,0.418918918918919,-0.0250017060254797
1994,75,994,3043,2.58933608197494,37,5.21251007698276,0.496754163298188,0.5,-0.00324583670181172
1995,75,995,3044,2.03627048612359,28,5.08878424824174,0.400148716626599,0.378378378378378,0.0217703382482211
1996,75,996,3045,1.77461927269416,26,4.76895226238003,0.372119319938108,0.351351351351351,0.0207679685867564
1997,75,997,3046,1.79299734137816,32,4.6746885604855,0.383554394732115,0.432432432432432,-0.0488780377003171
1998,75,998,3047,2.06774072806433,28,5.07489051550657,0.407445386604155,0.378378378378378,0.0290670082257764
1999,75,999,3048,1.98118282663242,30,4.8690300800026,0.406894760163684,0.405405405405405,0.00148935475827811
2000,75,1000,3049,1.71441664367369,25,5.25185142989078,0.326440430876648,0.337837837837838,-0.01139740696119
2001,100,1,3050,1.81277361095062,38,5.67811546526292,0.31925620781061,0.383838383838384,-0.0645821760277735
2002,100,2,3051,1.99959907044406,33,5.99763968133677,0.333397665862845,0.333333333333333,6.43325295119346e-05
2003,100,3,3052,1.75821176932034,35,5.16221738314674,0.340592353793631,0.353535353535354,-0.0129429997417228
2004,100,4,3053,2.31105656545438,34,6.20793795284017,0.372274430416474,0.343434343434343,0.0288400869821303
2005,100,5,3054,1.94746451466054,41,5.73963444530369,0.339301140729267,0.414141414141414,-0.0748402734121467
2006,100,6,3055,1.598575538442,35,5.61850193134148,0.284519887681222,0.353535353535354,-0.069015465854132
2007,100,7,3056,1.91325039052547,38,5.48732073653201,0.348667497744018,0.383838383838384,-0.0351708860943663
2008,100,8,3057,1.7737448997406,37,5.54542219806676,0.319857503430299,0.373737373737374,-0.0538798703070744
2009,100,9,3058,1.87343367044885,38,5.00860270160783,0.374043177720495,0.383838383838384,-0.00979520611788876
2010,100,10,3059,2.01012484713063,32,5.86074081227138,0.342981358759591,0.323232323232323,0.0197490355272679
2011,100,11,3060,2.43058422871158,49,6.07680095414551,0.39997759463447,0.494949494949495,-0.0949719003150247
2012,100,12,3061,1.79927217644818,32,5.48909361236672,0.327790397378992,0.323232323232323,0.00455807414666903
2013,100,13,3062,1.87160067869338,37,5.46969207422221,0.342176607621832,0.373737373737374,-0.031560766115542
2014,100,14,3063,2.17904480993287,38,6.02279828686654,0.361799400568428,0.383838383838384,-0.0220389832699558
2015,100,15,3064,1.91388287402811,39,5.40095429233893,0.354360131642456,0.393939393939394,-0.0395792622969378
2016,100,16,3065,1.93165856174689,34,5.67250842474584,0.340529870933324,0.343434343434343,-0.00290447250101933
2017,100,17,3066,1.64817417810955,29,5.72134085747243,0.288074809588897,0.292929292929293,-0.00485448334039601
2018,100,18,3067,1.67140887122494,32,5.19509080815363,0.321728518893585,0.323232323232323,-0.00150380433873848
2019,100,19,3068,1.78445404657691,33,6.1970602724158,0.287951700989552,0.333333333333333,-0.0453816323437813
2020,100,20,3069,1.71871959102288,30,5.8383811096763,0.294382904907379,0.303030303030303,-0.00864739812292364
2021,100,21,3070,2.12147066699039,37,5.85679997818405,0.362223513675154,0.373737373737374,-0.0115138600622196
2022,100,22,3071,2.09161749589376,39,5.61530927258716,0.372484825743192,0.393939393939394,-0.0214545681962022
2023,100,23,3072,1.46395709757058,35,5.13372962921113,0.285164432743129,0.353535353535354,-0.068370920792225
2024,100,24,3073,1.67240257839485,34,5.43066501314712,0.307955393003642,0.343434343434343,-0.0354789504307018
2025,100,25,3074,1.79964580811959,31,5.74559102990876,0.313222051265311,0.313131313131313,9.0738133998125e-05
2026,100,26,3075,2.42530644709432,39,6.10711706595384,0.397127878981557,0.393939393939394,0.00318848504216318
2027,100,27,3076,1.63442697014464,32,5.16181478037013,0.316638050702672,0.323232323232323,-0.006594272529651
2028,100,28,3077,1.8859381685405,29,5.77821376699818,0.326387746211794,0.292929292929293,0.0334584532825012
2029,100,29,3078,1.85502863500592,36,4.85981775246814,0.381707448610355,0.363636363636364,0.0180710849739909
2030,100,30,3079,1.52407112001928,27,5.57767850888554,0.273244705228413,0.272727272727273,0.000517432501140003
2031,100,31,3080,1.94278671339696,38,4.98008957430659,0.390110797086912,0.383838383838384,0.00627241324852806
2032,100,32,3081,2.30934197488701,37,6.39031310784357,0.361381662512356,0.373737373737374,-0.0123557112250182
2033,100,33,3082,1.80110777357004,40,5.39082691630314,0.33410602891424,0.404040404040404,-0.0699343751261645
2034,100,34,3083,1.73344305198941,33,5.69828605347152,0.30420428804787,0.333333333333333,-0.0291290452854629
2035,100,35,3084,1.89981732249782,35,4.9257893101282,0.385687897489139,0.353535353535354,0.0321525439537857
2036,100,36,3085,2.31307010275216,41,5.68175748034357,0.407104687370832,0.414141414141414,-0.00703672677058176
2037,100,37,3086,1.7678218819974,39,5.87598405628366,0.300855459283781,0.393939393939394,-0.0930839346556125
2038,100,38,3087,2.62807847698945,47,6.61268279622489,0.397429992935665,0.474747474747475,-0.0773174818118094
2039,100,39,3088,1.82975323110694,41,5.07630403109463,0.360449890293979,0.414141414141414,-0.0536915238474351
2040,100,40,3089,1.60608775788275,32,5.56766890070942,0.288466822744813,0.323232323232323,-0.0347655004875108
2041,100,41,3090,1.7068029111483,32,5.80964635045109,0.29378774682486,0.323232323232323,-0.0294445764074628
2042,100,42,3091,1.81426273035401,40,5.70127112687392,0.318220742353783,0.404040404040404,-0.0858196616866212
2043,100,43,3092,2.53161730936235,44,6.18269560443206,0.409468211171122,0.444444444444444,-0.0349762332733226
2044,100,44,3093,1.84629588574385,38,5.54119877189465,0.333194307179233,0.383838383838384,-0.0506440766591509
2045,100,45,3094,2.163332805335,36,5.43643846753355,0.397931995046838,0.363636363636364,0.0342956314104745
2046,100,46,3095,1.89428799386617,35,5.76355007883343,0.328666875095425,0.353535353535354,-0.0248684784399287
2047,100,47,3096,2.19936060678834,34,6.19787409459714,0.354857258024261,0.343434343434343,0.0114229145899178
2048,100,48,3097,1.79846996784635,39,5.58735996932691,0.321881886565293,0.393939393939394,-0.0720575073741006
2049,100,49,3098,2.20140034792143,40,5.59703316193107,0.393315580635566,0.404040404040404,-0.0107248234048383
2050,100,50,3099,1.72176179399827,36,5.38380741853679,0.319803748564656,0.363636363636364,-0.0438326150717078
2051,100,51,3100,1.79097407594076,37,5.3750842981652,0.333199253554426,0.373737373737374,-0.0405381201829481
2052,100,52,3101,1.84039200483861,34,5.78353473096518,0.318212320051457,0.343434343434343,-0.0252220233828868
2053,100,53,3102,1.75925254766472,33,5.84241803167149,0.301117198072422,0.333333333333333,-0.0322161352609108
2054,100,54,3103,1.83690712922801,35,5.42903856719535,0.338348513552182,0.353535353535354,-0.0151868399831718
2055,100,55,3104,1.89643644302272,33,5.59495034855629,0.338955008512645,0.333333333333333,0.0056216751793115
2056,100,56,3105,1.69019482139956,33,5.55222017994577,0.304417830457162,0.333333333333333,-0.0289155028761717
2057,100,57,3106,1.59228898913396,32,5.80552640369684,0.274271250944621,0.323232323232323,-0.0489610722877022
2058,100,58,3107,2.0621575994882,42,5.56093732970996,0.37082913854664,0.424242424242424,-0.053413285695784
2059,100,59,3108,1.89151628066822,34,5.90001767547577,0.320595019321818,0.343434343434343,-0.0228393241125252
2060,100,60,3109,1.6316895869461,31,5.44729776244214,0.299541104251033,0.313131313131313,-0.01359020888028
2061,100,61,3110,2.30726942547527,42,5.79637439802572,0.398053898357763,0.424242424242424,-0.0261885258846618
2062,100,62,3111,1.71341554200425,35,5.71831261499182,0.299636563680018,0.353535353535354,-0.0538987898553353
2063,100,63,3112,2.20456193388234,32,6.07779387846535,0.362724037367156,0.323232323232323,0.039491714134833
2064,100,64,3113,1.79994916509155,36,5.23795150824139,0.343636087936191,0.363636363636364,-0.0200002757001724
2065,100,65,3114,1.89820417015716,33,5.88349784984733,0.322631913633896,0.333333333333333,-0.0107014196994372
2066,100,66,3115,2.25310374947359,38,5.89028326049052,0.382511952283593,0.383838383838384,-0.00132643155479106
2067,100,67,3116,1.88191787193298,33,5.56734313754377,0.338028001048137,0.333333333333333,0.00469466771480359
2068,100,68,3117,1.98608872328607,38,5.54926984897817,0.357900909009098,0.383838383838384,-0.0259374748292854
2069,100,69,3118,1.76130793399384,31,5.12790962818798,0.343474839008858,0.313131313131313,0.0303435258775446
2070,100,70,3119,2.16277501830065,34,5.86948233364058,0.368477984149444,0.343434343434343,0.0250436407151007
2071,100,71,3120,2.01971019728564,39,5.4236840930661,0.372387138083454,0.393939393939394,-0.0215522558559401
2072,100,72,3121,1.80729738269764,29,5.63397561487647,0.320785446412918,0.292929292929293,0.0278561534836252
2073,100,73,3122,1.70334825383741,34,5.27893623542022,0.3226688442282,0.343434343434343,-0.020765499206144
2074,100,74,3123,2.04280441414363,37,5.71473756537024,0.357462506506417,0.373737373737374,-0.0162748672309566
2075,100,75,3124,2.13344921168146,42,6.17541186097963,0.345474805520586,0.424242424242424,-0.0787676187218384
2076,100,76,3125,1.87392891020511,39,5.26772087014148,0.355738080357849,0.393939393939394,-0.0382013135815452
2077,100,77,3126,2.04221545953945,44,5.44164091672239,0.375294050230996,0.444444444444444,-0.0691503942134484
2078,100,78,3127,1.68718980293386,36,5.1104283952309,0.330146452009457,0.363636363636364,-0.0334899116269067
2079,100,79,3128,1.82464980714824,36,5.26927694560414,0.346280870408689,0.363636363636364,-0.0173554932276745
2080,100,80,3129,1.79327763718872,36,5.05226285492183,0.354945435081973,0.363636363636364,-0.00869092855439046
2081,100,81,3130,1.97090618616393,40,5.12712059409148,0.384408002502459,0.404040404040404,-0.0196324015379454
2082,100,82,3131,2.24425960160343,40,5.77690114267952,0.388488489966174,0.404040404040404,-0.0155519140742298
2083,100,83,3132,1.71912947010921,30,5.79310002584554,0.296754667179823,0.303030303030303,-0.00627563585048047
2084,100,84,3133,2.0922607369327,37,5.6293087227972,0.371672764803181,0.373737373737374,-0.00206460893419302
2085,100,85,3134,2.12254738602266,42,5.56609497764824,0.381335100199722,0.424242424242424,-0.0429073240427024
2086,100,86,3135,1.62400667183139,32,5.45635723172922,0.297635694083158,0.323232323232323,-0.0255966291491652
2087,100,87,3136,1.60781683612483,30,5.573115917357,0.28849513628766,0.303030303030303,-0.0145351667426433
2088,100,88,3137,1.90675004533139,36,5.33612614607703,0.357328517567595,0.363636363636364,-0.00630784606876883
2089,100,89,3138,2.95574027573445,52,5.70015377986267,0.518536935999236,0.525252525252525,-0.00671558925328952
2090,100,90,3139,1.83265741446346,40,5.60870839255211,0.326752130115567,0.404040404040404,-0.0772882739248375
2091,100,91,3140,1.61549382746035,36,4.94525683546532,0.326675414687202,0.363636363636364,-0.0369609489491621
2092,100,92,3141,2.31806995227248,43,5.67840641432474,0.408225439169828,0.434343434343434,-0.0261179951736068
2093,100,93,3142,1.96458431601269,32,6.03624030037464,0.325464895075625,0.323232323232323,0.00223257184330145
2094,100,94,3143,2.08342803769398,38,5.41322734746734,0.384877246781211,0.383838383838384,0.00103886294282679
2095,100,95,3144,1.97680768443077,40,5.88519108708144,0.335895242003281,0.404040404040404,-0.068145162037123
2096,100,96,3145,1.56236596131162,30,4.98255372263167,0.313567308710606,0.303030303030303,0.0105370056803029
2097,100,97,3146,1.9438092972623,36,5.49233292758896,0.35391323193432,0.363636363636364,-0.00972313170204331
2098,100,98,3147,1.77215589059363,34,5.20205934391109,0.340664297239882,0.343434343434343,-0.0027700461944617
2099,100,99,3148,2.02666579920905,41,5.31114725992938,0.381587197647387,0.414141414141414,-0.0325542164940275
2100,100,100,3149,1.94087337988998,32,5.9248877019051,0.327579774932428,0.323232323232323,0.00434745170010442
2101,100,101,3150,2.15831695133741,37,6.11014731558203,0.353234846864214,0.373737373737374,-0.0205025268731598
2102,100,102,3151,1.85462435522773,34,5.40651657196929,0.343034989450185,0.343434343434343,-0.000399353984158635
2103,100,103,3152,1.88841336103142,39,5.55324416045804,0.340055885616897,0.393939393939394,-0.0538835083224964
2104,100,104,3153,2.28114411845123,38,6.08107394373236,0.375121917536023,0.383838383838384,-0.0087164663023605
2105,100,105,3154,1.95233610942646,33,5.89568189731634,0.331146785635627,0.333333333333333,-0.00218654769770654
2106,100,106,3155,1.95870012897314,34,5.76086825744522,0.340000854288198,0.343434343434343,-0.00343348914614522
2107,100,107,3156,1.77556518591939,35,5.83706585160086,0.30418796550538,0.353535353535354,-0.0493473880299736
2108,100,108,3157,2.07881090391235,40,5.57898597836753,0.372614470079854,0.404040404040404,-0.0314259339605503
2109,100,109,3158,1.45875692176276,30,5.53447171408342,0.263576543006028,0.303030303030303,-0.039453760024275
2110,100,110,3159,2.29627968706535,37,6.52526462718692,0.351905986693339,0.373737373737374,-0.0218313870440349
2111,100,111,3160,2.46442439655546,37,5.80213058465574,0.424744731370379,0.373737373737374,0.0510073576330048
2112,100,112,3161,1.8551624298258,30,6.09041352223101,0.304603689561333,0.303030303030303,0.00157338653102979
2113,100,113,3162,1.98036198891758,35,5.75444454272187,0.344144769180601,0.353535353535354,-0.00939058435475287
2114,100,114,3163,2.2120547804775,37,5.61792393372538,0.393749507215317,0.373737373737374,0.0200121334779435
2115,100,115,3164,1.8893859542808,32,5.19212594902952,0.363894476526317,0.323232323232323,0.0406621532939935
2116,100,116,3165,2.39142033858158,42,5.82481065632525,0.410557609453743,0.424242424242424,-0.0136848147886809
2117,100,117,3166,1.84317141374286,34,5.36419591390873,0.343606281971121,0.343434343434343,0.000171938536777438
2118,100,118,3167,2.01830531937154,33,6.32019026841099,0.319342493446637,0.333333333333333,-0.0139908398866959
2119,100,119,3168,2.19051229084041,33,5.77562018372097,0.37926875749457,0.333333333333333,0.0459354241612367
2120,100,120,3169,1.70197058620923,30,5.62977087612105,0.302316137487623,0.303030303030303,-0.000714165542679834
2121,100,121,3170,2.14268956577112,40,5.79582799800842,0.369695161158578,0.404040404040404,-0.0343452428818261
2122,100,122,3171,1.8301328426943,28,5.78879093967923,0.316151137908551,0.282828282828283,0.0333228550802681
2123,100,123,3172,1.83770933989638,35,5.55868363855663,0.330601534354194,0.353535353535354,-0.0229338191811594
2124,100,124,3173,1.58960608998715,27,6.45148987103776,0.246393642672099,0.272727272727273,-0.0263336300551733
2125,100,125,3174,1.74717489071368,29,5.60589146304533,0.31166762721527,0.292929292929293,0.0187383342859769
2126,100,126,3175,1.68470927524004,32,5.30084367555525,0.317819082839406,0.323232323232323,-0.00541324039291707
2127,100,127,3176,1.96310819351577,37,5.30784584912578,0.369850264931695,0.373737373737374,-0.00388710880567877
2128,100,128,3177,2.44976949425289,34,5.98966470632425,0.408999437258361,0.343434343434343,0.0655650938240179
2129,100,129,3178,1.97699380523923,42,5.44473563947834,0.363101890733604,0.424242424242424,-0.06114053350882
2130,100,130,3179,1.88639274692033,30,5.21891700586212,0.361452911552617,0.303030303030303,0.0584226085223137
2131,100,131,3180,2.39215790354605,42,5.65099564655773,0.423316182344472,0.424242424242424,-0.000926241897952484
2132,100,132,3181,1.98439368888528,40,5.91779252230201,0.335326674838096,0.404040404040404,-0.0687137292023079
2133,100,133,3182,2.04741377477839,35,5.2267347342808,0.391719472838354,0.353535353535354,0.0381841193030004
2134,100,134,3183,1.82168330586273,37,5.58220023099301,0.326337865085623,0.373737373737374,-0.0473995086517506
2135,100,135,3184,2.57448970882651,46,6.38323008832267,0.403320838071655,0.464646464646465,-0.0613256265748092
2136,100,136,3185,1.7312735738071,31,5.82885912188463,0.297017570266363,0.313131313131313,-0.0161137428649503
2137,100,137,3186,1.75035200956288,32,5.88889705881918,0.297229174169645,0.323232323232323,-0.0260031490626779
2138,100,138,3187,1.77960368370196,33,5.84971224456608,0.304220722199639,0.333333333333333,-0.0291126111336947
2139,100,139,3188,2.12944646171174,49,5.21992481134777,0.407945811227485,0.494949494949495,-0.0870036837220098
2140,100,140,3189,2.1749476894397,40,5.78619509543252,0.375885647401788,0.404040404040404,-0.028154756638616
2141,100,141,3190,2.32918133032053,39,6.03524682131242,0.385929755531362,0.393939393939394,-0.00800963840803215
2142,100,142,3191,1.7262119392607,33,5.79432897723089,0.29791403733615,0.333333333333333,-0.035419295997183
2143,100,143,3192,1.84250213600655,35,5.40001868984475,0.34120291832907,0.353535353535354,-0.0123324352062832
2144,100,144,3193,1.87880014042881,40,5.14221226880135,0.365368063824942,0.404040404040404,-0.0386723402154622
2145,100,145,3194,1.99008411070973,32,6.1074218454724,0.325846840297275,0.323232323232323,0.00261451706495186
2146,100,146,3195,2.08350312570162,33,5.86132055291434,0.355466503988707,0.333333333333333,0.022133170655374
2147,100,147,3196,1.99429745835239,40,5.43489072246101,0.36694343275578,0.404040404040404,-0.0370969712846236
2148,100,148,3197,2.22040108567028,38,5.47113497130232,0.405839208375763,0.383838383838384,0.0220008245373791
2149,100,149,3198,1.85322975231535,35,5.37102411362138,0.345042158275812,0.353535353535354,-0.00849319525954167
2150,100,150,3199,1.65564864707865,32,5.0935392216404,0.325048767671104,0.323232323232323,0.00181644443878087
2151,100,151,3200,1.61613795661112,28,5.702578921382,0.28340475053337,0.282828282828283,0.00057646770508768
2152,100,152,3201,1.54382120354793,36,5.00480554200976,0.308467769744353,0.363636363636364,-0.0551685938920111
2153,100,153,3202,2.30421102303843,39,6.05572596764975,0.380501204207016,0.393939393939394,-0.0134381897323774
2154,100,154,3203,1.95720241219644,36,5.85171195478057,0.334466635972657,0.363636363636364,-0.0291697276637062
2155,100,155,3204,2.05618858768405,37,5.83201741149728,0.352569007018131,0.373737373737374,-0.0211683667192424
2156,100,156,3205,2.29440619360256,47,5.6276363831926,0.407703347795354,0.474747474747475,-0.0670441269521209
2157,100,157,3206,2.76636424145697,44,6.74945138422327,0.409865051835665,0.444444444444444,-0.0345793926087794
2158,100,158,3207,1.74253299767973,38,4.98322641064336,0.349679676194917,0.383838383838384,-0.0341587076434668
2159,100,159,3208,1.88708403933327,36,5.70020459058489,0.331055492718663,0.363636363636364,-0.0325808709177004
2160,100,160,3209,2.31277658415977,33,5.9401856619093,0.389344157875428,0.333333333333333,0.0560108245420942
2161,100,161,3210,1.83562998931742,31,5.47787830622114,0.3350987164561,0.313131313131313,0.0219674033247867
2162,100,162,3211,2.19695961126123,43,5.84169106989243,0.376082813174454,0.434343434343434,-0.0582606211689806
2163,100,163,3212,1.72957741101335,34,5.26616669529023,0.328431952706737,0.343434343434343,-0.0150023907276066
2164,100,164,3213,1.68876772095745,29,5.5305549544092,0.305352308200299,0.292929292929293,0.0124230152710063
2165,100,165,3214,1.90714562798293,33,5.76553738811288,0.330783671946174,0.333333333333333,-0.00254966138715895
2166,100,166,3215,1.9598528436148,42,5.51105101044872,0.355622337717253,0.424242424242424,-0.0686200865251709
2167,100,167,3216,2.14574251873411,38,5.73133786473977,0.374387720524226,0.383838383838384,-0.0094506633141575
2168,100,168,3217,2.19769577936203,42,5.47410840372029,0.401471000805983,0.424242424242424,-0.0227714234364408
2169,100,169,3218,1.77235216332843,32,6.07960631071326,0.291524166656195,0.323232323232323,-0.0317081565761283
2170,100,170,3219,2.31914992328489,37,5.77879513793364,0.401320667704818,0.373737373737374,0.0275832939674447
2171,100,171,3220,1.77726715760942,34,5.52062238604923,0.32193238974298,0.343434343434343,-0.021501953691363
2172,100,172,3221,2.20060400329309,36,5.43984365034964,0.404534421343461,0.363636363636364,0.0408980577070974
2173,100,173,3222,1.86611761795337,35,5.7353603658537,0.32537059555378,0.353535353535354,-0.0281647579815734
2174,100,174,3223,2.29859492194988,45,5.335882680623,0.430780633595472,0.454545454545455,-0.0237648209499823
2175,100,175,3224,1.99545367226666,40,5.28875660273041,0.377301097811246,0.404040404040404,-0.0267393062291577
2176,100,176,3225,1.96148894273321,38,5.61085117490932,0.349588481602333,0.383838383838384,-0.0342499022360509
2177,100,177,3226,1.73483318400193,32,5.46201164545315,0.317617994360391,0.323232323232323,-0.00561432887193181
2178,100,178,3227,1.78638165158491,30,5.39824351522544,0.330919056642502,0.303030303030303,0.0278887536121992
2179,100,179,3228,2.3166521103163,40,5.8515737728945,0.395902401683361,0.404040404040404,-0.00813800235704271
2180,100,180,3229,2.02019803990043,39,5.46006414241655,0.369995294415409,0.393939393939394,-0.0239440995239852
2181,100,181,3230,2.03749100665777,38,6.14086491872933,0.331792187846947,0.383838383838384,-0.0520461959914371
2182,100,182,3231,1.89432837438812,38,4.94632908724592,0.382976615784145,0.383838383838384,-0.000861768054238932
2183,100,183,3232,2.25546431564122,38,5.78934140829833,0.389589101172766,0.383838383838384,0.00575071733438204
2184,100,184,3233,1.84885440405182,37,5.49954104749727,0.336183399320785,0.373737373737374,-0.037553974416589
2185,100,185,3234,2.34880704512783,40,5.91533784648076,0.397070650246158,0.404040404040404,-0.0069697537942458
2186,100,186,3235,1.83029100980558,37,5.36415339913552,0.341207805522591,0.373737373737374,-0.0325295682147827
2187,100,187,3236,1.90869362541439,36,5.70927923319748,0.334314288626136,0.363636363636364,-0.0293220750102273
2188,100,188,3237,2.08229075842269,37,5.99088425377325,0.347576529643549,0.373737373737374,-0.026160844093825
2189,100,189,3238,2.07166026331751,38,5.71366682634854,0.362579815428519,0.383838383838384,-0.0212585684098648
2190,100,190,3239,1.67978163692903,38,5.11736062143939,0.32825156583484,0.383838383838384,-0.055586818003544
2191,100,191,3240,1.61492914912115,33,5.6320380404303,0.286739744569937,0.333333333333333,-0.0465935887633968
2192,100,192,3241,1.50845752337062,30,4.95671978747855,0.304325761399952,0.303030303030303,0.00129545836964878
2193,100,193,3242,1.93805157510752,35,5.58190139649931,0.347202760751555,0.353535353535354,-0.00633259278379877
2194,100,194,3243,1.99044037711795,31,6.25487203979196,0.318222397589472,0.313131313131313,0.0050910844581587
2195,100,195,3244,1.73563246858102,33,5.29188401775464,0.32798006584382,0.333333333333333,-0.00535326748951365
2196,100,196,3245,2.03106305391752,39,6.0754288025208,0.33430776986059,0.393939393939394,-0.0596316240788043
2197,100,197,3246,2.52785867483916,40,5.82312684318876,0.43410675104836,0.404040404040404,0.0300663470079558
2198,100,198,3247,1.88004225475493,38,5.64619270174836,0.332975219597583,0.383838383838384,-0.0508631642408011
2199,100,199,3248,1.71215390877147,28,5.55038259646346,0.30847493465809,0.282828282828283,0.0256466518298076
2200,100,200,3249,2.29553185589513,37,5.90305765234237,0.38887166466759,0.373737373737374,0.0151342909302158
2201,100,201,3250,2.00830881189768,35,5.95687343944656,0.337141427010789,0.353535353535354,-0.016393926524565
2202,100,202,3251,1.7254641503466,35,4.80006876428895,0.359466548309376,0.353535353535354,0.00593119477402204
2203,100,203,3252,2.20547754399956,41,5.52223940847698,0.399381008475297,0.414141414141414,-0.0147604056661175
2204,100,204,3253,1.88065040427926,41,4.73014397312567,0.397588406391894,0.414141414141414,-0.0165530077495203
2205,100,205,3254,2.10111238290121,37,5.54671020513682,0.378803345621944,0.373737373737374,0.00506597188457047
2206,100,206,3255,1.64428751732006,31,5.92558684090631,0.277489396656715,0.313131313131313,-0.0356419164745982
2207,100,207,3256,2.18048257991763,42,5.6224167852217,0.387819449039946,0.424242424242424,-0.0364229752024779
2208,100,208,3257,1.70982231893908,34,5.56825718164608,0.307065974713767,0.343434343434343,-0.0363683687205769
2209,100,209,3258,1.67168423369195,31,5.64181922860084,0.296302339007505,0.313131313131313,-0.0168289741238082
2210,100,210,3259,1.89322405584438,40,5.07368906848254,0.373145462855614,0.404040404040404,-0.0308949411847901
2211,100,211,3260,1.73325822577862,35,4.68814106887025,0.369711192627636,0.353535353535354,0.0161758390922829
2212,100,212,3261,2.03859288692288,41,5.29024534673017,0.385349403158192,0.414141414141414,-0.0287920109832221
2213,100,213,3262,1.76834534728845,32,5.64732739478411,0.313129596297481,0.323232323232323,-0.0101027269348423
2214,100,214,3263,2.21972506527303,36,5.83574608278946,0.380366971726091,0.363636363636364,0.0167306080897274
2215,100,215,3264,2.0113417631454,45,5.72642494872981,0.351238649096683,0.454545454545455,-0.103306805448772
2216,100,216,3265,1.91368458706809,38,5.84791987053108,0.327241930367677,0.383838383838384,-0.0565964534707069
2217,100,217,3266,2.2914425466526,45,5.69644640443256,0.402258247329347,0.454545454545455,-0.0522872072161071
2218,100,218,3267,2.09159489016228,42,5.66536777906148,0.369189604581818,0.424242424242424,-0.0550528196606058
2219,100,219,3268,1.84528702377821,32,5.07907429238472,0.36331168192301,0.323232323232323,0.0400793586906866
2220,100,220,3269,1.81162122626275,32,5.43319217907439,0.333435881992193,0.323232323232323,0.0102035587598696
2221,100,221,3270,2.0013536524683,32,6.33837935966036,0.315751636010556,0.323232323232323,-0.00748068722176742
2222,100,222,3271,1.75355828445143,35,5.26499307153741,0.333059941508978,0.353535353535354,-0.0204754120263754
2223,100,223,3272,2.08852888831834,38,5.39990406290494,0.386771480379744,0.383838383838384,0.00293309654136031
2224,100,224,3273,1.83936130778028,40,5.23463774207344,0.351382731415472,0.404040404040404,-0.052657672624932
2225,100,225,3274,1.94676275446412,35,6.10806011794437,0.318720300205442,0.353535353535354,-0.0348150533299116
2226,100,226,3275,1.7289492266512,29,5.50547445413255,0.314041821655062,0.292929292929293,0.0211125287257695
2227,100,227,3276,1.62596767125683,39,5.31956333531481,0.305658109277987,0.393939393939394,-0.0882812846614068
2228,100,228,3277,1.53156009289076,27,5.43027571822603,0.28204094457861,0.272727272727273,0.00931367185133708
2229,100,229,3278,2.04771567643278,37,5.52460383059889,0.37065384943825,0.373737373737374,-0.00308352429912401
2230,100,230,3279,1.99972802415208,36,5.81502489495517,0.343889847468571,0.363636363636364,-0.0197465161677924
2231,100,231,3280,1.82009886362518,32,5.89286851066022,0.308864665880906,0.323232323232323,-0.0143676573514169
2232,100,232,3281,1.70585918716402,33,5.50843768443312,0.309681126462553,0.333333333333333,-0.0236522068707805
2233,100,233,3282,1.71793987968323,29,5.84343947180026,0.293994639282874,0.292929292929293,0.00106534635358113
2234,100,234,3283,2.07656172161613,44,5.24426363988642,0.395968216743029,0.444444444444444,-0.0484762277014151
2235,100,235,3284,2.13907220171869,42,5.14318230262162,0.415904410121404,0.424242424242424,-0.00833801412101992
2236,100,236,3285,2.30933977518884,49,5.21969295956899,0.442428279417327,0.494949494949495,-0.0525212155321677
2237,100,237,3286,2.19925970539784,40,5.69208484036958,0.386371561049157,0.404040404040404,-0.0176688429912471
2238,100,238,3287,1.65918851601253,34,5.43686164048487,0.305173945140999,0.343434343434343,-0.0382603982933443
2239,100,239,3288,1.74316492623061,35,5.72231779678595,0.304625675842348,0.353535353535354,-0.0489096776930059
2240,100,240,3289,1.86624619425228,31,5.3467636948904,0.349042205855431,0.313131313131313,0.0359108927241183
2241,100,241,3290,1.85528355757463,37,5.86730653285409,0.316207027395949,0.373737373737374,-0.0575303463414246
2242,100,242,3291,1.87429987952749,36,5.1052383876224,0.36713268553173,0.363636363636364,0.00349632189536653
2243,100,243,3292,1.91228413641534,39,5.4067668935769,0.353683481099783,0.393939393939394,-0.0402559128396114
2244,100,244,3293,1.65209713826049,35,5.64226188138445,0.292807596136448,0.353535353535354,-0.0607277573989054
2245,100,245,3294,2.09227948769703,47,5.57801177271126,0.375094132632146,0.474747474747475,-0.0996533421153286
2246,100,246,3295,2.19188957497652,37,6.11381519495564,0.358514201866128,0.373737373737374,-0.0152231718712459
2247,100,247,3296,1.75099075009588,36,4.94899639537536,0.353807238924666,0.363636363636364,-0.00982912471169739
2248,100,248,3297,2.33360053248022,46,5.60486741963816,0.416352494673438,0.464646464646465,-0.0482939699730266
2249,100,249,3298,1.81492638783681,27,5.62114770303197,0.322874701701552,0.272727272727273,0.050147428974279
2250,100,250,3299,1.69373843460191,31,5.52370399930185,0.306630919183212,0.313131313131313,-0.00650039394810153
2251,100,251,3300,1.94233847710532,39,5.38748346635467,0.360527969920539,0.393939393939394,-0.0334114240188549
2252,100,252,3301,2.03160747818746,37,5.56946304725918,0.364776184157869,0.373737373737374,-0.00896118957950509
2253,100,253,3302,1.74241229334937,27,5.54165720736267,0.314420800159633,0.272727272727273,0.0416935274323598
2254,100,254,3303,2.0022240537712,32,5.97650719410949,0.335015752301714,0.323232323232323,0.011783429069391
2255,100,255,3304,2.25202259335942,37,5.79392481629409,0.388686885792187,0.373737373737374,0.0149495120548128
2256,100,256,3305,2.19151218293528,41,5.40831212380533,0.405211854043903,0.414141414141414,-0.008929560097511
2257,100,257,3306,1.76264139037363,32,4.99030619412356,0.353213073868947,0.323232323232323,0.0299807506366239
2258,100,258,3307,1.70574531194471,37,4.83177650862922,0.3530265335945,0.373737373737374,-0.0207108401428735
2259,100,259,3308,2.4800665899137,51,5.50087575175619,0.450849410500124,0.515151515151515,-0.0643021046513914
2260,100,260,3309,2.16718732792599,42,6.20066661667882,0.349508764444229,0.424242424242424,-0.0747336597981956
2261,100,261,3310,2.10030937497573,42,5.62134262662268,0.373631268271866,0.424242424242424,-0.0506111559705585
2262,100,262,3311,1.9371247767733,31,6.27635179994152,0.30863865482992,0.313131313131313,-0.00449265830139273
2263,100,263,3312,1.7367137648953,29,5.57196334714864,0.311687937750709,0.292929292929293,0.0187586448214158
2264,100,264,3313,1.94085547420413,38,5.43353650960435,0.357199306708156,0.383838383838384,-0.0266390771302281
2265,100,265,3314,1.74392841225353,30,5.54900896955404,0.314277454194436,0.303030303030303,0.0112471511641328
2266,100,266,3315,1.90569005585921,35,5.76155618647218,0.330759606290687,0.353535353535354,-0.0227757472446668
2267,100,267,3316,2.09916575014941,43,5.43116698923285,0.386503628835378,0.434343434343434,-0.047839805508056
2268,100,268,3317,1.97210874396399,33,5.52242650537019,0.357109097250319,0.333333333333333,0.023775763916986
2269,100,269,3318,2.00515124624997,33,5.24801403189059,0.382078103081522,0.333333333333333,0.0487447697481888
2270,100,270,3319,1.55950549835733,30,5.2920722949564,0.294687111482511,0.303030303030303,-0.00834319154779195
2271,100,271,3320,2.26398679272098,41,5.6457146092533,0.401009783422336,0.414141414141414,-0.0131316307190784
2272,100,272,3321,2.1040259424572,41,5.40617836366831,0.389189146365777,0.414141414141414,-0.0249522677756371
2273,100,273,3322,1.83868349164805,34,5.3901777218356,0.341117415145617,0.343434343434343,-0.00231692828872643
2274,100,274,3323,1.75649860527623,35,5.33686884095549,0.329125308794689,0.353535353535354,-0.024410044740665
2275,100,275,3324,1.73492780484934,32,5.42242166700583,0.319954424681868,0.323232323232323,-0.00327789855045524
2276,100,276,3325,1.4747065265821,33,5.16303296737387,0.2856279508384,0.333333333333333,-0.047705382494933
2277,100,277,3326,2.18705670929953,38,5.79833173091926,0.377187234327622,0.383838383838384,-0.00665114951076196
2278,100,278,3327,1.82873427003271,31,5.77236336392005,0.316808585104525,0.313131313131313,0.00367727197321199
2279,100,279,3328,1.63856748636622,30,5.78943699444066,0.283027086733937,0.303030303030303,-0.0200032162963662
2280,100,280,3329,1.52261340457125,27,5.30278202931395,0.287134827747811,0.272727272727273,0.0144075550205386
2281,100,281,3330,1.77182303661164,40,5.30010271921302,0.3342997542649,0.404040404040404,-0.0697406497755038
2282,100,282,3331,1.73229881634271,39,4.95597197652426,0.349537653672854,0.393939393939394,-0.0444017402665398
2283,100,283,3332,1.58682358248409,34,5.1383726490594,0.308818314836423,0.343434343434343,-0.0346160285979205
2284,100,284,3333,1.99244450416435,41,5.41854389071671,0.367708473779809,0.414141414141414,-0.0464329403616047
2285,100,285,3334,1.96386854160537,39,5.32016195893254,0.369136984318313,0.393939393939394,-0.0248024096210809
2286,100,286,3335,2.09541404464325,32,6.21136972625422,0.337351363224501,0.323232323232323,0.0141190399921776
2287,100,287,3336,2.08340034509612,34,5.76973922794927,0.361090902514951,0.343434343434343,0.0176565590806073
2288,100,288,3337,1.95433767935546,37,5.81070470588955,0.336334021134236,0.373737373737374,-0.037403352603138
2289,100,289,3338,1.66689776315934,34,5.02178669589808,0.331933207063714,0.343434343434343,-0.0115011363706298
2290,100,290,3339,1.8904511129409,34,5.60221677141732,0.337446976808544,0.343434343434343,-0.0059873666257998
2291,100,291,3340,1.95537555592336,33,6.06939483415816,0.322169772992627,0.333333333333333,-0.0111635603407066
2292,100,292,3341,2.13187109250146,39,5.42951311461965,0.39264498445747,0.393939393939394,-0.00129440948192361
2293,100,293,3342,2.09049401150752,39,5.85900835368243,0.356799971140787,0.393939393939394,-0.0371394227986073
2294,100,294,3343,1.77686356898791,30,5.98811275402905,0.29673181551105,0.303030303030303,-0.00629848751925316
2295,100,295,3344,1.92355716985259,38,5.56526393689857,0.345636288172983,0.383838383838384,-0.0382020956654006
2296,100,296,3345,2.04749993730625,34,5.94159064760576,0.344604678905525,0.343434343434343,0.0011703354711815
2297,100,297,3346,1.69000310434328,33,5.51413945527599,0.306485376013889,0.333333333333333,-0.0268479573194448
2298,100,298,3347,1.84218885761558,34,5.38036699647348,0.342390929619305,0.343434343434343,-0.00104341381503831
2299,100,299,3348,1.72596331905904,31,5.70284988465761,0.302649263783429,0.313131313131313,-0.0104820493478845
2300,100,300,3349,2.85043171871362,47,6.04571328738147,0.471479804486098,0.474747474747475,-0.00326767026137659
2301,100,301,3350,1.63477487141245,30,5.35738188208805,0.30514436106901,0.303030303030303,0.00211405803870668
2302,100,302,3351,1.97937186969909,34,5.35430497120675,0.369678582064963,0.343434343434343,0.0262442386306191
2303,100,303,3352,1.74116981790926,33,5.73172030560784,0.30377787558924,0.333333333333333,-0.0295554577440938
2304,100,304,3353,2.01429807725456,35,5.90903406865192,0.340884492093324,0.353535353535354,-0.0126508614420293
2305,100,305,3354,1.96247470303007,33,4.9766796560998,0.3943341421674,0.333333333333333,0.0610008088340664
2306,100,306,3355,1.7611724752873,33,5.79290646302593,0.304022253169154,0.333333333333333,-0.0293110801641791
2307,100,307,3356,2.14755070045682,30,6.19429790457755,0.34669800089366,0.303030303030303,0.0436676978633567
2308,100,308,3357,2.04725225576496,44,5.70455836596078,0.358880061247328,0.444444444444444,-0.0855643831971165
2309,100,309,3358,1.54811615360183,30,4.81750784971488,0.321352077027431,0.303030303030303,0.0183217739971283
2310,100,310,3359,1.70419393395623,33,5.58993198474022,0.304868456111533,0.333333333333333,-0.0284648772218008
2311,100,311,3360,2.31069802730267,36,5.94798736733295,0.388484017298573,0.363636363636364,0.0248476536622096
2312,100,312,3361,1.59054424998671,30,5.88073059134576,0.270467117185642,0.303030303030303,-0.0325631858446606
2313,100,313,3362,1.84711435919745,37,5.53266520620027,0.333856159799341,0.373737373737374,-0.0398812139380332
2314,100,314,3363,2.07178973826413,36,5.69220714513648,0.363969491172559,0.363636363636364,0.000333127536195021
2315,100,315,3364,1.76997178387014,38,5.48518689752838,0.322682128601249,0.383838383838384,-0.0611562552371349
2316,100,316,3365,1.79388560563006,34,5.15097672745974,0.348261252291609,0.343434343434343,0.0048269088572655
2317,100,317,3366,1.80779691392531,33,5.63754205882408,0.320671117849255,0.333333333333333,-0.0126622154840782
2318,100,318,3367,1.89656553722715,34,5.58184236700718,0.339774112654499,0.343434343434343,-0.00366023077984445
2319,100,319,3368,1.98068122123582,35,5.64615200588482,0.350801965510567,0.353535353535354,-0.00273338802478656
2320,100,320,3369,2.43949680562072,40,5.60456146794936,0.435269881429868,0.404040404040404,0.0312294773894639
2321,100,321,3370,2.03370930846944,31,6.03022467003442,0.33725265968537,0.313131313131313,0.0241213465540567
2322,100,322,3371,2.06205158667867,33,5.64966510013106,0.364986516923071,0.333333333333333,0.0316531835897382
2323,100,323,3372,1.93716397264161,39,5.34189685367226,0.362635974768012,0.393939393939394,-0.0313034191713824
2324,100,324,3373,1.90975482952162,34,5.56434824646883,0.343212671984281,0.343434343434343,-0.000221671450062078
2325,100,325,3374,1.90304139179373,42,5.23261327128417,0.363688522948438,0.424242424242424,-0.0605539012939862
2326,100,326,3375,2.26163212016512,39,5.67602058822972,0.398453826058178,0.393939393939394,0.00451443211878366
2327,100,327,3376,1.83393347591427,34,5.54636327090465,0.330655131360543,0.343434343434343,-0.0127792120738001
2328,100,328,3377,1.97910264736277,33,6.03198979156012,0.328101126784383,0.333333333333333,-0.00523220654895074
2329,100,329,3378,2.33210735121156,41,5.63807804219398,0.413635166764037,0.414141414141414,-0.000506247377377422
2330,100,330,3379,1.82439698712333,31,5.63681052078304,0.323657674920373,0.313131313131313,0.0105263617890596
2331,100,331,3380,1.96585095546514,42,5.13088498782654,0.383140717464781,0.424242424242424,-0.0411017067776428
2332,100,332,3381,1.89515108881922,32,5.79545058582658,0.327006685805245,0.323232323232323,0.00377436257292191
2333,100,333,3382,1.61404625397271,35,5.74554717418558,0.280921243014857,0.353535353535354,-0.0726141105204965
2334,100,334,3383,1.77780266627877,30,5.98868527792292,0.296860259601983,0.303030303030303,-0.00617004342831967
2335,100,335,3384,2.32426654931187,48,5.31473555895151,0.437324966318813,0.484848484848485,-0.0475235185296719
2336,100,336,3385,1.98087918608428,32,5.60326553569605,0.35352227615574,0.323232323232323,0.0302899529234164
2337,100,337,3386,2.01187291854482,38,5.27612373145298,0.381316477957345,0.383838383838384,-0.00252190588103846
2338,100,338,3387,1.62113735258477,30,4.95768846024588,0.326994599516317,0.303030303030303,0.0239642964860142
2339,100,339,3388,2.04753905270286,35,6.02305535301175,0.339950230023872,0.353535353535354,-0.0135851235114814
2340,100,340,3389,2.02696623791829,38,5.36419030252556,0.377869934436136,0.383838383838384,-0.00596844940224761
2341,100,341,3390,2.5195447698464,42,6.02081180628905,0.418472599860139,0.424242424242424,-0.00576982438228502
2342,100,342,3391,1.77379319382418,32,5.72610799398555,0.309772920050983,0.323232323232323,-0.0134594031813407
2343,100,343,3392,1.77737289602946,33,5.52164796197897,0.321891744687115,0.333333333333333,-0.0114415886462187
2344,100,344,3393,2.33620849611334,40,6.04052291907595,0.386756002321522,0.404040404040404,-0.0172844017188824
2345,100,345,3394,2.25517123683409,45,5.33656543008457,0.422588510602849,0.454545454545455,-0.0319569439426051
2346,100,346,3395,1.95806186435873,36,5.46061254186368,0.358579161100937,0.363636363636364,-0.00505720253542685
2347,100,347,3396,2.24737231003841,34,6.25638754744027,0.359212451753872,0.343434343434343,0.0157781083195289
2348,100,348,3397,1.91865948900463,30,5.35875326454724,0.358042140454238,0.303030303030303,0.0550118374239348
2349,100,349,3398,2.31872309307726,45,6.05764931055393,0.38277605292163,0.454545454545455,-0.071769401623825
2350,100,350,3399,1.7505858605135,31,5.36910191006176,0.326048171526206,0.313131313131313,0.0129168583948929
2351,100,351,3400,1.94993482530932,36,5.43400430313446,0.358839396609338,0.363636363636364,-0.00479696702702576
2352,100,352,3401,2.25284571549063,37,5.68054961428931,0.39658939160106,0.373737373737374,0.0228520178636862
2353,100,353,3402,2.36779171661108,40,5.6537087744569,0.418803268981348,0.404040404040404,0.0147628649409441
2354,100,354,3403,1.99443537893326,44,5.01123382509404,0.397992879307689,0.444444444444444,-0.046451565136755
2355,100,355,3404,2.04061033683051,41,5.94586775893278,0.343198069577782,0.414141414141414,-0.0709433445636317
2356,100,356,3405,1.80180011484121,30,5.85590321836796,0.307689531000031,0.303030303030303,0.00465922796972823
2357,100,357,3406,1.6792608497221,35,5.32518667098822,0.315343095645972,0.353535353535354,-0.0381922578893811
2358,100,358,3407,2.22586221183174,42,5.74547647269207,0.387411248207375,0.424242424242424,-0.0368311760350495
2359,100,359,3408,1.67512947295828,31,5.58110188049703,0.300143145354856,0.313131313131313,-0.0129881677764573
2360,100,360,3409,2.0151232489939,36,5.40131415813582,0.373080178267097,0.363636363636364,0.00944381463073296
2361,100,361,3410,1.87520385613329,33,5.49983596043318,0.340956324811112,0.333333333333333,0.0076229914777789
2362,100,362,3411,1.69950560681672,35,5.16965774634769,0.328746251725735,0.353535353535354,-0.0247891018096184
2363,100,363,3412,2.06490550493841,32,6.43214649129126,0.321028992068847,0.323232323232323,-0.00220333116347576
2364,100,364,3413,2.17762808585237,35,5.64771540832082,0.385576809101261,0.353535353535354,0.0320414555659079
2365,100,365,3414,1.73849126537403,35,5.289369166208,0.328676484991948,0.353535353535354,-0.024858868543406
2366,100,366,3415,2.30742241792915,39,5.78569977827824,0.398814751258285,0.393939393939394,0.00487535731889138
2367,100,367,3416,2.42817491975808,42,6.03747772407989,0.402183665220584,0.424242424242424,-0.0220587590218406
2368,100,368,3417,2.42605400489762,51,5.22854731678644,0.464001539607128,0.515151515151515,-0.051149975544387
2369,100,369,3418,2.85603587525299,51,6.2688126053078,0.455594393240402,0.515151515151515,-0.0595571219111133
2370,100,370,3419,1.73224081976074,32,5.44619377799004,0.318064485101747,0.323232323232323,-0.00516783813057609
2371,100,371,3420,2.04665188066506,33,5.6447348357443,0.362577152022269,0.333333333333333,0.0292438186889354
2372,100,372,3421,1.74344604923219,36,5.74135943764229,0.303664326919086,0.363636363636364,-0.059972036717278
2373,100,373,3422,2.3838227093788,45,5.71577662360783,0.417060159337389,0.454545454545455,-0.0374852952080654
2374,100,374,3423,1.82227162399243,39,5.67299715973691,0.32121849750352,0.393939393939394,-0.0727208964358736
2375,100,375,3424,1.8552609554762,34,5.47781767607014,0.338686145685518,0.343434343434343,-0.00474819774882529
2376,100,376,3425,1.85957302214838,30,5.61954826031816,0.330911478290801,0.303030303030303,0.0278811752604982
2377,100,377,3426,1.98566798805267,33,6.42310567558997,0.309144530440921,0.333333333333333,-0.0241888028924127
2378,100,378,3427,1.84881428069902,33,5.87842516902698,0.314508431686822,0.333333333333333,-0.0188249016465116
2379,100,379,3428,1.8739791062495,36,5.62106857439277,0.333384850486715,0.363636363636364,-0.0302515131496487
2380,100,380,3429,1.82875349282548,34,5.49613381700113,0.332734528254865,0.343434343434343,-0.0106998151794785
2381,100,381,3430,1.66403893958015,32,5.43841514840892,0.305978652635039,0.323232323232323,-0.0172536705972844
2382,100,382,3431,1.92009593329441,31,5.79372233381015,0.331409726367002,0.313131313131313,0.0182784132356885
2383,100,383,3432,1.76559041645379,31,5.95328112214048,0.296574339465927,0.313131313131313,-0.0165569736653857
2384,100,384,3433,2.03245636385972,44,5.26246046087488,0.386217887805626,0.444444444444444,-0.0582265566388181
2385,100,385,3434,2.17947990901753,35,6.21875232694587,0.350468999959017,0.353535353535354,-0.00306635357633617
2386,100,386,3435,2.02139655071502,33,5.81150534971819,0.347826669524281,0.333333333333333,0.0144933361909478
2387,100,387,3436,1.69989521745846,29,5.62763695219836,0.302061990120812,0.292929292929293,0.00913269719151938
2388,100,388,3437,1.79116218996371,36,5.52983502674623,0.323908793173823,0.363636363636364,-0.0397275704625402
2389,100,389,3438,2.28853825000887,34,6.18003308553556,0.370311650169838,0.343434343434343,0.026877306735495
2390,100,390,3439,1.50808490451147,30,5.0264073408339,0.300032369493808,0.303030303030303,-0.00299793353649525
2391,100,391,3440,2.41278535931026,37,5.86907985864267,0.411101129550529,0.373737373737374,0.0373637558131554
2392,100,392,3441,2.07551763510853,43,5.69302637041562,0.364571934163903,0.434343434343434,-0.0697715001795313
2393,100,393,3442,2.00704670984815,36,5.973476344664,0.33599307907882,0.363636363636364,-0.0276432845575432
2394,100,394,3443,2.47824238868176,46,5.86886826133993,0.422269214152705,0.464646464646465,-0.0423772504937598
2395,100,395,3444,2.3941952120668,43,6.34964665522491,0.377059597496926,0.434343434343434,-0.0572838368465087
2396,100,396,3445,2.00774735832974,38,5.49399142303487,0.365444210544592,0.383838383838384,-0.0183941732937913
2397,100,397,3446,2.28372857327998,47,5.37962836498034,0.424514189148515,0.474747474747475,-0.0502332855989593
2398,100,398,3447,2.03948749723922,40,5.89693487164741,0.345855523527166,0.404040404040404,-0.0581848805132381
2399,100,399,3448,1.99552953502292,36,5.55619717854625,0.35915383685952,0.363636363636364,-0.00448252677684396
2400,100,400,3449,2.72911547316397,47,6.08311040049449,0.448638162631756,0.474747474747475,-0.0261093121157187
2401,100,401,3450,1.81492171184988,32,5.92616871119248,0.306255491582971,0.323232323232323,-0.016976831649352
2402,100,402,3451,1.90553228115569,38,5.64201271442705,0.337739806272165,0.383838383838384,-0.0460985775662185
2403,100,403,3452,1.84472672792079,34,5.44608990828822,0.338724985996534,0.343434343434343,-0.00470935743780915
2404,100,404,3453,2.10301839089574,41,5.82629769638262,0.360952786913281,0.414141414141414,-0.0531886272281328
2405,100,405,3454,2.05113847472956,43,5.26927306892191,0.389264030901557,0.434343434343434,-0.0450794034418769
2406,100,406,3455,2.35523451552295,37,5.49721272176817,0.428441582076051,0.373737373737374,0.054704208338677
2407,100,407,3456,1.5684754473571,28,5.25000702926973,0.298756828059956,0.282828282828283,0.015928545231673
2408,100,408,3457,2.19580745722761,43,5.60654072208893,0.391651031549001,0.434343434343434,-0.042692402794433
2409,100,409,3458,2.08376728245851,38,5.57433035743652,0.373814816999252,0.383838383838384,-0.0100235668391315
2410,100,410,3459,2.01368251141794,36,6.01690252204209,0.334670954704865,0.363636363636364,-0.0289654089314983
2411,100,411,3460,1.71469447520367,34,5.41010378875033,0.316942990773888,0.343434343434343,-0.0264913526604552
2412,100,412,3461,2.05330189895573,35,6.163685927776,0.333128897710823,0.353535353535354,-0.0204064558245307
2413,100,413,3462,1.61968627988837,32,5.36936835423577,0.301653038687621,0.323232323232323,-0.0215792845447019
2414,100,414,3463,1.67433884840471,30,5.33519094797307,0.31382922649485,0.303030303030303,0.0107989234645469
2415,100,415,3464,1.85927097385012,37,5.59499633357918,0.33230959646773,0.373737373737374,-0.0414277772696442
2416,100,416,3465,2.14929212649347,33,6.04527556876245,0.355532531486147,0.333333333333333,0.0221991981528138
2417,100,417,3466,2.55627057771489,38,5.95202558896234,0.429479097411029,0.383838383838384,0.0456407135726447
2418,100,418,3467,2.03637234198106,34,5.73757065831637,0.3549189131169,0.343434343434343,0.0114845696825562
2419,100,419,3468,2.08755060757252,36,5.91205634599438,0.35310059400684,0.363636363636364,-0.0105357696295234
2420,100,420,3469,1.86023176275604,34,5.76193478053958,0.322848458652952,0.343434343434343,-0.0205858847813915
2421,100,421,3470,1.80845980047546,33,5.4237150485819,0.333435621944833,0.333333333333333,0.000102288611499801
2422,100,422,3471,1.45124761030505,28,5.22037101818475,0.277997024588815,0.282828282828283,-0.00483125823946734
2423,100,423,3472,2.34395348396661,41,6.0645925003186,0.386498100877095,0.414141414141414,-0.0276433132643193
2424,100,424,3473,2.73567129701276,56,5.40496884731968,0.506140067462069,0.565656565656566,-0.0595164981944963
2425,100,425,3474,2.22843933496484,47,5.65663236085277,0.393951593953136,0.474747474747475,-0.0807958807943392
2426,100,426,3475,2.58454842785161,52,5.92178175920101,0.436447767403088,0.525252525252525,-0.088804757849437
2427,100,427,3476,2.3899985700025,41,5.48258574717486,0.435925433767095,0.414141414141414,0.0217840196256809
2428,100,428,3477,1.93099407388838,43,5.49828744235605,0.351199185952516,0.434343434343434,-0.0831442483909187
2429,100,429,3478,1.68730627346282,33,5.48418493311087,0.307667646886902,0.333333333333333,-0.0256656864464313
2430,100,430,3479,1.750730545965,28,5.87992262385823,0.297747208247483,0.282828282828283,0.0149189254192001
2431,100,431,3480,2.13055390884771,35,5.71239786897962,0.37297015329016,0.353535353535354,0.0194347997548063
2432,100,432,3481,1.76339983575149,34,5.35224636311947,0.329469108130463,0.343434343434343,-0.0139652353038803
2433,100,433,3482,1.68654312356979,32,5.17512687626592,0.325894062869181,0.323232323232323,0.00266173963685767
2434,100,434,3483,2.26403328693992,41,5.84097296415329,0.387612355139212,0.414141414141414,-0.0265290590022018
2435,100,435,3484,1.95880287018318,39,5.68028913717597,0.344842106251835,0.393939393939394,-0.0490972876875593
2436,100,436,3485,2.17231007276903,43,5.91162161216763,0.367464329634674,0.434343434343434,-0.0668791047087606
2437,100,437,3486,2.27571603376312,35,5.86288432463919,0.388156393295918,0.353535353535354,0.0346210397605647
2438,100,438,3487,1.72645695404347,30,5.97886720494893,0.288759876221104,0.303030303030303,-0.0142704268091987
2439,100,439,3488,1.69356988162782,34,5.40915626982052,0.313093169645848,0.343434343434343,-0.0303411737884958
2440,100,440,3489,2.15244630425362,45,5.58145423138127,0.385642561064403,0.454545454545455,-0.0689028934810514
2441,100,441,3490,2.1921938670273,46,6.05208748538834,0.36222111334642,0.464646464646465,-0.102425351300045
2442,100,442,3491,1.75862878236939,32,5.29847010331831,0.331912561187805,0.323232323232323,0.00868023795548162
2443,100,443,3492,2.11438490709791,39,5.69130612973326,0.371511364685106,0.393939393939394,-0.022428029254288
2444,100,444,3493,1.91420174277627,37,5.87108664887541,0.326038748404936,0.373737373737374,-0.0476986253324382
2445,100,445,3494,2.10883137233508,37,6.04791554731354,0.348687304880078,0.373737373737374,-0.0250500688572955
2446,100,446,3495,2.10521073549846,32,5.80169007772097,0.362861632954623,0.323232323232323,0.0396293097222997
2447,100,447,3496,1.91359997579202,32,5.32012975096036,0.359690470978944,0.323232323232323,0.0364581477466209
2448,100,448,3497,1.9979131931688,44,5.07454098698681,0.393713086226373,0.444444444444444,-0.0507313582180712
2449,100,449,3498,1.63976779455585,39,5.19834424863363,0.315440401044401,0.393939393939394,-0.0784989928949928
2450,100,450,3499,2.42524194386071,42,6.01930773351448,0.402910442733701,0.424242424242424,-0.0213319815087229
2451,100,451,3500,1.8278831909801,33,5.68896663018339,0.321303201407805,0.333333333333333,-0.0120301319255281
2452,100,452,3501,1.92522861129873,36,5.5675222016034,0.345796306073872,0.363636363636364,-0.0178400575624915
2453,100,453,3502,1.83562135283516,40,5.62818140165894,0.326148221216555,0.404040404040404,-0.0778921828238493
2454,100,454,3503,1.6543192917637,32,5.30032540228763,0.312116552513868,0.323232323232323,-0.0111157707184552
2455,100,455,3504,2.21375234883807,38,5.71826600562142,0.387137000388197,0.383838383838384,0.00329861654981362
2456,100,456,3505,1.84186746484994,36,5.53365692480939,0.33284814904086,0.363636363636364,-0.0307882145955035
2457,100,457,3506,2.16910134946234,41,5.96810015105093,0.363449220784337,0.414141414141414,-0.0506921933570773
2458,100,458,3507,1.71561828932181,36,5.45655475970361,0.31441419812948,0.363636363636364,-0.0492221655068832
2459,100,459,3508,1.58459709173129,31,5.78368682612953,0.273976987234579,0.313131313131313,-0.0391543258967346
2460,100,460,3509,2.0357600171395,44,5.27169864708315,0.386167752260629,0.444444444444444,-0.058276692183815
2461,100,461,3510,2.65226826123346,48,5.88366542913971,0.450785023923644,0.484848484848485,-0.0340634609248411
2462,100,462,3511,1.92368175271463,35,5.52353876725177,0.348269801982715,0.353535353535354,-0.00526555155263814
2463,100,463,3512,1.76921159387444,33,5.8138801580377,0.304308232330607,0.333333333333333,-0.0290251010027267
2464,100,464,3513,1.84787084076795,38,5.13347445633436,0.359964943136671,0.383838383838384,-0.0238734407017132
2465,100,465,3514,1.59676235882738,32,5.24900076666508,0.304203110231564,0.323232323232323,-0.0190292130007597
2466,100,466,3515,1.86170041848865,37,5.22016302249707,0.356636451862781,0.373737373737374,-0.0171009218745926
2467,100,467,3516,1.69549124182372,32,5.13098202804268,0.330441859386223,0.323232323232323,0.00720953615389963
2468,100,468,3517,2.07597880834002,36,5.68868921863099,0.364930958355221,0.363636363636364,0.00129459471885707
2469,100,469,3518,2.62598577986363,42,5.68824901062754,0.461650988723844,0.424242424242424,0.0374085644814198
2470,100,470,3519,1.96614076377617,37,5.8134969349603,0.338202769481566,0.373737373737374,-0.0355346042558073
2471,100,471,3520,1.90954025612739,38,5.30073574199167,0.360240606035175,0.383838383838384,-0.0235977778032087
2472,100,472,3521,2.24287744690915,42,5.1038528539675,0.439447905549556,0.424242424242424,0.0152054813071322
2473,100,473,3522,1.91286389826719,30,5.88772051638806,0.324890404179829,0.303030303030303,0.0218601011495262
2474,100,474,3523,2.1701968513302,33,6.16148063446468,0.352220023088453,0.333333333333333,0.0188866897551195
2475,100,475,3524,1.82805220127029,39,5.32856162695509,0.343066727805661,0.393939393939394,-0.0508726661337333
2476,100,476,3525,2.27572821348661,46,5.68675910081584,0.400180168201626,0.464646464646465,-0.0644662964448384
2477,100,477,3526,2.43546624626223,42,6.01175522311144,0.405117333603236,0.424242424242424,-0.0191250906391883
2478,100,478,3527,1.7334055299867,34,5.15157022561523,0.336481005610223,0.343434343434343,-0.00695333782412083
2479,100,479,3528,1.95129688377169,38,5.5690114897887,0.350384783250955,0.383838383838384,-0.0334536005874288
2480,100,480,3529,1.85264263835813,35,5.31092809379394,0.348835948376523,0.353535353535354,-0.00469940515883038
2481,100,481,3530,1.59863085218539,32,5.18322262254766,0.308424115381644,0.323232323232323,-0.0148082078506793
2482,100,482,3531,1.93875188352126,32,5.85284640572685,0.33124940398645,0.323232323232323,0.00801708075412683
2483,100,483,3532,2.02163996709341,43,5.59273654819522,0.361475987590689,0.434343434343434,-0.0728674467527454
2484,100,484,3533,1.73284008829283,30,5.95870066439574,0.290808380197187,0.303030303030303,-0.0122219228331157
2485,100,485,3534,2.00569679965301,34,5.98705239635807,0.335005720155895,0.343434343434343,-0.00842862327844845
2486,100,486,3535,2.18472474658855,42,4.99609600555844,0.43728638203868,0.424242424242424,0.0130439577962557
2487,100,487,3536,1.60331765208371,29,5.11150220720106,0.313668582559735,0.292929292929293,0.020739289630442
2488,100,488,3537,1.88700108182472,31,6.13150833243397,0.307754793684779,0.313131313131313,-0.00537651944653439
2489,100,489,3538,1.75607631155656,31,5.61789432080731,0.312586213139055,0.313131313131313,-0.000545099992258158
2490,100,490,3539,2.60785139681025,39,5.78972773366353,0.450427294127715,0.393939393939394,0.0564879001883213
2491,100,491,3540,2.26200383308828,42,5.77714371818393,0.391543631841542,0.424242424242424,-0.0326987924008826
2492,100,492,3541,1.79570647562726,40,5.32559082835497,0.337184461499821,0.404040404040404,-0.0668559425405829
2493,100,493,3542,1.5156577496908,30,5.4604224073928,0.277571520408159,0.303030303030303,-0.0254587826221443
2494,100,494,3543,1.71676772362349,30,5.09982333393732,0.336632783374883,0.303030303030303,0.0336024803445795
2495,100,495,3544,1.77968694280169,36,5.50056021232702,0.323546488740061,0.363636363636364,-0.0400898748963024
2496,100,496,3545,1.85319583280817,37,6.06386672687747,0.305612889642522,0.373737373737374,-0.0681244840948519
2497,100,497,3546,1.91924677701675,38,5.81963270437658,0.329788300140214,0.383838383838384,-0.0540500836981702
2498,100,498,3547,2.02846958455042,35,5.42943961222704,0.373605699561024,0.353535353535354,0.0200703460256704
2499,100,499,3548,1.76251692581175,29,5.88892104839637,0.299293692567284,0.292929292929293,0.00636439963799151
2500,100,500,3549,2.69323550783573,48,6.18443502315285,0.435486103055977,0.484848484848485,-0.0493623817925082
2501,100,501,3550,1.98393151400217,34,5.44820539249687,0.364144038463453,0.343434343434343,0.0207096950291098
2502,100,502,3551,1.86301912408927,32,5.30831257329103,0.350962589027467,0.323232323232323,0.0277302657951434
2503,100,503,3552,2.02864710675818,45,5.12024147576125,0.396201451896676,0.454545454545455,-0.0583440026487785
2504,100,504,3553,2.19994177625796,38,6.35416084484743,0.346220662330556,0.383838383838384,-0.037617721507828
2505,100,505,3554,1.99286571426363,36,6.04952496864834,0.329425157279565,0.363636363636364,-0.0342112063567988
2506,100,506,3555,2.14773621921703,35,5.56071574770642,0.386233772172744,0.353535353535354,0.0326984186373902
2507,100,507,3556,1.84320391825201,28,6.07713391078807,0.303301514383281,0.282828282828283,0.0204732315549985
2508,100,508,3557,1.99469315060608,37,5.2282403415724,0.381522849044499,0.373737373737374,0.00778547530712481
2509,100,509,3558,2.33353653314033,43,5.85660303070713,0.398445399304891,0.434343434343434,-0.0358980350385437
2510,100,510,3559,1.94194903608806,40,5.87888232867518,0.330326229973322,0.404040404040404,-0.0737141740670819
2511,100,511,3560,1.9498143984543,34,5.79351149866121,0.336551398733717,0.343434343434343,-0.00688294470062617
2512,100,512,3561,2.18537348627114,39,5.7598925957149,0.379412193883088,0.393939393939394,-0.0145272000563063
2513,100,513,3562,1.66185380719007,29,5.77115414647634,0.28795865870343,0.292929292929293,-0.00497063422586258
2514,100,514,3563,1.6944910496475,43,5.5822551446769,0.303549552238457,0.434343434343434,-0.130793882104977
2515,100,515,3564,1.77835533372512,36,5.13004988752602,0.346654588691093,0.363636363636364,-0.0169817749452702
2516,100,516,3565,1.98438354157749,38,6.0632601938548,0.327279957998288,0.383838383838384,-0.0565584258400955
2517,100,517,3566,1.58003049133783,31,5.08087585762706,0.310976007997912,0.313131313131313,-0.00215530513340118
2518,100,518,3567,1.92544502431311,32,5.65510680523968,0.340478984858271,0.323232323232323,0.0172466616259473
2519,100,519,3568,1.74437547883662,33,5.33174255330519,0.327167987088062,0.333333333333333,-0.00616534624527137
2520,100,520,3569,2.02827757898707,34,5.66936638190889,0.357760892903193,0.343434343434343,0.0143265494688493
2521,100,521,3570,2.05414562406568,37,5.62997080585164,0.364859018794672,0.373737373737374,-0.00887835494270189
2522,100,522,3571,1.82747958103647,33,5.36927181455977,0.340358924664779,0.333333333333333,0.00702559133144603
2523,100,523,3572,1.94454340211629,31,5.60829511315749,0.346726297900095,0.313131313131313,0.0335949847687822
2524,100,524,3573,1.97791385524809,31,5.53253542225455,0.357505863820041,0.313131313131313,0.0443745506887275
2525,100,525,3574,1.78723729386092,34,5.33662842158316,0.334900081600719,0.343434343434343,-0.00853426183362477
2526,100,526,3575,1.87101311055947,37,5.60101783961651,0.334048768301651,0.373737373737374,-0.0396886054357231
2527,100,527,3576,1.80424380315051,34,5.85262032734129,0.3082796597486,0.343434343434343,-0.0351546836857435
2528,100,528,3577,1.57439464757663,29,5.54148503451924,0.284110601719458,0.292929292929293,-0.00881869120983542
2529,100,529,3578,1.9248318199249,36,5.45606802548676,0.352787357293475,0.363636363636364,-0.0108490063428883
2530,100,530,3579,1.86050559314543,38,5.89576386423755,0.315566504355925,0.383838383838384,-0.0682718794824586
2531,100,531,3580,2.15018612228276,41,5.14657862375975,0.417789424678404,0.414141414141414,0.00364801053699004
2532,100,532,3581,1.70188119421919,30,5.07771008396648,0.335167066665168,0.303030303030303,0.0321367636348646
2533,100,533,3582,1.62520917505785,34,5.74298131467806,0.28299050371348,0.343434343434343,-0.0604438397208635
2534,100,534,3583,1.62767609535326,29,5.46552174049924,0.297807999425244,0.292929292929293,0.00487870649595123
2535,100,535,3584,1.75328171294468,33,5.71584446912324,0.306740626414143,0.333333333333333,-0.0265927069191906
2536,100,536,3585,1.86298510343634,33,5.74642814269751,0.324198799179939,0.333333333333333,-0.00913453415339421
2537,100,537,3586,1.60229196503888,32,5.19737332178264,0.308288796250894,0.323232323232323,-0.0149435269814292
2538,100,538,3587,1.74390037359289,32,5.47709986136208,0.318398498792243,0.323232323232323,-0.00483382444008046
2539,100,539,3588,1.77569414445536,32,5.3223547070164,0.333629425734155,0.323232323232323,0.010397102501832
2540,100,540,3589,2.08119184757679,41,5.55172776042224,0.374872821108668,0.414141414141414,-0.0392685930327457
2541,100,541,3590,2.1139936743411,41,4.8922846637773,0.432107659227847,0.414141414141414,0.017966245086433
2542,100,542,3591,1.87401389556505,32,5.50766017601268,0.340255904626592,0.323232323232323,0.017023581394269
2543,100,543,3592,2.00423584506852,33,5.70992247726122,0.351009291816141,0.333333333333333,0.0176759584828075
2544,100,544,3593,1.76498196927576,30,5.85285104011369,0.301559352387255,0.303030303030303,-0.00147095064304786
2545,100,545,3594,1.84677300047535,33,5.97494212878121,0.309086341034078,0.333333333333333,-0.0242469922992554
2546,100,546,3595,1.71314490931042,29,5.18282139773609,0.330542918198713,0.292929292929293,0.0376136252694199
2547,100,547,3596,2.0031878012187,36,5.62802175368726,0.355931069368431,0.363636363636364,-0.00770529426793287
2548,100,548,3597,2.03194286737508,36,5.87071100087805,0.346115294565033,0.363636363636364,-0.0175210690713311
2549,100,549,3598,1.78423375506132,32,5.52182387133401,0.323123988855202,0.323232323232323,-0.00010833437712171
2550,100,550,3599,1.63668261122587,35,5.2227459282518,0.313375881903893,0.353535353535354,-0.0401594716314603
2551,100,551,3600,1.72297781414049,34,6.02020282205911,0.286199296779037,0.343434343434343,-0.0572350466553064
2552,100,552,3601,2.3338168182316,41,5.80094461549798,0.402316686836917,0.414141414141414,-0.011824727304497
2553,100,553,3602,2.29088722552046,42,5.59782997173361,0.409245589288771,0.424242424242424,-0.0149968349536536
2554,100,554,3603,2.07501532753108,38,5.15242943904911,0.402725617512587,0.383838383838384,0.018887233674203
2555,100,555,3604,1.55410557948025,35,5.56874560981916,0.279076418348138,0.353535353535354,-0.0744589351872152
2556,100,556,3605,1.73842816796487,33,5.74538704194094,0.302578077903972,0.333333333333333,-0.0307552554293617
2557,100,557,3606,2.06056814690829,34,5.81081295061113,0.35460927144309,0.343434343434343,0.0111749280087466
2558,100,558,3607,1.64235466294927,30,6.00187575454608,0.273640230173922,0.303030303030303,-0.0293900728563813
2559,100,559,3608,1.95770746681366,34,5.65403932224744,0.346249354706555,0.343434343434343,0.00281501127221151
2560,100,560,3609,1.74081984613605,34,5.66744609305213,0.307161253508908,0.343434343434343,-0.0362730899254358
2561,100,561,3610,2.03028009484018,32,6.0128071472891,0.337659273797854,0.323232323232323,0.0144269505655306
2562,100,562,3611,1.93032816623926,36,6.06233279877796,0.318413427687172,0.363636363636364,-0.0452229359491916
2563,100,563,3612,2.33959921725378,38,6.25956553424072,0.373763834639296,0.383838383838384,-0.0100745491990882
2564,100,564,3613,1.91470698834347,36,5.7125131172122,0.335177696585821,0.363636363636364,-0.0284586670505428
2565,100,565,3614,1.85165477460717,42,5.25592719309893,0.352298406461644,0.424242424242424,-0.0719440177807806
2566,100,566,3615,1.81841242637962,41,5.63070081426477,0.322946021527706,0.414141414141414,-0.0911953926137084
2567,100,567,3616,2.19332825165863,39,5.9869411183902,0.366352066654095,0.393939393939394,-0.0275873272852988
2568,100,568,3617,1.98841011916782,37,5.43693759814233,0.365722446372606,0.373737373737374,-0.00801492736476733
2569,100,569,3618,2.09886784790309,33,6.19699991559043,0.338690959575898,0.333333333333333,0.00535762624256508
2570,100,570,3619,1.54002372891166,38,5.07751205533276,0.303302820777002,0.383838383838384,-0.0805355630613817
2571,100,571,3620,1.97920126491026,34,5.78182744685331,0.342314135643639,0.343434343434343,-0.00112020779070471
2572,100,572,3621,2.66706908841394,44,6.23267746449761,0.427917071532422,0.444444444444444,-0.0165273729120227
2573,100,573,3622,2.47172173981559,45,5.52118773280856,0.447679350790388,0.454545454545455,-0.00686610375506691
2574,100,574,3623,1.72052966921227,31,6.06446873254072,0.283706577623239,0.313131313131313,-0.0294247355080746
2575,100,575,3624,2.04566461889317,35,5.93407567281694,0.344731805201615,0.353535353535354,-0.00880354833373875
2576,100,576,3625,1.73212813835688,30,5.54032858306673,0.31263996573252,0.303030303030303,0.00960966270221669
2577,100,577,3626,1.90377004456469,31,5.76101614820558,0.330457335232026,0.313131313131313,0.017326022100713
2578,100,578,3627,2.07640749996867,37,5.38118820540421,0.385864129019568,0.373737373737374,0.0121267552821947
2579,100,579,3628,2.3560542061771,40,5.80901065712501,0.405586139403496,0.404040404040404,0.00154573536309216
2580,100,580,3629,1.48958394881914,28,5.43360764490174,0.27414271441126,0.282828282828283,-0.00868556841702328
2581,100,581,3630,2.35664573457052,44,6.00913495183717,0.392177202452413,0.444444444444444,-0.0522672419920318
2582,100,582,3631,1.81871548409185,37,5.09239464098689,0.357143468311283,0.373737373737374,-0.016593905426091
2583,100,583,3632,1.85919172373332,36,5.48431705499269,0.339001502847249,0.363636363636364,-0.0246348607891147
2584,100,584,3633,2.28431940267648,47,5.08958407817385,0.448822412124508,0.474747474747475,-0.0259250626229671
2585,100,585,3634,2.3060355025202,42,5.59163767036764,0.412407891652354,0.424242424242424,-0.0118345325900707
2586,100,586,3635,1.91441076903548,34,5.49344681815982,0.348489906684264,0.343434343434343,0.00505556324992029
2587,100,587,3636,2.16066430766071,36,5.62028292293193,0.384440487656724,0.363636363636364,0.0208041240203601
2588,100,588,3637,1.8643370437552,35,5.89335902545612,0.316345404327527,0.353535353535354,-0.0371899492078261
2589,100,589,3638,1.93407611666858,34,5.39781901649091,0.358306958932817,0.343434343434343,0.0148726154984734
2590,100,590,3639,1.90812349013993,37,5.09913331432316,0.374205452675679,0.373737373737374,0.000468078938305028
2591,100,591,3640,1.91489757793785,37,5.22551529741092,0.366451434729628,0.373737373737374,-0.00728593900774599
2592,100,592,3641,1.98276377330516,43,5.2845659833517,0.375198981250606,0.434343434343434,-0.0591444530928283
2593,100,593,3642,2.23629769024356,40,6.00214487667683,0.372583090910281,0.404040404040404,-0.0314573131301235
2594,100,594,3643,1.74302535486803,36,5.64685176424186,0.308672057925368,0.363636363636364,-0.0549643057109961
2595,100,595,3644,1.76824373971547,31,5.93986311003978,0.297690991687454,0.313131313131313,-0.0154403214438587
2596,100,596,3645,1.98804180708103,39,5.23604646771158,0.379683759367,0.393939393939394,-0.0142556345723935
2597,100,597,3646,1.70937513193668,32,5.40811267125455,0.31607609453524,0.323232323232323,-0.00715622869708277
2598,100,598,3647,1.87536934442916,36,5.54770554029645,0.338044139294558,0.363636363636364,-0.0255922243418061
2599,100,599,3648,1.61460523066135,29,5.32629099588533,0.303138756765012,0.292929292929293,0.0102094638357186
2600,100,600,3649,2.04822013040389,39,5.93737368037747,0.344970729595998,0.393939393939394,-0.0489686643433964
2601,100,601,3650,2.180158085239,38,5.95763821960603,0.365943349507914,0.383838383838384,-0.01789503433047
2602,100,602,3651,1.62863860924172,32,5.40983725750256,0.301051312954574,0.323232323232323,-0.0221810102777493
2603,100,603,3652,1.74243180954216,30,5.39846751382349,0.322764155768361,0.303030303030303,0.0197338527380581
2604,100,604,3653,2.52239969658972,41,6.05682791129669,0.416455566103364,0.414141414141414,0.00231415196194951
2605,100,605,3654,2.1053253863334,40,6.00609812483728,0.350531300450646,0.404040404040404,-0.0535091035897581
2606,100,606,3655,2.13012038877283,33,5.70627360663474,0.373294471245844,0.333333333333333,0.039961137912511
2607,100,607,3656,2.29820221284706,37,5.77381717009698,0.398038619017868,0.373737373737374,0.0243012452804946
2608,100,608,3657,1.72362370798521,35,5.49819453700655,0.313489036516271,0.353535353535354,-0.0400463170190821
2609,100,609,3658,2.02444805083197,38,5.24889836189985,0.385690084137811,0.383838383838384,0.001851700299427
2610,100,610,3659,2.49060108547886,37,6.48993761579916,0.383763486326235,0.373737373737374,0.0100261125888612
2611,100,611,3660,2.07160854639719,38,5.76871739506608,0.359110770128731,0.383838383838384,-0.0247276137096527
2612,100,612,3661,2.14599376852017,38,5.77781321244649,0.371419720509016,0.383838383838384,-0.0124186633293681
2613,100,613,3662,1.71000431530349,34,5.22550614774718,0.327241853124737,0.343434343434343,-0.0161924903096068
2614,100,614,3663,1.8634798383792,41,5.51016311669083,0.338189596009333,0.414141414141414,-0.0759518181320814
2615,100,615,3664,1.97063823752526,30,6.13657574538238,0.32112994596508,0.303030303030303,0.0180996429347771
2616,100,616,3665,1.94576943476579,31,6.00709132705589,0.323912078047168,0.313131313131313,0.0107807649158546
2617,100,617,3666,1.84905288916478,29,5.58802554446499,0.330895568470743,0.292929292929293,0.0379662755414503
2618,100,618,3667,1.77018298290854,34,5.61935356150256,0.315015412989107,0.343434343434343,-0.0284189304452363
2619,100,619,3668,1.9456978763386,37,5.48195207878654,0.354927925011941,0.373737373737374,-0.0188094487254327
2620,100,620,3669,1.82118787096068,29,5.84297537382146,0.311688438585626,0.292929292929293,0.0187591456563335
2621,100,621,3670,1.87638983862217,33,6.07210595450977,0.309017967189549,0.333333333333333,-0.0243153661437839
2622,100,622,3671,1.93096327797614,34,5.8730144443667,0.328785719202222,0.343434343434343,-0.0146486242321214
2623,100,623,3672,1.80024020271357,34,5.54134538748908,0.324874209569763,0.343434343434343,-0.0185601338645803
2624,100,624,3673,2.08264496500479,36,6.32471269586303,0.329286888615041,0.363636363636364,-0.0343494750213223
2625,100,625,3674,1.98617295878761,37,5.60202802610237,0.354545344923863,0.373737373737374,-0.0191920288135103
2626,100,626,3675,1.78866585801994,37,5.3637398477096,0.333473641303414,0.373737373737374,-0.0402637324339601
2627,100,627,3676,1.85375287073084,39,5.05511674680436,0.366708221309173,0.393939393939394,-0.0272311726302206
2628,100,628,3677,2.34613731454119,41,5.71888968494747,0.410243498963861,0.414141414141414,-0.00389791517755284
2629,100,629,3678,2.09223188294992,46,5.3619540771189,0.390199515485989,0.464646464646465,-0.0744469491604757
2630,100,630,3679,2.03373599922972,35,5.39117791605167,0.377234072200526,0.353535353535354,0.0236987186651724
2631,100,631,3680,1.972722007286,42,5.78693908516805,0.340892132827541,0.424242424242424,-0.0833502914148834
2632,100,632,3681,2.06789259542469,35,5.90983668607629,0.349906893416647,0.353535353535354,-0.00362846011870671
2633,100,633,3682,1.52336587932048,31,4.96884907803402,0.306583246018657,0.313131313131313,-0.00654806711265632
2634,100,634,3683,1.97014772236487,38,5.47528803657939,0.359825402645975,0.383838383838384,-0.0240129811924092
2635,100,635,3684,2.19220140331378,44,5.33597624928922,0.410834175584233,0.444444444444444,-0.0336102688602115
2636,100,636,3685,1.91222715028404,31,5.43745185732467,0.351677072360304,0.313131313131313,0.0385457592289907
2637,100,637,3686,1.73798596002521,33,5.57251047486862,0.311885633569166,0.333333333333333,-0.0214476997641673
2638,100,638,3687,1.80620595241756,32,5.62160340653056,0.321297292213697,0.323232323232323,-0.00193503101862674
2639,100,639,3688,1.76298819418973,32,5.95970891012564,0.295817836202434,0.323232323232323,-0.0274144870298891
2640,100,640,3689,2.19823227881348,38,5.80056518632596,0.378968636365903,0.383838383838384,-0.00486974747248076
2641,100,641,3690,1.96371932368407,36,5.72933823275341,0.342748017992357,0.363636363636364,-0.0208883456440068
2642,100,642,3691,1.86603595812048,37,5.49464697092486,0.339609799864246,0.373737373737374,-0.0341275738731273
2643,100,643,3692,1.95454889639939,34,5.37817801100543,0.363422127791192,0.343434343434343,0.0199877843568485
2644,100,644,3693,2.10169558460839,37,5.27419781238419,0.398486302442706,0.373737373737374,0.0247489287053321
2645,100,645,3694,1.53103976364987,31,5.20438833794126,0.29418245992295,0.313131313131313,-0.0189488532083636
2646,100,646,3695,1.97385990076598,41,5.43709724066359,0.363035607677503,0.414141414141414,-0.0511058064639107
2647,100,647,3696,1.8693811860363,31,5.34233949476894,0.34991808136992,0.313131313131313,0.0367867682386066
2648,100,648,3697,2.14115872075073,43,5.09638392145195,0.420132932242027,0.434343434343434,-0.0142105021014071
2649,100,649,3698,2.01907515911592,34,5.34770830270513,0.377558955131224,0.343434343434343,0.0341246116968808
2650,100,650,3699,2.07551237918289,36,5.72080808770864,0.362800560228929,0.363636363636364,-0.000835803407434277
2651,100,651,3700,1.92097825013384,36,5.88733169060779,0.326290134662945,0.363636363636364,-0.0373462289734184
2652,100,652,3701,2.10140562926397,40,5.9407985442804,0.35372443849104,0.404040404040404,-0.050315965549364
2653,100,653,3702,1.6743732937017,28,6.25584239011354,0.267649532914674,0.282828282828283,-0.0151787499136091
2654,100,654,3703,1.94482892234862,39,5.76097637800357,0.337586685787208,0.393939393939394,-0.0563527081521855
2655,100,655,3704,1.98967840692857,36,5.90727538937917,0.33681829198379,0.363636363636364,-0.0268180716525737
2656,100,656,3705,1.92991082831429,38,5.49085261545617,0.351477441387116,0.383838383838384,-0.0323609424512681
2657,100,657,3706,1.72468408842385,28,5.88482879591269,0.293072942006695,0.282828282828283,0.0102446591784121
2658,100,658,3707,1.82530862119831,37,5.66362592037716,0.322286225619358,0.373737373737374,-0.0514511481180161
2659,100,659,3708,1.85704230204692,36,5.37029061143959,0.345799219522891,0.363636363636364,-0.0178371441134724
2660,100,660,3709,2.00880321829766,34,5.41218921985715,0.371162783985346,0.343434343434343,0.0277284405510027
2661,100,661,3710,1.8192428896088,39,5.40378133689684,0.336661085300967,0.393939393939394,-0.0572783086384269
2662,100,662,3711,1.83500188923167,37,5.24874673150027,0.349607626944339,0.373737373737374,-0.024129746793035
2663,100,663,3712,1.84313876312431,32,5.76891045743589,0.319495124204706,0.323232323232323,-0.00373719902761721
2664,100,664,3713,2.0891859275827,32,5.91999368006338,0.35290340505234,0.323232323232323,0.0296710818200165
2665,100,665,3714,2.09809654596218,41,5.15845550830967,0.406729600087156,0.414141414141414,-0.00741181405425817
2666,100,666,3715,1.88979109716162,38,5.57144261887495,0.339192418631286,0.383838383838384,-0.0446459652070976
2667,100,667,3716,1.9561552242905,41,5.10122397418546,0.383467817564872,0.414141414141414,-0.030673596576542
2668,100,668,3717,1.98195243608807,40,5.43560062353498,0.36462436690191,0.404040404040404,-0.0394160371384944
2669,100,669,3718,1.55900880438727,27,5.95765763812032,0.261681502879905,0.272727272727273,-0.0110457698473675
2670,100,670,3719,2.02503790216835,35,5.62736176559173,0.359855645775318,0.353535353535354,0.00632029223996494
2671,100,671,3720,2.13208352247577,39,5.48354542469389,0.388814782654014,0.393939393939394,-0.00512461128537955
2672,100,672,3721,2.03770796510101,39,5.73263748374469,0.35545732149976,0.393939393939394,-0.0384820724396344
2673,100,673,3722,2.58691128237348,44,5.83056964990632,0.443680710068362,0.444444444444444,-0.000763734376082681
2674,100,674,3723,1.95358676640482,37,5.50617571732742,0.354799204874095,0.373737373737374,-0.0189381688632792
2675,100,675,3724,1.78835314606863,40,5.45977404397211,0.327550761563671,0.404040404040404,-0.0764896424767331
2676,100,676,3725,2.6070756912,42,5.69447355299646,0.457825585971533,0.424242424242424,0.0335831617291086
2677,100,677,3726,1.82455777230806,33,5.65606599216724,0.322584244037248,0.333333333333333,-0.010749089296085
2678,100,678,3727,1.90025779212111,35,5.71779959447767,0.33234074764642,0.353535353535354,-0.0211946058889331
2679,100,679,3728,1.92495160144854,38,5.37142144137179,0.358369124906522,0.383838383838384,-0.025469258931862
2680,100,680,3729,2.04951420881932,42,6.08015286572466,0.337082677702552,0.424242424242424,-0.0871597465398719
2681,100,681,3730,1.81673816877238,35,5.42710635573342,0.334752637904932,0.353535353535354,-0.0187827156304217
2682,100,682,3731,1.94446304512527,37,5.38170132323059,0.361310100345374,0.373737373737374,-0.0124272733920001
2683,100,683,3732,1.96562664930478,35,5.50461956797078,0.35708673869889,0.353535353535354,0.00355138516353637
2684,100,684,3733,1.96823385092034,33,6.02322061208695,0.32677432517923,0.333333333333333,-0.00655900815410371
2685,100,685,3734,2.04458790139873,38,6.05122966935738,0.33787973901441,0.383838383838384,-0.0459586448239734
2686,100,686,3735,1.60838437236809,26,5.38459173089511,0.298701267013372,0.262626262626263,0.036075004387109
2687,100,687,3736,1.65991444747025,29,5.62959648891107,0.294854959985121,0.292929292929293,0.00192566705582781
2688,100,688,3737,1.92526748824291,30,5.84059635861316,0.329635429334832,0.303030303030303,0.026605126304529
2689,100,689,3738,2.20209735068021,41,5.78616601679356,0.380579704123408,0.414141414141414,-0.0335617100180066
2690,100,690,3739,2.0516659192714,38,5.87136552008534,0.349435904178145,0.383838383838384,-0.0344024796602392
2691,100,691,3740,2.06254979155576,35,5.55088482876525,0.371571353969987,0.353535353535354,0.0180360004346336
2692,100,692,3741,1.86428087582932,36,5.02420888333966,0.371059587512633,0.363636363636364,0.00742322387626965
2693,100,693,3742,1.92255467560958,35,5.69146396862056,0.337796160392025,0.353535353535354,-0.0157391931433286
2694,100,694,3743,1.9459058189684,33,5.74950991151752,0.338447250098713,0.333333333333333,0.00511391676537987
2695,100,695,3744,2.16969759302754,45,5.29276907122486,0.409936191023997,0.454545454545455,-0.0446092635214572
2696,100,696,3745,1.8076511967407,33,5.52079622646052,0.327425813703619,0.333333333333333,-0.0059075196297142
2697,100,697,3746,1.8224923206576,40,5.43260714927222,0.335472871603048,0.404040404040404,-0.0685675324373557
2698,100,698,3747,1.55991327824659,30,5.56389233199187,0.280363670820377,0.303030303030303,-0.0226666322099258
2699,100,699,3748,1.92064675235747,34,5.76032599379612,0.333426746060207,0.343434343434343,-0.0100075973741367
2700,100,700,3749,1.83433402829192,33,5.65947691134681,0.324117238576276,0.333333333333333,-0.00921609475705754
2701,100,701,3750,2.7316044136237,46,6.3425817882005,0.430677049952352,0.464646464646465,-0.0339694146941131
2702,100,702,3751,1.85028069906938,42,5.33925716757922,0.346542719519968,0.424242424242424,-0.0776997047224565
2703,100,703,3752,1.84124835727414,38,5.47521718643681,0.336287729706005,0.383838383838384,-0.0475506541323786
2704,100,704,3753,1.84597110182436,37,5.46422831164599,0.337828325710698,0.373737373737374,-0.0359090480266753
2705,100,705,3754,1.62093922773262,32,5.32615680274074,0.30433561905247,0.323232323232323,-0.0188967041798537
2706,100,706,3755,2.16469993813367,41,4.73830971127386,0.456850664063431,0.414141414141414,0.0427092499220169
2707,100,707,3756,1.92795053969427,31,5.70887938257728,0.337710855405023,0.313131313131313,0.0245795422737101
2708,100,708,3757,1.79076101453325,34,5.89570706647224,0.303739821931955,0.343434343434343,-0.0396945215023885
2709,100,709,3758,2.01595965329851,34,5.80970493999919,0.346998629727105,0.343434343434343,0.00356428629276201
2710,100,710,3759,1.74127718957294,33,5.67901290323848,0.306616170669372,0.333333333333333,-0.026717162663961
2711,100,711,3760,1.7809105032216,31,5.69846433517807,0.312524637949839,0.313131313131313,-0.000606675181473837
2712,100,712,3761,1.93523776792074,38,4.99590193785705,0.387365042787619,0.383838383838384,0.00352665894923543
2713,100,713,3762,2.13992251613165,34,5.91419516910418,0.361828187089705,0.343434343434343,0.0183938436553612
2714,100,714,3763,1.91570132086577,31,5.99862355451966,0.319356816352042,0.313131313131313,0.00622550322072885
2715,100,715,3764,2.35601656105161,44,5.5750050037562,0.422603488151889,0.444444444444444,-0.0218409562925554
2716,100,716,3765,2.02065154016258,38,5.46603684910087,0.369673969632124,0.383838383838384,-0.0141644142062599
2717,100,717,3766,2.06539203550511,32,5.47865543981857,0.376988853961129,0.323232323232323,0.0537565307288055
2718,100,718,3767,1.64990343379671,35,5.38448804229586,0.306417884269869,0.353535353535354,-0.0471174692654843
2719,100,719,3768,2.18440245740542,41,6.02077075567678,0.362811099450319,0.414141414141414,-0.051330314691095
2720,100,720,3769,1.69457119958929,38,5.03476371920781,0.336574126234451,0.383838383838384,-0.0472642576039323
2721,100,721,3770,1.92473057346057,39,5.39078468072769,0.35704089245886,0.393939393939394,-0.0368985014805336
2722,100,722,3771,1.59602231884969,32,5.24991605711961,0.304009112047662,0.323232323232323,-0.0192232111846615
2723,100,723,3772,1.74577832178273,31,5.66261522034574,0.30829894913399,0.313131313131313,-0.00483236399732356
2724,100,724,3773,1.8320426373144,37,5.1401469189918,0.356418340990482,0.373737373737374,-0.0173190327468914
2725,100,725,3774,1.86475382766846,28,5.67268761511776,0.328724927968688,0.282828282828283,0.0458966451404054
2726,100,726,3775,1.73338752301672,32,5.52986410514025,0.313459334634546,0.323232323232323,-0.00977298859777725
2727,100,727,3776,1.96436323098374,35,5.68629195836027,0.345455921955543,0.353535353535354,-0.00807943157981061
2728,100,728,3777,1.55154907339642,33,5.52857020459981,0.280642013391729,0.333333333333333,-0.052691319941604
2729,100,729,3778,1.95625874373405,39,5.15750886814672,0.379303030541759,0.393939393939394,-0.0146363633976346
2730,100,730,3779,1.80350739955795,34,5.61993575143976,0.320912458669284,0.343434343434343,-0.022521884765059
2731,100,731,3780,1.67927269491572,33,5.46705356236721,0.307162290575511,0.333333333333333,-0.0261710427578227
2732,100,732,3781,2.17834536715033,43,5.40749823256783,0.402837924944806,0.434343434343434,-0.0315055093986284
2733,100,733,3782,2.38362391630397,46,5.33993555522257,0.44637690692217,0.464646464646465,-0.0182695577242943
2734,100,734,3783,1.78195719978249,32,6.11620729070793,0.291350033621282,0.323232323232323,-0.0318822896110409
2735,100,735,3784,2.1916914809183,38,5.59092806393555,0.392008528075306,0.383838383838384,0.00817014423692203
2736,100,736,3785,1.79894930325099,37,5.66675295441798,0.317456807755925,0.373737373737374,-0.0562805659814485
2737,100,737,3786,2.6579381449408,44,5.70449477505153,0.465937519404037,0.444444444444444,0.0214930749595929
2738,100,738,3787,1.95755408063244,42,5.38270106033951,0.363675050627644,0.424242424242424,-0.0605673736147801
2739,100,739,3788,2.31908567522866,44,6.05910285033705,0.382744068307019,0.444444444444444,-0.0617003761374254
2740,100,740,3789,2.810776132943,50,5.9846052072847,0.46966776179682,0.505050505050505,-0.0353827432536853
2741,100,741,3790,2.17665591134964,36,5.71150938381443,0.381099944879362,0.363636363636364,0.0174635812429987
2742,100,742,3791,2.00222465224443,38,5.65080824463318,0.35432535764172,0.383838383838384,-0.0295130261966638
2743,100,743,3792,2.57713428605991,44,5.70026639475389,0.452107692446044,0.444444444444444,0.00766324800159973
2744,100,744,3793,2.20012786331881,39,5.36450559858739,0.410126864980466,0.393939393939394,0.0161874710410725
2745,100,745,3794,1.99063676424857,33,5.39587269406171,0.368918408034222,0.333333333333333,0.0355850747008888
2746,100,746,3795,1.55575133994148,28,5.17491933361639,0.300632964428119,0.282828282828283,0.0178046815998363
2747,100,747,3796,2.25364098079819,39,5.46543477469868,0.412344319107246,0.393939393939394,0.0184049251678523
2748,100,748,3797,1.79948689665209,34,5.6880103592051,0.316364911983664,0.343434343434343,-0.0270694314506799
2749,100,749,3798,1.90251519351194,36,5.88073522509447,0.323516553745434,0.363636363636364,-0.0401198098909294
2750,100,750,3799,2.13646349056569,36,5.90396097638252,0.361869514231571,0.363636363636364,-0.00176684940479283
2751,100,751,3800,1.9382756103298,31,5.86720261909969,0.330357708121426,0.313131313131313,0.0172263949901129
2752,100,752,3801,2.00184677261161,41,5.87709667957632,0.340618315769466,0.414141414141414,-0.0735230983719482
2753,100,753,3802,1.93055385748794,37,5.73034112938232,0.336900336978025,0.373737373737374,-0.0368370367593489
2754,100,754,3803,2.2240721338231,34,6.02681990627088,0.36902913450408,0.343434343434343,0.0255947910697369
2755,100,755,3804,2.08670279840475,37,5.56260988964219,0.375130170873617,0.373737373737374,0.00139279713624313
2756,100,756,3805,2.15828543769171,34,5.53066698151362,0.390239630212021,0.343434343434343,0.0468052867776773
2757,100,757,3806,1.91417863645854,35,5.86507333780997,0.326369088024617,0.353535353535354,-0.0271662655107368
2758,100,758,3807,1.9113233300803,43,5.32981738714941,0.358609534106862,0.434343434343434,-0.0757339002365728
2759,100,759,3808,2.02694070406253,38,5.63750292893209,0.359545836093516,0.383838383838384,-0.0242925477448683
2760,100,760,3809,2.05997176825509,35,5.43613631932373,0.378940417835467,0.353535353535354,0.0254050643001134
2761,100,761,3810,1.86504410091634,31,5.77966529777637,0.322690675813681,0.313131313131313,0.00955936268236812
2762,100,762,3811,1.56185487218343,32,5.26868683433103,0.296441014866609,0.323232323232323,-0.026791308365714
2763,100,763,3812,2.18239340233034,42,5.30900550519876,0.411073863116786,0.424242424242424,-0.0131685611256382
2764,100,764,3813,1.60472135341545,36,5.44652928556235,0.294631914982858,0.363636363636364,-0.069004448653506
2765,100,765,3814,2.14288492217788,36,6.06016079778191,0.353601990719818,0.363636363636364,-0.0100343729165459
2766,100,766,3815,2.02183900603686,35,6.16185181136982,0.328121978251112,0.353535353535354,-0.0254133752842418
2767,100,767,3816,1.78848245614004,33,5.89884238791961,0.303192107624831,0.333333333333333,-0.0301412257085021
2768,100,768,3817,1.67696298890331,33,5.71916076342688,0.293218368615764,0.333333333333333,-0.0401149647175698
2769,100,769,3818,2.09193583575434,42,4.96906382687754,0.42099194307771,0.424242424242424,-0.00325048116471399
2770,100,770,3819,1.93306460970067,40,5.53664589947146,0.349140010901763,0.404040404040404,-0.0549003931386409
2771,100,771,3820,2.16581133917455,41,5.80962613432417,0.372797024989027,0.414141414141414,-0.0413443891523875
2772,100,772,3821,2.2116076701047,35,6.27941929408881,0.352199394008714,0.353535353535354,-0.00133595952663995
2773,100,773,3822,1.8149391526107,34,6.14130478382274,0.295529894134478,0.343434343434343,-0.0479044492998651
2774,100,774,3823,2.37378798587239,40,5.71563021596004,0.415315178935815,0.404040404040404,0.0112747748954106
2775,100,775,3824,2.03240489667304,39,5.72826900686541,0.354802627850957,0.393939393939394,-0.0391367660884365
2776,100,776,3825,1.85452321831822,37,5.66622481774658,0.327294323463811,0.373737373737374,-0.0464430502735623
2777,100,777,3826,2.08615991169121,34,6.34966599851323,0.328546401051596,0.343434343434343,-0.0148879423827473
2778,100,778,3827,2.18097798340959,41,5.8763493452377,0.371145052017217,0.414141414141414,-0.0429963621241968
2779,100,779,3828,2.04107785215478,37,5.87911888345171,0.347174107654111,0.373737373737374,-0.0265632660832631
2780,100,780,3829,2.09883568309304,33,5.47475990795202,0.38336579473458,0.333333333333333,0.0500324614012471
2781,100,781,3830,2.00264925442946,34,5.8958712249513,0.339669775342828,0.343434343434343,-0.00376456809151504
2782,100,782,3831,1.87228530153154,33,5.98457391035248,0.312851897157247,0.333333333333333,-0.0204814361760859
2783,100,783,3832,1.91169697370009,38,5.50388927070721,0.34733565296717,0.383838383838384,-0.0365027308712139
2784,100,784,3833,1.92711557989211,42,5.09962979268046,0.377893231123977,0.424242424242424,-0.0463491931184477
2785,100,785,3834,1.97436627010925,35,5.99774478217558,0.329184775580445,0.353535353535354,-0.0243505779549087
2786,100,786,3835,2.43426191773946,47,5.65002480747482,0.430840925604256,0.474747474747475,-0.0439065491432188
2787,100,787,3836,2.05569396922871,28,5.79598454086802,0.354675543858653,0.282828282828283,0.0718472610303705
2788,100,788,3837,1.7720722649787,30,5.61893687350733,0.315375008630872,0.303030303030303,0.012344705600569
2789,100,789,3838,1.54204184561214,32,5.18292807208738,0.297523296515882,0.323232323232323,-0.0257090267164415
2790,100,790,3839,2.05749790956419,37,5.57717197811598,0.368914194799356,0.373737373737374,-0.00482317893801787
2791,100,791,3840,1.91604315624829,31,5.89111965561667,0.325242614011669,0.313131313131313,0.0121113008803559
2792,100,792,3841,1.84215251284552,31,5.80812153068672,0.317168382774476,0.313131313131313,0.00403706964316297
2793,100,793,3842,1.73183400265793,32,5.52634201151576,0.313377999235145,0.323232323232323,-0.0098543239971785
2794,100,794,3843,1.80976492518915,35,5.81694620651403,0.311119419182957,0.353535353535354,-0.0424159343523963
2795,100,795,3844,2.35756382479741,37,5.99471092645488,0.393273979966806,0.373737373737374,0.0195366062294319
2796,100,796,3845,2.30615842499268,48,5.48046067256081,0.420796455403647,0.484848484848485,-0.0640520294448383
2797,100,797,3846,2.88859398278682,55,5.81106232358254,0.497085355815972,0.555555555555556,-0.0584701997395838
2798,100,798,3847,1.91651141013912,41,5.83218666480867,0.328609408492242,0.414141414141414,-0.0855320056491721
2799,100,799,3848,1.81792395797088,37,5.58087450999297,0.325741773034987,0.373737373737374,-0.0479956007023868
2800,100,800,3849,1.58451710117918,31,5.29958187147955,0.298989078686845,0.313131313131313,-0.0141422344444678
2801,100,801,3850,1.78858801009796,38,5.27335253012619,0.339174746971669,0.383838383838384,-0.0446636368667146
2802,100,802,3851,1.71839387168436,32,5.38999352536647,0.31881186194329,0.323232323232323,-0.00442046128903345
2803,100,803,3852,1.7818370380948,35,5.38665038042704,0.330787578969167,0.353535353535354,-0.0227477745661869
2804,100,804,3853,2.19282113966982,39,5.67558513826623,0.386360363953536,0.393939393939394,-0.00757902998585763
2805,100,805,3854,1.4647008243221,35,4.70365227669635,0.311396493226929,0.353535353535354,-0.0421388603084248
2806,100,806,3855,2.19188408637142,40,5.69512868654737,0.384869983982792,0.404040404040404,-0.019170420057612
2807,100,807,3856,1.90521074042285,38,5.08740812477698,0.374495360642286,0.383838383838384,-0.0093430231960982
2808,100,808,3857,1.77582946500682,30,5.56723420556025,0.318978760267211,0.303030303030303,0.0159484572369082
2809,100,809,3858,1.86848177422407,34,5.78338273725471,0.323077662176481,0.343434343434343,-0.0203566812578626
2810,100,810,3859,2.05475387935354,39,5.78285644226698,0.355318154594901,0.393939393939394,-0.0386212393444928
2811,100,811,3860,1.73192273711862,34,5.49877073097993,0.3149654389773,0.343434343434343,-0.0284689044570436
2812,100,812,3861,2.22282693725216,41,5.49409463929242,0.404584755667484,0.414141414141414,-0.00955665847393022
2813,100,813,3862,1.54383323386598,35,4.96295249832402,0.311071531389294,0.353535353535354,-0.0424638221460598
2814,100,814,3863,1.93570925669875,33,5.8491120588497,0.330940703002949,0.333333333333333,-0.00239263033038467
2815,100,815,3864,1.88663877591833,42,4.91599169773614,0.383775826307262,0.424242424242424,-0.0404665979351619
2816,100,816,3865,1.95672174591721,45,5.42400467764779,0.360752223164707,0.454545454545455,-0.0937932313807479
2817,100,817,3866,1.99923743009847,46,4.82579262711125,0.414281670303604,0.464646464646465,-0.0503647943428607
2818,100,818,3867,1.94233665240822,37,5.88752094880572,0.329907387047553,0.373737373737374,-0.0438299866898211
2819,100,819,3868,1.76722801420717,30,5.53263534353702,0.319418849151438,0.303030303030303,0.016388546121135
2820,100,820,3869,1.91910822978865,37,5.66000271713139,0.339064895495544,0.373737373737374,-0.0346724782418298
2821,100,821,3870,2.12802188027444,37,5.19763237577955,0.409421391591836,0.373737373737374,0.0356840178544623
2822,100,822,3871,1.93367633079431,34,5.88640338969246,0.328498779777874,0.343434343434343,-0.0149355636564694
2823,100,823,3872,1.62786971372008,28,6.16668720444855,0.263977993329346,0.282828282828283,-0.0188502894989365
2824,100,824,3873,1.77926130466861,29,5.81821183402945,0.305808959079505,0.292929292929293,0.0128796661502123
2825,100,825,3874,1.46071549770633,35,5.25957313123037,0.277725104539924,0.353535353535354,-0.0758102489954294
2826,100,826,3875,2.42015135260929,45,5.43245511687528,0.445498637456088,0.454545454545455,-0.00904681708936683
2827,100,827,3876,2.03436267537396,36,5.38104205421265,0.378061099481897,0.363636363636364,0.0144247358455337
2828,100,828,3877,2.02248818781685,31,5.21272700940443,0.387990428842336,0.313131313131313,0.0748591157110233
2829,100,829,3878,1.71096851376613,33,5.8112348357096,0.294424259582895,0.333333333333333,-0.0389090737504383
2830,100,830,3879,1.90607363275046,42,5.39940903515202,0.35301523191543,0.424242424242424,-0.0712271923269948
2831,100,831,3880,1.86564550024829,35,5.21521204910604,0.357731475284516,0.353535353535354,0.00419612174916278
2832,100,832,3881,2.27608042326461,36,6.15527374749044,0.369777286378625,0.363636363636364,0.00614092274226169
2833,100,833,3882,2.18298988784831,41,5.75214855750487,0.379508607266436,0.414141414141414,-0.0346328068749782
2834,100,834,3883,2.2237910609037,44,5.55851259515671,0.400069447146949,0.444444444444444,-0.0443749972974958
2835,100,835,3884,1.60721415252576,29,5.3864890985211,0.298378799832164,0.292929292929293,0.00544950690287105
2836,100,836,3885,2.09941894953889,36,5.7000719889736,0.368314462273472,0.363636363636364,0.00467809863710833
2837,100,837,3886,2.15286484279053,41,5.26154682575097,0.409169568206447,0.414141414141414,-0.00497184593496691
2838,100,838,3887,1.75791536011068,35,4.99815711090913,0.351712705523762,0.353535353535354,-0.00182264801159171
2839,100,839,3888,2.11669311590661,36,5.5101789198485,0.384142356663223,0.363636363636364,0.0205059930268592
2840,100,840,3889,1.74688202903725,32,5.78834179354728,0.301793171748191,0.323232323232323,-0.021439151484132
2841,100,841,3890,2.06769685909943,38,5.77111105465155,0.358284018366421,0.383838383838384,-0.025554365471963
2842,100,842,3891,2.15214805236777,39,5.96068997693934,0.361056867693837,0.393939393939394,-0.0328825262455566
2843,100,843,3892,1.97130900394886,33,5.52205317413221,0.356988413871739,0.333333333333333,0.023655080538406
2844,100,844,3893,2.03008452176807,42,5.7909342357655,0.350562523958575,0.424242424242424,-0.0736799002838497
2845,100,845,3894,2.34856255658307,38,6.22288898178771,0.377407111625567,0.383838383838384,-0.0064312722128167
2846,100,846,3895,2.15191608956877,38,5.62748676496404,0.382393807297124,0.383838383838384,-0.00144457654125996
2847,100,847,3896,1.76457911094786,33,5.51073169054969,0.320207770952435,0.333333333333333,-0.0131255623808987
2848,100,848,3897,1.78815636407324,37,5.11847063991862,0.349353642888468,0.373737373737374,-0.0243837308489061
2849,100,849,3898,1.83546253121207,36,5.62376429251435,0.326376148739947,0.363636363636364,-0.0372602148964162
2850,100,850,3899,1.72376649663813,33,5.54438910648371,0.31090287199041,0.333333333333333,-0.0224304613429231
2851,100,851,3900,2.10326327673074,34,6.06410401242809,0.346838258779896,0.343434343434343,0.00340391534555279
2852,100,852,3901,1.73255095644308,30,5.68657848694271,0.304673708526364,0.303030303030303,0.00164340549606146
2853,100,853,3902,2.09371247065281,34,6.17007253974041,0.339333526010847,0.343434343434343,-0.00410081742349683
2854,100,854,3903,1.6637647851348,30,5.73447893995966,0.290133559222122,0.303030303030303,-0.0128967438081812
2855,100,855,3904,2.0148175488057,31,5.81714388039706,0.34635855502824,0.313131313131313,0.0332272418969268
2856,100,856,3905,2.03420360239117,34,5.9421276391772,0.342335898168764,0.343434343434343,-0.00109844526557928
2857,100,857,3906,2.17476475490849,39,6.15352265283122,0.353417851465597,0.393939393939394,-0.040521542473797
2858,100,858,3907,1.81921641110535,40,4.72787558791517,0.384785169845715,0.404040404040404,-0.019255234194689
2859,100,859,3908,2.0589493039289,39,5.6707919017836,0.363079679097607,0.393939393939394,-0.0308597148417869
2860,100,860,3909,1.72320158395582,31,5.42598052551933,0.317583444292013,0.313131313131313,0.00445213116069998
2861,100,861,3910,2.56789291834727,41,6.1375693750483,0.418389228932677,0.414141414141414,0.00424781479126307
2862,100,862,3911,1.77203814558806,37,5.70943183216825,0.310370313137639,0.373737373737374,-0.063367060599735
2863,100,863,3912,1.94664825419049,35,5.747395012809,0.338700967978027,0.353535353535354,-0.0148343855573267
2864,100,864,3913,2.19013826218814,43,5.71157311291732,0.383456224561831,0.434343434343434,-0.0508872097816037
2865,100,865,3914,1.65664305315948,28,5.47030876021551,0.30284269604815,0.282828282828283,0.0200144132198672
2866,100,866,3915,1.91555482249165,31,5.8878688504371,0.32533924772279,0.313131313131313,0.012207934591477
2867,100,867,3916,1.54314957882171,32,5.5244471728214,0.279331040834916,0.323232323232323,-0.0439012823974078
2868,100,868,3917,2.07589492416608,31,5.5323655192598,0.375227362859391,0.313131313131313,0.062096049728078
2869,100,869,3918,1.65956557703972,35,5.61000888475886,0.29582227250092,0.353535353535354,-0.0577130810344336
2870,100,870,3919,1.56965056397955,33,5.55692280534938,0.282467584841833,0.333333333333333,-0.0508657484915
2871,100,871,3920,1.86495695381672,39,5.5069843862771,0.338653030951752,0.393939393939394,-0.0552863629876418
2872,100,872,3921,1.61882928608486,29,5.57963160104724,0.290131930176362,0.292929292929293,-0.00279736275293113
2873,100,873,3922,1.98596053603378,39,5.52327512467577,0.359562124139228,0.393939393939394,-0.034377269800166
2874,100,874,3923,1.6770126925993,33,6.00889803825735,0.279088225814804,0.333333333333333,-0.0542451075185297
2875,100,875,3924,1.73034690823591,29,5.56662551506921,0.310843059866655,0.292929292929293,0.0179137669373623
2876,100,876,3925,1.8976896795972,36,5.50225670956291,0.34489297387725,0.363636363636364,-0.0187433897591137
2877,100,877,3926,1.96826788252392,36,5.44231446962248,0.361660079275143,0.363636363636364,-0.00197628436122088
2878,100,878,3927,1.87735816075289,32,5.41065391476614,0.346974356579972,0.323232323232323,0.0237420333476491
2879,100,879,3928,2.05203937119918,32,5.79508324468658,0.354100068032787,0.323232323232323,0.0308677448004636
2880,100,880,3929,1.97662163617074,36,5.8966745710759,0.335209551136902,0.363636363636364,-0.0284268124994617
2881,100,881,3930,2.03594772445798,31,5.90484524547696,0.34479273203942,0.313131313131313,0.0316614189081066
2882,100,882,3931,2.08203689482724,44,5.56288359564568,0.374272957366383,0.444444444444444,-0.0701714870780616
2883,100,883,3932,1.73679671214528,29,5.54254519602042,0.313357248469946,0.292929292929293,0.020427955540653
2884,100,884,3933,1.92086964987669,36,5.7471583351163,0.334229464001328,0.363636363636364,-0.0294068996350353
2885,100,885,3934,1.99488256461099,32,5.37068446845659,0.371439166893428,0.323232323232323,0.0482068436611052
2886,100,886,3935,1.84730077589327,32,5.48965520925798,0.336505792345192,0.323232323232323,0.0132734691128683
2887,100,887,3936,1.77565587697845,29,5.3738810956101,0.330423365420007,0.292929292929293,0.0374940724907142
2888,100,888,3937,2.01075438552898,33,6.28542246627769,0.319907595124593,0.333333333333333,-0.0134257382087404
2889,100,889,3938,2.0362231872988,38,5.36228966084555,0.379730174251295,0.383838383838384,-0.00410820958708885
2890,100,890,3939,1.7041926099558,27,6.04455445430222,0.281938498997694,0.272727272727273,0.0092112262704217
2891,100,891,3940,1.86117354342576,31,5.83480666741546,0.318977757021411,0.313131313131313,0.00584644389009825
2892,100,892,3941,1.69051518464451,31,5.28549409298118,0.319840521038404,0.313131313131313,0.00670920790709129
2893,100,893,3942,2.01561567673834,35,4.96583446402497,0.405896670809404,0.353535353535354,0.0523613172740507
2894,100,894,3943,1.75836841859385,35,5.17441191488801,0.339819953941936,0.353535353535354,-0.0137153995934174
2895,100,895,3944,1.75782133015696,31,5.73828245354748,0.306332311869774,0.313131313131313,-0.00679900126153926
2896,100,896,3945,2.16938048982092,40,5.81872312473847,0.372827584903934,0.404040404040404,-0.0312128191364696
2897,100,897,3946,1.86325646126389,33,5.57483812708746,0.334226110030093,0.333333333333333,0.0008927766967598
2898,100,898,3947,2.29716691898536,36,5.85823731328142,0.392125958055227,0.363636363636364,0.0284895944188637
2899,100,899,3948,1.56127843044454,38,4.87192053620522,0.320464674832449,0.383838383838384,-0.0633737090059346
2900,100,900,3949,2.07120374241506,38,6.09167382055513,0.340005687012689,0.383838383838384,-0.0438326968256944
2901,100,901,3950,1.96028459491073,37,5.09894971210648,0.384448701319099,0.373737373737374,0.0107113275817253
2902,100,902,3951,1.70447179077011,32,5.815889274492,0.293071568306119,0.323232323232323,-0.0301607549262042
2903,100,903,3952,1.58785935468499,32,5.15037767864074,0.308299595439387,0.323232323232323,-0.0149327277929359
2904,100,904,3953,1.76475361761604,31,5.49778110381381,0.32099379445861,0.313131313131313,0.00786248132729678
2905,100,905,3954,1.79328706253654,34,5.49468845320638,0.326367377842884,0.343434343434343,-0.017066965591459
2906,100,906,3955,1.67875166007247,29,5.63612015894242,0.297855903126714,0.292929292929293,0.00492661019742102
2907,100,907,3956,1.99390400789531,34,5.49091665197348,0.363127713326096,0.343434343434343,0.0196933698917523
2908,100,908,3957,2.10834675987014,32,6.02944693978487,0.349674983613898,0.323232323232323,0.0264426603815747
2909,100,909,3958,1.76099213914475,35,5.19872508720456,0.338735384080804,0.353535353535354,-0.0147999694545497
2910,100,910,3959,2.35535160540937,43,5.99806768847285,0.392685065881452,0.434343434343434,-0.0416583684619828
2911,100,911,3960,1.78385241409178,33,5.66224019633692,0.31504357855497,0.333333333333333,-0.0182897547783635
2912,100,912,3961,1.64238332357238,30,5.8189833658033,0.282245749871748,0.303030303030303,-0.020784553158555
2913,100,913,3962,2.06189579928621,37,5.95232423194887,0.346401795154078,0.373737373737374,-0.0273355785832953
2914,100,914,3963,1.6893726638478,39,4.84996861454866,0.34832651468715,0.393939393939394,-0.045612879252244
2915,100,915,3964,2.10625534577765,34,5.35875031908286,0.393049726216416,0.343434343434343,0.0496153827820727
2916,100,916,3965,2.05311356533142,35,6.26757556958003,0.327576994092629,0.353535353535354,-0.0259583594427249
2917,100,917,3966,1.72616884803,33,5.3337757076694,0.323629815469735,0.333333333333333,-0.00970351786359785
2918,100,918,3967,2.23732548591557,45,5.66617861062119,0.394856152561398,0.454545454545455,-0.0596893019840566
2919,100,919,3968,1.76279106006705,33,5.3753921962978,0.327937198941714,0.333333333333333,-0.00539613439161901
2920,100,920,3969,1.85995853172713,30,5.8235769583848,0.319384210944299,0.303030303030303,0.016353907913996
2921,100,921,3970,1.8941106224477,33,6.40689242991137,0.295636401448666,0.333333333333333,-0.037696931884667
2922,100,922,3971,1.91578213295999,39,5.74183075725527,0.333653535597377,0.393939393939394,-0.0602858583420166
2923,100,923,3972,1.92251419253521,36,5.56991705568207,0.345160291134674,0.363636363636364,-0.0184760725016899
2924,100,924,3973,1.95015659561464,38,5.56827916523433,0.350226082016593,0.383838383838384,-0.0336123018217913
2925,100,925,3974,2.21887710389252,35,5.92710314056575,0.374361142580138,0.353535353535354,0.0208257890447847
2926,100,926,3975,2.17896364533159,30,6.48087019942875,0.336214671530322,0.303030303030303,0.0331843685000186
2927,100,927,3976,1.68108627619163,33,5.12856677403472,0.327788707890624,0.333333333333333,-0.00554462544270912
2928,100,928,3977,2.25784451841259,38,5.6627400338887,0.398719437039403,0.383838383838384,0.0148810532010195
2929,100,929,3978,1.66773947724811,33,5.84015310223696,0.285564341902152,0.333333333333333,-0.0477689914311817
2930,100,930,3979,1.65304037804228,33,5.78222844525566,0.285882924497493,0.333333333333333,-0.0474504088358399
2931,100,931,3980,1.5914947373039,36,5.2538291608906,0.30292091512053,0.363636363636364,-0.0607154485158339
2932,100,932,3981,1.86283700475252,30,5.94405988145525,0.313394723792125,0.303030303030303,0.0103644207618221
2933,100,933,3982,2.10819248656639,35,5.96555843833695,0.353393987898659,0.353535353535354,-0.000141365636694812
2934,100,934,3983,2.14966837882343,35,6.03657006146011,0.356107583766447,0.353535353535354,0.00257223023109321
2935,100,935,3984,1.44576187129702,30,5.24566417680947,0.275610832597439,0.303030303030303,-0.0274194704328639
2936,100,936,3985,1.68556783311968,31,5.72831517847701,0.294251936320275,0.313131313131313,-0.0188793768110383
2937,100,937,3986,1.94261050098595,37,5.5083051678697,0.352669367760763,0.373737373737374,-0.0210680059766104
2938,100,938,3987,1.93809920520133,39,5.41409156909587,0.357973111549161,0.393939393939394,-0.0359662823902333
2939,100,939,3988,2.07624632650266,35,5.8627919465037,0.354139520120758,0.353535353535354,0.000604166585404298
2940,100,940,3989,2.02233316476299,43,5.57257289537813,0.362908337446838,0.434343434343434,-0.0714350968965968
2941,100,941,3990,1.88930539326065,32,5.62706949582808,0.335752987351834,0.323232323232323,0.0125206641195106
2942,100,942,3991,1.88642658729699,33,6.26044479023852,0.30132469025817,0.333333333333333,-0.0320086430751638
2943,100,943,3992,2.18062640296976,38,5.67418887229928,0.384306277433823,0.383838383838384,0.000467893595438973
2944,100,944,3993,1.7340960001614,34,5.50807257685732,0.314828095665871,0.343434343434343,-0.0286062477684719
2945,100,945,3994,2.15589475003247,34,5.90831321345616,0.364891750342961,0.343434343434343,0.021457406908618
2946,100,946,3995,1.75558974623403,31,5.27464629299589,0.332835539809608,0.313131313131313,0.0197042266782948
2947,100,947,3996,1.91130954627826,34,5.48215576909732,0.34864196253821,0.343434343434343,0.00520761910386636
2948,100,948,3997,2.07935004650071,32,5.7650987351224,0.360678999967997,0.323232323232323,0.0374466767356741
2949,100,949,3998,1.94305542893588,33,5.66017201375603,0.343285579345226,0.333333333333333,0.0099522460118931
2950,100,950,3999,1.89500464272309,37,5.63151100679998,0.336500211121828,0.373737373737374,-0.0372371626155462
2951,100,951,4000,2.10392311940654,36,5.33675733180593,0.394232487744498,0.363636363636364,0.0305961241081344
2952,100,952,4001,1.89813724060104,35,5.65043316545038,0.335927739523974,0.353535353535354,-0.0176076140113793
2953,100,953,4002,1.82176826008906,40,5.43891451072393,0.334950706891434,0.404040404040404,-0.0690896971489702
2954,100,954,4003,1.50428486747463,26,5.88708846789936,0.255522721575711,0.262626262626263,-0.007103541050552
2955,100,955,4004,1.92992855610769,34,5.95927712378588,0.323852795568873,0.343434343434343,-0.0195815478654701
2956,100,956,4005,1.7309742387263,32,5.74352588056318,0.301378330092345,0.323232323232323,-0.021853993139978
2957,100,957,4006,2.09683773300617,38,6.19001639715101,0.338745101543067,0.383838383838384,-0.0450932822953168
2958,100,958,4007,2.10189745002224,35,6.03135326034936,0.348495165063584,0.353535353535354,-0.00504018847176924
2959,100,959,4008,2.12346098781294,36,5.59087783437484,0.379808153695847,0.363636363636364,0.0161717900594831
2960,100,960,4009,1.67006116748846,31,5.4942495430683,0.303965292147216,0.313131313131313,-0.00916602098409713
2961,100,961,4010,1.67882799581324,41,4.96840896990262,0.337900524289195,0.414141414141414,-0.0762408898522189
2962,100,962,4011,2.44272951967033,44,5.92754607651732,0.412097938698022,0.444444444444444,-0.0323465057464229
2963,100,963,4012,2.45316765617065,42,5.53738082870681,0.443019494605278,0.424242424242424,0.0187770703628535
2964,100,964,4013,1.94904854815813,41,5.82240672439339,0.334749638837915,0.414141414141414,-0.0793917753034992
2965,100,965,4014,2.06871046394805,36,5.80279183115863,0.356502615316978,0.363636363636364,-0.00713374831938568
2966,100,966,4015,2.74210032815538,42,5.87653140876218,0.466618850035718,0.424242424242424,0.0423764257932933
2967,100,967,4016,1.74040001791733,32,5.8554380617215,0.29722797843167,0.323232323232323,-0.0260043448006537
2968,100,968,4017,1.86664745171747,35,4.76059260021991,0.392104010671117,0.353535353535354,0.0385686571357634
2969,100,969,4018,2.34764399514376,45,6.04205426802958,0.388550630464525,0.454545454545455,-0.0659948240809298
2970,100,970,4019,2.09371870825219,34,5.64165689315658,0.371117696078239,0.343434343434343,0.027683352643896
2971,100,971,4020,1.92621589807075,34,5.47047143752791,0.352111498993806,0.343434343434343,0.00867715555946241
2972,100,972,4021,2.04791123358021,36,5.30390729804665,0.386113692887209,0.363636363636364,0.0224773292508449
2973,100,973,4022,1.9829551753964,36,6.25632247078575,0.31695220069872,0.363636363636364,-0.0466841629376432
2974,100,974,4023,2.44091936234405,45,5.98762876649369,0.407660437467874,0.454545454545455,-0.0468850170775801
2975,100,975,4024,1.58822287387997,44,5.27040322527912,0.30134750720062,0.444444444444444,-0.143096937243825
2976,100,976,4025,2.24777082249469,41,5.41808083340724,0.414864763300541,0.414141414141414,0.000723349159126974
2977,100,977,4026,2.16676632886884,42,5.21572099850261,0.415429876232049,0.424242424242424,-0.00881254801037512
2978,100,978,4027,1.77201979926625,35,5.28987008005048,0.33498361442732,0.353535353535354,-0.0185517391080334
2979,100,979,4028,2.18955217395853,46,5.37360565483448,0.407464245536635,0.464646464646465,-0.0571822191098294
2980,100,980,4029,1.91322600107502,37,5.52810572856244,0.34609070358221,0.373737373737374,-0.0276466701551636
2981,100,981,4030,2.06631464418773,44,5.24648752633096,0.393847242334488,0.444444444444444,-0.0505972021099568
2982,100,982,4031,2.06547141992324,36,5.62772603207025,0.367017052385442,0.363636363636364,0.00338068874907815
2983,100,983,4032,2.07005913649252,31,6.60136798156379,0.313580327937142,0.313131313131313,0.00044901480582854
2984,100,984,4033,1.86117663671417,41,4.9998957879094,0.372243085788871,0.414141414141414,-0.0418983283525435
2985,100,985,4034,2.09632658527117,43,5.93523105058726,0.353200501783961,0.434343434343434,-0.0811429325594732
2986,100,986,4035,2.38892844149533,38,6.18019563023131,0.386545763989986,0.383838383838384,0.00270738015160171
2987,100,987,4036,2.41530552697193,33,5.92259613237565,0.407811958301318,0.333333333333333,0.0744786249679847
2988,100,988,4037,1.81011451145273,30,5.72169123248655,0.316360047738208,0.303030303030303,0.013329744707905
2989,100,989,4038,2.24764620887324,38,6.25215804540644,0.35949926290245,0.383838383838384,-0.0243391209359343
2990,100,990,4039,2.108498623904,44,5.2546972923779,0.401259769418581,0.444444444444444,-0.0431846750258636
2991,100,991,4040,1.62129183058312,34,5.18186326152643,0.312878157673642,0.343434343434343,-0.0305561857607014
2992,100,992,4041,1.8072427636727,37,5.06799743823285,0.35659898918632,0.373737373737374,-0.0171383845510535
2993,100,993,4042,1.88007367857281,30,5.33237754249093,0.352577000332681,0.303030303030303,0.0495466973023779
2994,100,994,4043,1.9545065149714,32,5.95809473554919,0.328042201697427,0.323232323232323,0.00480987846510383
2995,100,995,4044,1.90466042830476,38,5.33008924794085,0.357341188806657,0.383838383838384,-0.0264971950317271
2996,100,996,4045,2.32093100124328,46,5.5105780096972,0.421177414993316,0.464646464646465,-0.0434690496531488
2997,100,997,4046,1.72730263245163,35,5.51277701209114,0.313327135972151,0.353535353535354,-0.0402082175632027
2998,100,998,4047,2.04386983836342,30,5.58386767750002,0.366031209263629,0.303030303030303,0.0630009062333258
2999,100,999,4048,2.0244789089446,30,5.79320184054868,0.349457685864586,0.303030303030303,0.0464273828342826
3000,100,1000,4049,1.85942987604107,34,5.6966304726278,0.326408722660806,0.343434343434343,-0.017025620773537
3001,125,1,4050,2.01603921076222,45,6.0226950411934,0.334740377351522,0.362903225806452,-0.0281628484549294
3002,125,2,4051,2.06095667059224,40,6.11126374922189,0.337239031919486,0.32258064516129,0.0146583867581961
3003,125,3,4052,1.85806980645187,40,6.43710933409589,0.288649719930978,0.32258064516129,-0.033930925230312
3004,125,4,4053,1.6751440718004,34,6.24297835572077,0.268324504163205,0.274193548387097,-0.00586904422389134
3005,125,5,4054,1.88819845427513,38,6.20715378986773,0.304197143843502,0.306451612903226,-0.00225446905972382
3006,125,6,4055,1.74923545857151,42,6.03733827598994,0.289736201386644,0.338709677419355,-0.048973476032711
3007,125,7,4056,1.8880073858135,40,6.28604701855001,0.300348912479023,0.32258064516129,-0.0222317326822672
3008,125,8,4057,2.48799729507185,50,6.22723436963666,0.399534873330456,0.403225806451613,-0.00369093312115665
3009,125,9,4058,1.64094529020357,37,5.93727197401874,0.276380347301636,0.298387096774194,-0.0220067494725575
3010,125,10,4059,2.05138396182321,37,6.56229154830844,0.31260177130533,0.298387096774194,0.0142146745311364
3011,125,11,4060,2.36907003237444,52,6.03492738452541,0.392559824074958,0.419354838709677,-0.0267950146347199
3012,125,12,4061,1.90222609590094,43,6.09782330896426,0.311951658734441,0.346774193548387,-0.0348225348139461
3013,125,13,4062,2.21455552023109,46,5.9700553026867,0.370943887108462,0.370967741935484,-2.38548270214967e-05
3014,125,14,4063,1.98672375533521,41,5.71528580108868,0.347615819134848,0.330645161290323,0.0169706578445255
3015,125,15,4064,1.84787809302599,40,5.8250514287933,0.317229489836246,0.32258064516129,-0.00535115532504454
3016,125,16,4065,1.73345501108586,39,5.8004700375576,0.298847334761126,0.314516129032258,-0.0156687942711319
3017,125,17,4066,2.37305533557591,53,5.61340313580226,0.422748068892572,0.42741935483871,-0.00467128594613769
3018,125,18,4067,2.07471967555941,45,6.64654457694885,0.3121501182366,0.362903225806452,-0.0507531075698519
3019,125,19,4068,1.90632569836464,37,6.37902561862883,0.298842771974069,0.298387096774194,0.000455675199874994
3020,125,20,4069,1.83595647869322,44,5.99282708764941,0.306358994151013,0.354838709677419,-0.048479715526406
3021,125,21,4070,1.5870334244277,36,5.64546346146664,0.281116587727485,0.290322580645161,-0.00920599291767588
3022,125,22,4071,1.56666194447077,38,5.7471679421718,0.272597209657797,0.306451612903226,-0.0338544032454288
3023,125,23,4072,2.17306930605957,54,5.43731810434662,0.399658299249112,0.435483870967742,-0.0358255717186302
3024,125,24,4073,2.07221544702721,47,6.27297564856215,0.330340107011605,0.379032258064516,-0.0486921510529111
3025,125,25,4074,1.67866808908123,40,5.99924369174206,0.279813285696647,0.32258064516129,-0.0427673594646431
3026,125,26,4075,2.68819883101412,58,6.44942938895074,0.416811886586367,0.467741935483871,-0.0509300488975035
3027,125,27,4076,2.38479094700499,52,5.79653806581539,0.411416421306556,0.419354838709677,-0.00793841740312157
3028,125,28,4077,1.79535167776192,37,6.19662876532986,0.289730391435891,0.298387096774194,-0.00865670533830237
3029,125,29,4078,1.70847729185616,39,5.92142853241361,0.288524514397841,0.314516129032258,-0.0259916146344171
3030,125,30,4079,1.83812147343603,38,5.44929064636018,0.337313898766584,0.306451612903226,0.0308622858633587
3031,125,31,4080,1.96434311895902,41,6.25190739270226,0.314199010889374,0.330645161290323,-0.0164461504009483
3032,125,32,4081,1.44038735137058,37,5.72607837967218,0.251548661381237,0.298387096774194,-0.0468384353929566
3033,125,33,4082,1.66642126212756,43,6.19274962475406,0.269092303597491,0.346774193548387,-0.0776818899508966
3034,125,34,4083,1.81755951795646,39,6.05824538007106,0.300014179672456,0.314516129032258,-0.0145019493598023
3035,125,35,4084,2.17760017758412,47,5.75789489219444,0.378193804915776,0.379032258064516,-0.000838453148740537
3036,125,36,4085,2.1286482000341,54,5.17810719781404,0.411086159230678,0.435483870967742,-0.0243977117370635
3037,125,37,4086,1.89581007657019,38,6.53467373413615,0.290115490642901,0.306451612903226,-0.016336122260325
3038,125,38,4087,2.12591146058788,53,6.39322629679463,0.33252560786934,0.42741935483871,-0.0948937469693702
3039,125,39,4088,2.13821532034692,41,6.3221127899845,0.338212143847589,0.330645161290323,0.00756698255726679
3040,125,40,4089,1.65784346091696,34,5.90250687816321,0.280871076499764,0.274193548387097,0.00667752811266725
3041,125,41,4090,2.33046934076315,47,6.3512857937484,0.366928747413168,0.379032258064516,-0.0121035106513482
3042,125,42,4091,1.60821359834567,35,6.1260670409703,0.262519751675938,0.282258064516129,-0.0197383128401912
3043,125,43,4092,1.88900641072939,40,6.46747887592242,0.292077708635727,0.32258064516129,-0.0305029365255635
3044,125,44,4093,1.80311636665383,46,5.79121493381461,0.311353729271129,0.370967741935484,-0.0596140126643552
3045,125,45,4094,2.26321117294383,53,5.55585543258627,0.407356022921262,0.42741935483871,-0.0200633319174477
3046,125,46,4095,1.8450090258307,38,6.31377180541181,0.292219782832389,0.306451612903226,-0.0142318300708367
3047,125,47,4096,1.72006646697091,39,6.08848824889026,0.282511256761385,0.314516129032258,-0.0320048722708733
3048,125,48,4097,1.77846813748872,34,5.88215334594176,0.302349842463004,0.274193548387097,0.028156294075907
3049,125,49,4098,1.98888548553117,40,6.0201831745425,0.330369596383969,0.32258064516129,0.00778895122267914
3050,125,50,4099,1.89591108596976,41,6.23087115061408,0.304277048929653,0.330645161290323,-0.0263681123606696
3051,125,51,4100,2.34925807457975,48,6.91739647604279,0.339615935376265,0.387096774193548,-0.0474808388172832
3052,125,52,4101,1.64799894517021,35,6.21140799740169,0.265318096293077,0.282258064516129,-0.0169399682230521
3053,125,53,4102,1.82985747936554,38,6.16047183671473,0.297032033887419,0.306451612903226,-0.00941957901580714
3054,125,54,4103,1.91534625321093,34,6.18200902640105,0.309825858395096,0.274193548387097,0.035632310007999
3055,125,55,4104,1.88818336976205,37,6.09285658332595,0.309901167693551,0.298387096774194,0.0115140709193578
3056,125,56,4105,2.25474391576619,42,6.84866001020293,0.329224098204194,0.338709677419355,-0.0094855792151608
3057,125,57,4106,2.49889665166596,55,6.32899292762801,0.394833219161536,0.443548387096774,-0.048715167935238
3058,125,58,4107,1.81058907262415,42,6.20387142473124,0.291848258718963,0.338709677419355,-0.0468614187003918
3059,125,59,4108,1.82722069647915,41,6.29251170184698,0.290380182518027,0.330645161290323,-0.0402649787722953
3060,125,60,4109,1.95776179897695,36,6.43029630561787,0.30445903360107,0.290322580645161,0.0141364529559092
3061,125,61,4110,1.81830989658846,37,6.86425066998703,0.264895614103775,0.298387096774194,-0.0334914826704182
3062,125,62,4111,1.95924984070712,38,6.5621870908418,0.298566592750982,0.306451612903226,-0.00788502015224374
3063,125,63,4112,2.34821102118958,41,6.41427701852533,0.36609130139026,0.330645161290323,0.0354461400999377
3064,125,64,4113,1.79943765140123,37,6.49738966842003,0.276947781067717,0.298387096774194,-0.0214393157064768
3065,125,65,4114,1.87454353033953,39,6.46355988765511,0.290017198404823,0.314516129032258,-0.024498930627435
3066,125,66,4115,2.10921680369855,44,6.66925838831457,0.316259572037902,0.354838709677419,-0.0385791376395177
3067,125,67,4116,1.64996656401207,38,5.74425881822241,0.287237503779933,0.306451612903226,-0.0192141091232932
3068,125,68,4117,2.105457488848,45,6.18127946154048,0.340618394937168,0.362903225806452,-0.022284830869284
3069,125,69,4118,2.31642930931049,43,5.7144975071972,0.40536010495989,0.346774193548387,0.058585911411503
3070,125,70,4119,1.49028804710365,36,5.61355043272947,0.265480477099595,0.290322580645161,-0.0248421035455668
3071,125,71,4120,1.8349194977829,42,5.92979889414323,0.309440426317868,0.338709677419355,-0.0292692511014869
3072,125,72,4121,2.11059631325458,52,5.70027096600792,0.370262453458891,0.419354838709677,-0.049092385250786
3073,125,73,4122,1.75973071868191,36,6.10373981615584,0.288303691127875,0.290322580645161,-0.0020188895172859
3074,125,74,4123,2.01126988617863,42,5.95552117102179,0.337715176963019,0.338709677419355,-0.000994500456336311
3075,125,75,4124,2.08783482875529,43,6.32114332537716,0.330293860032151,0.346774193548387,-0.0164803335162356
3076,125,76,4125,2.25827117802027,38,6.32027036763229,0.357306103483397,0.306451612903226,0.0508544905801707
3077,125,77,4126,1.46894490593511,37,5.7041364810954,0.257522748763721,0.298387096774194,-0.0408643480104727
3078,125,78,4127,2.04333717336806,46,5.68307967868259,0.359547514533832,0.370967741935484,-0.0114202274016516
3079,125,79,4128,1.7536605475126,37,6.6024514137547,0.265607489948241,0.298387096774194,-0.032779606825953
3080,125,80,4129,1.76428539340018,42,6.14599686408733,0.287062527432997,0.338709677419355,-0.0516471499863578
3081,125,81,4130,1.83394836594737,42,6.33847648225088,0.289335831896328,0.338709677419355,-0.0493738455230269
3082,125,82,4131,2.51136886041997,51,6.28434567548926,0.399622966351934,0.411290322580645,-0.0116673562287107
3083,125,83,4132,2.16233281207938,40,6.25997854963969,0.3454217606231,0.32258064516129,0.0228411154618099
3084,125,84,4133,2.31960737872431,51,6.33581087934136,0.36611057730395,0.411290322580645,-0.0451797452766949
3085,125,85,4134,1.60041240331107,39,5.5848516578034,0.286563099858688,0.314516129032258,-0.0279530291735705
3086,125,86,4135,1.67487684671153,41,6.06068784842728,0.276350950353952,0.330645161290323,-0.0542942109363706
3087,125,87,4136,2.07140904158309,39,6.02183284369336,0.343983151865876,0.314516129032258,0.0294670228336184
3088,125,88,4137,2.10870065535395,46,5.80275548634536,0.363396434731052,0.370967741935484,-0.00757130720443183
3089,125,89,4138,1.99392396267349,41,5.93519248830531,0.335949333842552,0.330645161290323,0.00530417255222981
3090,125,90,4139,1.89786039273739,39,5.93816343195841,0.319603933856612,0.314516129032258,0.00508780482435356
3091,125,91,4140,1.46831678438469,38,5.28037658717842,0.278070467161374,0.306451612903226,-0.0283811457418519
3092,125,92,4141,2.3752715854319,51,6.39929399551389,0.371177130961172,0.411290322580645,-0.0401131916194729
3093,125,93,4142,2.20978723818775,50,6.30040550102078,0.350737303786197,0.403225806451613,-0.0524885026654157
3094,125,94,4143,1.75647427596328,40,6.11559028507203,0.287212549253141,0.32258064516129,-0.0353680959081489
3095,125,95,4144,1.7230485990843,43,5.5221480455609,0.312025064317029,0.346774193548387,-0.0347491292313581
3096,125,96,4145,1.64603852118323,39,6.02607736044735,0.273152570524093,0.314516129032258,-0.0413635585081653
3097,125,97,4146,1.90604143938884,32,6.7589792382836,0.28200137508824,0.258064516129032,0.0239368589592078
3098,125,98,4147,1.62002385987944,34,6.05331874023805,0.267625732164193,0.274193548387097,-0.00656781622290342
3099,125,99,4148,1.8281591822904,36,5.71397559475193,0.319945220621784,0.290322580645161,0.0296226399766226
3100,125,100,4149,2.27655846058525,42,6.43502788962489,0.353776005268869,0.338709677419355,0.0150663278495138
3101,125,101,4150,1.6252937635036,42,5.61173704443295,0.289624006013601,0.338709677419355,-0.0490856714057536
3102,125,102,4151,2.01389912860246,35,6.74238820633883,0.298692253689738,0.282258064516129,0.0164341891736092
3103,125,103,4152,2.22772299243461,46,5.98278555919904,0.372355480635488,0.370967741935484,0.00138773870000375
3104,125,104,4153,2.28297131954064,48,6.70842203730853,0.340314206059788,0.387096774193548,-0.0467825681337602
3105,125,105,4154,1.97659901749454,43,6.15283256481149,0.321250252899593,0.346774193548387,-0.0255239406487939
3106,125,106,4155,1.78419194200436,41,5.88281040628488,0.303289043634353,0.330645161290323,-0.0273561176559693
3107,125,107,4156,1.97606013982791,46,5.52432964434246,0.357701344243933,0.370967741935484,-0.0132663976915506
3108,125,108,4157,2.14929349584476,51,6.06356119350571,0.354460592918025,0.411290322580645,-0.0568297296626202
3109,125,109,4158,1.97276241265467,39,7.02677729018428,0.280749244096639,0.314516129032258,-0.0337668849356187
3110,125,110,4159,1.83442922224505,36,5.95231648114295,0.308187447367183,0.290322580645161,0.0178648667220212
3111,125,111,4160,2.0615522837723,33,6.8105119142578,0.302701516380353,0.266129032258065,0.0365724841222887
3112,125,112,4161,1.78389447827556,38,5.93923641060179,0.300357546820537,0.306451612903226,-0.0060940660826892
3113,125,113,4162,1.78684621314852,44,6.1064963345121,0.292613982759606,0.354838709677419,-0.0622247269178134
3114,125,114,4163,2.05669810306259,38,6.08246723935509,0.338135500304093,0.306451612903226,0.0316838874008675
3115,125,115,4164,2.29211129973019,44,5.84044877215316,0.392454653597651,0.354838709677419,0.0376159439202314
3116,125,116,4165,1.97326485139595,39,6.45737887814223,0.305582944509468,0.314516129032258,-0.00893318452279007
3117,125,117,4166,2.17403506141834,40,6.61124892049275,0.328838784859473,0.32258064516129,0.00625813969818284
3118,125,118,4167,1.96200570126914,39,6.48880656855444,0.302367728262585,0.314516129032258,-0.0121484007696735
3119,125,119,4168,2.74829311783926,56,6.80037239727837,0.404138620252499,0.451612903225806,-0.0474742829733077
3120,125,120,4169,1.9767145775803,45,6.19437686785132,0.319114354801272,0.362903225806452,-0.0437888710051792
3121,125,121,4170,1.84156789044652,42,5.87126308621337,0.31365787282992,0.338709677419355,-0.0250518045894348
3122,125,122,4171,1.85821732382936,37,6.12963736992777,0.303152896604592,0.298387096774194,0.00476579983039843
3123,125,123,4172,1.81664447438583,40,6.16420961247626,0.294708419828711,0.32258064516129,-0.0278722253325789
3124,125,124,4173,1.65283415433462,34,6.18221180660718,0.267353207240193,0.274193548387097,-0.00684034114690363
3125,125,125,4174,2.23678165081083,40,6.25164455520006,0.357790919023107,0.32258064516129,0.0352102738618165
3126,125,126,4175,1.83850725122504,35,6.42610917656746,0.286099597860721,0.282258064516129,0.00384153334459181
3127,125,127,4176,1.79744089457258,38,6.08940396195447,0.295175177374119,0.306451612903226,-0.0112764355291068
3128,125,128,4177,2.11696507443771,42,6.37298737940031,0.332177823116436,0.338709677419355,-0.00653185430291903
3129,125,129,4178,1.9451922559511,39,5.94582989198879,0.327152355732878,0.314516129032258,0.0126362267006199
3130,125,130,4179,1.82414066651236,40,5.99816577715034,0.304116413964635,0.32258064516129,-0.0184642311966551
3131,125,131,4180,1.79113131725792,38,5.81234201987026,0.308160000071349,0.306451612903226,0.00170838716812333
3132,125,132,4181,2.15735628793101,46,5.5789150293754,0.386698179945671,0.370967741935484,0.0157304380101869
3133,125,133,4182,1.99034450637548,40,6.62317971069866,0.300511928305433,0.32258064516129,-0.0220687168558573
3134,125,134,4183,1.73105226208101,35,6.25457128787365,0.276765933651947,0.282258064516129,-0.00549213086418215
3135,125,135,4184,2.16801645098459,46,6.04322781854856,0.358751401747634,0.370967741935484,-0.0122163401878498
3136,125,136,4185,2.03484349087018,45,5.58385725458251,0.364415384938474,0.362903225806452,0.00151215913202274
3137,125,137,4186,1.68250662904501,39,5.96174058992997,0.282217349726177,0.314516129032258,-0.0322987793060813
3138,125,138,4187,1.79653001304776,44,5.71102287175191,0.314572372303712,0.354838709677419,-0.0402663373737077
3139,125,139,4188,2.30951168527237,49,6.04852886593509,0.381830315513477,0.395161290322581,-0.0133309748091036
3140,125,140,4189,1.8018673484281,42,5.89306046839598,0.305760878934022,0.338709677419355,-0.0329487984853324
3141,125,141,4190,2.36737616904296,43,6.58830208176522,0.359330240122909,0.346774193548387,0.0125560465745223
3142,125,142,4191,1.77173791257976,36,6.01632482961671,0.294488406586357,0.290322580645161,0.00416582594119602
3143,125,143,4192,1.92127829202533,40,6.34627416258824,0.302741142724562,0.32258064516129,-0.0198395024367279
3144,125,144,4193,1.59489152586679,31,6.47018520216842,0.246498589458038,0.25,-0.00350141054196151
3145,125,145,4194,1.95018365255315,38,6.15408216472139,0.316892690145199,0.306451612903226,0.010441077241973
3146,125,146,4195,1.9486641944582,38,6.59287170951525,0.295571380775658,0.306451612903226,-0.0108802321275677
3147,125,147,4196,1.61047432183632,33,5.91405470338533,0.272313058063946,0.266129032258065,0.00618402580588173
3148,125,148,4197,1.78232783717379,38,6.37296051963428,0.279670308906303,0.306451612903226,-0.0267813039969233
3149,125,149,4198,1.79927503135398,40,5.61543787066727,0.320415802435043,0.32258064516129,-0.00216484272624773
3150,125,150,4199,1.68497110364942,35,5.70188306194416,0.29551133991073,0.282258064516129,0.0132532753946014
3151,125,151,4200,1.8264021804785,41,5.74367418941823,0.317984990138081,0.330645161290323,-0.0126601711522419
3152,125,152,4201,2.16783228933031,44,6.31167977569494,0.343463604994381,0.354838709677419,-0.0113751046830385
3153,125,153,4202,2.10591246565707,37,6.42141749649715,0.327951338906999,0.298387096774194,0.0295642421328053
3154,125,154,4203,1.8545813808143,45,6.37241182300157,0.291032882419822,0.362903225806452,-0.0718703433866301
3155,125,155,4204,1.67730058016772,33,6.29403271201344,0.266490604182315,0.266129032258065,0.000361571924250514
3156,125,156,4205,2.16998279200329,48,6.37922520190768,0.34016400476885,0.387096774193548,-0.0469327694246987
3157,125,157,4206,1.62531808902196,45,5.5957836028501,0.290454064055325,0.362903225806452,-0.0724491617511271
3158,125,158,4207,2.23727314354024,43,6.51690551262313,0.343302989310905,0.346774193548387,-0.00347120423748226
3159,125,159,4208,1.85093199665989,37,5.60297298417085,0.33034819227025,0.298387096774194,0.0319610954960566
3160,125,160,4209,2.14031648530701,51,6.1891320297192,0.345818521083337,0.411290322580645,-0.0654718014973078
3161,125,161,4210,2.46644779820959,56,6.43655649095085,0.383193684647555,0.451612903225806,-0.0684192185782517
3162,125,162,4211,1.86746039745943,41,5.95725581137409,0.31347661684998,0.330645161290323,-0.0171685444403424
3163,125,163,4212,1.6953423599405,37,5.7623978559261,0.294207793756725,0.298387096774194,-0.0041793030174686
3164,125,164,4213,1.83800426628478,39,6.22465037683246,0.295278313642426,0.314516129032258,-0.0192378153898318
3165,125,165,4214,1.84163030357244,39,6.59885422176076,0.279083344120466,0.314516129032258,-0.0354327849117924
3166,125,166,4215,1.87113015646035,48,6.29049919911122,0.297453365342566,0.387096774193548,-0.0896434088509822
3167,125,167,4216,1.89306702806109,41,6.04564636809695,0.313128971295916,0.330645161290323,-0.0175161899944066
3168,125,168,4217,1.93579957821174,41,6.31770863895357,0.306408492198586,0.330645161290323,-0.0242366690917368
3169,125,169,4218,1.47605813679511,33,5.76426360354272,0.25607054748293,0.266129032258065,-0.0100584847751342
3170,125,170,4219,1.95874369105892,36,7.01819996304445,0.279094882074181,0.290322580645161,-0.0112276985709798
3171,125,171,4220,2.29066315842685,45,6.03948643615943,0.379281116472463,0.362903225806452,0.0163778906660118
3172,125,172,4221,1.5494703846125,36,5.84780071169237,0.264966345640749,0.290322580645161,-0.0253562350044124
3173,125,173,4222,2.3253695454074,49,6.48758533658354,0.358433750735366,0.395161290322581,-0.0367275395872145
3174,125,174,4223,1.81235111636739,40,6.83400341548007,0.265196109247199,0.32258064516129,-0.0573845359140911
3175,125,175,4224,1.96406949209832,38,6.36042251983657,0.308795443380196,0.306451612903226,0.00234383047697029
3176,125,176,4225,1.70311919963833,43,5.74200167071474,0.296607228159571,0.346774193548387,-0.0501669653888157
3177,125,177,4226,2.13500525280889,38,6.792546262129,0.31431589427846,0.306451612903226,0.00786428137523432
3178,125,178,4227,1.90438542773372,41,5.85587233116184,0.32520951961326,0.330645161290323,-0.0054356416770624
3179,125,179,4228,1.86088128934496,38,6.38559700263167,0.291418529634432,0.306451612903226,-0.015033083268794
3180,125,180,4229,1.53873765885477,36,5.76427047389896,0.266944041890868,0.290322580645161,-0.0233785387542937
3181,125,181,4230,2.07492682581205,45,6.59456155694306,0.314642119554934,0.362903225806452,-0.0482611062515174
3182,125,182,4231,2.19602294291908,42,6.25657615467299,0.350994359954988,0.338709677419355,0.0122846825356328
3183,125,183,4232,2.10365611798908,36,6.29954358052074,0.333937862497522,0.290322580645161,0.0436152818523605
3184,125,184,4233,1.86024655761206,43,5.80034447058273,0.320713117478896,0.346774193548387,-0.0260610760694913
3185,125,185,4234,1.95848518276632,41,6.13729336952912,0.319112198952383,0.330645161290323,-0.0115329623379397
3186,125,186,4235,2.43452790912738,52,6.4225404488266,0.379059957430423,0.419354838709677,-0.0402948812792547
3187,125,187,4236,2.19012546696952,46,6.69092305074005,0.327327851532724,0.370967741935484,-0.0436398904027603
3188,125,188,4237,2.0644480654616,38,6.7664215863061,0.305101897528767,0.306451612903226,-0.00134971537445927
3189,125,189,4238,1.98803198493502,40,5.85853681695662,0.339339334555512,0.32258064516129,0.0167586893942213
3190,125,190,4239,1.76625649450785,35,5.81518772644627,0.303731638185174,0.282258064516129,0.0214735736690452
3191,125,191,4240,1.57828607585912,34,5.94455665950464,0.265501056893053,0.274193548387097,-0.00869249149404405
3192,125,192,4241,2.24488810131262,48,6.49563511454941,0.345599477452845,0.387096774193548,-0.0414972967407038
3193,125,193,4242,2.08354823202088,45,6.08413203342767,0.342456117088414,0.362903225806452,-0.0204471087180372
3194,125,194,4243,1.76107244481004,37,6.26763941667885,0.280978583439826,0.298387096774194,-0.0174085133343679
3195,125,195,4244,1.37972827237293,31,6.42114948188598,0.214872473575819,0.25,-0.0351275264241806
3196,125,196,4245,1.79820789589049,40,6.29756978435296,0.285539971364564,0.32258064516129,-0.0370406737967259
3197,125,197,4246,1.97120674234652,37,6.8564090474739,0.287498416255193,0.298387096774194,-0.0108886805190008
3198,125,198,4247,2.25805700631295,46,6.559963845602,0.344217904162204,0.370967741935484,-0.0267498377732796
3199,125,199,4248,1.59459348440439,40,5.67216159730461,0.281126243857745,0.32258064516129,-0.0414544013035457
3200,125,200,4249,2.13987383905425,38,6.63606768935486,0.322461122945881,0.306451612903226,0.0160095100426555
3201,125,201,4250,1.66754215116473,35,6.54693343638908,0.25470583554374,0.282258064516129,-0.0275522289723887
3202,125,202,4251,2.40889548571772,46,6.1102362328411,0.394239337715041,0.370967741935484,0.0232715957795573
3203,125,203,4252,2.19563452652186,40,6.13532082001945,0.357867924258751,0.32258064516129,0.0352872790974612
3204,125,204,4253,1.98639020084913,38,5.92406895042729,0.335308420187422,0.306451612903226,0.0288568072841958
3205,125,205,4254,1.56864803801702,35,6.0092731981785,0.261037896977708,0.282258064516129,-0.0212201675384209
3206,125,206,4255,1.73808694839359,37,6.36147522557161,0.273220736820116,0.298387096774194,-0.0251663599540779
3207,125,207,4256,1.77121354004996,40,6.07275090036835,0.291665765500529,0.32258064516129,-0.0309148796607616
3208,125,208,4257,1.74039871474517,43,5.54137207441939,0.314073606928393,0.346774193548387,-0.0327005866199944
3209,125,209,4258,2.32289777585015,45,6.31857826695849,0.367629817612167,0.362903225806452,0.00472659180571494
3210,125,210,4259,2.10933234564743,41,6.64196657908239,0.317576476866109,0.330645161290323,-0.0130686844242131
3211,125,211,4260,1.69528957989295,34,6.1896690994034,0.27389017937265,0.274193548387097,-0.000303369014446275
3212,125,212,4261,2.05064268288157,47,6.26534518484305,0.327299234500666,0.379032258064516,-0.0517330235638499
3213,125,213,4262,2.16156306053919,51,5.79030011968576,0.373307603381445,0.411290322580645,-0.0379827191991999
3214,125,214,4263,1.84762877822545,40,6.62291311829867,0.278975240233875,0.32258064516129,-0.0436054049274154
3215,125,215,4264,1.76624684063644,36,6.35571072935717,0.277899186392814,0.290322580645161,-0.012423394252347
3216,125,216,4265,1.65985370640133,36,6.19166540076777,0.268078715331663,0.290322580645161,-0.0222438653134983
3217,125,217,4266,2.10374148043593,35,6.29873318232838,0.333994379431431,0.282258064516129,0.0517363149153022
3218,125,218,4267,1.76875941160602,36,5.03753036286254,0.351116377311707,0.290322580645161,0.0607937966665452
3219,125,219,4268,1.86167716386465,41,6.40581131657569,0.290623165725686,0.330645161290323,-0.0400219955646368
3220,125,220,4269,2.01599544003872,48,6.01305246473618,0.335269890269812,0.387096774193548,-0.0518268839237364
3221,125,221,4270,2.25466882841705,52,5.91891524701362,0.380926020110633,0.419354838709677,-0.038428818599044
3222,125,222,4271,1.8088113233105,44,5.58935458217931,0.323617207803846,0.354838709677419,-0.0312215018735733
3223,125,223,4272,2.06505387700938,47,5.4820875733705,0.376691150838319,0.379032258064516,-0.0023411072261969
3224,125,224,4273,1.79147025869554,40,6.07881143136338,0.294707325424264,0.32258064516129,-0.0278733197370263
3225,125,225,4274,2.15918948750759,42,6.34208803540139,0.340454039025483,0.338709677419355,0.00174436160612801
3226,125,226,4275,1.98037632385709,45,6.43940291953401,0.307540364938121,0.362903225806452,-0.0553628608683303
3227,125,227,4276,1.66903456257189,37,5.52486449394767,0.302095112812318,0.298387096774194,0.00370801603812471
3228,125,228,4277,2.0621420728684,48,5.81134069220371,0.354847905516001,0.387096774193548,-0.0322488686775471
3229,125,229,4278,2.04281480445839,47,5.41709917408036,0.377104929928699,0.379032258064516,-0.0019273281358172
3230,125,230,4279,1.97796237931617,40,6.41205938350163,0.308475368210955,0.32258064516129,-0.0141052769503351
3231,125,231,4280,1.86277861677191,39,6.44971966040207,0.288815439252098,0.314516129032258,-0.0257006897801605
3232,125,232,4281,1.81177618459797,43,5.73857181634734,0.315719005107997,0.346774193548387,-0.0310551884403901
3233,125,233,4282,1.91442386068938,40,6.29971771104028,0.303890419936491,0.32258064516129,-0.0186902252247996
3234,125,234,4283,2.37927871918118,51,6.17957543578965,0.385023007470925,0.411290322580645,-0.0262673151097205
3235,125,235,4284,2.09191328464056,42,6.31131813544394,0.331454260385405,0.338709677419355,-0.00725541703395
3236,125,236,4285,1.86017643267228,41,5.77509052565476,0.322103424077734,0.330645161290323,-0.00854173721258877
3237,125,237,4286,1.79079363322128,42,5.91502654054393,0.302753271003346,0.338709677419355,-0.0359564064160092
3238,125,238,4287,1.76134668471937,40,6.04611143621999,0.291318925114049,0.32258064516129,-0.0312617200472411
3239,125,239,4288,2.15065151782324,46,5.7000280683514,0.377305425874029,0.370967741935484,0.00633768393854472
3240,125,240,4289,2.07572001270305,48,6.07674883557347,0.341583973415475,0.387096774193548,-0.0455128007780735
3241,125,241,4290,1.98575011932752,49,5.64229185101308,0.351940341223394,0.395161290322581,-0.0432209490991867
3242,125,242,4291,1.73165636952014,45,5.31387920731976,0.325874244023992,0.362903225806452,-0.0370289817824601
3243,125,243,4292,1.99575613008191,41,6.4377068495055,0.310010408478791,0.330645161290323,-0.0206347528115315
3244,125,244,4293,2.11154572085722,47,5.89080488291662,0.358447744039312,0.379032258064516,-0.0205845140252046
3245,125,245,4294,1.96405924610506,44,5.70495800701985,0.344272340600636,0.354838709677419,-0.0105663690767834
3246,125,246,4295,1.89243974981004,43,5.58675159247288,0.338737049336462,0.346774193548387,-0.00803714421192553
3247,125,247,4296,1.69698117167578,39,6.20379731020769,0.273539106263767,0.314516129032258,-0.0409770227684907
3248,125,248,4297,1.97926564683182,44,6.29294031883682,0.314521598259439,0.354838709677419,-0.0403171114179803
3249,125,249,4298,2.01482153302151,43,6.00557515439229,0.335491852357876,0.346774193548387,-0.0112823411905107
3250,125,250,4299,1.84695422203347,45,6.29302656799376,0.293492201578658,0.362903225806452,-0.0694110242277938
3251,125,251,4300,2.16758221287663,43,6.61326714677265,0.327762687453876,0.346774193548387,-0.0190115060945115
3252,125,252,4301,1.88580681478689,34,6.59226997540167,0.286063347196575,0.274193548387097,0.0118697988094785
3253,125,253,4302,1.84073371136626,36,6.38598796203225,0.288245722088783,0.290322580645161,-0.00207685855637874
3254,125,254,4303,2.09057755087513,41,6.11130053946982,0.342083904624414,0.330645161290323,0.0114387433340917
3255,125,255,4304,1.54672171104011,37,6.38719253319832,0.242159869614202,0.298387096774194,-0.0562272271599912
3256,125,256,4305,1.87216430595507,38,6.57190169686791,0.284874058120395,0.306451612903226,-0.0215775547828309
3257,125,257,4306,1.74701196124388,46,5.88570443643227,0.296822917309599,0.370967741935484,-0.0741448246258847
3258,125,258,4307,1.78446092490593,44,6.18325246797188,0.288595837570779,0.354838709677419,-0.0662428721066405
3259,125,259,4308,2.13629925072042,43,6.57938340113429,0.324695966243907,0.346774193548387,-0.0220782273044802
3260,125,260,4309,2.30232757122631,50,5.99149680983447,0.384265842793617,0.403225806451613,-0.0189599636579956
3261,125,261,4310,1.77352961698182,38,5.78513210710174,0.306566830998493,0.306451612903226,0.000115218095267211
3262,125,262,4311,2.03628765386633,42,5.76178128212049,0.353412869069706,0.338709677419355,0.0147031916503516
3263,125,263,4312,1.66700590185638,34,6.21528160131788,0.268210840439299,0.274193548387097,-0.00598270794779754
3264,125,264,4313,1.89286863563182,34,5.82913900613656,0.32472525250112,0.274193548387097,0.0505317041140235
3265,125,265,4314,1.98211428282077,42,5.95282175525267,0.332970541419586,0.338709677419355,-0.0057391359997685
3266,125,266,4315,1.90369706149147,43,6.09269120852056,0.312455858394591,0.346774193548387,-0.0343183351537961
3267,125,267,4316,1.70862563883144,31,6.42059918980251,0.266116228146613,0.25,0.0161162281466126
3268,125,268,4317,1.78126757305757,41,6.05056580315866,0.294396859898239,0.330645161290323,-0.036248301392084
3269,125,269,4318,1.57804340137279,37,5.93750500232887,0.265775506842325,0.298387096774194,-0.0326115899318687
3270,125,270,4319,1.63485421008565,37,6.54043932305362,0.249960916894855,0.298387096774194,-0.0484261798793389
3271,125,271,4320,1.84388968304238,35,5.93105411765508,0.310887347588626,0.282258064516129,0.0286292830724966
3272,125,272,4321,1.95037001664379,42,6.40101701675476,0.304696896061776,0.338709677419355,-0.0340127813575786
3273,125,273,4322,1.58980011514989,33,5.98194137580798,0.265766582330498,0.266129032258065,-0.000362449927566011
3274,125,274,4323,1.9807749300949,36,6.81742909518915,0.290545732480396,0.290322580645161,0.00022315183523508
3275,125,275,4324,1.68998695284078,33,6.07456028914276,0.278207289482555,0.266129032258065,0.012078257224491
3276,125,276,4325,2.24334142566815,54,6.10803909004861,0.367276861296298,0.435483870967742,-0.0682070096714436
3277,125,277,4326,2.21398505285305,43,6.91703620978928,0.320077123453499,0.346774193548387,-0.0266970700948878
3278,125,278,4327,1.95388318377062,38,6.56031180419467,0.29783388992598,0.306451612903226,-0.008617722977246
3279,125,279,4328,1.68519140622553,34,6.2109113337794,0.271327558173347,0.274193548387097,-0.00286599021374973
3280,125,280,4329,2.05934754255047,46,5.90700650495733,0.348627945613774,0.370967741935484,-0.0223397963217098
3281,125,281,4330,1.94794882458174,50,5.29363833707039,0.367979204574784,0.403225806451613,-0.0352466018768294
3282,125,282,4331,2.02989032793013,46,6.15203411522879,0.329954335413279,0.370967741935484,-0.0410134065222053
3283,125,283,4332,2.02261615053352,46,6.0058368870455,0.336775072079675,0.370967741935484,-0.0341926698558089
3284,125,284,4333,1.69676749416205,39,6.02249215494741,0.281738431617246,0.314516129032258,-0.0327776974150125
3285,125,285,4334,2.07280503612782,46,6.21884804167702,0.333310127894499,0.370967741935484,-0.0376576140409849
3286,125,286,4335,1.92082918367878,40,6.40411313531731,0.299936797350724,0.32258064516129,-0.0226438478105659
3287,125,287,4336,1.91263245896639,41,6.26669497840995,0.305205928412952,0.330645161290323,-0.0254392328773701
3288,125,288,4337,2.06207522583493,40,5.86190385091182,0.35177568214705,0.32258064516129,0.0291950369857596
3289,125,289,4338,2.51207405642177,42,6.33978780745429,0.396239453545761,0.338709677419355,0.0575297761264066
3290,125,290,4339,1.97980918541823,50,6.03031007122758,0.328309682592358,0.403225806451613,-0.0749161238592546
3291,125,291,4340,2.02716380325922,49,5.78082422517162,0.35067037576273,0.395161290322581,-0.0444909145598511
3292,125,292,4341,1.68287639604684,37,6.28047449975284,0.267953702560701,0.298387096774194,-0.0304333942134921
3293,125,293,4342,1.74574957317716,40,6.11076095098979,0.285684481389243,0.32258064516129,-0.0368961637720471
3294,125,294,4343,1.68550059842249,37,6.66132925345976,0.253027666744904,0.298387096774194,-0.0453594300292898
3295,125,295,4344,2.00600465603187,38,6.65095265767212,0.301611627579076,0.306451612903226,-0.00483998532414937
3296,125,296,4345,2.0538199836136,50,5.87380042582819,0.34965777430615,0.403225806451613,-0.0535680321454625
3297,125,297,4346,1.92708350028539,38,6.45655101019085,0.29846949203123,0.306451612903226,-0.00798212087199601
3298,125,298,4347,2.21098380052774,47,6.25732662888898,0.35334319776756,0.379032258064516,-0.0256890602969562
3299,125,299,4348,1.83521242966975,45,5.7476975736582,0.319295231899564,0.362903225806452,-0.0436079939068879
3300,125,300,4349,2.05194782829091,45,6.16081726079253,0.333064225317883,0.362903225806452,-0.0298390004885682
3301,125,301,4350,1.78208352138375,42,5.64354522791069,0.315773764436278,0.338709677419355,-0.022935912983077
3302,125,302,4351,1.93419812826811,43,6.735968997952,0.287144749160244,0.346774193548387,-0.0596294443881432
3303,125,303,4352,2.32582651431025,52,5.98997398937439,0.388286579947765,0.419354838709677,-0.0310682587619125
3304,125,304,4353,1.68262503058259,42,5.41432059317146,0.310773069608164,0.338709677419355,-0.0279366078111908
3305,125,305,4354,2.10221717251581,44,6.1067068073883,0.344247274156409,0.354838709677419,-0.0105914355210107
3306,125,306,4355,1.75968780227743,34,6.221559395113,0.28283709766713,0.274193548387097,0.0086435492800333
3307,125,307,4356,2.13860500184405,43,6.09214155199131,0.351043222419055,0.346774193548387,0.00426902887066821
3308,125,308,4357,2.08876867341317,42,6.2410351918782,0.334683046833545,0.338709677419355,-0.00402663058580971
3309,125,309,4358,2.1422578439743,34,6.89306145278215,0.310784672187951,0.274193548387097,0.0365911238008539
3310,125,310,4359,2.02801840939268,50,6.41561355418145,0.316106696930163,0.403225806451613,-0.0871191095214496
3311,125,311,4360,1.78791545268656,37,5.9172371747116,0.302153758569547,0.298387096774194,0.00376666179535318
3312,125,312,4361,2.28616190807929,46,6.68235567494361,0.342119159662746,0.370967741935484,-0.0288485822727383
3313,125,313,4362,2.35055687787765,51,6.23017559447207,0.377285815180436,0.411290322580645,-0.0340045074002092
3314,125,314,4363,1.62481235210379,35,6.06847021948118,0.26774661378213,0.282258064516129,-0.0145114507339987
3315,125,315,4364,2.39639902003153,43,6.60018912511384,0.363080356426937,0.346774193548387,0.0163061628785497
3316,125,316,4365,1.64301551728463,37,6.10781214059805,0.269002300572353,0.298387096774194,-0.0293847962018403
3317,125,317,4366,1.77580313932268,38,6.0465416105354,0.293689062889859,0.306451612903226,-0.0127625500133667
3318,125,318,4367,1.67871828873196,42,5.96068511609185,0.28163176816705,0.338709677419355,-0.0570779092523052
3319,125,319,4368,1.83912390729287,42,6.45495245323009,0.284916724115073,0.338709677419355,-0.053792953304282
3320,125,320,4369,2.05172170621612,41,5.97449355058486,0.343413494189022,0.330645161290323,0.0127683328986991
3321,125,321,4370,1.86313379350628,40,5.85576314250222,0.31817096220701,0.32258064516129,-0.00440968295428018
3322,125,322,4371,1.85487918083567,42,6.54376884906395,0.283457320027586,0.338709677419355,-0.055252357391769
3323,125,323,4372,1.7832485942235,40,5.74733921700458,0.310273767893746,0.32258064516129,-0.0123068772675446
3324,125,324,4373,2.10042541419374,43,6.28373749238556,0.334263711165364,0.346774193548387,-0.012510482383023
3325,125,325,4374,2.58772764548275,47,6.47010842649984,0.399951202499807,0.379032258064516,0.0209189444352907
3326,125,326,4375,1.99648126149534,48,6.46619323533291,0.308756820100281,0.387096774193548,-0.0783399540932673
3327,125,327,4376,2.18497229903231,46,6.10568893530755,0.357858436972969,0.370967741935484,-0.0131093049625152
3328,125,328,4377,2.09836449346208,43,5.8893203963278,0.35629993823574,0.346774193548387,0.00952574468735312
3329,125,329,4378,2.07793540844587,42,6.67329626257684,0.311380662072314,0.338709677419355,-0.0273290153470413
3330,125,330,4379,2.40014594399392,53,6.64372503100991,0.361265093421405,0.42741935483871,-0.0661542614173051
3331,125,331,4380,2.32669597406683,42,6.55715094385069,0.354833371076933,0.338709677419355,0.0161236936575782
3332,125,332,4381,2.04275151545044,46,6.25398356348326,0.326632056946548,0.370967741935484,-0.0443356849889357
3333,125,333,4382,1.65943390766177,39,5.92720683189437,0.279968955821204,0.314516129032258,-0.0345471732110538
3334,125,334,4383,2.48485547146125,60,5.93338470707811,0.418792239865552,0.483870967741935,-0.0650787278763839
3335,125,335,4384,2.0532389790489,50,6.1024948647936,0.336458944176161,0.403225806451613,-0.0667668622754518
3336,125,336,4385,2.02285378541008,44,6.42256512841105,0.314960416121236,0.354838709677419,-0.0398782935561837
3337,125,337,4386,2.53414102608834,51,6.28811314646291,0.403004998011813,0.411290322580645,-0.00828532456883208
3338,125,338,4387,2.07223842695405,40,6.55983368294049,0.315898013137607,0.32258064516129,-0.00668263202368308
3339,125,339,4388,1.76581831624818,34,6.25578134731137,0.282269826615199,0.274193548387097,0.0080762782281027
3340,125,340,4389,1.88344753402499,42,5.42005183573216,0.347496221642789,0.338709677419355,0.00878654422343456
3341,125,341,4390,2.03238644800349,42,5.91200293767845,0.343772909017122,0.338709677419355,0.00506323159776723
3342,125,342,4391,2.30087603861365,45,6.64340983335315,0.346339620214627,0.362903225806452,-0.0165636055918246
3343,125,343,4392,1.83819187872105,45,5.53022005485452,0.3323903679217,0.362903225806452,-0.0305128578847521
3344,125,344,4393,2.32814741313313,54,6.02179027762055,0.386620474277473,0.435483870967742,-0.0488633966902686
3345,125,345,4394,1.83236052317991,44,5.84103887603067,0.313704558738549,0.354838709677419,-0.0411341509388703
3346,125,346,4395,2.25923974607398,43,7.08327310222238,0.318954205699783,0.346774193548387,-0.0278199878486039
3347,125,347,4396,2.70485661289891,59,6.17323185142329,0.438158921938965,0.475806451612903,-0.0376475296739379
3348,125,348,4397,1.77048243899054,40,5.65667840975482,0.312989763734382,0.32258064516129,-0.00959088142690873
3349,125,349,4398,2.24836953669749,41,6.38707544963821,0.352018627997395,0.330645161290323,0.0213734667070724
3350,125,350,4399,1.93237493311747,38,6.63705665137135,0.291149380609582,0.306451612903226,-0.0153022322936437
3351,125,351,4400,1.74819816646388,35,5.8611529959291,0.298268645721773,0.282258064516129,0.0160105812056435
3352,125,352,4401,1.86196891887782,39,6.15853087793757,0.302339787813385,0.314516129032258,-0.0121763412188734
3353,125,353,4402,1.62334164602431,33,6.06486745469848,0.267663169582825,0.266129032258065,0.00153413732476049
3354,125,354,4403,2.11607206760741,45,6.49510668980236,0.325794812721052,0.362903225806452,-0.0371084130853998
3355,125,355,4404,2.29461122039949,43,6.29639749926097,0.36443239497964,0.346774193548387,0.0176582014312532
3356,125,356,4405,1.84566435871678,41,5.84227383168651,0.315915414424179,0.330645161290323,-0.0147297468661433
3357,125,357,4406,2.06324738509465,44,5.99524010770284,0.34414758175302,0.354838709677419,-0.0106911279243989
3358,125,358,4407,1.80571580984668,35,5.87245610079301,0.307489026542547,0.282258064516129,0.0252309620264177
3359,125,359,4408,2.1201097406593,49,5.76856523010222,0.367528086463492,0.395161290322581,-0.0276332038590886
3360,125,360,4409,1.78422951446328,43,5.55994130252183,0.320907976789971,0.346774193548387,-0.0258662167584159
3361,125,361,4410,1.91686481747025,43,5.70106819906885,0.336229062789203,0.346774193548387,-0.0105451307591845
3362,125,362,4411,1.86570318908398,41,5.83634744249493,0.319669657686868,0.330645161290323,-0.0109755036034548
3363,125,363,4412,1.86619715598074,41,5.87936486922431,0.317414754397945,0.330645161290323,-0.0132304068923774
3364,125,364,4413,1.62199540098983,44,5.93222088236362,0.273421275632537,0.354838709677419,-0.0814174340448826
3365,125,365,4414,1.75343025665806,38,5.8924059430757,0.297574585593268,0.306451612903226,-0.00887702730995765
3366,125,366,4415,2.42998192282931,50,6.60873690817657,0.367692337672401,0.403225806451613,-0.0355334687792123
3367,125,367,4416,1.9548644208456,40,6.49762315504159,0.300858386859323,0.32258064516129,-0.0217222583019672
3368,125,368,4417,1.83704199104103,42,5.72269087924295,0.321010173326723,0.338709677419355,-0.0176995040926323
3369,125,369,4418,2.28949527762427,49,6.02935715883049,0.379724607004102,0.395161290322581,-0.0154366833184789
3370,125,370,4419,2.06144452630833,46,6.40148442661952,0.32202601598719,0.370967741935484,-0.0489417259482938
3371,125,371,4420,1.75579292493006,38,5.99608844038288,0.292823053293381,0.306451612903226,-0.0136285596098452
3372,125,372,4421,1.77186392781571,44,6.25205591481718,0.283405003403192,0.354838709677419,-0.0714337062742277
3373,125,373,4422,2.45589623237346,40,6.44405295544522,0.381110498214983,0.32258064516129,0.0585298530536925
3374,125,374,4423,1.99449562440543,39,6.63314742201789,0.300686159602748,0.314516129032258,-0.0138299694295099
3375,125,375,4424,1.9210984033916,40,6.31735645414823,0.304098465447542,0.32258064516129,-0.0184821797137483
3376,125,376,4425,1.96937991822712,40,6.66169249648777,0.295627563005261,0.32258064516129,-0.0269530821560289
3377,125,377,4426,2.0038816665967,34,6.06737279110445,0.330271723131081,0.274193548387097,0.0560781747439844
3378,125,378,4427,2.42742407012278,50,5.73433025659179,0.423314312483551,0.403225806451613,0.0200885060319385
3379,125,379,4428,2.52651798092479,47,6.69865825527894,0.377167767729268,0.379032258064516,-0.00186449033524821
3380,125,380,4429,1.94142970046451,40,6.01858518821868,0.322572438496815,0.32258064516129,-8.20666447515217e-06
3381,125,381,4430,2.65265662982683,59,6.56924874243654,0.403799084770682,0.475806451612903,-0.0720073668422216
3382,125,382,4431,1.73337767895335,35,6.33427817826723,0.273650387648041,0.282258064516129,-0.008607676868088
3383,125,383,4432,1.82724517171824,38,5.99284841540571,0.304904286753019,0.306451612903226,-0.00154732615020703
3384,125,384,4433,2.0057406907176,43,6.12028780448218,0.32771999533236,0.346774193548387,-0.0190541982160274
3385,125,385,4434,1.80773363992977,39,5.63942950451208,0.320552573355765,0.314516129032258,0.00603644432350653
3386,125,386,4435,1.83957050813446,43,6.11187573455482,0.30098296955451,0.346774193548387,-0.0457912239938768
3387,125,387,4436,2.05261080588391,37,5.99180619014531,0.342569626043617,0.298387096774194,0.0441825292694233
3388,125,388,4437,1.96758918627191,42,6.2911953496448,0.312752835815692,0.338709677419355,-0.0259568416036624
3389,125,389,4438,2.44265305778191,48,6.57346330767248,0.371593016261439,0.387096774193548,-0.0155037579321092
3390,125,390,4439,2.29713564150766,48,6.74112779608836,0.3407642921175,0.387096774193548,-0.046332482076048
3391,125,391,4440,1.83758263640405,41,6.2318405467435,0.294869970215187,0.330645161290323,-0.0357751910751351
3392,125,392,4441,1.82746828328002,37,6.42072506142124,0.284620236156866,0.298387096774194,-0.0137668606173276
3393,125,393,4442,1.66999911588298,37,5.53533070588297,0.301698164864494,0.298387096774194,0.00331106809030068
3394,125,394,4443,2.04724002106919,42,6.41580359204497,0.319093312583258,0.338709677419355,-0.019616364836097
3395,125,395,4444,1.74719546167851,41,6.03064009267182,0.289719737014588,0.330645161290323,-0.0409254242757348
3396,125,396,4445,1.5877584478336,36,5.78887145547686,0.274277717176016,0.290322580645161,-0.0160448634691451
3397,125,397,4446,2.03718816594869,37,6.6326593700408,0.307145000563501,0.298387096774194,0.00875790378930708
3398,125,398,4447,2.20206638425429,45,6.03728932528762,0.364744219732982,0.362903225806452,0.00184099392653025
3399,125,399,4448,2.55099813204623,52,6.03114600428589,0.422970714062206,0.419354838709677,0.00361587535252883
3400,125,400,4449,2.23632977912394,33,6.60727854382449,0.338464583306259,0.266129032258065,0.0723355510481943
3401,125,401,4450,1.70270404399933,38,5.98935768721072,0.284288254754791,0.306451612903226,-0.0221633581484349
3402,125,402,4451,1.75111617404864,34,5.54155974747303,0.315996985297714,0.274193548387097,0.0418034369106173
3403,125,403,4452,2.15416642125144,42,6.7203874133524,0.320541999851294,0.338709677419355,-0.0181676775680609
3404,125,404,4453,1.99999970235697,50,6.02997262669162,0.331676414832132,0.403225806451613,-0.0715493916194809
3405,125,405,4454,1.71064365469193,34,5.97033197044518,0.286524043078357,0.274193548387097,0.01233049469126
3406,125,406,4455,1.80036832145565,36,6.55040703688025,0.274848312680292,0.290322580645161,-0.015474267964869
3407,125,407,4456,2.01730946339685,40,6.09252416123342,0.331112263162276,0.32258064516129,0.00853161800098595
3408,125,408,4457,2.03373836839979,42,6.5700265299456,0.309547968966364,0.338709677419355,-0.0291617084529904
3409,125,409,4458,1.57606302435352,41,5.741784376201,0.274490109883979,0.330645161290323,-0.0561550514063437
3410,125,410,4459,2.1844125446789,48,6.3392723587428,0.344584113295947,0.387096774193548,-0.042512660897601
3411,125,411,4460,2.16053675299182,42,6.07040886255558,0.355912888556614,0.338709677419355,0.0172032111372589
3412,125,412,4461,1.85075978142555,36,6.43563725123761,0.287579878910925,0.290322580645161,-0.00274270173423602
3413,125,413,4462,1.87955436640639,44,5.49134611254049,0.342275705789895,0.354838709677419,-0.0125630038875246
3414,125,414,4463,2.38526028306971,57,5.61002995757503,0.425177815645882,0.459677419354839,-0.0344996037089568
3415,125,415,4464,1.74693530888943,43,5.5799088931163,0.313075955602887,0.346774193548387,-0.0336982379455003
3416,125,416,4465,2.13435468736535,42,6.28602575486209,0.339539602699603,0.338709677419355,0.000829925280248223
3417,125,417,4466,1.89884175898962,42,5.82095204751383,0.326208108826566,0.338709677419355,-0.0125015685927884
3418,125,418,4467,1.92101216397695,37,5.67895953994167,0.338268330750721,0.298387096774194,0.0398812339765279
3419,125,419,4468,2.03230189401968,52,5.64915553984283,0.359753219695597,0.419354838709677,-0.0596016190140801
3420,125,420,4469,2.14347395921627,42,6.59084791717072,0.325219757177526,0.338709677419355,-0.0134899202418289
3421,125,421,4470,1.90947774907603,37,5.88769747582943,0.324316552763613,0.298387096774194,0.0259294559894195
3422,125,422,4471,2.06404115330196,43,6.33425882735465,0.325853617535858,0.346774193548387,-0.0209205760125289
3423,125,423,4472,2.00339214610918,38,6.30665776043066,0.317663051050415,0.306451612903226,0.011211438147189
3424,125,424,4473,1.64723528896597,37,5.82461682565612,0.282805777319166,0.298387096774194,-0.0155813194550271
3425,125,425,4474,1.83159782425198,39,6.13441190277036,0.298577574066198,0.314516129032258,-0.0159385549660604
3426,125,426,4475,1.83840827074384,43,5.56162043736253,0.33055263145855,0.346774193548387,-0.016221562089837
3427,125,427,4476,2.00002259678099,48,5.79196725135976,0.345309721202489,0.387096774193548,-0.0417870529910591
3428,125,428,4477,1.92184946469995,38,6.60681415098186,0.29088898533862,0.306451612903226,-0.015562627564606
3429,125,429,4478,2.30240716739049,45,5.94705981727642,0.387150497578974,0.362903225806452,0.0242472717725225
3430,125,430,4479,1.82014068188361,37,6.399772470798,0.284407092625381,0.298387096774194,-0.0139800041488125
3431,125,431,4480,1.76154567661756,41,6.04220810343289,0.291540053977408,0.330645161290323,-0.039105107312915
3432,125,432,4481,1.60135310913482,37,5.68636661739331,0.281612709289028,0.298387096774194,-0.0167743874851655
3433,125,433,4482,2.06648072251261,45,6.25077682844355,0.330595825003588,0.362903225806452,-0.0323074008028635
3434,125,434,4483,1.79596390188715,39,5.81580452418407,0.308807473569466,0.314516129032258,-0.00570865546279226
3435,125,435,4484,1.72294744815986,40,6.07120263807481,0.283790140252378,0.32258064516129,-0.0387905049089124
3436,125,436,4485,1.9534236508867,41,6.06838437894157,0.321901766418332,0.330645161290323,-0.00874339487199077
3437,125,437,4486,1.64615469450405,39,5.96920211970991,0.275774661586439,0.314516129032258,-0.0387414674458194
3438,125,438,4487,1.66553129295664,38,6.35604362468587,0.262038996473842,0.306451612903226,-0.0444126164293842
3439,125,439,4488,1.97267450844017,38,5.45295428093921,0.361762524827257,0.306451612903226,0.0553109119240315
3440,125,440,4489,1.95417380090776,42,6.73798948600613,0.290023278452171,0.338709677419355,-0.0486863989671834
3441,125,441,4490,1.66186948916089,34,6.01665125537508,0.276211702926312,0.274193548387097,0.00201815453921544
3442,125,442,4491,1.71395352004294,33,6.62294785382906,0.258790127579219,0.266129032258065,-0.0073389046788454
3443,125,443,4492,1.57696793603135,38,6.16396555321794,0.255836591300885,0.306451612903226,-0.050615021602341
3444,125,444,4493,2.01887435383268,42,6.05513146604226,0.333415445255767,0.338709677419355,-0.00529423216358826
3445,125,445,4494,1.83776889500929,41,6.51836908410855,0.281936918774618,0.330645161290323,-0.0487082425157049
3446,125,446,4495,1.86705944747009,42,5.83465597818078,0.319994778518583,0.338709677419355,-0.0187148989007713
3447,125,447,4496,1.73678582762733,42,6.20184147057743,0.280043570263272,0.338709677419355,-0.0586661071560828
3448,125,448,4497,1.96814515562765,41,6.07298740732697,0.324081876615307,0.330645161290323,-0.00656328467501588
3449,125,449,4498,1.51133436837225,39,5.56820390306626,0.271422238603726,0.314516129032258,-0.0430938904285316
3450,125,450,4499,1.64287309914727,41,5.83607598379908,0.281503034523177,0.330645161290323,-0.0491421267671459
3451,125,451,4500,1.78796655866813,39,6.134257407271,0.291472372279135,0.314516129032258,-0.0230437567531234
3452,125,452,4501,1.68218242363408,44,5.31023930005332,0.316780907334476,0.354838709677419,-0.0380578023429433
3453,125,453,4502,2.08387766688989,52,5.60560129151195,0.371749177032143,0.419354838709677,-0.047605661677534
3454,125,454,4503,1.64944518736556,38,5.58293085692321,0.29544431583281,0.306451612903226,-0.0110072970704161
3455,125,455,4504,1.96015328773102,42,6.16609989988491,0.317891912157895,0.338709677419355,-0.0208177652614601
3456,125,456,4505,2.39163808289887,48,6.577425067581,0.363613124942593,0.387096774193548,-0.0234836492509555
3457,125,457,4506,1.62187902106638,32,6.37132163964779,0.254559275578504,0.258064516129032,-0.0035052405505287
3458,125,458,4507,1.71624222594415,30,6.26994286524717,0.273725337348268,0.241935483870968,0.0317898534773001
3459,125,459,4508,1.66596348234911,36,6.4431353367233,0.258564098887352,0.290322580645161,-0.0317584817578097
3460,125,460,4509,2.25267268193885,56,5.73201305511403,0.392998526046456,0.451612903225806,-0.0586143771793506
3461,125,461,4510,2.26678855028975,38,7.18019984773665,0.315699924564675,0.306451612903226,0.00924831166144913
3462,125,462,4511,2.40071574247883,42,6.83773984255783,0.351097847791293,0.338709677419355,0.0123881703719382
3463,125,463,4512,2.00453311429238,39,6.74722684593723,0.29708992450719,0.314516129032258,-0.0174262045250681
3464,125,464,4513,1.98942596355562,43,6.32974313775548,0.314298056059993,0.346774193548387,-0.0324761374883945
3465,125,465,4514,1.93880255361169,42,6.12603938690215,0.316485486162065,0.338709677419355,-0.0222241912572895
3466,125,466,4515,2.07343698918613,43,6.07559872822721,0.341272865759378,0.346774193548387,-0.00550132778900958
3467,125,467,4516,1.93202790466558,40,6.06344135714223,0.318635538940244,0.32258064516129,-0.00394510622104677
3468,125,468,4517,1.83335524108927,41,5.8409046101057,0.313882071951197,0.330645161290323,-0.0167630893391256
3469,125,469,4518,2.04469540988483,46,5.89749395701549,0.34670580839723,0.370967741935484,-0.0242619335382539
3470,125,470,4519,1.78003965094976,41,5.63619188699149,0.315823110114145,0.330645161290323,-0.0148220511761774
3471,125,471,4520,1.77194265085375,40,5.90369288760737,0.300141400406056,0.32258064516129,-0.0224392447552344
3472,125,472,4521,1.78944054733397,45,5.73610693799812,0.311960806636997,0.362903225806452,-0.0509424191694545
3473,125,473,4522,1.79019725186975,34,6.83284900605052,0.261998655360966,0.274193548387097,-0.012194893026131
3474,125,474,4523,2.19579958148837,38,6.78727234958753,0.323517234669655,0.306451612903226,0.0170656217664293
3475,125,475,4524,1.82175496328772,39,6.25763820540228,0.29112500651044,0.314516129032258,-0.0233911225218177
3476,125,476,4525,1.52345206528102,40,5.23200912031194,0.291179168508443,0.32258064516129,-0.0314014766528472
3477,125,477,4526,1.69869999667716,42,5.69257804844097,0.298406096890035,0.338709677419355,-0.0403035805293196
3478,125,478,4527,2.18010629340513,41,6.22917185247609,0.349983327645477,0.330645161290323,0.0193381663551549
3479,125,479,4528,1.93432685057827,39,5.85001033981705,0.330653578065087,0.314516129032258,0.0161374490328294
3480,125,480,4529,1.87217369765023,42,6.04826964230828,0.309538728986912,0.338709677419355,-0.0291709484324429
3481,125,481,4530,2.24475462455854,49,6.07660156641965,0.369409545783525,0.395161290322581,-0.0257517445390561
3482,125,482,4531,2.14093718181526,46,6.21697921830144,0.344369364387258,0.370967741935484,-0.026598377548226
3483,125,483,4532,1.94905907247262,42,6.15305600325254,0.316762771449234,0.338709677419355,-0.021946905970121
3484,125,484,4533,1.83338591312761,38,6.06236971661793,0.302420670270571,0.306451612903226,-0.00403094263265469
3485,125,485,4534,1.86335480223859,33,6.47791963878844,0.287647100634161,0.266129032258065,0.0215180683760968
3486,125,486,4535,2.03705891376054,33,5.95168826478495,0.342265727493398,0.266129032258065,0.0761366952353335
3487,125,487,4536,1.86648483000287,35,6.113309709569,0.305314947005108,0.282258064516129,0.0230568824889791
3488,125,488,4537,1.98482676021393,47,6.26487248233163,0.316818381509215,0.379032258064516,-0.062213876555301
3489,125,489,4538,1.75878364092711,39,6.151783868059,0.285898152251248,0.314516129032258,-0.0286179767810099
3490,125,490,4539,1.89133607307586,35,6.06456698976487,0.311866630588441,0.282258064516129,0.0296085660723122
3491,125,491,4540,1.92751996442955,40,6.2512519995702,0.308341427375199,0.32258064516129,-0.0142392177860909
3492,125,492,4541,1.65235244820952,35,5.68445786042762,0.290678986242888,0.282258064516129,0.0084209217267594
3493,125,493,4542,2.48065234710222,44,6.38483076683017,0.38852280313982,0.354838709677419,0.0336840934624004
3494,125,494,4543,2.3299197654229,48,5.94484158049707,0.391922935855271,0.387096774193548,0.00482616166172284
3495,125,495,4544,2.69438382529026,43,6.76667874502752,0.398184091016619,0.346774193548387,0.0514098974682314
3496,125,496,4545,1.65218257569173,41,6.33195817021959,0.260927588476857,0.330645161290323,-0.0697175728134659
3497,125,497,4546,2.51281752579797,53,6.34146247642536,0.396252053077577,0.42741935483871,-0.0311673017611324
3498,125,498,4547,1.88197963891336,35,6.78330325092102,0.277442946201443,0.282258064516129,-0.00481511831468573
3499,125,499,4548,2.22626457620258,46,6.53450845853598,0.340693502859336,0.370967741935484,-0.0302742390761474
3500,125,500,4549,1.77246967844915,40,5.97893639537149,0.296452338884435,0.32258064516129,-0.0261283062768553
3501,125,501,4550,1.71148657022784,37,6.04443152020415,0.283150957125913,0.298387096774194,-0.0152361396482806
3502,125,502,4551,2.05335587284346,45,5.99009235274967,0.342792022547182,0.362903225806452,-0.02011120325927
3503,125,503,4552,2.62569726719136,53,6.04259201655072,0.434531614909554,0.42741935483871,0.00711226007084387
3504,125,504,4553,1.80801024650283,38,6.33108017853516,0.285576899283741,0.306451612903226,-0.0208747136194848
3505,125,505,4554,2.03411738657495,43,6.51494674864079,0.312223179260725,0.346774193548387,-0.0345510142876618
3506,125,506,4555,2.15842646473465,45,6.30744977016741,0.342202719543395,0.362903225806452,-0.0207005062630563
3507,125,507,4556,2.11256494771606,50,5.96775315128093,0.353996704314523,0.403225806451613,-0.0492291021370895
3508,125,508,4557,1.90762861758176,37,6.38312198949592,0.298855108945272,0.298387096774194,0.000468012171078058
3509,125,509,4558,2.1282891155592,35,6.91714847750667,0.307683017428354,0.282258064516129,0.0254249529122252
3510,125,510,4559,1.57202568591758,35,6.09129947746687,0.258077228304547,0.282258064516129,-0.0241808362115822
3511,125,511,4560,1.84929809832633,41,6.53537519014332,0.282967395829922,0.330645161290323,-0.047677765460401
3512,125,512,4561,2.14291939991455,46,6.33046446527033,0.338509032263091,0.370967741935484,-0.0324587096723924
3513,125,513,4562,1.76679730766652,36,5.92359513833541,0.298264359127522,0.290322580645161,0.00794177848236061
3514,125,514,4563,2.0748496617865,45,6.2987007683894,0.329409149296204,0.362903225806452,-0.0334940765102473
3515,125,515,4564,2.36432841536961,49,6.4113011610958,0.368775129410004,0.395161290322581,-0.0263861609125765
3516,125,516,4565,1.86484536026447,47,5.77482700284612,0.32292661916026,0.379032258064516,-0.0561056389042564
3517,125,517,4566,1.57461028033359,37,6.47653413880644,0.243125450524341,0.298387096774194,-0.0552616462498523
3518,125,518,4567,1.87629510394667,40,6.08805048431893,0.30819309215314,0.32258064516129,-0.0143875530081503
3519,125,519,4568,1.64787575977625,43,5.89777955488888,0.279406129788331,0.346774193548387,-0.0673680637600558
3520,125,520,4569,2.20852995547584,49,6.04092937929797,0.36559440059743,0.395161290322581,-0.0295668897251506
3521,125,521,4570,1.76791051976448,37,6.27060773547877,0.281936072920291,0.298387096774194,-0.016451023853903
3522,125,522,4571,1.7402734359244,50,5.4520604165443,0.319195552316979,0.403225806451613,-0.084030254134634
3523,125,523,4572,2.22077381787835,38,6.98792695720078,0.317801521320988,0.306451612903226,0.0113499084177621
3524,125,524,4573,1.66111890504728,39,5.536237736644,0.30004472063265,0.314516129032258,-0.0144714083996086
3525,125,525,4574,2.10588840370965,46,5.63385143380857,0.373791966020311,0.370967741935484,0.00282422408482746
3526,125,526,4575,2.02425831241398,35,6.56045224287871,0.308554690663481,0.282258064516129,0.0262966261473517
3527,125,527,4576,2.04793060816993,41,6.86911581784041,0.298135984670846,0.330645161290323,-0.0325091766194768
3528,125,528,4577,1.80844775191554,41,5.73032092056859,0.315592752479925,0.330645161290323,-0.0150524088103974
3529,125,529,4578,1.88599484232337,39,6.36282023350015,0.296408632196402,0.314516129032258,-0.0181074968358556
3530,125,530,4579,2.1911763436302,46,6.18040891222382,0.354535820323541,0.370967741935484,-0.0164319216119427
3531,125,531,4580,1.90960376247295,37,6.19706209510874,0.308146623862326,0.298387096774194,0.00975952708813271
3532,125,532,4581,1.896986900838,42,6.11693592813499,0.310120446433444,0.338709677419355,-0.028589230985911
3533,125,533,4582,1.79168515353749,34,6.13186396690155,0.292192580136906,0.274193548387097,0.0179990317498093
3534,125,534,4583,1.95660532406524,41,6.33462782284236,0.308874550926231,0.330645161290323,-0.0217706103640915
3535,125,535,4584,1.99137356524407,53,5.49571639354415,0.362350132838615,0.42741935483871,-0.0650692220000952
3536,125,536,4585,1.85906700779058,37,6.24786634074588,0.297552301281887,0.298387096774194,-0.000834795492306528
3537,125,537,4586,1.42006214969808,35,5.93014206917386,0.239465114517216,0.282258064516129,-0.0427929499989126
3538,125,538,4587,2.1110965020636,45,6.29118432159355,0.335564242620833,0.362903225806452,-0.0273389831856189
3539,125,539,4588,2.08615774451113,38,5.9335161276704,0.35158878810197,0.306451612903226,0.0451371751987441
3540,125,540,4589,1.90142407194946,42,5.94625725076858,0.319768215830839,0.338709677419355,-0.0189414615885162
3541,125,541,4590,2.46597324685141,46,6.37352720115,0.386908719304825,0.370967741935484,0.0159409773693412
3542,125,542,4591,2.00091872178219,39,6.21928552341054,0.321728068963928,0.314516129032258,0.00721193993167002
3543,125,543,4592,1.86029829855756,40,6.18630490909961,0.300712351863096,0.32258064516129,-0.0218682932981948
3544,125,544,4593,1.94686571885101,45,5.83555744623259,0.333621207020745,0.362903225806452,-0.029282018785707
3545,125,545,4594,1.96489471232296,43,6.32739420265944,0.31053774261403,0.346774193548387,-0.0362364509343573
3546,125,546,4595,2.00717263063921,44,6.05835352243664,0.331306620388825,0.354838709677419,-0.0235320892885948
3547,125,547,4596,1.8148849581835,41,5.5800297285907,0.325246467574264,0.330645161290323,-0.00539869371605817
3548,125,548,4597,1.84364240559058,36,6.72961836465002,0.273959429152036,0.290322580645161,-0.0163631514931252
3549,125,549,4598,1.9739842255687,39,6.55893118008938,0.300961265085541,0.314516129032258,-0.013554863946717
3550,125,550,4599,1.96544268981525,43,6.53640033221012,0.30069190837806,0.346774193548387,-0.0460822851703266
3551,125,551,4600,1.52929053539035,32,6.57151168872613,0.232715181502904,0.258064516129032,-0.0253493346261286
3552,125,552,4601,1.76246244176199,36,6.049777265674,0.291326831445857,0.290322580645161,0.00100425080069605
3553,125,553,4602,1.90261427857668,36,6.62525304866754,0.287176091931964,0.290322580645161,-0.00314648871319734
3554,125,554,4603,1.97644576709088,41,5.79018849345744,0.341343942312784,0.330645161290323,0.0106987810224612
3555,125,555,4604,1.62676247593369,37,6.16307455947618,0.26395307410851,0.298387096774194,-0.034434022665684
3556,125,556,4605,2.01010575201714,60,5.40576756128312,0.371844650963871,0.483870967741935,-0.112026316778064
3557,125,557,4606,1.95045024886189,40,5.97183227501796,0.3266083438112,0.32258064516129,0.00402769864990948
3558,125,558,4607,1.73586153301447,37,5.70464153551683,0.304289326894087,0.298387096774194,0.0059022301198936
3559,125,559,4608,2.02884096389178,50,6.12233490984454,0.331383531572156,0.403225806451613,-0.0718422748794567
3560,125,560,4609,1.67847781701698,41,5.69367427195704,0.294796951291007,0.330645161290323,-0.0358482099993154
3561,125,561,4610,1.82685351587057,36,6.24624745377162,0.292472164990434,0.290322580645161,0.00214958434527229
3562,125,562,4611,1.71793891895757,38,6.0367052636297,0.284582208992032,0.306451612903226,-0.021869403911194
3563,125,563,4612,2.02817845933561,45,6.0571814144787,0.334838651932661,0.362903225806452,-0.0280645738737909
3564,125,564,4613,1.91467235781495,38,6.13638376820107,0.312019656876227,0.306451612903226,0.00556804397300126
3565,125,565,4614,1.90768670691621,40,6.06688337448814,0.314442620561692,0.32258064516129,-0.00813802459959784
3566,125,566,4615,2.46084733462222,52,5.94550272216346,0.413900632060725,0.419354838709677,-0.00545420664895224
3567,125,567,4616,2.04727082196673,37,6.57881043279231,0.311191642148866,0.298387096774194,0.0128045453746724
3568,125,568,4617,1.80413153456449,35,5.90287278522388,0.305636187701793,0.282258064516129,0.0233781231856638
3569,125,569,4618,2.50544575998806,56,6.41469518983395,0.390579082223378,0.451612903225806,-0.0610338210024282
3570,125,570,4619,2.3871031753877,45,6.65522755225011,0.358680925129393,0.362903225806452,-0.00422230067705859
3571,125,571,4620,1.86038057823886,43,5.76159918488607,0.322893092445418,0.346774193548387,-0.0238811011029695
3572,125,572,4621,1.96248931801764,51,6.33281567433432,0.309892063647334,0.411290322580645,-0.101398258933312
3573,125,573,4622,1.81290637315872,42,5.38997935621783,0.336347554108416,0.338709677419355,-0.00236212331093832
3574,125,574,4623,2.26055247043165,46,6.2850708178908,0.359670166960866,0.370967741935484,-0.0112975749746178
3575,125,575,4624,1.98421158111357,42,6.51272322483605,0.304666959214058,0.338709677419355,-0.034042718205297
3576,125,576,4625,2.13427300740341,47,6.03791732844488,0.353478342167549,0.379032258064516,-0.0255539158969675
3577,125,577,4626,1.75262733981776,38,5.79546097876015,0.302413793525828,0.306451612903226,-0.004037819377398
3578,125,578,4627,2.07021354843963,49,6.01766027769294,0.344023001117855,0.395161290322581,-0.0511382892047252
3579,125,579,4628,2.26226784798617,48,6.35858816000882,0.355781470832517,0.387096774193548,-0.0313153033610312
3580,125,580,4629,2.43235842621656,48,6.84161304440959,0.3555241155014,0.387096774193548,-0.0315726586921479
3581,125,581,4630,1.90428290137326,41,6.41871336828346,0.296676731318588,0.330645161290323,-0.0339684299717348
3582,125,582,4631,1.597803839747,35,6.28830443499489,0.254091362189004,0.282258064516129,-0.0281667023271254
3583,125,583,4632,1.86729735223749,42,6.00569257083848,0.310921235180173,0.338709677419355,-0.0277884422391818
3584,125,584,4633,2.11542615268637,51,5.85325988287886,0.361409914306747,0.411290322580645,-0.0498804082738984
3585,125,585,4634,2.08909554514594,46,6.58127928894964,0.317430009185853,0.370967741935484,-0.0535377327496314
3586,125,586,4635,1.99925699102971,40,5.72653982760343,0.34912129334939,0.32258064516129,0.0265406481881
3587,125,587,4636,1.78935399475917,37,6.4217139429604,0.27864118686269,0.298387096774194,-0.0197459099115037
3588,125,588,4637,1.79497579861726,36,6.22766587718611,0.288226092088983,0.290322580645161,-0.00209648855617872
3589,125,589,4638,1.74888063636202,38,6.00941203504656,0.291023585362867,0.306451612903226,-0.0154280275403585
3590,125,590,4639,2.20386053174831,46,6.40745472835932,0.343952571680928,0.370967741935484,-0.0270151702545564
3591,125,591,4640,2.17849882913906,43,6.50054993250781,0.335125312743907,0.346774193548387,-0.0116488808044804
3592,125,592,4641,1.8295823423382,34,5.74720552095699,0.318342946962083,0.274193548387097,0.0441493985749858
3593,125,593,4642,2.08232604861588,49,6.38836297538458,0.325956126262616,0.395161290322581,-0.0692051640599646
3594,125,594,4643,2.40030006028794,46,6.38944675737127,0.375666337233158,0.370967741935484,0.0046985952976738
3595,125,595,4644,2.03991799795766,45,5.91880340033176,0.344650406506714,0.362903225806452,-0.0182528192997381
3596,125,596,4645,2.21072087511668,50,6.11340795588506,0.361618411705787,0.403225806451613,-0.0416073947458256
3597,125,597,4646,1.76502124397869,40,6.03793081693613,0.29232220399543,0.32258064516129,-0.0302584411658607
3598,125,598,4647,1.86166013696195,41,5.62938464234082,0.330704020997192,0.330645161290323,5.88597068691965e-05
3599,125,599,4648,1.6790323337594,38,6.2893779183714,0.266963180707414,0.306451612903226,-0.0394884321958122
3600,125,600,4649,1.86670907840358,45,5.57747857959874,0.334686911256211,0.362903225806452,-0.0282163145502402
3601,125,601,4650,1.85879697405593,40,6.03164694199215,0.308174034709333,0.32258064516129,-0.0144066104519572
3602,125,602,4651,1.88996417352504,34,6.17699598635925,0.305968172506291,0.274193548387097,0.0317746241191946
3603,125,603,4652,1.90745572047768,38,6.29892854426861,0.302822250970488,0.306451612903226,-0.00362936193273777
3604,125,604,4653,1.80803279724304,42,5.84023953006657,0.309581959427345,0.338709677419355,-0.02912771799201
3605,125,605,4654,1.79591778147203,44,5.69430562788666,0.315388371968814,0.354838709677419,-0.0394503377086052
3606,125,606,4655,1.82681232073083,52,5.30936329274322,0.344073709031683,0.419354838709677,-0.075281129677994
3607,125,607,4656,2.2626613742388,46,5.7454461571826,0.393818219218738,0.370967741935484,0.0228504772832543
3608,125,608,4657,2.07532773534754,42,6.16759901898439,0.336488758260631,0.338709677419355,-0.00222091915872391
3609,125,609,4658,2.19771327419428,39,6.58080792532956,0.333957972809883,0.314516129032258,0.0194418437776254
3610,125,610,4659,1.95540572428368,40,5.94651472113085,0.328832234676083,0.32258064516129,0.00625158951479299
3611,125,611,4660,1.58201376274842,39,5.99750904399989,0.263778470552057,0.314516129032258,-0.0507376584802009
3612,125,612,4661,2.21862892480218,44,6.48075566137413,0.34234108501041,0.354838709677419,-0.0124976246670093
3613,125,613,4662,1.79541337337432,42,5.69201010892357,0.315426947425758,0.338709677419355,-0.0232827299935967
3614,125,614,4663,2.152528509491,42,5.92422235228119,0.363343639298438,0.338709677419355,0.0246339618790832
3615,125,615,4664,2.79639556758134,45,6.58667772380145,0.424553270228534,0.362903225806452,0.0616500444220824
3616,125,616,4665,2.51521586468563,52,6.54603710905167,0.384234892467637,0.419354838709677,-0.0351199462420405
3617,125,617,4666,2.45534828857604,51,6.49154841439257,0.378237691816675,0.411290322580645,-0.0330526307639701
3618,125,618,4667,1.98669771422191,44,6.05404379986116,0.328160446124865,0.354838709677419,-0.0266782635525549
3619,125,619,4668,2.12005829460803,51,6.24101466604379,0.339697694694242,0.411290322580645,-0.0715926278864035
3620,125,620,4669,2.01146867002548,36,6.54384840091674,0.307383140132601,0.290322580645161,0.0170605594874394
3621,125,621,4670,2.01890314408749,46,6.24762231028332,0.323147438148503,0.370967741935484,-0.0478203037869806
3622,125,622,4671,1.87583632966619,33,6.54702810328971,0.286517225842307,0.266129032258065,0.0203881935842423
3623,125,623,4672,1.91369763207482,38,6.47273584726871,0.295655141385438,0.306451612903226,-0.0107964715177882
3624,125,624,4673,1.66915253976689,39,5.87556241507643,0.28408387518511,0.314516129032258,-0.0304322538471484
3625,125,625,4674,2.02674651563207,42,6.47380556436701,0.313068796317834,0.338709677419355,-0.0256408811015211
3626,125,626,4675,2.18310026285981,41,5.91623218279888,0.36900178955232,0.330645161290323,0.0383566282619973
3627,125,627,4676,1.80191842658712,50,5.66078255270322,0.318316135589177,0.403225806451613,-0.0849096708624362
3628,125,628,4677,1.66920182154196,36,5.84110305084561,0.285768254217037,0.290322580645161,-0.00455432642812409
3629,125,629,4678,2.12431590493091,44,6.14558066251564,0.345665612671552,0.354838709677419,-0.00917309700586694
3630,125,630,4679,1.73601985033517,40,5.82044180503998,0.298262556088428,0.32258064516129,-0.0243180890728626
3631,125,631,4680,1.93146105437391,38,5.55587182623638,0.347643198904087,0.306451612903226,0.0411915860008612
3632,125,632,4681,1.64402668964169,33,6.13855646213811,0.267819755309224,0.266129032258065,0.0016907230511598
3633,125,633,4682,1.96500896729473,46,5.79124655901244,0.339306735997408,0.370967741935484,-0.0316610059380759
3634,125,634,4683,1.85505953565529,46,5.848444476015,0.317188535047748,0.370967741935484,-0.0537792068877358
3635,125,635,4684,1.72903488953604,42,5.67770642250409,0.304530520049938,0.338709677419355,-0.0341791573694173
3636,125,636,4685,1.88087097435371,35,6.52500577521142,0.288255832891238,0.282258064516129,0.00599776837510924
3637,125,637,4686,1.93072940908163,42,5.8483307790732,0.330133414476191,0.338709677419355,-0.00857626294316421
3638,125,638,4687,1.97262639874081,38,5.90548611526026,0.33403285694693,0.306451612903226,0.0275812440437039
3639,125,639,4688,2.14995607236615,45,6.14011992080234,0.35014887332774,0.362903225806452,-0.0127543524787117
3640,125,640,4689,1.93111160923225,38,5.88197929563316,0.328309827725154,0.306451612903226,0.0218582148219286
3641,125,641,4690,2.15220033114244,47,6.41362425117426,0.335566950425635,0.379032258064516,-0.0434653076388814
3642,125,642,4691,1.98413694065283,48,6.03015898715819,0.329035593402802,0.387096774193548,-0.0580611807907462
3643,125,643,4692,1.92458403179974,41,6.13503717907373,0.313703727560835,0.330645161290323,-0.0169414337294878
3644,125,644,4693,1.85329078056487,44,5.82098807678159,0.318380789673349,0.354838709677419,-0.0364579200040708
3645,125,645,4694,1.75381023388773,37,6.77075241848671,0.259027376204034,0.298387096774194,-0.0393597205701594
3646,125,646,4695,1.89418392722797,45,6.01864960005961,0.314719090343657,0.362903225806452,-0.0481841354627947
3647,125,647,4696,2.05681038176902,40,6.03317768936817,0.340916592825301,0.32258064516129,0.018335947664011
3648,125,648,4697,2.17620507993659,51,6.10861242246829,0.356251948794822,0.411290322580645,-0.0550383737858232
3649,125,649,4698,2.48669750102545,39,6.36965424367409,0.390397564121328,0.314516129032258,0.0758814350890704
3650,125,650,4699,2.21784023145022,44,6.39464120571556,0.346827939223221,0.354838709677419,-0.00801077045419807
3651,125,651,4700,1.94435323651343,35,6.66901276049229,0.291550384793371,0.282258064516129,0.00929232027724164
3652,125,652,4701,2.02737171037502,39,6.53040179141663,0.310451297658244,0.314516129032258,-0.00406483137401364
3653,125,653,4702,1.94348537632835,45,6.5347549417115,0.297407537645067,0.362903225806452,-0.0654956881613848
3654,125,654,4703,1.71842433571978,40,5.78494967375085,0.29705087038477,0.32258064516129,-0.02552977477652
3655,125,655,4704,2.087750457381,47,6.27486546236224,0.332716369761822,0.379032258064516,-0.046315888302694
3656,125,656,4705,1.96813805649688,39,6.68871941877977,0.294247363848299,0.314516129032258,-0.0202687651839587
3657,125,657,4706,1.7122303886286,39,5.73135708201395,0.298747812102284,0.314516129032258,-0.015768316929974
3658,125,658,4707,1.96244049360989,40,5.99925661903806,0.327113943981371,0.32258064516129,0.00453329882008113
3659,125,659,4708,2.11894056396884,44,6.22601306235831,0.340336671758639,0.354838709677419,-0.0145020379187807
3660,125,660,4709,1.60886150026447,38,6.24824994537949,0.257489939475645,0.306451612903226,-0.0489616734275808
3661,125,661,4710,2.49207958652105,53,6.16065915735264,0.404515088867853,0.42741935483871,-0.0229042659708571
3662,125,662,4711,1.84357297925325,34,6.11341871938704,0.301561706121464,0.274193548387097,0.0273681577343671
3663,125,663,4712,2.17851616850451,36,6.53370720405777,0.333427271909512,0.290322580645161,0.0431046912643511
3664,125,664,4713,1.5862010814384,37,5.42200258110184,0.292548935141978,0.298387096774194,-0.00583816163221507
3665,125,665,4714,1.80103426771153,43,6.10963129277455,0.294786081418938,0.346774193548387,-0.0519881121294493
3666,125,666,4715,2.33597874692994,48,6.17264774331851,0.378440313471392,0.387096774193548,-0.00865646072215631
3667,125,667,4716,2.48095811448533,51,5.85856184322608,0.423475620958737,0.411290322580645,0.0121852983780921
3668,125,668,4717,1.8435368564441,39,6.54916191547086,0.281492026039115,0.314516129032258,-0.0330241029931433
3669,125,669,4718,1.94413217242302,45,5.94053321978606,0.327265600661524,0.362903225806452,-0.0356376251449279
3670,125,670,4719,2.02819036789391,39,6.10035594610303,0.332470823967172,0.314516129032258,0.0179546949349136
3671,125,671,4720,2.3548843065002,40,5.95025404790719,0.395761977142548,0.32258064516129,0.0731813319812581
3672,125,672,4721,2.04670832990445,47,6.11893896899734,0.334487456121797,0.379032258064516,-0.0445448019427193
3673,125,673,4722,1.8052468412101,43,6.43677158070474,0.280458428355858,0.346774193548387,-0.0663157651925295
3674,125,674,4723,2.08502583506528,44,6.17622663252838,0.337588945341491,0.354838709677419,-0.0172497643359288
3675,125,675,4724,1.91103135238458,40,6.39178956956809,0.298982207030592,0.32258064516129,-0.0235984381306986
3676,125,676,4725,1.73805221030397,40,5.59883349619631,0.310431130249677,0.32258064516129,-0.0121495149116133
3677,125,677,4726,1.9799918421504,42,5.81496103281382,0.340499589073307,0.338709677419355,0.0017899116539522
3678,125,678,4727,2.24064224586616,47,6.0459575911799,0.370601713967512,0.379032258064516,-0.00843054409700367
3679,125,679,4728,1.905328889546,46,5.72434530353802,0.332846603150998,0.370967741935484,-0.0381211387844859
3680,125,680,4729,1.84312029091069,37,6.21054707552526,0.296772614150873,0.298387096774194,-0.00161448262332009
3681,125,681,4730,2.09128818101881,41,5.94273269016518,0.351906823014225,0.330645161290323,0.021261661723902
3682,125,682,4731,1.99230766759751,37,6.3756635199044,0.312486325756944,0.298387096774194,0.0140992289827503
3683,125,683,4732,2.32914926878924,51,6.04545622323191,0.385272704455062,0.411290322580645,-0.0260176181255833
3684,125,684,4733,1.46891163905683,36,5.65501251376072,0.259753914864454,0.290322580645161,-0.030568665780707
3685,125,685,4734,1.86540986654467,38,5.9273920332185,0.314710053947922,0.306451612903226,0.00825844104469586
3686,125,686,4735,2.08076100855104,48,6.30202954368485,0.330173159952279,0.387096774193548,-0.0569236142412696
3687,125,687,4736,1.69001423089379,40,5.82349789434989,0.290206034509515,0.32258064516129,-0.0323746106517757
3688,125,688,4737,2.15649352074334,43,6.38579231792693,0.337701793822732,0.346774193548387,-0.00907239972565527
3689,125,689,4738,1.8059868838068,46,5.80969199366826,0.310857595510238,0.370967741935484,-0.0601101464252456
3690,125,690,4739,1.90122011140896,45,5.76359335912535,0.329867149353764,0.362903225806452,-0.0330360764526877
3691,125,691,4740,1.98750765078184,33,6.75787184432644,0.29410259569371,0.266129032258065,0.0279735634356452
3692,125,692,4741,2.00990836107095,42,6.45127782816697,0.311551976927032,0.338709677419355,-0.0271577004923229
3693,125,693,4742,1.6726264640848,37,5.87358783647301,0.284770826733594,0.298387096774194,-0.0136162700405993
3694,125,694,4743,1.75546759567103,39,6.14549753459331,0.28565101292278,0.314516129032258,-0.0288651161094778
3695,125,695,4744,2.07879410511399,41,6.20628235434619,0.33494997269311,0.330645161290323,0.00430481140278788
3696,125,696,4745,1.93389095324692,44,5.99105411166743,0.322796442362407,0.354838709677419,-0.0320422673150124
3697,125,697,4746,2.02709751940727,43,5.93009513885492,0.341832208749132,0.346774193548387,-0.00494198479925467
3698,125,698,4747,1.90706438936524,40,6.0353776362174,0.315980955014517,0.32258064516129,-0.00659969014677297
3699,125,699,4748,1.74669327749305,35,6.11693708820744,0.285550309297837,0.282258064516129,0.0032922447817082
3700,125,700,4749,2.3436843504099,54,5.8144401811182,0.403079965982069,0.435483870967742,-0.0324039049856728
3701,125,701,4750,2.09284696050978,46,6.59585794998358,0.317297154726474,0.370967741935484,-0.0536705872090102
3702,125,702,4751,2.58703597176387,48,6.77513179736736,0.381842899760138,0.387096774193548,-0.00525387443341074
3703,125,703,4752,1.79484213814038,38,6.24525286293908,0.287393029158424,0.306451612903226,-0.0190585837448015
3704,125,704,4753,1.78800144786223,40,5.89030074092459,0.303550111701354,0.32258064516129,-0.0190305334599362
3705,125,705,4754,1.99408885789464,45,6.35140734061653,0.313960158899378,0.362903225806452,-0.0489430669070733
3706,125,706,4755,1.8658008199577,41,6.42974019834459,0.290182925344025,0.330645161290323,-0.040462235946298
3707,125,707,4756,1.56616016192389,33,5.9882137527905,0.261540457067695,0.266129032258065,-0.0045885751903692
3708,125,708,4757,2.23044244919545,52,5.75222246509165,0.387753161970225,0.419354838709677,-0.0316016767394525
3709,125,709,4758,1.85499763867608,36,6.35420609336175,0.291932243213515,0.290322580645161,0.0016096625683536
3710,125,710,4759,1.8066080335055,39,5.76347783549265,0.313457964977335,0.314516129032258,-0.00105816405492337
3711,125,711,4760,1.93772063183269,39,5.8818408097291,0.329441189334387,0.314516129032258,0.0149250603021291
3712,125,712,4761,1.92220068997094,44,6.56055395873313,0.292993656032992,0.354838709677419,-0.0618450536444276
3713,125,713,4762,2.43008791673162,45,6.72617106294707,0.361288449846067,0.362903225806452,-0.00161477596038423
3714,125,714,4763,1.66550620334471,36,5.9699970398181,0.278979401871773,0.290322580645161,-0.0113431787733882
3715,125,715,4764,2.23809146800567,45,6.52502736973547,0.343001085081487,0.362903225806452,-0.0199021407249644
3716,125,716,4765,1.65924292004088,41,5.6350015534552,0.294452965860052,0.330645161290323,-0.036192195430271
3717,125,717,4766,2.35400561607225,50,6.35282199329594,0.370544872586767,0.403225806451613,-0.0326809338648459
3718,125,718,4767,1.83522461662089,39,6.1094242568412,0.300392400243909,0.314516129032258,-0.014123728788349
3719,125,719,4768,2.22686828837836,51,5.95055391419061,0.374228739120879,0.411290322580645,-0.037061583459766
3720,125,720,4769,1.69483624291906,36,5.73952045577497,0.295292308125456,0.290322580645161,0.0049697274802944
3721,125,721,4770,1.83186904184067,32,6.18240939217676,0.296303419207199,0.258064516129032,0.0382389030781666
3722,125,722,4771,1.91552615080366,48,5.47804819282423,0.349673110454347,0.387096774193548,-0.0374236637392015
3723,125,723,4772,1.75878760211259,40,5.92039068970965,0.29707289506579,0.32258064516129,-0.0255077500955003
3724,125,724,4773,1.92603689678758,40,6.16513923474053,0.312407688367258,0.32258064516129,-0.010172956794032
3725,125,725,4774,2.18905545465395,48,5.67821212363582,0.385518435555076,0.387096774193548,-0.00157833863847223
3726,125,726,4775,1.79545159526935,43,5.9116197023186,0.303715679573427,0.346774193548387,-0.0430585139749602
3727,125,727,4776,1.98255849494709,37,6.65918766327737,0.297717769072656,0.298387096774194,-0.000669327701537215
3728,125,728,4777,1.73422694614471,41,5.74294827484942,0.301975024525217,0.330645161290323,-0.0286701367651057
3729,125,729,4778,2.01004481852174,40,6.19771553296404,0.324320277016723,0.32258064516129,0.00173963185543236
3730,125,730,4779,1.8114544717358,43,6.06896455124474,0.298478341147053,0.346774193548387,-0.0482958524013344
3731,125,731,4780,1.77740644091744,36,6.05471741296061,0.293557290900606,0.290322580645161,0.00323471025544481
3732,125,732,4781,1.92723849009945,40,6.65693485986026,0.289508389472194,0.32258064516129,-0.033072255689096
3733,125,733,4782,1.8470866071046,36,6.46146053345062,0.285862089158069,0.290322580645161,-0.00446049148709243
3734,125,734,4783,1.8734866544328,37,6.08453228336261,0.307909723735975,0.298387096774194,0.00952262696178174
3735,125,735,4784,2.17968201882277,49,6.39125351203601,0.341041395826029,0.395161290322581,-0.0541198944965515
3736,125,736,4785,1.79916532820595,43,5.58166654331106,0.322334792708465,0.346774193548387,-0.0244394008399221
3737,125,737,4786,2.06312250514887,39,6.54053917551328,0.315436151330286,0.314516129032258,0.000920022298027623
3738,125,738,4787,1.96584804609592,39,6.23843977555484,0.315118541946825,0.314516129032258,0.000602412914566475
3739,125,739,4788,2.34369011999378,53,6.11959781609298,0.382981070068114,0.42741935483871,-0.0444382847705958
3740,125,740,4789,2.09807912492494,38,6.33771004681033,0.33104687804089,0.306451612903226,0.0245952651376639
3741,125,741,4790,1.70201655360971,33,5.96936160032926,0.285125389876839,0.266129032258065,0.0189963576187744
3742,125,742,4791,1.77164026170621,33,6.22003034819912,0.284828234354058,0.266129032258065,0.0186992020959932
3743,125,743,4792,2.20158657128357,44,6.06357822889306,0.36308372518276,0.354838709677419,0.0082450155053404
3744,125,744,4793,2.6122535612206,47,6.78009009780916,0.385283015938784,0.379032258064516,0.00625075787426765
3745,125,745,4794,1.63775512292372,36,5.77999350010282,0.283348955824013,0.290322580645161,-0.00697362482114805
3746,125,746,4795,1.79475178229121,37,6.37408200768728,0.28157023711441,0.298387096774194,-0.0168168596597831
3747,125,747,4796,2.10511198382729,34,7.1294532349515,0.295269765359729,0.274193548387097,0.0210762169726321
3748,125,748,4797,1.9334721195079,42,6.1423772033466,0.314775868609058,0.338709677419355,-0.0239338088102967
3749,125,749,4798,1.86222522134382,40,6.28844795297785,0.296134314105594,0.32258064516129,-0.0264463310556959
3750,125,750,4799,2.33131984652131,44,6.44625290106414,0.361655039338661,0.354838709677419,0.00681632966124174
3751,125,751,4800,2.08851134110399,47,6.05697209448008,0.344811121551529,0.379032258064516,-0.0342211365129874
3752,125,752,4801,2.07020830505204,42,6.42223892639107,0.322349935712432,0.338709677419355,-0.0163597417069232
3753,125,753,4802,2.02820080254012,38,6.20536375365199,0.32684639983377,0.306451612903226,0.020394786930544
3754,125,754,4803,1.99854761939627,36,6.13217481568928,0.325911716391867,0.290322580645161,0.0355891357467059
3755,125,755,4804,2.09682854994288,41,5.74071176037813,0.365255849355649,0.330645161290323,0.0346106880653266
3756,125,756,4805,2.4194900197605,47,6.67988157956123,0.362205525793083,0.379032258064516,-0.0168267322714336
3757,125,757,4806,1.88037947572961,39,6.40814746358266,0.293435737304075,0.314516129032258,-0.0210803917281832
3758,125,758,4807,1.74060496899493,34,6.43565876945755,0.270462594638411,0.274193548387097,-0.00373095374868615
3759,125,759,4808,2.08719676999681,50,5.91618008260226,0.352794664945146,0.403225806451613,-0.0504311415064671
3760,125,760,4809,2.01528358439646,38,6.44019656499889,0.312922682414556,0.306451612903226,0.00647106951133058
3761,125,761,4810,1.95167327597207,47,6.05597120314255,0.322272548944637,0.379032258064516,-0.0567597091198788
3762,125,762,4811,2.09336259574199,41,6.20919253210191,0.337139263264776,0.330645161290323,0.0064941019744531
3763,125,763,4812,1.85641156783069,37,6.15948970507738,0.301390481471285,0.298387096774194,0.00300338469709155
3764,125,764,4813,2.26184712511626,48,6.16116305086386,0.367113661242762,0.387096774193548,-0.0199831129507864
3765,125,765,4814,1.93126793102344,45,6.24846239202692,0.3090789077146,0.362903225806452,-0.0538243180918516
3766,125,766,4815,1.94090731356416,45,6.04071740820987,0.321304107178775,0.362903225806452,-0.0415991186276762
3767,125,767,4816,2.11568864094623,45,6.27346563647703,0.337243999336598,0.362903225806452,-0.0256592264698537
3768,125,768,4817,1.66245620151296,35,5.70983472499912,0.29115662389216,0.282258064516129,0.00889855937603062
3769,125,769,4818,1.7146456762971,33,6.13459116776895,0.279504473795389,0.266129032258065,0.0133754415373245
3770,125,770,4819,2.3919628105823,46,6.66278111025955,0.359003660933582,0.370967741935484,-0.0119640810019015
3771,125,771,4820,2.13716788611415,42,6.1312446954676,0.348569987378583,0.338709677419355,0.00986030995922821
3772,125,772,4821,1.81975305377997,29,6.61314931660825,0.275171928934048,0.233870967741935,0.0413009611921124
3773,125,773,4822,1.66510717706977,39,5.94542584126586,0.28006525041699,0.314516129032258,-0.0344508786152681
3774,125,774,4823,1.96169785637206,38,6.0731010647165,0.323014195790209,0.306451612903226,0.0165625828869835
3775,125,775,4824,2.02358928267274,43,5.84723290505622,0.346076394686264,0.346774193548387,-0.000697798862123511
3776,125,776,4825,2.26983174702823,57,6.10202904630941,0.371979833232859,0.459677419354839,-0.08769758612198
3777,125,777,4826,1.72850549329114,37,6.36858712678779,0.271411140160215,0.298387096774194,-0.0269759566139789
3778,125,778,4827,1.80903685677529,35,6.29639824230475,0.287312966422706,0.282258064516129,0.00505490190657676
3779,125,779,4828,2.3078311788738,48,6.23267191914804,0.370279586156889,0.387096774193548,-0.0168171880366595
3780,125,780,4829,2.18538516230377,41,5.85453627690683,0.373280659464697,0.330645161290323,0.0426354981743742
3781,125,781,4830,2.26548907829561,42,6.03283529335297,0.375526426320928,0.338709677419355,0.0368167489015732
3782,125,782,4831,1.55629307854407,34,5.95267016106544,0.261444534374388,0.274193548387097,-0.0127490140127085
3783,125,783,4832,2.15655641441608,54,5.97481224862238,0.360941285630075,0.435483870967742,-0.0745425853376671
3784,125,784,4833,2.13230283998056,37,6.79695858632292,0.313714261003628,0.298387096774194,0.0153271642294343
3785,125,785,4834,1.7413231165172,35,6.39928112073026,0.272112301939079,0.282258064516129,-0.01014576257705
3786,125,786,4835,1.9726242866098,37,5.57549793793383,0.353802352465906,0.298387096774194,0.0554152556917124
3787,125,787,4836,1.6005083159268,40,5.45330650259257,0.293493188979182,0.32258064516129,-0.029087456182108
3788,125,788,4837,1.61530048977718,41,5.63668106045734,0.286569431985233,0.330645161290323,-0.0440757293050893
3789,125,789,4838,1.80647004431667,32,6.77722324850231,0.266550175208686,0.258064516129032,0.00848565907965365
3790,125,790,4839,2.4599289508491,45,6.76793682362891,0.363468072317215,0.362903225806452,0.00056484651076355
3791,125,791,4840,2.28161686230119,50,6.05615435562106,0.376743512189958,0.403225806451613,-0.0264822942616552
3792,125,792,4841,2.22918521425056,43,5.54444428959221,0.402057464701213,0.346774193548387,0.055283271152826
3793,125,793,4842,1.80059029832617,49,5.50526644060452,0.327066876372373,0.395161290322581,-0.0680944139502076
3794,125,794,4843,1.94247146345826,42,5.96028031937932,0.32590270245218,0.338709677419355,-0.0128069749671753
3795,125,795,4844,1.86152161969975,48,5.79526837997598,0.321214048711142,0.387096774193548,-0.0658827254824062
3796,125,796,4845,1.90767346107059,46,6.15554130558582,0.309911568514612,0.370967741935484,-0.0610561734208714
3797,125,797,4846,1.90252994364367,46,5.64252425253968,0.337177096365576,0.370967741935484,-0.0337906455699075
3798,125,798,4847,2.49045970601036,45,6.69780780562179,0.371832064801859,0.362903225806452,0.00892883899540692
3799,125,799,4848,1.85263693057197,39,6.09600677102899,0.30390992007695,0.314516129032258,-0.0106062089553078
3800,125,800,4849,1.84522545025813,42,5.90863951676068,0.312292778231586,0.338709677419355,-0.0264168991877687
3801,125,801,4850,1.84144468012147,50,5.54023502693554,0.332376635859079,0.403225806451613,-0.070849170592534
3802,125,802,4851,2.30143350199486,43,6.58637298726147,0.349423500072954,0.346774193548387,0.0026493065245668
3803,125,803,4852,2.50859474903543,47,6.2115560787704,0.403859309522971,0.379032258064516,0.0248270514584553
3804,125,804,4853,1.79172942203855,34,6.67668774191096,0.268356030909083,0.274193548387097,-0.00583751747801387
3805,125,805,4854,2.06371747822524,46,6.32165232805276,0.326452226590721,0.370967741935484,-0.0445155153447627
3806,125,806,4855,2.29061767086594,46,6.27206654357145,0.365209401869901,0.370967741935484,-0.00575834006558307
3807,125,807,4856,2.16979834943138,50,6.01000177453959,0.36103123273996,0.403225806451613,-0.0421945737116525
3808,125,808,4857,2.01470790957258,43,5.87106849375051,0.343158645094525,0.346774193548387,-0.00361554845386247
3809,125,809,4858,1.89331917452823,43,5.84326287177638,0.324017456697554,0.346774193548387,-0.0227567368508332
3810,125,810,4859,1.76677239617857,36,6.60425256912385,0.267520416229775,0.290322580645161,-0.0228021644153862
3811,125,811,4860,2.13707069232397,46,6.01191409907485,0.355472592772547,0.370967741935484,-0.0154951491629364
3812,125,812,4861,2.13031989678409,48,5.90439875976154,0.360802171984421,0.387096774193548,-0.0262946022091272
3813,125,813,4862,1.71678204860067,38,5.86011068518498,0.292960686381041,0.306451612903226,-0.0134909265221846
3814,125,814,4863,1.86758926588282,39,5.93361332669648,0.314747382927731,0.314516129032258,0.000231253895472627
3815,125,815,4864,1.87605084502051,38,5.70336885699171,0.328937316182991,0.306451612903226,0.0224857032797651
3816,125,816,4865,2.24588863594404,43,6.28572397508011,0.357299914035028,0.346774193548387,0.0105257204866413
3817,125,817,4866,1.76934758659769,38,5.80097152948511,0.305008838192786,0.306451612903226,-0.00144277471043941
3818,125,818,4867,1.97398562184963,46,6.02363006529445,0.327706980749512,0.370967741935484,-0.0432607611859716
3819,125,819,4868,2.40536315376958,47,6.63591489479516,0.362476492225091,0.379032258064516,-0.0165557658394251
3820,125,820,4869,2.23495317258887,44,6.69086911049578,0.334030323367552,0.354838709677419,-0.0208083863098676
3821,125,821,4870,1.67573632303003,31,6.49262957749755,0.258098248641486,0.25,0.008098248641486
3822,125,822,4871,1.86777092735257,31,6.35860008073053,0.293739329984405,0.25,0.0437393299844048
3823,125,823,4872,2.11908713813968,41,6.08228771448787,0.348402975592894,0.330645161290323,0.0177578143025717
3824,125,824,4873,2.25573637547881,55,6.31937387394062,0.356955676381303,0.443548387096774,-0.086592710715471
3825,125,825,4874,1.57689517112604,43,5.90930672259331,0.266849436854755,0.346774193548387,-0.0799247566936321
3826,125,826,4875,1.59853822517983,37,6.26898074827411,0.254991726624766,0.298387096774194,-0.043395370149428
3827,125,827,4876,1.87860443879815,35,6.38065295614942,0.294421974006223,0.282258064516129,0.0121639094900938
3828,125,828,4877,1.94594651478053,44,5.79978105786497,0.335520685240639,0.354838709677419,-0.0193180244367808
3829,125,829,4878,1.89261873708866,37,6.29631658100159,0.300591419243343,0.298387096774194,0.00220432246914942
3830,125,830,4879,1.84585533110273,40,5.46589827971843,0.337703930194219,0.32258064516129,0.0151232850329282
3831,125,831,4880,1.96052272175662,42,6.30168107557341,0.311111066752648,0.338709677419355,-0.027598610666707
3832,125,832,4881,2.11001220941911,46,6.26808269585073,0.336628010797604,0.370967741935484,-0.0343397311378797
3833,125,833,4882,2.18174625803692,48,6.27342460966568,0.347775958712475,0.387096774193548,-0.039320815481073
3834,125,834,4883,1.63457082955417,37,5.34965879787172,0.305546744439937,0.298387096774194,0.00715964766574295
3835,125,835,4884,2.20292184169107,50,6.13473451184857,0.359090004210674,0.403225806451613,-0.0441358022409391
3836,125,836,4885,2.08836267810029,39,6.65785067527015,0.313669197456963,0.314516129032258,-0.000846931575295418
3837,125,837,4886,1.86054653224217,39,6.19595160867083,0.300284225854581,0.314516129032258,-0.0142319031776767
3838,125,838,4887,1.93316338209778,41,6.15346770275544,0.314158369797267,0.330645161290323,-0.0164867914930554
3839,125,839,4888,2.02358500978529,38,6.50709058980171,0.310981533430127,0.306451612903226,0.00452992052690127
3840,125,840,4889,1.82537071504908,36,6.27487174393147,0.290901677283592,0.290322580645161,0.000579096638430643
3841,125,841,4890,2.14965690129852,45,5.92073623186232,0.363072566842311,0.362903225806452,0.000169341035859305
3842,125,842,4891,2.17866287774075,44,7.03146853117536,0.309844645977043,0.354838709677419,-0.0449940637003765
3843,125,843,4892,1.77945725451036,37,6.3015250859868,0.282385173466576,0.298387096774194,-0.016001923307618
3844,125,844,4893,2.6841980373672,60,6.49882515102601,0.413028197403254,0.483870967741935,-0.0708427703386815
3845,125,845,4894,1.79901058433717,41,5.68782889522948,0.31629126288346,0.330645161290323,-0.0143538984068622
3846,125,846,4895,2.00558786602941,41,6.24150303191126,0.321330912726523,0.330645161290323,-0.00931424856379925
3847,125,847,4896,1.87488874369072,46,5.93608431598971,0.315846043264654,0.370967741935484,-0.0551216986708295
3848,125,848,4897,2.33408081141368,47,6.03003882916741,0.387075585670143,0.379032258064516,0.00804332760562682
3849,125,849,4898,2.18271650370069,49,6.23472234437342,0.350090410308408,0.395161290322581,-0.0450708800141729
3850,125,850,4899,1.74233879026616,33,5.77383837636973,0.301764385611647,0.266129032258065,0.0356353533535824
3851,125,851,4900,1.79287681256611,38,5.62211363403943,0.318897291885213,0.306451612903226,0.012445678981987
3852,125,852,4901,1.76974426986318,41,5.99485430990997,0.295210555315356,0.330645161290323,-0.035434605974967
3853,125,853,4902,2.05470738620162,38,5.99624006885957,0.34266596443868,0.306451612903226,0.0362143515354539
3854,125,854,4903,1.91023809820397,46,6.27431023428711,0.304453880486357,0.370967741935484,-0.0665138614491272
3855,125,855,4904,1.88398993033631,40,6.32864276925971,0.297692569959465,0.32258064516129,-0.0248880752018254
3856,125,856,4905,2.5351142497514,63,5.91129510848002,0.428859362158162,0.508064516129032,-0.0792051539708704
3857,125,857,4906,1.64616889783638,34,5.94999138783213,0.276667442108039,0.274193548387097,0.00247389372094203
3858,125,858,4907,2.13376769044285,38,6.45248246587495,0.330689420967456,0.306451612903226,0.0242378080642302
3859,125,859,4908,1.83552540873783,38,6.4063081540445,0.286518438483014,0.306451612903226,-0.0199331744202116
3860,125,860,4909,1.81606069562422,46,5.88778113801243,0.308445686593112,0.370967741935484,-0.0625220553423714
3861,125,861,4910,2.00669612219472,42,6.33444793716285,0.316791004062385,0.338709677419355,-0.0219186733569698
3862,125,862,4911,1.8921893849264,37,6.11842426157802,0.309260898563183,0.298387096774194,0.0108738017889894
3863,125,863,4912,2.16650762077647,40,6.08662060252729,0.355945895473901,0.32258064516129,0.0333652503126108
3864,125,864,4913,2.65384115195079,58,6.80731774127061,0.389851223759014,0.467741935483871,-0.0778907117248572
3865,125,865,4914,2.01491471956539,40,6.09850934447547,0.330394626908405,0.32258064516129,0.00781398174711445
3866,125,866,4915,1.79184950920786,45,5.72123375475175,0.313192850706309,0.362903225806452,-0.0497103751001423
3867,125,867,4916,2.20276287562592,46,6.42173213617304,0.343016935137789,0.370967741935484,-0.0279508067976953
3868,125,868,4917,2.21043636724943,52,6.25685021725709,0.353282608740226,0.419354838709677,-0.0660722299694515
3869,125,869,4918,1.81754822727407,40,5.74990185253886,0.316100739436367,0.32258064516129,-0.00647990572492352
3870,125,870,4919,1.89259257069752,38,6.25038651973589,0.302796085445526,0.306451612903226,-0.00365552745769948
3871,125,871,4920,1.60896203922643,34,5.87851918943387,0.27370192856024,0.274193548387097,-0.000491619826857081
3872,125,872,4921,1.99196508837522,40,6.35990651604726,0.313206661662261,0.32258064516129,-0.00937398349902924
3873,125,873,4922,2.22295360320996,43,6.85007145938132,0.324515388838109,0.346774193548387,-0.022258804710278
3874,125,874,4923,2.0396453748587,42,5.88462961068126,0.346605565651323,0.338709677419355,0.00789588823196863
3875,125,875,4924,1.73945205731196,41,5.67537996434385,0.306490854927819,0.330645161290323,-0.0241543063625035
3876,125,876,4925,2.12679056203779,44,6.27734507928531,0.338804149712274,0.354838709677419,-0.0160345599651452
3877,125,877,4926,1.90438796579339,42,5.8434804577401,0.325899603766262,0.338709677419355,-0.0128100736530928
3878,125,878,4927,1.69454298625446,41,6.15484789168705,0.275318418273695,0.330645161290323,-0.055326743016628
3879,125,879,4928,2.02296941392394,38,6.42536037388705,0.314841393510842,0.306451612903226,0.00838978060761636
3880,125,880,4929,2.05854160509705,40,6.32302816839382,0.325562618143447,0.32258064516129,0.00298197298215619
3881,125,881,4930,1.93987011596882,38,6.02475963369684,0.321982989183337,0.306451612903226,0.0155313762801115
3882,125,882,4931,2.08520859657933,43,6.21843664966327,0.335326821523903,0.346774193548387,-0.0114473720244844
3883,125,883,4932,1.73059100233522,38,6.08968956657586,0.28418378037426,0.306451612903226,-0.0222678325289661
3884,125,884,4933,1.80069252964484,45,6.17318317702581,0.291695949724336,0.362903225806452,-0.0712072760821156
3885,125,885,4934,1.72878455375805,34,6.33211063141352,0.273018690668729,0.274193548387097,-0.00117485771836823
3886,125,886,4935,1.88875465733338,39,6.34746006326882,0.297560699635298,0.314516129032258,-0.0169554293969602
3887,125,887,4936,1.8834383182922,39,6.16554701278911,0.305477894237998,0.314516129032258,-0.00903823479425975
3888,125,888,4937,1.8629341647997,42,6.18142670572445,0.301376082494756,0.338709677419355,-0.0373335949245988
3889,125,889,4938,3.25648510621883,62,6.65964795893457,0.488987575063924,0.5,-0.0110124249360763
3890,125,890,4939,1.76474295421577,36,6.68754853992327,0.263884881534784,0.290322580645161,-0.0264376991103777
3891,125,891,4940,2.11184711502136,40,5.94002092351361,0.355528565002456,0.32258064516129,0.0329479198411654
3892,125,892,4941,1.79649023562926,37,6.47287590863062,0.277541275468283,0.298387096774194,-0.0208458213059102
3893,125,893,4942,1.94993321405221,48,5.94330431611538,0.328089074753404,0.387096774193548,-0.0590076994401446
3894,125,894,4943,1.65220347147539,39,5.60348116558457,0.294853042716174,0.314516129032258,-0.0196630863160836
3895,125,895,4944,1.65334522601061,46,5.3753114470336,0.307581289438218,0.370967741935484,-0.0633864524972662
3896,125,896,4945,2.01712773444519,42,6.53727105391177,0.308558069232602,0.338709677419355,-0.0301516081867531
3897,125,897,4946,1.72563041420287,42,5.6580007551798,0.304989428045425,0.338709677419355,-0.0337202493739298
3898,125,898,4947,2.08241088416637,41,6.08722622434072,0.342095201890071,0.330645161290323,0.011450040599748
3899,125,899,4948,2.56112360822241,48,6.99704915132697,0.366029100672632,0.387096774193548,-0.0210676735209165
3900,125,900,4949,2.09385891878524,41,5.85045048534274,0.35789704126734,0.330645161290323,0.0272518799770173
3901,125,901,4950,1.75148391590429,39,5.97151753004301,0.293306334125704,0.314516129032258,-0.0212097949065543
3902,125,902,4951,2.25599619477395,43,6.62454824769227,0.340550949351127,0.346774193548387,-0.00622324419725989
3903,125,903,4952,1.92150309193193,38,6.26381693584681,0.306762332234756,0.306451612903226,0.00031071933153004
3904,125,904,4953,2.05474489533383,49,6.01804528756788,0.341430613621093,0.395161290322581,-0.0537306767014879
3905,125,905,4954,2.19557342816009,48,6.49332206286299,0.338127911553495,0.387096774193548,-0.0489688626400535
3906,125,906,4955,1.72060364706315,34,6.35362317690903,0.270806687641839,0.274193548387097,-0.00338686074525812
3907,125,907,4956,1.73738708983136,34,6.38392153373764,0.272150445560719,0.274193548387097,-0.00204310282637821
3908,125,908,4957,2.22130197683452,53,6.04177314959209,0.367657295604436,0.42741935483871,-0.059762059234274
3909,125,909,4958,2.19030497967913,51,6.20075975809663,0.353231711133325,0.411290322580645,-0.0580586114473204
3910,125,910,4959,2.20876363878341,55,6.09844286914594,0.362184853769523,0.443548387096774,-0.0813635333272513
3911,125,911,4960,2.06885366187739,47,5.73923762917982,0.360475344557748,0.379032258064516,-0.0185569135067684
3912,125,912,4961,2.13368703840223,42,6.40220707969711,0.333273668258662,0.338709677419355,-0.00543600916069259
3913,125,913,4962,1.76912916257741,43,6.15951777292674,0.287218777150601,0.346774193548387,-0.0595554163977859
3914,125,914,4963,2.70221057311474,48,6.70646218462193,0.402926386330929,0.387096774193548,0.0158296121373809
3915,125,915,4964,1.94360492956435,38,6.69570967512361,0.290276165465384,0.306451612903226,-0.016175447437842
3916,125,916,4965,1.80962613796266,34,5.94934936660464,0.304172107982193,0.274193548387097,0.029978559595096
3917,125,917,4966,2.04584412811812,40,6.68923014060459,0.305841492236834,0.32258064516129,-0.0167391529244564
3918,125,918,4967,1.93516421947937,41,6.37645351401639,0.303485976213203,0.330645161290323,-0.0271591850771195
3919,125,919,4968,1.74638321091347,40,6.02631446936892,0.289792910706891,0.32258064516129,-0.0327877344543995
3920,125,920,4969,1.82353754363383,37,6.47527805195626,0.281615326631869,0.298387096774194,-0.016771770142325
3921,125,921,4970,2.93304041017207,60,6.4724786095519,0.453155674526846,0.483870967741935,-0.0307152932150899
3922,125,922,4971,1.64172180358443,40,5.45536092074062,0.300937339882097,0.32258064516129,-0.0216433052791936
3923,125,923,4972,2.49390035836867,47,6.15159976504687,0.405406797194269,0.379032258064516,0.0263745391297526
3924,125,924,4973,2.27139398605162,39,5.99741104777064,0.378729082925863,0.314516129032258,0.064212953893605
3925,125,925,4974,2.1183664879074,52,5.71867537335121,0.370429574963967,0.419354838709677,-0.0489252637457101
3926,125,926,4975,1.96132610696232,45,6.20246179576743,0.316217361999833,0.362903225806452,-0.0466858638066189
3927,125,927,4976,1.70614972217378,39,6.08929827795865,0.280188232583302,0.314516129032258,-0.0343278964489556
3928,125,928,4977,1.82586841719958,37,6.10889138407142,0.29888703242628,0.298387096774194,0.000499935652086225
3929,125,929,4978,2.70657428848156,49,6.43383383871136,0.420678301046031,0.395161290322581,0.0255170107234508
3930,125,930,4979,1.97272422703551,46,5.84825366476219,0.337318512519707,0.370967741935484,-0.0336492294157771
3931,125,931,4980,1.62962655484589,38,5.75801684110232,0.283018719780943,0.306451612903226,-0.0234328931222826
3932,125,932,4981,1.9271860418952,45,5.76980264798995,0.334012471391302,0.362903225806452,-0.0288907544151498
3933,125,933,4982,2.07197232642345,43,6.23588898573707,0.332265749304154,0.346774193548387,-0.0145084442442327
3934,125,934,4983,1.89617279523702,43,6.23917225625887,0.303914159980894,0.346774193548387,-0.0428600335674929
3935,125,935,4984,2.2260839640445,48,6.08511641661214,0.365824383896316,0.387096774193548,-0.0212723902972324
3936,125,936,4985,1.68092277198126,40,6.17805327449661,0.272079682271471,0.32258064516129,-0.0505009628898189
3937,125,937,4986,1.97644966092248,47,5.9493363878824,0.33221346584942,0.379032258064516,-0.0468187922150956
3938,125,938,4987,2.566155726256,57,5.93692595392701,0.432236437875496,0.459677419354839,-0.0274409814793423
3939,125,939,4988,1.96789168580422,41,6.0151460930395,0.327156091533902,0.330645161290323,-0.00348906975642099
3940,125,940,4989,2.30395805789728,51,6.07866416439873,0.379023745281243,0.411290322580645,-0.0322665772994022
3941,125,941,4990,1.55787681473696,30,5.68915149108586,0.273832893565577,0.241935483870968,0.0318974096946094
3942,125,942,4991,1.84174297304148,48,5.75695156946882,0.319916356915161,0.387096774193548,-0.0671804172783875
3943,125,943,4992,2.08829365403374,42,6.26718248843407,0.333210921795821,0.338709677419355,-0.00549875562353408
3944,125,944,4993,1.94893239233588,50,5.95326021499975,0.327372283748891,0.403225806451613,-0.075853522702722
3945,125,945,4994,1.88879785754862,39,6.04302787197497,0.312558190622961,0.314516129032258,-0.00195793840929703
3946,125,946,4995,2.07030034275263,42,5.72135655238588,0.361854802055517,0.338709677419355,0.0231451246361621
3947,125,947,4996,1.91734572741185,44,6.31151932364485,0.303785131454624,0.354838709677419,-0.0510535782227958
3948,125,948,4997,1.81458876766726,38,5.92339403383951,0.306342741560122,0.306451612903226,-0.000108871343104222
3949,125,949,4998,2.145763781724,45,5.98332314384692,0.358624083997643,0.362903225806452,-0.00427914180880912
3950,125,950,4999,1.79108120781875,45,5.63895019897142,0.317626711465807,0.362903225806452,-0.0452765143406451
3951,125,951,5000,1.76770122928169,42,5.63226392526439,0.313852698086891,0.338709677419355,-0.0248569793324634
3952,125,952,5001,2.09280765586172,48,5.91073645465536,0.354068849443187,0.387096774193548,-0.0330279247503618
3953,125,953,5002,2.11026102345573,40,6.61185001681881,0.319163474381268,0.32258064516129,-0.00341717078002279
3954,125,954,5003,1.99415547083564,39,6.83863808166157,0.291601258470331,0.314516129032258,-0.0229148705619271
3955,125,955,5004,1.64515376876183,35,6.09147894500908,0.270074604806728,0.282258064516129,-0.0121834597094011
3956,125,956,5005,2.02516638689236,48,6.20890566961731,0.326171228015641,0.387096774193548,-0.0609255461779071
3957,125,957,5006,2.00168688079103,45,6.09624069472453,0.328347744294811,0.362903225806452,-0.034555481511641
3958,125,958,5007,1.6487276031446,35,6.25734809565263,0.263486636501823,0.282258064516129,-0.0187714280143062
3959,125,959,5008,1.91755210672348,40,6.42906756931543,0.298262864101094,0.32258064516129,-0.0243177810601966
3960,125,960,5009,2.14605114327719,46,6.26891761606296,0.342332006051304,0.370967741935484,-0.02863573588418
3961,125,961,5010,1.72498841746393,45,5.23689103310273,0.329391695675959,0.362903225806452,-0.0335115301304924
3962,125,962,5011,2.17729541498896,40,6.25520528716769,0.348077371570137,0.32258064516129,0.0254967264088471
3963,125,963,5012,1.95422992535407,36,6.07768504794345,0.321541822246175,0.290322580645161,0.031219241601014
3964,125,964,5013,2.04403404054664,42,6.08900938825228,0.335692377891594,0.338709677419355,-0.00301729952776125
3965,125,965,5014,1.80094949492404,41,5.70875623098513,0.315471430562952,0.330645161290323,-0.0151737307273709
3966,125,966,5015,2.05152314485872,41,5.84732547760473,0.350848118976114,0.330645161290323,0.020202957685791
3967,125,967,5016,1.71924415617921,37,6.40157045916231,0.268565997538701,0.298387096774194,-0.0298210992354926
3968,125,968,5017,2.03222222308198,37,6.6889976315776,0.303815658939421,0.298387096774194,0.00542856216522786
3969,125,969,5018,1.98560642981555,36,6.04915004587937,0.328245524537472,0.290322580645161,0.0379229438923104
3970,125,970,5019,2.21396533971492,41,5.919669382726,0.374001518763095,0.330645161290323,0.0433563574727724
3971,125,971,5020,1.70628459315761,37,6.65756960741798,0.256292415066369,0.298387096774194,-0.0420946817078243
3972,125,972,5021,2.29163788517349,50,6.0884834148362,0.376388950914986,0.403225806451613,-0.0268368555366266
3973,125,973,5022,1.5528558500712,35,5.91961028497731,0.262324000282925,0.282258064516129,-0.0199340642332038
3974,125,974,5023,1.9761060361029,38,6.03620757987771,0.327375427361121,0.306451612903226,0.0209238144578952
3975,125,975,5024,2.23144277977737,38,6.39706643040305,0.348822824345249,0.306451612903226,0.0423712114420234
3976,125,976,5025,1.59857153305246,41,5.67484219592063,0.281694446799172,0.330645161290323,-0.0489507144911502
3977,125,977,5026,1.83475651865185,38,6.27456277272742,0.292411851647525,0.306451612903226,-0.0140397612557006
3978,125,978,5027,1.65823052594718,41,5.49539236395971,0.301749250303274,0.330645161290323,-0.0288959109870486
3979,125,979,5028,1.86323031559562,42,6.31146431141956,0.295213634057061,0.338709677419355,-0.0434960433622935
3980,125,980,5029,2.0678273121373,48,6.56700319326752,0.31488142327344,0.387096774193548,-0.0722153509201083
3981,125,981,5030,2.26085839632107,46,6.43101910922435,0.351555229104856,0.370967741935484,-0.0194125128306279
3982,125,982,5031,2.28135407225901,39,6.35155157422416,0.359180594788397,0.314516129032258,0.0446644657561388
3983,125,983,5032,1.79639945254251,42,5.98743587895137,0.300028173806035,0.338709677419355,-0.0386815036133196
3984,125,984,5033,1.86572261155906,46,5.99408145853874,0.311260803588394,0.370967741935484,-0.05970693834709
3985,125,985,5034,2.32970250467043,48,5.80930247600357,0.401029644142942,0.387096774193548,0.0139328699493936
3986,125,986,5035,2.0685248127803,43,6.22620727133921,0.332228710454636,0.346774193548387,-0.0145454830937509
3987,125,987,5036,1.83224013393914,38,6.37915940662656,0.287222816855124,0.306451612903226,-0.019228796048102
3988,125,988,5037,1.85251032149589,40,5.25103679119004,0.352789438574102,0.32258064516129,0.0302087934128119
3989,125,989,5038,1.90502622122808,40,5.63777684750596,0.33790380016031,0.32258064516129,0.0153231549990197
3990,125,990,5039,1.73171764860615,35,6.43195711031207,0.269236504365019,0.282258064516129,-0.0130215601511098
3991,125,991,5040,2.2395178656711,47,6.13998095891818,0.364743454524602,0.379032258064516,-0.0142888035399143
3992,125,992,5041,1.96852447680369,43,6.17615791605394,0.318729621806921,0.346774193548387,-0.0280445717414661
3993,125,993,5042,1.72211513076505,45,5.28250552118998,0.326003470106571,0.362903225806452,-0.0368997556998808
3994,125,994,5043,1.86568581841257,42,5.91664045105127,0.315328577737231,0.338709677419355,-0.0233810996821237
3995,125,995,5044,1.71699329051188,42,5.48486221106258,0.31304219220837,0.338709677419355,-0.0256674852109846
3996,125,996,5045,2.09675399255688,40,6.99232244866567,0.299865174689848,0.32258064516129,-0.0227154704714427
3997,125,997,5046,1.99418181593781,43,6.05955754092519,0.329096935290976,0.346774193548387,-0.0176772582574108
3998,125,998,5047,1.92332707898651,41,6.25392634274249,0.307539131991613,0.330645161290323,-0.02310602929871
3999,125,999,5048,1.80606896125482,35,6.17748356375702,0.292363215962392,0.282258064516129,0.010105151446263
4000,125,1000,5049,1.80071599789391,42,5.98312838018752,0.300965629261238,0.338709677419355,-0.0377440481581168
4001,150,1,5050,2.15296226167954,47,6.28960180882171,0.342305018206371,0.315436241610738,0.0268687765956323
4002,150,2,5051,2.06668710152024,54,6.62696526339777,0.311860258712238,0.36241610738255,-0.0505558486703122
4003,150,3,5052,1.79407362780175,49,6.43519189529814,0.278791006856001,0.328859060402685,-0.0500680535466836
4004,150,4,5053,2.32335864269157,48,6.83952684945714,0.339695814320252,0.322147651006711,0.017548163313541
4005,150,5,5054,1.94226490623078,58,5.95681053691109,0.32605786170227,0.389261744966443,-0.0632038832641729
4006,150,6,5055,1.947716086231,46,6.4417083588179,0.302360178036439,0.308724832214765,-0.00636465417832605
4007,150,7,5056,1.91086350777169,42,6.92200943681232,0.27605618357141,0.281879194630872,-0.00582301105946276
4008,150,8,5057,1.67575089734154,39,6.52215180623136,0.256932213037498,0.261744966442953,-0.00481275340545473
4009,150,9,5058,2.02038976234966,46,6.18666207712032,0.32657186333508,0.308724832214765,0.0178470311203145
4010,150,10,5059,2.31617022863184,46,6.91944548760174,0.334733503252819,0.308724832214765,0.0260086710380534
4011,150,11,5060,2.07642389791871,42,6.74140592048236,0.308010513298114,0.281879194630872,0.0261313186672413
4012,150,12,5061,1.95309423092209,45,6.34425102717749,0.307852609008601,0.302013422818792,0.00583918618980905
4013,150,13,5062,1.81886359627897,45,6.11267398297017,0.297556127047885,0.302013422818792,-0.00445729577090692
4014,150,14,5063,1.95760795035083,46,6.72333440120406,0.291166232933505,0.308724832214765,-0.01755859928126
4015,150,15,5064,2.19536192812147,49,6.7818060661419,0.323713463155751,0.328859060402685,-0.00514559724693364
4016,150,16,5065,1.96109274315685,40,7.01034694720192,0.279742608736304,0.268456375838926,0.0112862328973774
4017,150,17,5066,2.03317705239466,44,6.78065898238088,0.299849477414768,0.295302013422819,0.00454746399194889
4018,150,18,5067,1.89163187568337,45,7.27654196102296,0.259963027192856,0.302013422818792,-0.0420503956259363
4019,150,19,5068,1.99223424784714,42,7.1749290794613,0.277666054365617,0.281879194630872,-0.00421314026525588
4020,150,20,5069,2.25661751407106,55,6.39037406988244,0.353127608711734,0.369127516778524,-0.0159999080667895
4021,150,21,5070,1.90425425251188,45,6.75293490360456,0.281989132087655,0.302013422818792,-0.0200242907311368
4022,150,22,5071,2.00713611592271,42,7.01843202262531,0.285980701879324,0.281879194630872,0.00410150724845193
4023,150,23,5072,1.94815889667394,42,7.00582261046477,0.2780771088557,0.281879194630872,-0.00380208577517227
4024,150,24,5073,1.58050909295788,42,6.17704007746131,0.255868356549089,0.281879194630872,-0.0260108380817838
4025,150,25,5074,1.99674469828257,48,6.19936444567281,0.322088613402348,0.322147651006711,-5.90376043632101e-05
4026,150,26,5075,1.99113876728116,47,6.81935159359875,0.291983591101274,0.315436241610738,-0.0234526505094639
4027,150,27,5076,2.48418002267666,49,7.35615351216834,0.337700949085333,0.328859060402685,0.00884188868264879
4028,150,28,5077,2.14718596332149,46,7.08417424208095,0.303096153475011,0.308724832214765,-0.00562867873975365
4029,150,29,5078,1.96520824464272,55,6.63925047383184,0.295998509528818,0.369127516778524,-0.0731290072497059
4030,150,30,5079,2.06810261164714,57,6.7158925412755,0.307941587649995,0.38255033557047,-0.074608747920475
4031,150,31,5080,1.79809416829272,42,6.52533735953192,0.275555740526755,0.281879194630872,-0.00632345410411739
4032,150,32,5081,2.02375496704762,49,6.70992164945566,0.301606348445484,0.328859060402685,-0.0272527119572006
4033,150,33,5082,2.24856695590308,51,6.70036331783187,0.335588810522991,0.342281879194631,-0.00669306867164016
4034,150,34,5083,2.06204210793946,39,6.90707929316921,0.29854038449779,0.261744966442953,0.0367954180548368
4035,150,35,5084,1.71188892568588,47,6.0562558403514,0.28266456550266,0.315436241610738,-0.0327716761080777
4036,150,36,5085,2.20147860439157,49,6.8488359792671,0.321438359898808,0.328859060402685,-0.00742070050387611
4037,150,37,5086,2.06503208227907,48,6.90892158236323,0.298893547663153,0.322147651006711,-0.0232541033435587
4038,150,38,5087,1.88432580541735,45,6.64906721225253,0.28339701574155,0.302013422818792,-0.0186164070772419
4039,150,39,5088,1.79085567318634,46,6.31723434837324,0.283487294348595,0.308724832214765,-0.0252375378661698
4040,150,40,5089,2.09852159575784,50,7.14843380735145,0.293563828429064,0.335570469798658,-0.042006641369594
4041,150,41,5090,1.70561899369465,42,6.2028853833039,0.274971870072854,0.281879194630872,-0.00690732455801807
4042,150,42,5091,1.99036501832188,50,6.28049253571541,0.316912249636987,0.335570469798658,-0.0186582201616703
4043,150,43,5092,1.82214854260223,48,6.70408174832923,0.271796885987606,0.322147651006711,-0.0503507650191054
4044,150,44,5093,1.95908918739157,45,6.94992177544667,0.281886509041414,0.302013422818792,-0.020126913777378
4045,150,45,5094,1.70933283585665,40,6.60750748043425,0.258695558184115,0.268456375838926,-0.00976081765481118
4046,150,46,5095,1.84146539202419,50,6.23904505933564,0.295151802000333,0.335570469798658,-0.0404186677983249
4047,150,47,5096,1.82877242645358,38,7.10155824452202,0.257517063647863,0.25503355704698,0.00248350660088298
4048,150,48,5097,2.04621107401452,41,7.12903024347316,0.287025163890683,0.275167785234899,0.0118573786557836
4049,150,49,5098,1.97047040190848,48,6.47167420042524,0.304476143403357,0.322147651006711,-0.017671507603354
4050,150,50,5099,1.82300009450705,43,6.76783898227695,0.269362214331778,0.288590604026846,-0.0192283896950678
4051,150,51,5100,2.26809868337196,60,6.4377345386165,0.352313173177126,0.402684563758389,-0.0503713905812629
4052,150,52,5101,2.44712673503441,52,7.02380663392335,0.348404627658079,0.348993288590604,-0.000588660932525187
4053,150,53,5102,1.91044992761953,42,6.6302943707334,0.28813953360086,0.281879194630872,0.00626033896998801
4054,150,54,5103,1.97588113326181,49,6.67148605480913,0.296168067658255,0.328859060402685,-0.0326909927444295
4055,150,55,5104,2.37972771050051,51,7.23305182709622,0.329007418636992,0.342281879194631,-0.0132744605576385
4056,150,56,5105,1.76467235895244,42,6.72054679773128,0.262578687726445,0.281879194630872,-0.0193005069044279
4057,150,57,5106,2.45627812353688,61,7.23405189908601,0.339543890174084,0.409395973154362,-0.0698520829802788
4058,150,58,5107,1.94244404953534,49,6.29105055429426,0.308763064733192,0.328859060402685,-0.0200959956694929
4059,150,59,5108,1.86272208723294,43,7.08208080706473,0.263019038892465,0.288590604026846,-0.0255715651343802
4060,150,60,5109,1.89044306451058,46,6.87356868422078,0.275030795698652,0.308724832214765,-0.0336940365161131
4061,150,61,5110,2.42443877896476,59,6.40168439520057,0.378718885420593,0.395973154362416,-0.0172542689418235
4062,150,62,5111,1.88978914114517,43,6.44469464725846,0.293231757993233,0.288590604026846,0.00464115396638687
4063,150,63,5112,1.7025497134001,44,5.92131358325465,0.287529057440037,0.295302013422819,-0.00777295598278205
4064,150,64,5113,1.94079284601341,46,6.48477273971045,0.299284635547624,0.308724832214765,-0.00944019666714102
4065,150,65,5114,2.03414556374395,59,6.45149821814838,0.315298167179493,0.395973154362416,-0.0806749871829231
4066,150,66,5115,2.10352430421573,41,6.56204641037915,0.320559193377328,0.275167785234899,0.0453914081424282
4067,150,67,5116,1.82261182517177,48,6.05913481835785,0.300803972813025,0.322147651006711,-0.0213436781936861
4068,150,68,5117,1.83217406494801,49,6.26737043331883,0.29233537165886,0.328859060402685,-0.0365236887438251
4069,150,69,5118,2.30529224600985,60,6.67983220168894,0.345112298693219,0.402684563758389,-0.0575722650651706
4070,150,70,5119,1.76766739365659,52,6.29780094625423,0.280680099092041,0.348993288590604,-0.0683131894985629
4071,150,71,5120,1.97673031854081,49,7.03446594373178,0.281006452281175,0.328859060402685,-0.0478526081215095
4072,150,72,5121,2.12106539123742,50,6.64822732429563,0.319042248072067,0.335570469798658,-0.0165282217265906
4073,150,73,5122,1.84164795445426,42,6.63976878691924,0.277366277886427,0.281879194630872,-0.00451291674444593
4074,150,74,5123,2.20040860459712,60,6.29746342258416,0.349411891255444,0.402684563758389,-0.053272672502945
4075,150,75,5124,1.91480841010727,49,6.61768751519894,0.289347057519641,0.328859060402685,-0.039512002883044
4076,150,76,5125,1.61123162250311,37,7.02190246565148,0.229457989538398,0.248322147651007,-0.018864158112609
4077,150,77,5126,1.92301939068638,45,6.96832961969202,0.275965618109117,0.302013422818792,-0.026047804709675
4078,150,78,5127,1.69154611759723,47,6.1922128803579,0.27317312086652,0.315436241610738,-0.0422631207442178
4079,150,79,5128,2.05804721400991,44,7.18984794915311,0.286243496185803,0.295302013422819,-0.00905851723701567
4080,150,80,5129,1.82988719441973,46,6.37038146155429,0.28724923389019,0.308724832214765,-0.0214755983245756
4081,150,81,5130,2.04015402121051,53,6.35509623567752,0.32102645586342,0.355704697986577,-0.0346782421231575
4082,150,82,5131,1.75585604864925,43,6.61679254674323,0.265363623877476,0.288590604026846,-0.02322698014937
4083,150,83,5132,2.04144582322403,43,6.91959932057443,0.295023704212769,0.288590604026846,0.00643310018592336
4084,150,84,5133,1.67275317101119,34,6.70586786857525,0.249446187099805,0.228187919463087,0.0212582676367174
4085,150,85,5134,1.74934826610943,37,6.99502962923346,0.250084468377173,0.248322147651007,0.00176232072616675
4086,150,86,5135,1.9526404040427,47,6.10170631645687,0.320015468259468,0.315436241610738,0.00457922664872951
4087,150,87,5136,2.04934905495492,51,6.45456820553357,0.317503664024805,0.342281879194631,-0.0247782151698258
4088,150,88,5137,2.31483374389893,54,6.90068757254352,0.335449724330254,0.36241610738255,-0.0269663830522963
4089,150,89,5138,1.81371118768255,47,6.40824812972968,0.28302761549888,0.315436241610738,-0.0324086261118586
4090,150,90,5139,2.14862509789015,59,6.43129989492259,0.334088774119593,0.395973154362416,-0.0618843802428233
4091,150,91,5140,2.08809115975859,46,6.86417086979007,0.304201512370342,0.308724832214765,-0.00452331984442295
4092,150,92,5141,2.2466398903768,53,7.15852102532002,0.313841348293919,0.355704697986577,-0.0418633496926583
4093,150,93,5142,2.33886923347413,52,6.75660698325315,0.346160319709467,0.348993288590604,-0.00283296888113743
4094,150,94,5143,2.55655725998304,57,6.7255962959045,0.380123508385396,0.38255033557047,-0.00242682718507353
4095,150,95,5144,2.24927171543607,55,6.56444601261082,0.342644559969729,0.369127516778524,-0.026482956808795
4096,150,96,5145,1.52105777460545,42,6.01972238540345,0.252679056810608,0.281879194630872,-0.0292001378202647
4097,150,97,5146,1.54639387607557,40,6.30821151206694,0.245139826576436,0.268456375838926,-0.0233165492624901
4098,150,98,5147,1.85173853639787,48,6.01940214396967,0.307628314591504,0.322147651006711,-0.0145193364152075
4099,150,99,5148,1.82042461299357,37,6.84607698909772,0.265907703914603,0.248322147651007,0.0175855562635965
4100,150,100,5149,1.97278642227169,46,6.55434650175505,0.300989034031607,0.308724832214765,-0.00773579818315839
4101,150,101,5150,1.83015833023459,45,7.12073898252926,0.257018033482885,0.302013422818792,-0.0449953893359065
4102,150,102,5151,2.13440454886768,52,6.25774514016412,0.341082051291673,0.348993288590604,-0.00791123729893112
4103,150,103,5152,2.08753519578114,52,6.82481256889131,0.305874362806165,0.348993288590604,-0.043118925784439
4104,150,104,5153,1.53603331948582,41,5.92652432178512,0.259179450903385,0.275167785234899,-0.0159883343315144
4105,150,105,5154,2.00266510634901,59,6.47447118737133,0.309317170220059,0.395973154362416,-0.0866559841423568
4106,150,106,5155,2.37747140662907,56,6.88838124112393,0.345142250901484,0.375838926174497,-0.0306966752730125
4107,150,107,5156,1.96150489345735,43,6.68436698089746,0.293446619412568,0.288590604026846,0.00485601538572278
4108,150,108,5157,1.67002317248217,34,6.76481157016553,0.246869133775637,0.228187919463087,0.0186812143125494
4109,150,109,5158,1.98847333845384,47,6.47571025391699,0.307066446842809,0.315436241610738,-0.00836979476792882
4110,150,110,5159,1.75281935386912,47,5.91738325410242,0.296215282769443,0.315436241610738,-0.0192209588412954
4111,150,111,5160,1.88860833316639,54,6.34280300830265,0.297756107306852,0.36241610738255,-0.0646600000756982
4112,150,112,5161,1.87328652660204,47,6.04820476518582,0.309726042574634,0.315436241610738,-0.00571019903610465
4113,150,113,5162,2.36169924922271,47,7.01795945663512,0.336522213303733,0.315436241610738,0.0210859716929949
4114,150,114,5163,2.02898117390788,48,6.73597762556679,0.301215545343672,0.322147651006711,-0.020932105663039
4115,150,115,5164,1.70343151878069,40,6.1153189432556,0.278551541560943,0.268456375838926,0.0100951657220168
4116,150,116,5165,1.90617665770791,40,6.85127702501727,0.278222096515373,0.268456375838926,0.00976572067644671
4117,150,117,5166,2.24362714560051,50,6.73996386734405,0.332884150384123,0.335570469798658,-0.00268631941453429
4118,150,118,5167,1.89274893688113,44,6.82872712725855,0.277174486783306,0.295302013422819,-0.0181275266395132
4119,150,119,5168,1.84263570521741,50,5.94087912230927,0.310162127065995,0.335570469798658,-0.0254083427326624
4120,150,120,5169,1.81516855149547,40,6.61276730871757,0.274494544682155,0.268456375838926,0.00603816884322839
4121,150,121,5170,1.89949432625466,47,6.12238780584189,0.310253839922095,0.315436241610738,-0.0051824016886432
4122,150,122,5171,1.80156783047595,45,6.46786179004515,0.27854148541776,0.302013422818792,-0.0234719374010324
4123,150,123,5172,1.78830068304392,50,6.06274178907283,0.294965668217482,0.335570469798658,-0.040604801581176
4124,150,124,5173,1.77923194594724,52,6.18462881659979,0.287686132621526,0.348993288590604,-0.0613071559690785
4125,150,125,5174,1.78730131365741,44,6.58555216496803,0.271397335999401,0.295302013422819,-0.0239046774234177
4126,150,126,5175,2.53887184667861,56,6.55974884555378,0.387037965393974,0.375838926174497,0.0111990392194776
4127,150,127,5176,2.0901484489783,51,6.22050837253609,0.336009265449497,0.342281879194631,-0.00627261374513383
4128,150,128,5177,2.00772980012774,41,6.92017681933192,0.290126950877762,0.275167785234899,0.0149591656428631
4129,150,129,5178,2.24308801403691,49,6.98252190085809,0.321243247910366,0.328859060402685,-0.00761581249231891
4130,150,130,5179,1.90066204471804,46,6.5764328688013,0.289011091975835,0.308724832214765,-0.0197137402389301
4131,150,131,5180,2.04717300631736,48,7.20204361992761,0.284248904110072,0.322147651006711,-0.0378987468966392
4132,150,132,5181,2.10022991947535,50,6.62347610774203,0.317088774128805,0.335570469798658,-0.0184816956698522
4133,150,133,5182,2.03863945740408,44,6.37967739144411,0.319552123456608,0.295302013422819,0.0242501100337888
4134,150,134,5183,1.65726676186678,39,6.17608753579171,0.268336022160077,0.261744966442953,0.00659105571712365
4135,150,135,5184,2.24059717828004,58,6.22033139083337,0.36020543561102,0.389261744966443,-0.0290563093554227
4136,150,136,5185,1.67785212027357,44,6.65586663226001,0.252086198984407,0.295302013422819,-0.0432158144384113
4137,150,137,5186,2.39450264681936,53,6.74059536713326,0.355236075806421,0.355704697986577,-0.000468622180156419
4138,150,138,5187,2.04622129721821,47,6.0620047894804,0.337548611107844,0.315436241610738,0.0221123694971058
4139,150,139,5188,1.88859016254377,50,6.58705221870406,0.2867124929086,0.335570469798658,-0.0488579768900576
4140,150,140,5189,2.04179728300164,50,6.46862633155836,0.315646194160322,0.335570469798658,-0.0199242756383355
4141,150,141,5190,1.7359886665763,42,6.35248954491332,0.273276902591107,0.281879194630872,-0.00860229203976526
4142,150,142,5191,1.81728286937179,47,6.36287016782134,0.285607410090222,0.315436241610738,-0.0298288315205159
4143,150,143,5192,1.89377063663834,45,6.40242316153051,0.295789670388739,0.302013422818792,-0.00622375243005313
4144,150,144,5193,1.60342471323999,42,6.35178673797358,0.252436799185033,0.281879194630872,-0.0294423954458395
4145,150,145,5194,2.08701353127884,49,6.47382058460065,0.322377412843854,0.328859060402685,-0.00648164755883052
4146,150,146,5195,1.65429768748178,41,6.63282761292081,0.249410626059268,0.275167785234899,-0.0257571591756316
4147,150,147,5196,1.98969778623264,46,6.92715978617613,0.287231397520711,0.308724832214765,-0.0214934346940539
4148,150,148,5197,1.6492414526835,40,5.95304676466682,0.277041575159842,0.268456375838926,0.00858519932091578
4149,150,149,5198,1.56941887346701,39,6.30210853118402,0.249030759419841,0.261744966442953,-0.0127142070231124
4150,150,150,5199,1.77303982570956,39,6.87378755338697,0.257942191541243,0.261744966442953,-0.00380277490170955
4151,150,151,5200,1.84416045609829,45,6.72797446260964,0.274103367417209,0.302013422818792,-0.0279100554015826
4152,150,152,5201,2.36469721574059,50,7.52531017910381,0.314232524568469,0.335570469798658,-0.0213379452301887
4153,150,153,5202,2.02508405453159,47,7.18049249383508,0.282025788101618,0.315436241610738,-0.0334104535091201
4154,150,154,5203,1.99673658401682,49,6.46612761994209,0.308799439382965,0.328859060402685,-0.0200596210197195
4155,150,155,5204,2.49197021661318,58,6.62727564037517,0.376017288526739,0.389261744966443,-0.0132444564397043
4156,150,156,5205,1.8803630285565,45,6.80082748553633,0.276490328942407,0.302013422818792,-0.0255230938763852
4157,150,157,5206,2.22734615889662,53,6.41604816574332,0.347152343835089,0.355704697986577,-0.00855235415148836
4158,150,158,5207,2.04379486742487,44,6.18777924689053,0.330295375106006,0.295302013422819,0.0349933616831869
4159,150,159,5208,2.04635139205174,39,6.24537341941042,0.327658773083407,0.261744966442953,0.0659138066404543
4160,150,160,5209,2.06939534370029,49,6.617037460657,0.312737438166902,0.328859060402685,-0.016121622235783
4161,150,161,5210,1.99976244411651,48,6.7190681177356,0.297624969575461,0.322147651006711,-0.0245226814312502
4162,150,162,5211,2.07269224763677,52,6.05809188591555,0.34213615221908,0.348993288590604,-0.00685713637152435
4163,150,163,5212,2.15598444594914,54,6.68752914088855,0.322388792710768,0.36241610738255,-0.0400273146717828
4164,150,164,5213,1.87895915761469,49,7.10790129517092,0.264347953015505,0.328859060402685,-0.0645111073871794
4165,150,165,5214,1.57309134217138,39,6.33788517909014,0.248204455858761,0.261744966442953,-0.0135405105841918
4166,150,166,5215,1.97829894264683,41,7.25089971545489,0.272834961215943,0.275167785234899,-0.00233282401895585
4167,150,167,5216,2.09372656150476,42,6.87034431914175,0.304748417873518,0.281879194630872,0.022869223242646
4168,150,168,5217,1.90026604920171,49,6.72461499741327,0.282583620018793,0.328859060402685,-0.0462754403838915
4169,150,169,5218,1.96756288716263,43,6.89754582857747,0.28525550044347,0.288590604026846,-0.00333510358337585
4170,150,170,5219,1.61138907903607,43,6.39431033989866,0.252003577145993,0.288590604026846,-0.0365870268808522
4171,150,171,5220,1.57082577709943,34,6.95555917432734,0.225837454290846,0.228187919463087,-0.00235046517224116
4172,150,172,5221,2.84015721853422,62,7.11344396624542,0.399266126507959,0.416107382550336,-0.016841256042377
4173,150,173,5222,1.98681606785367,47,6.6041542332004,0.300843377924995,0.315436241610738,-0.014592863685743
4174,150,174,5223,2.09016893409597,54,7.03925866364934,0.296930264104312,0.36241610738255,-0.0654858432782385
4175,150,175,5224,2.28457161071305,46,6.35147573437587,0.359691464827354,0.308724832214765,0.0509666326125889
4176,150,176,5225,2.33600682227177,56,6.15998545732061,0.379222782010893,0.375838926174497,0.00338385583639655
4177,150,177,5226,2.03593642123732,44,7.04220049205404,0.28910514881457,0.295302013422819,-0.00619686460824875
4178,150,178,5227,1.99728592638442,59,6.55139626614231,0.304864161050129,0.395973154362416,-0.0911089933122875
4179,150,179,5228,1.93260324962314,41,6.46916074073566,0.298740953745936,0.275167785234899,0.0235731685110369
4180,150,180,5229,2.38454243142982,57,6.3362358311022,0.37633422981591,0.38255033557047,-0.00621610575456022
4181,150,181,5230,2.31020064109881,55,6.76394646133378,0.341546263605886,0.369127516778524,-0.0275812531726375
4182,150,182,5231,1.8560797915302,41,6.98316902891035,0.265793335926143,0.275167785234899,-0.00937444930875664
4183,150,183,5232,2.04704631804378,44,6.56605123790076,0.311762160220096,0.295302013422819,0.0164601467972773
4184,150,184,5233,2.50695825088102,52,6.9357364716693,0.36145523422369,0.348993288590604,0.0124619456330863
4185,150,185,5234,1.80849864998811,43,7.23381871911425,0.250006078422927,0.288590604026846,-0.0385845256039191
4186,150,186,5235,2.10652904787474,42,7.00213366773939,0.300841021870242,0.281879194630872,0.0189618272393691
4187,150,187,5236,1.70972194397555,42,6.85858876976658,0.24928188602183,0.281879194630872,-0.0325973086090429
4188,150,188,5237,1.87058629539914,43,7.13923265650608,0.262015035144491,0.288590604026846,-0.026575568882355
4189,150,189,5238,1.85913566490445,49,6.8321639192776,0.272115201987283,0.328859060402685,-0.0567438584154014
4190,150,190,5239,1.68337481654263,40,6.07797247838537,0.276963218002235,0.268456375838926,0.00850684216330927
4191,150,191,5240,1.64075506144834,45,5.39368358897239,0.304199353629666,0.302013422818792,0.00218593081087409
4192,150,192,5241,1.87488107027228,38,6.44233617843645,0.291025028552192,0.25503355704698,0.0359914715052119
4193,150,193,5242,1.63615442590838,39,6.76802417254289,0.24174772196383,0.261744966442953,-0.0199972444791226
4194,150,194,5243,1.90986696835917,46,6.38924965304175,0.298918820217007,0.308724832214765,-0.00980601199775766
4195,150,195,5244,1.96135649424448,47,6.29734259669413,0.31145780368915,0.315436241610738,-0.00397843792158803
4196,150,196,5245,1.53812483489885,42,6.03982891644295,0.254663642990189,0.281879194630872,-0.0272155516406831
4197,150,197,5246,1.99529617363616,49,7.11705465855716,0.280354201191517,0.328859060402685,-0.0485048592111679
4198,150,198,5247,1.84795603809972,46,6.37423295658922,0.289910339123932,0.308724832214765,-0.0188144930908334
4199,150,199,5248,1.86452445405346,42,6.57701277590215,0.283491079853909,0.281879194630872,0.00161188522303685
4200,150,200,5249,2.01429656012683,52,6.16507226368485,0.326727161333044,0.348993288590604,-0.0222661272575603
4201,150,201,5250,2.01447238663473,46,6.82515068600178,0.295154272676553,0.308724832214765,-0.013570559538212
4202,150,202,5251,1.89484155906743,45,5.99751229203331,0.315937920058023,0.302013422818792,0.0139244972392315
4203,150,203,5252,2.31543064888534,50,6.36270888488925,0.363906425828194,0.335570469798658,0.0283359560295366
4204,150,204,5253,2.18205627970187,53,6.77066843931516,0.322280776153704,0.355704697986577,-0.0334239218328735
4205,150,205,5254,2.51492283350432,60,6.6835042093418,0.376288060085174,0.402684563758389,-0.0263965036732153
4206,150,206,5255,2.02141807738749,50,6.71240689167393,0.301146535067006,0.335570469798658,-0.0344239347316522
4207,150,207,5256,2.15255128261577,47,7.01691840360743,0.306765899046101,0.315436241610738,-0.00867034256463706
4208,150,208,5257,2.18588497815908,48,6.408664700569,0.341082749728662,0.322147651006711,0.0189350987219502
4209,150,209,5258,1.86502068913652,37,6.32756545289458,0.294745380829423,0.248322147651007,0.0464232331784167
4210,150,210,5259,2.00353481206098,44,7.05602187101827,0.283946797315105,0.295302013422819,-0.0113552161077135
4211,150,211,5260,2.18120133973256,50,6.6465660113651,0.32816966475664,0.335570469798658,-0.00740080504201734
4212,150,212,5261,2.3669214733444,46,6.82257592711497,0.34692490030599,0.308724832214765,0.0382000680912245
4213,150,213,5262,1.94841825962059,52,7.08703997603304,0.274926946399309,0.348993288590604,-0.0740663421912953
4214,150,214,5263,2.56284434579893,51,6.95714243290336,0.368376006458934,0.342281879194631,0.0260941272643028
4215,150,215,5264,1.94049984081021,48,6.66284768639413,0.291241813132366,0.322147651006711,-0.0309058378743457
4216,150,216,5265,1.64233191986299,37,6.52385054093185,0.251742726103042,0.248322147651007,0.00342057845203483
4217,150,217,5266,2.03240422279728,50,6.86581825619677,0.29601777194771,0.335570469798658,-0.0395526978509472
4218,150,218,5267,2.33221877679734,58,6.8286590164861,0.341533933846568,0.389261744966443,-0.0477278111198746
4219,150,219,5268,1.97939464530151,51,6.26596850498862,0.315896041246556,0.342281879194631,-0.0263858379480746
4220,150,220,5269,1.89321615781955,48,6.78812223370832,0.278901306228437,0.322147651006711,-0.0432463447782741
4221,150,221,5270,2.26466251409298,58,6.7531377277936,0.335349670831146,0.389261744966443,-0.0539120741352974
4222,150,222,5271,2.79271608532182,75,6.41657381983154,0.435234778518474,0.503355704697987,-0.0681209261795127
4223,150,223,5272,1.9097396383153,50,6.51607394183206,0.293081333232747,0.335570469798658,-0.042489136565911
4224,150,224,5273,1.63070950948739,41,6.44426480391411,0.253048184565124,0.275167785234899,-0.0221196006697754
4225,150,225,5274,2.00380041178212,46,6.70977419028077,0.298639023453973,0.308724832214765,-0.0100858087607923
4226,150,226,5275,1.8729436270452,44,6.14743507937895,0.304670745255665,0.295302013422819,0.0093687318328462
4227,150,227,5276,1.95669465499433,48,6.3157555450895,0.309811651357479,0.322147651006711,-0.0123359996492323
4228,150,228,5277,2.48596034900115,50,7.15370363050975,0.347506756975339,0.335570469798658,0.0119362871766815
4229,150,229,5278,2.20415414685859,51,6.45302311030005,0.341569231844282,0.342281879194631,-0.000712647350348983
4230,150,230,5279,1.92034350574975,48,6.58990569970237,0.2914068263278,0.322147651006711,-0.0307408246789113
4231,150,231,5280,2.38784916230414,55,6.87485370359568,0.347330905536979,0.369127516778524,-0.0217966112415448
4232,150,232,5281,1.69529617431198,34,6.59847593415121,0.256922384991627,0.228187919463087,0.0287344655285401
4233,150,233,5282,2.07587319845311,51,6.0940734804367,0.34063803219917,0.342281879194631,-0.00164384699546039
4234,150,234,5283,1.95475797779878,49,7.40541329648103,0.26396338725992,0.328859060402685,-0.0648956731427647
4235,150,235,5284,1.91135453335771,51,6.68948134326079,0.285725370216223,0.342281879194631,-0.0565565089784078
4236,150,236,5285,1.88132985269412,51,6.65080080755081,0.282872680618882,0.342281879194631,-0.0594091985757488
4237,150,237,5286,1.67143437978952,39,6.82280079143191,0.244977749004266,0.261744966442953,-0.0167672174386867
4238,150,238,5287,2.10565751221276,46,6.79476606363848,0.309894040867864,0.308724832214765,0.00116920865309939
4239,150,239,5288,1.79493150405466,45,6.43196081577641,0.279064433920684,0.302013422818792,-0.0229489888981084
4240,150,240,5289,2.17006446527293,53,5.55406990146228,0.39071608816115,0.355704697986577,0.0350113901745727
4241,150,241,5290,2.00551350738362,43,6.72744240043678,0.298109353898506,0.288590604026846,0.00951874987166007
4242,150,242,5291,1.68731359797608,41,6.19433340406397,0.272396315779365,0.275167785234899,-0.00277146945553391
4243,150,243,5292,1.71539658385162,42,6.15955404960957,0.278493632824012,0.281879194630872,-0.00338556180686067
4244,150,244,5293,2.0987504537298,52,6.9630494385714,0.301412545213868,0.348993288590604,-0.0475807433767357
4245,150,245,5294,1.68052997071808,39,6.49735301581928,0.258648401376138,0.261744966442953,-0.00309656506681533
4246,150,246,5295,2.29206921514326,54,6.63404580853272,0.345500962956149,0.36241610738255,-0.0169151444264014
4247,150,247,5296,1.80769591862013,41,6.85200909657929,0.263819836363408,0.275167785234899,-0.0113479488714912
4248,150,248,5297,1.89026344126308,52,6.73609694372716,0.280617018587202,0.348993288590604,-0.0683762700034016
4249,150,249,5298,1.9640791855847,53,6.53007303047878,0.300774459399989,0.355704697986577,-0.0549302385865883
4250,150,250,5299,1.90458933893289,47,6.52932634187906,0.291697678934634,0.315436241610738,-0.0237385626761041
4251,150,251,5300,1.88630920740632,55,6.25751824370113,0.30144685703555,0.369127516778524,-0.0676806597429733
4252,150,252,5301,1.7132599117793,47,6.68071538177945,0.256448570829994,0.315436241610738,-0.0589876707807444
4253,150,253,5302,1.82371809555834,48,6.47026013732112,0.281861634131053,0.322147651006711,-0.0402860168756583
4254,150,254,5303,1.81319555151452,43,6.27903761426831,0.288769659126466,0.288590604026846,0.000179055099620573
4255,150,255,5304,2.02827341445748,46,6.97649749541644,0.290729469306061,0.308724832214765,-0.0179953629087044
4256,150,256,5305,1.69567026184811,41,6.24982948275662,0.27131464410773,0.275167785234899,-0.00385314112716961
4257,150,257,5306,1.89916535474206,42,7.10105463993644,0.267448351130989,0.281879194630872,-0.0144308434998839
4258,150,258,5307,1.87064256114854,52,6.61061234250811,0.282975685795366,0.348993288590604,-0.066017602795238
4259,150,259,5308,1.8492598917821,43,6.82509097261135,0.270950218715481,0.288590604026846,-0.0176403853113644
4260,150,260,5309,2.0871609947189,48,6.69392678651141,0.311799196687456,0.322147651006711,-0.0103484543192557
4261,150,261,5310,2.20832737663224,49,7.2931740334555,0.302793731028784,0.328859060402685,-0.0260653293739002
4262,150,262,5311,1.96524484803072,47,6.66525235472932,0.294849278532759,0.315436241610738,-0.0205869630779789
4263,150,263,5312,2.29482557032454,59,6.62628479290971,0.346321602835432,0.395973154362416,-0.0496515515269843
4264,150,264,5313,1.80452990652826,41,6.63762311124368,0.271863869985554,0.275167785234899,-0.0033039152493452
4265,150,265,5314,1.80837222544353,44,6.82527858684686,0.264952148462993,0.295302013422819,-0.0303498649598263
4266,150,266,5315,1.88315659010977,37,7.23071826567072,0.26043838536075,0.248322147651007,0.0121162377097438
4267,150,267,5316,2.27485779522431,53,7.44525154500853,0.305544786696889,0.355704697986577,-0.0501599112896882
4268,150,268,5317,2.18334577646785,51,6.53535887804946,0.334082001801176,0.342281879194631,-0.00819987739345518
4269,150,269,5318,2.15292567306533,49,6.82137308174346,0.315614707957752,0.328859060402685,-0.0132443524449323
4270,150,270,5319,1.66440027477263,42,6.25435105848165,0.26611878022349,0.281879194630872,-0.015760414407382
4271,150,271,5320,1.76911699629422,42,6.63775753937642,0.266523292813799,0.281879194630872,-0.0153559018170738
4272,150,272,5321,1.87249910538439,37,7.05788571609454,0.265305954319211,0.248322147651007,0.0169838066682043
4273,150,273,5322,2.14490931997991,43,7.40714478990247,0.28957302453489,0.288590604026846,0.000982420508043813
4274,150,274,5323,2.02839875889997,50,6.11082972898558,0.331935080645209,0.335570469798658,-0.00363538915344885
4275,150,275,5324,1.83673993653002,53,6.17264802612308,0.297561099994169,0.355704697986577,-0.0581435979924078
4276,150,276,5325,1.63045965490756,46,6.70368113640611,0.243218557346488,0.308724832214765,-0.0655062748682767
4277,150,277,5326,1.83779748272656,44,6.27565851187415,0.292845361048449,0.295302013422819,-0.00245665237437015
4278,150,278,5327,2.63881343834628,59,7.25478178939006,0.363734363755156,0.395973154362416,-0.0322387906072604
4279,150,279,5328,1.87948911048377,46,6.6822345385743,0.281266558309815,0.308724832214765,-0.0274582739049502
4280,150,280,5329,1.94493022266072,45,6.38378974269089,0.304667023986428,0.302013422818792,0.00265360116763613
4281,150,281,5330,1.67029625159394,43,6.06922943379578,0.275207300994932,0.288590604026846,-0.0133833030319137
4282,150,282,5331,2.02058162726591,41,6.63795400504135,0.304398256711531,0.275167785234899,0.0292304714766316
4283,150,283,5332,1.81461626893601,43,6.22053480003329,0.291713868223404,0.288590604026846,0.00312326419655795
4284,150,284,5333,1.5967679302023,43,6.3565414729787,0.251200741313507,0.288590604026846,-0.0373898627133384
4285,150,285,5334,2.30920842338846,56,6.90779019521578,0.334290468895215,0.375838926174497,-0.0415484572792812
4286,150,286,5335,1.88348688151829,41,6.86161230269815,0.27449625516989,0.275167785234899,-0.000671530065009363
4287,150,287,5336,2.11369766085505,50,6.860633527785,0.308090740059901,0.335570469798658,-0.0274797297387568
4288,150,288,5337,1.96724476138719,58,6.4505727077837,0.304972108757627,0.389261744966443,-0.0842896362088164
4289,150,289,5338,2.1600012257444,43,7.26732511725323,0.29722094317982,0.288590604026846,0.00863033915297484
4290,150,290,5339,1.67877877053415,38,6.2446623514976,0.268834194074808,0.25503355704698,0.0138006370278276
4291,150,291,5340,1.74730612068354,44,6.19006032840353,0.282276105236955,0.295302013422819,-0.0130259081858635
4292,150,292,5341,2.65256563468734,66,7.04612416087266,0.376457407523007,0.442953020134228,-0.0664956126112215
4293,150,293,5342,2.23901802530088,43,6.72380781176886,0.332998516314204,0.288590604026846,0.0444079122873583
4294,150,294,5343,1.96693633289063,42,6.55819214767985,0.299920509890288,0.281879194630872,0.0180413152594159
4295,150,295,5344,2.59154023971896,61,6.83084750080465,0.379387805014485,0.409395973154362,-0.0300081681398773
4296,150,296,5345,1.64840317282026,43,6.13255770275594,0.268795379141639,0.288590604026846,-0.0197952248852068
4297,150,297,5346,1.92974323761528,39,6.49603152767573,0.297064943326366,0.261744966442953,0.0353199768834132
4298,150,298,5347,1.92185399577629,48,6.28549433808283,0.305760198387591,0.322147651006711,-0.0163874526191199
4299,150,299,5348,2.17365714193012,56,6.47634375378438,0.33563029149896,0.375838926174497,-0.0402086346755371
4300,150,300,5349,1.87370176773915,55,6.50837373628163,0.287890930002068,0.369127516778524,-0.0812365867764556
4301,150,301,5350,2.05489183062683,56,6.02903527394506,0.340832610402397,0.375838926174497,-0.0350063157720992
4302,150,302,5351,1.8667735995245,50,6.27850603335834,0.297327674705757,0.335570469798658,-0.0382427950929011
4303,150,303,5352,1.69616199075386,47,6.033565459314,0.281121005844977,0.315436241610738,-0.0343152357657615
4304,150,304,5353,2.22826118607327,53,7.02234034433944,0.317310337695242,0.355704697986577,-0.0383943602913347
4305,150,305,5354,1.9981344116504,40,6.4844534566578,0.308142301430022,0.268456375838926,0.0396859255910961
4306,150,306,5355,1.95112942702985,43,6.30261660185015,0.30957450695273,0.288590604026846,0.020983902925884
4307,150,307,5356,2.7296791336741,56,6.62156066229055,0.412241052055822,0.375838926174497,0.0364021258813257
4308,150,308,5357,2.19832236493461,48,6.78601198869729,0.323949083584896,0.322147651006711,0.00180143257818505
4309,150,309,5358,2.01206171694805,48,6.49411288227323,0.309828571418941,0.322147651006711,-0.0123190795877708
4310,150,310,5359,2.08823287352771,50,6.54768033760061,0.318927126227567,0.335570469798658,-0.0166433435710909
4311,150,311,5360,1.53817647974141,42,5.85535746568723,0.262695572175605,0.281879194630872,-0.019183622455267
4312,150,312,5361,1.81180296524444,40,6.52317001173697,0.277748849406731,0.268456375838926,0.00929247356780472
4313,150,313,5362,1.95365417300692,46,6.62259811795376,0.294998146982616,0.308724832214765,-0.0137266852321491
4314,150,314,5363,1.73504225682393,43,7.06009814248454,0.245753277335228,0.288590604026846,-0.0428373266916178
4315,150,315,5364,1.92521492355373,47,5.97405639310056,0.322262596278329,0.315436241610738,0.00682635466759046
4316,150,316,5365,2.18181320163187,51,7.08982327290449,0.307738728829844,0.342281879194631,-0.0345431503647871
4317,150,317,5366,1.80891524531742,44,6.84710012417832,0.264187059121543,0.295302013422819,-0.0311149543012758
4318,150,318,5367,1.8722628102568,41,6.52972005908523,0.286729414632684,0.275167785234899,0.0115616293977848
4319,150,319,5368,2.27712277139614,51,7.29335387954075,0.312218878859547,0.342281879194631,-0.0300630003350842
4320,150,320,5369,2.41564617881511,55,6.62234421339625,0.364772065748036,0.369127516778524,-0.00435545103048707
4321,150,321,5370,2.49674172920746,55,7.01231077670895,0.356051208896826,0.369127516778524,-0.0130763078816977
4322,150,322,5371,2.49296744511714,60,7.03781396747042,0.354224686335831,0.402684563758389,-0.0484598774225585
4323,150,323,5372,1.97869420798511,43,6.99339811120345,0.282937447078158,0.288590604026846,-0.00565315694868812
4324,150,324,5373,2.11521592670899,46,6.70866283138313,0.315296204306767,0.308724832214765,0.00657137209200148
4325,150,325,5374,1.88650988329515,45,6.39518399415751,0.294989148868684,0.302013422818792,-0.00702427395010835
4326,150,326,5375,1.94060834689902,51,6.19441275935026,0.31328366744204,0.342281879194631,-0.0289982117525905
4327,150,327,5376,1.91174196963003,43,6.77951834420134,0.281987874738208,0.288590604026846,-0.00660272928863809
4328,150,328,5377,1.94463761542091,44,7.04001263569827,0.276226438225423,0.295302013422819,-0.0190755751973953
4329,150,329,5378,2.32521108629869,49,7.05149375735102,0.329747308345088,0.328859060402685,0.000888247942403331
4330,150,330,5379,1.81787893233795,50,6.61111888278228,0.27497296063944,0.335570469798658,-0.0605975091592177
4331,150,331,5380,2.28902770350221,54,7.06523714322958,0.3239845538229,0.36241610738255,-0.0384315535596507
4332,150,332,5381,1.9089449787746,42,7.26587958238902,0.262727307427649,0.281879194630872,-0.0191518872032237
4333,150,333,5382,1.77240239604402,48,6.29016027321784,0.281773805286095,0.322147651006711,-0.0403738457206162
4334,150,334,5383,2.20359233746964,51,6.06211630248961,0.363502154613012,0.342281879194631,0.0212202754183816
4335,150,335,5384,1.76621181701902,44,5.70645174192275,0.309511391123043,0.295302013422819,0.0142093777002245
4336,150,336,5385,1.80500254267643,50,6.11420407800987,0.295214637857483,0.335570469798658,-0.0403558319411746
4337,150,337,5386,2.45072661420012,60,6.67962454657923,0.366895863249558,0.402684563758389,-0.0357887005088315
4338,150,338,5387,1.83180888128613,45,6.4523635632404,0.283897344489713,0.302013422818792,-0.0181160783290786
4339,150,339,5388,1.66541040299165,36,6.30937992201247,0.263957856964879,0.241610738255034,0.0223471187098454
4340,150,340,5389,2.15375950365847,43,7.09010089339117,0.303769937274946,0.288590604026846,0.0151793332480999
4341,150,341,5390,2.0357968626091,48,6.83194996073561,0.297981816949651,0.322147651006711,-0.0241658340570599
4342,150,342,5391,1.83174430489625,43,6.43389061138222,0.284702432095395,0.288590604026846,-0.00388817193145019
4343,150,343,5392,2.24654603078939,44,7.39239934856704,0.303899441150304,0.295302013422819,0.00859742772748479
4344,150,344,5393,2.11529396769215,46,6.85438287800432,0.308604582694107,0.308724832214765,-0.0001202495206582
4345,150,345,5394,1.87624599065092,46,6.64522394768328,0.282345035385155,0.308724832214765,-0.0263797968296099
4346,150,346,5395,2.01734965428935,44,7.03944723455558,0.286577850088355,0.295302013422819,-0.00872416333446396
4347,150,347,5396,1.54113581356976,48,6.17217415074545,0.249690915377627,0.322147651006711,-0.0724567356290847
4348,150,348,5397,1.71890585965946,40,6.63259658375502,0.259160320992462,0.268456375838926,-0.00929605484646384
4349,150,349,5398,2.15399981211366,53,5.9032918401645,0.364881132499395,0.355704697986577,0.00917643451281763
4350,150,350,5399,1.8302504373088,51,6.70117714792791,0.273123720938304,0.342281879194631,-0.069158158256327
4351,150,351,5400,1.80256393000491,50,6.00745672073728,0.300054418000648,0.335570469798658,-0.0355160517980097
4352,150,352,5401,2.45380152223656,58,6.33338206664245,0.38743936437383,0.389261744966443,-0.0018223805926133
4353,150,353,5402,2.14169107282525,49,6.51966328848042,0.328497190431506,0.328859060402685,-0.000361869971178486
4354,150,354,5403,1.92922532350943,39,7.11443855634134,0.271170424515065,0.261744966442953,0.00942545807211242
4355,150,355,5404,1.97038036146789,52,6.63806770212782,0.296830410578109,0.348993288590604,-0.0521628780124946
4356,150,356,5405,1.97855566677139,49,6.35155186899898,0.311507440634854,0.328859060402685,-0.0173516197678306
4357,150,357,5406,2.10072393062695,50,6.32360853924444,0.332203348387209,0.335570469798658,-0.00336712141144879
4358,150,358,5407,2.20718043393645,45,6.62603902934452,0.333107068063075,0.302013422818792,0.0310936452442827
4359,150,359,5408,1.86616082053826,43,6.60520000120433,0.282529040785745,0.288590604026846,-0.00606156324110102
4360,150,360,5409,1.52558037047556,42,6.04884352437083,0.252210255452797,0.281879194630872,-0.0296689391780758
4361,150,361,5410,1.62291771901539,40,6.67070954746216,0.243290118909888,0.268456375838926,-0.025166256929038
4362,150,362,5411,1.81175612313524,47,6.74504513606029,0.268605485447273,0.315436241610738,-0.0468307561634653
4363,150,363,5412,1.72996176930253,45,6.40420632654292,0.270128987277084,0.302013422818792,-0.0318844355417081
4364,150,364,5413,1.90703722843338,42,6.9688953246263,0.273649859784003,0.281879194630872,-0.00822933484686966
4365,150,365,5414,2.48538734640717,59,6.29089598901021,0.395076846088217,0.395973154362416,-0.000896308274198954
4366,150,366,5415,2.06048116886081,52,6.56044193824715,0.31407658024504,0.348993288590604,-0.0349167083455638
4367,150,367,5416,2.05532635688863,47,6.69036283842264,0.307207009025718,0.315436241610738,-0.0082292325850204
4368,150,368,5417,1.95735300326269,47,6.7181238240498,0.291354112327564,0.315436241610738,-0.0240821292831738
4369,150,369,5418,1.70974197662546,50,6.13155947136711,0.278842924807227,0.335570469798658,-0.0567275449914307
4370,150,370,5419,1.82133620481922,49,6.07539255984493,0.299789056736394,0.328859060402685,-0.0290700036662908
4371,150,371,5420,2.007374555174,49,6.82073952450827,0.294304532222805,0.328859060402685,-0.0345545281798798
4372,150,372,5421,2.1642269548424,51,6.91918432625838,0.312786428687719,0.342281879194631,-0.0294954505069122
4373,150,373,5422,1.76138092233476,47,6.79558945297503,0.259194722477481,0.315436241610738,-0.056241519133257
4374,150,374,5423,2.00978717156543,48,7.08321408375423,0.283739436335123,0.322147651006711,-0.038408214671588
4375,150,375,5424,1.79533975446446,41,6.47339447155251,0.277341317967587,0.275167785234899,0.00217353273268722
4376,150,376,5425,2.31608361409925,56,6.86418569036216,0.337415640918807,0.375838926174497,-0.0384232852556893
4377,150,377,5426,2.02763796462756,44,6.8264997987261,0.297024540307748,0.295302013422819,0.00172252688492958
4378,150,378,5427,2.23986843010607,44,7.49072724098781,0.299018821276784,0.295302013422819,0.00371680785396494
4379,150,379,5428,2.11480108276273,50,6.52315582435648,0.324199074758628,0.335570469798658,-0.0113713950400297
4380,150,380,5429,1.78739271364534,44,6.38132287564398,0.280097520291192,0.295302013422819,-0.0152044931316268
4381,150,381,5430,1.92585582369853,42,6.86715263967409,0.280444592504344,0.281879194630872,-0.00143460212652846
4382,150,382,5431,2.01484885181133,46,7.15776863610772,0.281491195684549,0.308724832214765,-0.0272336365302157
4383,150,383,5432,1.70056706429178,43,6.1912129336868,0.274674297670959,0.288590604026846,-0.0139163063558864
4384,150,384,5433,2.06230274992539,53,6.62897433278066,0.311104349842958,0.355704697986577,-0.0446003481436187
4385,150,385,5434,1.86063882983516,42,6.38655655363425,0.291336781285741,0.281879194630872,0.0094575866548684
4386,150,386,5435,1.91816035191067,40,6.25531726670919,0.306644774377652,0.268456375838926,0.0381883985387261
4387,150,387,5436,2.0810850246102,53,6.16816537886436,0.337391249550665,0.355704697986577,-0.0183134484359121
4388,150,388,5437,2.08229343478715,47,6.83563763880902,0.304623144878983,0.315436241610738,-0.0108130967317553
4389,150,389,5438,1.99446767635578,45,7.11324688938373,0.28038780424344,0.302013422818792,-0.0216256185753519
4390,150,390,5439,2.62057385248788,50,6.86399864507045,0.381785310282645,0.335570469798658,0.0462148404839874
4391,150,391,5440,1.83753005488135,50,6.07448103298663,0.302499924668939,0.335570469798658,-0.0330705451297189
4392,150,392,5441,1.76791750331902,43,6.57617565438399,0.268836721558744,0.288590604026846,-0.0197538824681019
4393,150,393,5442,2.06388585845894,48,6.635152326677,0.311053274566279,0.322147651006711,-0.0110943764404327
4394,150,394,5443,1.84020682270756,48,6.50399258124529,0.282934951065891,0.322147651006711,-0.0392126999408203
4395,150,395,5444,1.72879745525079,49,6.09675233747663,0.283560387490878,0.328859060402685,-0.0452986729118068
4396,150,396,5445,2.2006470564335,62,6.41807880873144,0.342882523262202,0.416107382550336,-0.0732248592881338
4397,150,397,5446,2.38461742166496,42,6.53762916742609,0.36475262829932,0.281879194630872,0.0828734336684471
4398,150,398,5447,2.2124844183314,55,6.79744574778282,0.325487617029244,0.369127516778524,-0.0436398997492793
4399,150,399,5448,1.71469534109056,48,6.45923423474507,0.265464183334146,0.322147651006711,-0.0566834676725652
4400,150,400,5449,2.23151536899858,49,6.98057013695446,0.319675230707181,0.328859060402685,-0.00918382969550369
4401,150,401,5450,1.98322753245166,47,6.60775123858034,0.300136530696296,0.315436241610738,-0.0152997109144419
4402,150,402,5451,2.78131433580212,67,6.82603709307224,0.407456668910411,0.449664429530201,-0.04220776061979
4403,150,403,5452,2.00444628624853,43,6.65667264028952,0.301118350648133,0.288590604026846,0.012527746621287
4404,150,404,5453,1.92961148260887,44,7.28199583551233,0.264983876150914,0.295302013422819,-0.030318137271905
4405,150,405,5454,1.9467909984768,43,6.76597241442486,0.287732624260527,0.288590604026846,-0.000857979766318462
4406,150,406,5455,1.99485348929208,54,6.22438552087856,0.320490027907287,0.36241610738255,-0.0419260794752636
4407,150,407,5456,2.08426353999806,49,6.70391978276588,0.310902219527773,0.328859060402685,-0.0179568408749111
4408,150,408,5457,2.10825829174199,47,6.33125797707025,0.332992005597847,0.315436241610738,0.0175557639871083
4409,150,409,5458,1.86488376512703,53,5.73810389975269,0.324999999600462,0.355704697986577,-0.0307046983861156
4410,150,410,5459,1.93162547513417,46,6.36420772918595,0.303513894789423,0.308724832214765,-0.00521093742534245
4411,150,411,5460,1.8112325796224,42,6.08174740637437,0.297814502740449,0.281879194630872,0.0159353081095768
4412,150,412,5461,2.20998001479424,50,6.9532637405024,0.317833480401617,0.335570469798658,-0.0177369893970408
4413,150,413,5462,1.81944051828616,49,6.29413807154877,0.289069050853925,0.328859060402685,-0.0397900095487596
4414,150,414,5463,1.81883903386166,47,7.05633173233904,0.257759853540608,0.315436241610738,-0.0576763880701303
4415,150,415,5464,2.08084175929764,52,7.31699116703139,0.284384894254542,0.348993288590604,-0.0646083943360619
4416,150,416,5465,2.10359962204231,50,7.0773589832759,0.297229464693426,0.335570469798658,-0.0383410051052317
4417,150,417,5466,1.74956579993275,49,6.03235884316067,0.290030126758186,0.328859060402685,-0.0388289336444989
4418,150,418,5467,1.86401026366233,53,6.6512606685042,0.280249167272755,0.355704697986577,-0.0754555307138225
4419,150,419,5468,2.5855268604078,57,7.45606268735291,0.34676839088188,0.38255033557047,-0.0357819446885893
4420,150,420,5469,2.1579419899802,41,6.91530960162227,0.312052838454834,0.275167785234899,0.0368850532199348
4421,150,421,5470,2.07850155429026,43,7.18648730081309,0.289223575759342,0.288590604026846,0.00063297173249588
4422,150,422,5471,1.79486938285555,53,6.32569696995991,0.283742549062846,0.355704697986577,-0.0719621489237311
4423,150,423,5472,2.12144591320598,51,7.04403071909505,0.301169315950757,0.342281879194631,-0.0411125632438737
4424,150,424,5473,1.75990286068604,41,6.45509663059127,0.272637725103247,0.275167785234899,-0.00253006013165258
4425,150,425,5474,1.76295460084954,41,6.94136726192664,0.253978003803277,0.275167785234899,-0.0211897814316227
4426,150,426,5475,1.80482972370405,42,6.30407121792777,0.286295896939013,0.281879194630872,0.00441670230814034
4427,150,427,5476,1.73653479033341,37,6.92752764415141,0.250671650772768,0.248322147651007,0.00234950312176088
4428,150,428,5477,1.56478973134368,41,5.99308469740727,0.261099218574475,0.275167785234899,-0.014068566660424
4429,150,429,5478,2.1333649607481,47,6.79205261487421,0.314097237126248,0.315436241610738,-0.00133900448448998
4430,150,430,5479,2.32324458129523,45,7.17227329773893,0.323920253014848,0.302013422818792,0.0219068301960559
4431,150,431,5480,1.98394086098539,39,6.88401256602107,0.288195415385783,0.261744966442953,0.0264504489428301
4432,150,432,5481,1.84250784565938,44,6.73312597280615,0.27364820636075,0.295302013422819,-0.0216538070620693
4433,150,433,5482,2.08689645427462,42,7.1830190071096,0.290531940985964,0.281879194630872,0.00865274635509161
4434,150,434,5483,1.88721527967195,39,6.86968661824052,0.27471635673467,0.261744966442953,0.0129713902917165
4435,150,435,5484,2.48065309399389,58,6.89902807241794,0.359565589232989,0.389261744966443,-0.0296961557334538
4436,150,436,5485,2.10932552574856,45,6.67584234560335,0.315963951296385,0.302013422818792,0.0139505284775926
4437,150,437,5486,1.79999936846034,42,7.07079693001769,0.254568104030649,0.281879194630872,-0.0273110906002235
4438,150,438,5487,2.12959441922147,40,6.67839742682758,0.318878060575841,0.268456375838926,0.050421684736915
4439,150,439,5488,1.97977041770252,45,7.19445160845352,0.275180170143376,0.302013422818792,-0.026833252675416
4440,150,440,5489,1.87590688419957,46,6.75794015510158,0.27758560169898,0.308724832214765,-0.0311392305157852
4441,150,441,5490,2.05498033869743,54,6.37297690499786,0.322452186683097,0.36241610738255,-0.0399639206994536
4442,150,442,5491,1.74468830035885,50,5.74913246343191,0.303469838528884,0.335570469798658,-0.0321006312697739
4443,150,443,5492,2.02690044728839,44,7.09411479276721,0.285715766730321,0.295302013422819,-0.0095862466924978
4444,150,444,5493,2.4726282677491,55,6.36560623557943,0.388435629890015,0.369127516778524,0.0193081131114915
4445,150,445,5494,1.7347035079054,46,6.36112703835321,0.272703798783821,0.308724832214765,-0.0360210334309441
4446,150,446,5495,1.72577432536845,41,6.07858616058433,0.283910481776004,0.275167785234899,0.00874269654110515
4447,150,447,5496,2.00975417060802,44,6.48527804296599,0.309894835239612,0.295302013422819,0.0145928218167929
4448,150,448,5497,1.75717165299129,37,6.31598918625171,0.278210047733489,0.248322147651007,0.0298879000824821
4449,150,449,5498,1.93231625769199,42,7.22049392176665,0.267615523069259,0.281879194630872,-0.0142636715616137
4450,150,450,5499,2.20140553138078,55,6.74079855741288,0.326579338134929,0.369127516778524,-0.0425481786435949
4451,150,451,5500,1.93610816726959,51,6.40130233420989,0.302455354580368,0.342281879194631,-0.0398265246142627
4452,150,452,5501,2.42893216547343,50,6.82181994608258,0.356053396992431,0.335570469798658,0.0204829271937731
4453,150,453,5502,1.98078079200458,45,6.71522605370683,0.29496859467764,0.302013422818792,-0.00704482814115182
4454,150,454,5503,2.10425770637344,47,6.13495787980418,0.342994646026911,0.315436241610738,0.0275584044161724
4455,150,455,5504,2.06079841845424,48,6.81680853093516,0.302311324882046,0.322147651006711,-0.0198363261246651
4456,150,456,5505,1.76702884786501,44,6.43090280777461,0.274771505756356,0.295302013422819,-0.0205305076664629
4457,150,457,5506,1.82354611052108,49,6.44351153981577,0.283005019740093,0.328859060402685,-0.0458540406625914
4458,150,458,5507,1.74314526790754,45,6.79590320995912,0.256499425323338,0.302013422818792,-0.0455139974954544
4459,150,459,5508,1.9959163713871,47,7.03896854358448,0.283552392517259,0.315436241610738,-0.0318838490934797
4460,150,460,5509,2.1942821331089,47,6.56828270550645,0.334072425242804,0.315436241610738,0.0186361836320655
4461,150,461,5510,1.90352913738111,51,6.26102619558038,0.30402829790503,0.342281879194631,-0.0382535812896012
4462,150,462,5511,1.96530775190022,45,6.43611920924736,0.305356020919639,0.302013422818792,0.00334259810084675
4463,150,463,5512,1.96485509886781,48,6.34664780295271,0.309589433646166,0.322147651006711,-0.0125582173605453
4464,150,464,5513,1.95492263315107,54,6.06231411726113,0.322471352578853,0.36241610738255,-0.0399447548036974
4465,150,465,5514,1.99313317683433,55,6.83799709751186,0.291479090793936,0.369127516778524,-0.0776484259845877
4466,150,466,5515,1.98862691897239,43,6.35001932139254,0.313168640648529,0.288590604026846,0.024578036621683
4467,150,467,5516,1.68882724951096,40,6.21585540161493,0.271696675741875,0.268456375838926,0.00324029990294927
4468,150,468,5517,1.92107567577498,41,7.04490083440171,0.272690236659395,0.275167785234899,-0.00247754857550386
4469,150,469,5518,1.73414505751312,42,6.37888380292903,0.271857132233204,0.281879194630872,-0.0100220623976687
4470,150,470,5519,2.04368727375195,43,6.15699434789378,0.331929373047266,0.288590604026846,0.0433387690204207
4471,150,471,5520,1.83810071036661,42,6.62305369917645,0.277530697145815,0.281879194630872,-0.00434849748505767
4472,150,472,5521,2.07946467750415,48,6.48309751261279,0.320751719908358,0.322147651006711,-0.0013959310983534
4473,150,473,5522,2.51200277047171,61,6.89497517996789,0.364323685713892,0.409395973154362,-0.0450722874404709
4474,150,474,5523,1.66122445504471,42,6.05755968970259,0.274239882087941,0.281879194630872,-0.00763931254293099
4475,150,475,5524,2.43016795730782,46,7.22259082679733,0.33646762160351,0.308724832214765,0.0277427893887445
4476,150,476,5525,1.7343611658001,40,6.29370134951285,0.275570935048316,0.268456375838926,0.00711455920938969
4477,150,477,5526,1.78973632914341,47,6.2359469266105,0.287003136846165,0.315436241610738,-0.0284331047645734
4478,150,478,5527,1.99774854388408,53,6.45268308086487,0.309599668672448,0.355704697986577,-0.0461050293141288
4479,150,479,5528,1.97473503171794,43,7.46180119148466,0.264645891929082,0.288590604026846,-0.0239447120977638
4480,150,480,5529,1.88422452990699,48,6.3004609060828,0.299061379475883,0.322147651006711,-0.0230862715308288
4481,150,481,5530,2.13185647619884,50,6.93855110520949,0.307248075840825,0.335570469798658,-0.0283223939578331
4482,150,482,5531,1.68226697829262,49,6.34175268336486,0.265268461620301,0.328859060402685,-0.0635905987823831
4483,150,483,5532,2.29825173928756,49,6.84512815283455,0.335749994444715,0.328859060402685,0.00689093404203062
4484,150,484,5533,1.93425326118877,43,6.86667631428279,0.281686972366164,0.288590604026846,-0.00690363166068192
4485,150,485,5534,1.79460685215621,49,6.28791977941678,0.285405494203468,0.328859060402685,-0.0434535661992169
4486,150,486,5535,1.73963260156948,45,6.58523563506708,0.264171655803136,0.302013422818792,-0.0378417670156564
4487,150,487,5536,2.22099113076206,48,6.88897791376364,0.322397772001082,0.322147651006711,0.000250120994370717
4488,150,488,5537,2.19241772594916,55,6.80198786604586,0.32232014656969,0.369127516778524,-0.0468073702088331
4489,150,489,5538,2.09490730178265,55,6.34153493533833,0.330347041078137,0.369127516778524,-0.0387804757003868
4490,150,490,5539,1.89187895353196,42,7.0160964250074,0.269648368398808,0.281879194630872,-0.0122308262320643
4491,150,491,5540,2.03862230770622,47,7.20762915748115,0.282842286022753,0.315436241610738,-0.0325939555879853
4492,150,492,5541,2.21568338794096,55,6.33620853755288,0.349685995151398,0.369127516778524,-0.0194415216271258
4493,150,493,5542,1.60658365099802,43,5.9618101499588,0.269479170015021,0.288590604026846,-0.0191114340118248
4494,150,494,5543,1.69382654002491,41,6.6962795677614,0.25295039176376,0.275167785234899,-0.0222173934711391
4495,150,495,5544,2.09907078349742,55,6.10372335885314,0.343900052490554,0.369127516778524,-0.0252274642879696
4496,150,496,5545,2.05922268001405,45,6.48740711488427,0.317418445235155,0.302013422818792,0.0154050224163629
4497,150,497,5546,2.28579056052175,57,6.57094487781126,0.347863298662024,0.38255033557047,-0.034687036908446
4498,150,498,5547,1.78127849211029,42,6.36323121808632,0.279933013756805,0.281879194630872,-0.00194618087406734
4499,150,499,5548,1.72793677844784,44,6.56946651171431,0.263025433704042,0.295302013422819,-0.0322765797187765
4500,150,500,5549,2.05751089346933,51,6.13199196049808,0.335537115300165,0.342281879194631,-0.0067447638944661
4501,150,501,5550,2.16793648864326,42,7.07254907715058,0.306528306130423,0.281879194630872,0.0246491114995507
4502,150,502,5551,2.03103791661358,42,6.81199077368168,0.298156292938703,0.281879194630872,0.0162770983078305
4503,150,503,5552,2.0176037795863,43,6.8831366323789,0.293122726940404,0.288590604026846,0.00453212291355881
4504,150,504,5553,2.04671429452222,45,7.04624025943688,0.290468990435161,0.302013422818792,-0.011544432383631
4505,150,505,5554,1.81727029740358,43,6.26906776538317,0.289878872810766,0.288590604026846,0.0012882687839208
4506,150,506,5555,2.10159197433072,47,7.03145572473739,0.298884335847711,0.315436241610738,-0.0165519057630271
4507,150,507,5556,1.68341697646176,41,6.3034561525461,0.267062534540165,0.275167785234899,-0.00810525069473456
4508,150,508,5557,1.69569564435947,39,6.46679823223259,0.262215641104679,0.261744966442953,0.000470674661726289
4509,150,509,5558,1.89113973095908,55,6.27338002262533,0.30145467421686,0.369127516778524,-0.0676728425616637
4510,150,510,5559,2.19104971231059,52,6.52940321583698,0.335566611508419,0.348993288590604,-0.013426677082185
4511,150,511,5560,1.8313300291563,40,6.11800438925358,0.299334539931529,0.268456375838926,0.0308781640926031
4512,150,512,5561,1.95549343438038,50,6.326607451418,0.309090369427312,0.335570469798658,-0.0264801003713453
4513,150,513,5562,2.37773873237087,53,6.72060380336778,0.353798379124708,0.355704697986577,-0.00190631886186871
4514,150,514,5563,2.43371269766262,49,6.90505378111388,0.352453836683953,0.328859060402685,0.0235947762812684
4515,150,515,5564,2.20784608119247,50,6.24002252939644,0.353820209909727,0.335570469798658,0.0182497401110693
4516,150,516,5565,1.5481558890707,40,6.53414898110999,0.236933056400515,0.268456375838926,-0.0315233194384116
4517,150,517,5566,2.00431027870287,40,6.96639391984966,0.287711303977786,0.268456375838926,0.0192549281388598
4518,150,518,5567,2.47871657916749,60,6.83979578658582,0.362396284407896,0.402684563758389,-0.040288279350493
4519,150,519,5568,1.89270549841966,44,6.9245017049067,0.273334541470108,0.295302013422819,-0.0219674719527104
4520,150,520,5569,1.93255058295155,46,6.99011710358824,0.276468985327801,0.308724832214765,-0.0322558468869645
4521,150,521,5570,1.98919700924154,42,6.94009133464104,0.286624038982396,0.281879194630872,0.00474484435152311
4522,150,522,5571,1.75702362380162,43,6.69690361840162,0.262363582323882,0.288590604026846,-0.0262270217029633
4523,150,523,5572,2.23904189666799,51,6.67751231670245,0.335310784986121,0.342281879194631,-0.00697109420851
4524,150,524,5573,1.66401513358882,38,6.36631776979105,0.261377957205463,0.25503355704698,0.00634440015848337
4525,150,525,5574,1.83064031617375,39,6.94998874186362,0.263401911019911,0.261744966442953,0.00165694457695842
4526,150,526,5575,1.90971139892677,48,6.59829795066522,0.289424850651711,0.322147651006711,-0.0327228003550001
4527,150,527,5576,2.31816453539924,53,6.56486071742671,0.353117093443517,0.355704697986577,-0.00258760454305995
4528,150,528,5577,1.80169935464729,47,6.77215294710949,0.26604528408005,0.315436241610738,-0.0493909575306882
4529,150,529,5578,2.07110480301911,55,6.66877227348427,0.310567630454864,0.369127516778524,-0.0585598863236591
4530,150,530,5579,2.23215611914159,52,6.1928694416563,0.360439718642704,0.348993288590604,0.0114464300520997
4531,150,531,5580,1.99158108377448,50,6.40725937430095,0.31083197470709,0.335570469798658,-0.0247384950915674
4532,150,532,5581,1.92854951854159,47,6.55882563127045,0.294038845818201,0.315436241610738,-0.0213973957925375
4533,150,533,5582,1.98919098684081,45,7.12787153127928,0.279072227678576,0.302013422818792,-0.0229411951402161
4534,150,534,5583,2.08909262981139,44,6.85865571238389,0.3045921412908,0.295302013422819,0.00929012786798122
4535,150,535,5584,2.09521290005021,50,6.69921765135176,0.312754863193232,0.335570469798658,-0.0228156066054253
4536,150,536,5585,2.03711018833777,41,7.37342026419224,0.276277509669516,0.275167785234899,0.00110972443461627
4537,150,537,5586,1.99071219704406,50,6.2874638770723,0.316616084953321,0.335570469798658,-0.0189543848453369
4538,150,538,5587,2.02876457886621,45,6.91201308250385,0.293512838394585,0.302013422818792,-0.00850058442420687
4539,150,539,5588,1.86086053371149,42,6.49957765447423,0.286304838966036,0.281879194630872,0.00442564433516351
4540,150,540,5589,1.80712554464627,38,7.25200852879933,0.249189660694658,0.25503355704698,-0.00584389635232185
4541,150,541,5590,1.99793295769631,51,6.810043344882,0.293380358466856,0.342281879194631,-0.0489015207277754
4542,150,542,5591,1.77317851689686,38,7.26961420633357,0.24391645368911,0.25503355704698,-0.0111171033578698
4543,150,543,5592,1.85679350062698,52,6.62066539672651,0.280454212584893,0.348993288590604,-0.0685390760057106
4544,150,544,5593,2.0641007157439,45,6.8627120655887,0.300770409135159,0.302013422818792,-0.00124301368363294
4545,150,545,5594,1.9754241461625,41,6.57929541599963,0.300248586096109,0.275167785234899,0.0250808008612095
4546,150,546,5595,1.9356618899296,50,6.33802677034119,0.305404498918738,0.335570469798658,-0.0301659708799193
4547,150,547,5596,2.183306278226,47,6.62457506155105,0.329576804238794,0.315436241610738,0.0141405626280554
4548,150,548,5597,2.14755723032902,46,6.31660717118662,0.339985877248336,0.308724832214765,0.0312610450335711
4549,150,549,5598,2.757437352876,55,7.56257145129531,0.364616370322519,0.369127516778524,-0.00451114645600476
4550,150,550,5599,1.92755020545974,44,7.32194740303487,0.263256494393936,0.295302013422819,-0.0320455190288829
4551,150,551,5600,1.86650620555455,40,6.5497126187776,0.284975282763308,0.268456375838926,0.0165189069243822
4552,150,552,5601,1.86080010230697,43,6.74754882831813,0.275774232932937,0.288590604026846,-0.0128163710939086
4553,150,553,5602,1.947768037379,46,6.45996448649996,0.301513737645067,0.308724832214765,-0.00721109456969854
4554,150,554,5603,1.79190186055286,45,6.38151948820068,0.28079548512953,0.302013422818792,-0.021217937689262
4555,150,555,5604,1.93920476861192,54,5.85532709610442,0.331186411413649,0.36241610738255,-0.0312296959689011
4556,150,556,5605,2.04985615759644,48,7.10719511461368,0.288419851226761,0.322147651006711,-0.03372779977995
4557,150,557,5606,1.91151017902921,48,6.59061747055134,0.29003506690691,0.322147651006711,-0.0321125840998012
4558,150,558,5607,2.12716285736867,54,6.49897322168969,0.327307527636746,0.36241610738255,-0.0351085797458038
4559,150,559,5608,1.81820448537081,43,6.67896312513752,0.272228555736093,0.288590604026846,-0.0163620482907524
4560,150,560,5609,2.03857576671111,47,6.67094859639391,0.305590087714526,0.315436241610738,-0.00984615389621241
4561,150,561,5610,1.89586856507489,44,7.05216417233562,0.268835001390359,0.295302013422819,-0.0264670120324597
4562,150,562,5611,1.69471172666887,40,6.52161847582437,0.259860605607514,0.268456375838926,-0.00859577023141234
4563,150,563,5612,1.83637890165046,41,6.67382821955538,0.275161247973026,0.275167785234899,-6.53726187310744e-06
4564,150,564,5613,1.74570962238171,41,6.34572056638228,0.275100298558678,0.275167785234899,-6.74866762211956e-05
4565,150,565,5614,1.91208049890046,61,6.28106376715361,0.304419851442928,0.409395973154362,-0.104976121711434
4566,150,566,5615,1.80957151423563,46,6.21477603160024,0.291172442101616,0.308724832214765,-0.017552390113149
4567,150,567,5616,2.12466307023289,57,6.77198888768502,0.313742846521297,0.38255033557047,-0.0688074890491731
4568,150,568,5617,1.67608092745714,39,6.36368304760907,0.263382213557425,0.261744966442953,0.00163724711447205
4569,150,569,5618,2.01833201832527,47,6.31763563516694,0.319475850599912,0.315436241610738,0.00403960898917377
4570,150,570,5619,2.44085926321665,56,6.76782044280476,0.360656622592826,0.375838926174497,-0.0151823035816703
4571,150,571,5620,1.79145823220526,39,6.28476752849029,0.285047652770635,0.261744966442953,0.0233026863276821
4572,150,572,5621,1.80995517859485,59,5.93061432130655,0.305188481417909,0.395973154362416,-0.0907846729445074
4573,150,573,5622,1.69645991243707,41,6.57675010055934,0.257948057398865,0.275167785234899,-0.0172197278360347
4574,150,574,5623,1.99046554574675,43,6.99945042915014,0.284374547101183,0.288590604026846,-0.0042160569256629
4575,150,575,5624,2.04732241534631,52,6.37454597687438,0.32117148778495,0.348993288590604,-0.0278218008056543
4576,150,576,5625,2.2825449947987,45,6.95743719518254,0.328072669686357,0.302013422818792,0.0260592468675652
4577,150,577,5626,2.12584317859988,50,7.21084021315332,0.294812132256394,0.335570469798658,-0.0407583375422635
4578,150,578,5627,2.01031748466553,54,6.01867479729571,0.334013308971071,0.36241610738255,-0.028402798411479
4579,150,579,5628,1.94540068980214,49,6.5859606774427,0.295386016570862,0.328859060402685,-0.0334730438318225
4580,150,580,5629,1.94846218375647,42,6.71023224058753,0.290371795475423,0.281879194630872,0.00849260084455078
4581,150,581,5630,2.07033842758798,54,6.34230229128987,0.326433262323566,0.36241610738255,-0.0359828450589842
4582,150,582,5631,1.91123013920744,53,6.30202869892562,0.30327220495414,0.355704697986577,-0.0524324930324372
4583,150,583,5632,2.08551350685095,48,6.67425063611987,0.31247155981295,0.322147651006711,-0.00967609119376095
4584,150,584,5633,2.26785138904904,52,6.70718303055414,0.338122782503174,0.348993288590604,-0.0108705060874296
4585,150,585,5634,2.07898053845205,51,6.93488545786308,0.299785850982558,0.342281879194631,-0.0424960282120727
4586,150,586,5635,1.79511737724368,39,6.98039296913079,0.257165661758899,0.261744966442953,-0.0045793046840541
4587,150,587,5636,1.85416532337796,50,6.91099191742331,0.268292214132594,0.335570469798658,-0.067278255666064
4588,150,588,5637,1.84522906331672,48,6.17598536973912,0.298774843664286,0.322147651006711,-0.023372807342425
4589,150,589,5638,1.8692549966202,45,6.57222521942089,0.284417367666671,0.302013422818792,-0.0175960551521206
4590,150,590,5639,1.79353891074127,51,6.19442119020288,0.289541000792445,0.342281879194631,-0.0527408784021863
4591,150,591,5640,1.92565518354187,44,6.43039929296441,0.299461214741168,0.295302013422819,0.00415920131834963
4592,150,592,5641,1.93002262155072,49,6.39050291718099,0.302014199283412,0.328859060402685,-0.0268448611192726
4593,150,593,5642,1.74493884901149,41,6.2499407063406,0.279192864540498,0.275167785234899,0.00402507930559848
4594,150,594,5643,1.62483169555949,43,6.29010612696314,0.258315466029182,0.288590604026846,-0.0302751379976641
4595,150,595,5644,2.01740115362552,47,7.08930263018209,0.284569760788121,0.315436241610738,-0.0308664808226172
4596,150,596,5645,1.91456889469971,45,6.52424827861413,0.293454328060366,0.302013422818792,-0.00855909475842564
4597,150,597,5646,1.84610792531385,41,6.51376269126976,0.283416515586013,0.275167785234899,0.00824873035111334
4598,150,598,5647,2.16209143600384,48,6.74815034899323,0.32039763849162,0.322147651006711,-0.00175001251509099
4599,150,599,5648,1.70123457529712,44,6.22433238630341,0.27332000762695,0.295302013422819,-0.0219820057958687
4600,150,600,5649,1.7946025247496,38,6.36126354635543,0.282114160445025,0.25503355704698,0.0270806033980449
4601,150,601,5650,2.15538497790176,49,6.67520289233009,0.322894301891307,0.328859060402685,-0.00596475851137801
4602,150,602,5651,1.81418862467972,42,6.95671594974185,0.260782334335073,0.281879194630872,-0.0210968602957995
4603,150,603,5652,2.12133661809578,48,6.38151251931606,0.332419095265385,0.322147651006711,0.0102714442586739
4604,150,604,5653,2.05042520230424,45,7.43489604372761,0.27578397737438,0.302013422818792,-0.0262294454444121
4605,150,605,5654,1.85226468091186,42,6.29494129540498,0.294246537654598,0.281879194630872,0.0123673430237252
4606,150,606,5655,1.75182696104487,46,6.59321587013706,0.265701441534698,0.308724832214765,-0.0430233906800666
4607,150,607,5656,1.78951172124618,44,6.29272947630009,0.284377666001043,0.295302013422819,-0.0109243474217762
4608,150,608,5657,2.31844765917273,50,7.05800680829285,0.328484758111688,0.335570469798658,-0.00708571168696964
4609,150,609,5658,1.75236294565758,45,6.31212322351463,0.277618621120938,0.302013422818792,-0.0243948016978536
4610,150,610,5659,1.75019546791863,39,6.57386295091285,0.266235466268063,0.261744966442953,0.00449049982510968
4611,150,611,5660,1.86864932419433,42,6.61425577188724,0.282518455384913,0.281879194630872,0.000639260754040971
4612,150,612,5661,2.11387973407825,46,7.25634006229059,0.291314866162842,0.308724832214765,-0.0174099660519227
4613,150,613,5662,1.93617915448392,55,6.36951487340454,0.30397592170925,0.369127516778524,-0.0651515950692731
4614,150,614,5663,1.97727040307506,54,6.22746343322089,0.317508151477399,0.36241610738255,-0.0449079559051512
4615,150,615,5664,2.0332789180559,48,6.85124039677676,0.296775299114081,0.322147651006711,-0.0253723518926305
4616,150,616,5665,1.52714259183502,37,6.61857032315168,0.230736022626078,0.248322147651007,-0.0175861250249283
4617,150,617,5666,2.83414198440007,67,6.852493860932,0.413592779784644,0.449664429530201,-0.0360716497455575
4618,150,618,5667,2.0698513367237,49,6.94445281294665,0.298058233308871,0.328859060402685,-0.0308008270938135
4619,150,619,5668,2.04911370368025,54,5.80296513078476,0.353114943395005,0.36241610738255,-0.0093011639875451
4620,150,620,5669,2.27919787908417,51,6.99326537451171,0.325913254685164,0.342281879194631,-0.0163686245094671
4621,150,621,5670,2.08809311699792,50,6.9813656602075,0.299095222715473,0.335570469798658,-0.0364752470831844
4622,150,622,5671,2.06141913389421,48,6.74384594450812,0.30567411397838,0.322147651006711,-0.0164735370283315
4623,150,623,5672,1.82555674797303,38,6.61740644076896,0.275871939303293,0.25503355704698,0.0208383822563129
4624,150,624,5673,1.93772776445049,40,6.97548492446177,0.277791119246093,0.268456375838926,0.009334743407167
4625,150,625,5674,1.95080149169328,47,6.38715838567544,0.305425570167223,0.315436241610738,-0.0100106714435148
4626,150,626,5675,2.4049337610202,44,7.31820570399965,0.328623416489348,0.295302013422819,0.0333214030665296
4627,150,627,5676,1.77369292857062,42,6.46368363562446,0.274408994709294,0.281879194630872,-0.00747019992157866
4628,150,628,5677,1.92881880443129,53,6.38574179493296,0.302050860553397,0.355704697986577,-0.0536538374331803
4629,150,629,5678,1.98225661125376,46,6.62568840949443,0.299177457305907,0.308724832214765,-0.00954737490885854
4630,150,630,5679,2.05679608738632,51,7.09133139618184,0.290043712876506,0.342281879194631,-0.0522381663181246
4631,150,631,5680,2.16433451205103,53,6.90197737814248,0.313581803224268,0.355704697986577,-0.0421228947623088
4632,150,632,5681,1.74864608877056,39,6.60152750464853,0.264885072059343,0.261744966442953,0.00314010561639028
4633,150,633,5682,1.51221370700361,38,6.33883251388622,0.238563442667221,0.25503355704698,-0.0164701143797589
4634,150,634,5683,1.94279895291126,40,7.05837846271265,0.275247206305881,0.268456375838926,0.00679083046695517
4635,150,635,5684,2.39866103491427,54,6.97734376408823,0.343778537508782,0.36241610738255,-0.018637569873768
4636,150,636,5685,2.35993475606991,48,7.74027640423428,0.304890243296598,0.322147651006711,-0.0172574077101131
4637,150,637,5686,2.15344054889223,42,6.93740739174219,0.310409988529077,0.281879194630872,0.028530793898205
4638,150,638,5687,2.13411679150915,61,6.51569368708209,0.327534855688538,0.409395973154362,-0.081861117465824
4639,150,639,5688,2.21950637327881,53,6.34893989248073,0.349586924882915,0.355704697986577,-0.00611777310366168
4640,150,640,5689,1.93372376818952,44,6.27846801534989,0.307992931310928,0.295302013422819,0.012690917888109
4641,150,641,5690,2.06564586304814,47,6.79119651917996,0.304165231739983,0.315436241610738,-0.011271009870755
4642,150,642,5691,2.03422261979872,56,6.47826655989925,0.314007242676713,0.375838926174497,-0.0618316834977835
4643,150,643,5692,2.17520597300035,61,5.9692305462887,0.364403076097095,0.409395973154362,-0.0449928970572676
4644,150,644,5693,1.72767767686965,37,6.23036199891483,0.277299726271213,0.248322147651007,0.0289775786202066
4645,150,645,5694,1.83910613149184,49,6.58507480330663,0.279284015204862,0.328859060402685,-0.0495750451978223
4646,150,646,5695,1.9461752308071,46,6.11635882699597,0.318191801013571,0.308724832214765,0.00946696879880621
4647,150,647,5696,1.85748908257361,42,6.19013354598399,0.300072537817655,0.281879194630872,0.0181933431867822
4648,150,648,5697,1.92188542609802,40,6.58760381537092,0.291742715555187,0.268456375838926,0.0232863397162609
4649,150,649,5698,1.89559054036275,43,6.41047548681515,0.295702018401215,0.288590604026846,0.0071114143743693
4650,150,650,5699,2.0315377246886,48,6.2010487239466,0.327611959706655,0.322147651006711,0.00546430869994385
4651,150,651,5700,1.67719326274295,39,6.11437065142229,0.274303498815992,0.261744966442953,0.0125585323730388
4652,150,652,5701,1.87703267005233,44,6.64324811675484,0.282547428165191,0.295302013422819,-0.0127545852576279
4653,150,653,5702,2.5305128378329,60,6.7454459862626,0.375143888630403,0.402684563758389,-0.0275406751279859
4654,150,654,5703,2.50027781492292,56,7.04570689668688,0.354865431046902,0.375838926174497,-0.0209734951275949
4655,150,655,5704,1.76578713442493,48,6.33108643029381,0.278907444064538,0.322147651006711,-0.0432402069421731
4656,150,656,5705,1.79435747277943,38,6.58550376734407,0.27247079892008,0.25503355704698,0.0174372418730999
4657,150,657,5706,1.84330049285724,47,6.85960950698702,0.268717992034343,0.315436241610738,-0.0467182495763951
4658,150,658,5707,2.26182261891637,43,6.99653547425164,0.323277517457067,0.288590604026846,0.0346869134302211
4659,150,659,5708,2.2355320342835,57,6.46722821237937,0.345670813039243,0.38255033557047,-0.0368795225312273
4660,150,660,5709,1.84719529487496,53,6.32499762071824,0.292046796796296,0.355704697986577,-0.063657901190281
4661,150,661,5710,1.74800080424018,43,5.98208419081012,0.292205985152384,0.288590604026846,0.0036153811255385
4662,150,662,5711,1.71177196601344,41,6.18870077969322,0.276596336929105,0.275167785234899,0.00142855169420519
4663,150,663,5712,1.72317081156282,41,6.23557830915254,0.276344987766983,0.275167785234899,0.00117720253208364
4664,150,664,5713,2.52207841342752,58,7.39826650163839,0.340901265569305,0.389261744966443,-0.0483604793971382
4665,150,665,5714,1.8505838898781,37,6.85823134771059,0.269833984310818,0.248322147651007,0.021511836659811
4666,150,666,5715,1.92619011061984,46,6.48703801864529,0.296929061473589,0.308724832214765,-0.0117957707411759
4667,150,667,5716,1.6027047903324,35,6.52377167851992,0.24567150251586,0.23489932885906,0.0107721736567998
4668,150,668,5717,1.66479495907399,38,6.49547548685897,0.256300706921618,0.25503355704698,0.00126714987463789
4669,150,669,5718,1.95485935954172,40,6.81994512374986,0.286638576127847,0.268456375838926,0.0181822002889213
4670,150,670,5719,1.8324801821017,41,6.70025019565268,0.27349429179386,0.275167785234899,-0.00167349344103923
4671,150,671,5720,1.73183062549234,45,6.77403748461597,0.25565707739666,0.302013422818792,-0.0463563454221324
4672,150,672,5721,1.8342196629941,41,6.5766924574615,0.278896979729243,0.275167785234899,0.00372919449434322
4673,150,673,5722,1.80058594984991,40,6.77048947369484,0.265946200322099,0.268456375838926,-0.00251017551682747
4674,150,674,5723,1.98835059853871,47,6.6535847255635,0.298838998908264,0.315436241610738,-0.0165972427024741
4675,150,675,5724,2.01033864519111,48,6.7571117710698,0.29751448744688,0.322147651006711,-0.0246331635598311
4676,150,676,5725,2.24770099994796,56,6.81643222026096,0.329747429053422,0.375838926174497,-0.0460914971210748
4677,150,677,5726,2.11367405686375,48,6.51221009870663,0.32457092520457,0.322147651006711,0.00242327419785843
4678,150,678,5727,1.99612242817682,45,6.91542895112307,0.288647666295905,0.302013422818792,-0.0133657565228866
4679,150,679,5728,2.00301831276935,47,7.03849350811816,0.284580544183082,0.315436241610738,-0.0308556974276565
4680,150,680,5729,1.95908350877524,53,6.64767158322035,0.294702210277692,0.355704697986577,-0.0610024877088855
4681,150,681,5730,2.14504409350934,50,7.43281476951274,0.288591086960446,0.335570469798658,-0.0469793828382121
4682,150,682,5731,2.04418573509728,46,7.1201512562345,0.287098638994132,0.308724832214765,-0.0216261932206331
4683,150,683,5732,1.74796684967962,38,6.88048006241281,0.254047222551888,0.25503355704698,-0.00098633449509139
4684,150,684,5733,1.83622235964056,52,6.40138387946788,0.286847718277005,0.348993288590604,-0.0621455703135991
4685,150,685,5734,1.81378462114335,47,7.01207802632487,0.258665778437434,0.315436241610738,-0.0567704631733038
4686,150,686,5735,1.72185681363581,45,6.3613746568582,0.270673699713548,0.302013422818792,-0.031339723105244
4687,150,687,5736,1.755690988402,48,6.49515432698416,0.270307817184261,0.322147651006711,-0.0518398338224499
4688,150,688,5737,2.02958488696663,54,5.9330372875403,0.342081936890716,0.36241610738255,-0.0203341704918342
4689,150,689,5738,1.97146063204874,56,6.40757211982159,0.307676698003929,0.375838926174497,-0.0681622281705674
4690,150,690,5739,1.77017972871757,46,6.37184202329623,0.277812871418592,0.308724832214765,-0.0309119607961734
4691,150,691,5740,2.25083337816249,48,6.53929367723783,0.344201298986962,0.322147651006711,0.0220536479802511
4692,150,692,5741,1.90421258844098,49,6.12401798859565,0.310941703957608,0.328859060402685,-0.0179173564450761
4693,150,693,5742,1.46553640339935,32,6.39844933754688,0.229045558710516,0.214765100671141,0.0142804580393747
4694,150,694,5743,1.83533918208812,47,6.49437307443707,0.282604519489698,0.315436241610738,-0.0328317221210404
4695,150,695,5744,1.66721386948559,41,5.89605343490689,0.282767767947123,0.275167785234899,0.0075999827122239
4696,150,696,5745,1.81504693854014,40,6.53771435526527,0.27762713999249,0.268456375838926,0.00917076415356416
4697,150,697,5746,2.20887742880205,46,7.23260780731785,0.305405392860808,0.308724832214765,-0.0033194393539574
4698,150,698,5747,2.57602802948215,53,6.58124599418763,0.391419501984461,0.355704697986577,0.0357148039978838
4699,150,699,5748,1.59210345467,40,6.22643287169353,0.255700733867699,0.268456375838926,-0.0127556419712267
4700,150,700,5749,1.99019820953836,42,6.97238943145231,0.285439909675815,0.281879194630872,0.00356071504494287
4701,150,701,5750,2.27555400087212,56,6.90463103718838,0.329569239632932,0.375838926174497,-0.0462696865415647
4702,150,702,5751,1.81462561916721,54,5.5914524458434,0.324535643778241,0.36241610738255,-0.037880463604309
4703,150,703,5752,2.16831591768212,50,6.59933212193092,0.328565963588401,0.335570469798658,-0.00700450621025661
4704,150,704,5753,1.89974808578405,51,6.29324131361003,0.301871164812252,0.342281879194631,-0.0404107143823789
4705,150,705,5754,1.39042529838608,37,5.81142302325866,0.2392572856633,0.248322147651007,-0.00906486198770667
4706,150,706,5755,1.75919532842191,43,6.10948244216704,0.287945066554267,0.288590604026846,-0.00064553747257895
4707,150,707,5756,2.06526224591962,58,5.93474422200466,0.347995156768864,0.389261744966443,-0.0412665881975787
4708,150,708,5757,1.81892889400526,43,6.32766918570864,0.287456382535516,0.288590604026846,-0.00113422149132936
4709,150,709,5758,1.81051158601553,50,5.8788624128991,0.307969715712856,0.335570469798658,-0.0276007540858015
4710,150,710,5759,1.83946672416551,48,6.51899862753111,0.282170135210192,0.322147651006711,-0.0399775157965193
4711,150,711,5760,1.96419610198498,41,6.67085630403074,0.294444373025717,0.275167785234899,0.0192765877908177
4712,150,712,5761,1.71849664606019,44,6.24536819716337,0.275163383776272,0.295302013422819,-0.020138629646547
4713,150,713,5762,2.30565201284287,47,7.21883790961861,0.319393791869291,0.315436241610738,0.00395755025855293
4714,150,714,5763,1.98852650754221,41,7.29772301685735,0.27248588401462,0.275167785234899,-0.00268190122027978
4715,150,715,5764,2.14991193080162,45,7.19691286190942,0.298726964193259,0.302013422818792,-0.00328645862553251
4716,150,716,5765,1.49488369637004,35,6.46986886819311,0.231053167664513,0.23489932885906,-0.0038461611945472
4717,150,717,5766,1.75639572164683,44,6.38137137552623,0.275237972888232,0.295302013422819,-0.0200640405345872
4718,150,718,5767,2.37343189631207,57,6.9631585373252,0.340855645263506,0.38255033557047,-0.0416946903069633
4719,150,719,5768,2.02227504568525,45,6.75730360281878,0.299272485676338,0.302013422818792,-0.0027409371424541
4720,150,720,5769,1.97459459333444,42,7.01145834821876,0.281623949721684,0.281879194630872,-0.000255244909188157
4721,150,721,5770,1.47473097376186,36,6.53465926801451,0.225678327404198,0.241610738255034,-0.0159324108508352
4722,150,722,5771,1.86569895930344,43,6.28412169013528,0.296890966040996,0.288590604026846,0.00830036201415046
4723,150,723,5772,1.61070353457939,38,6.42911509279628,0.250532695609099,0.25503355704698,-0.00450086143788109
4724,150,724,5773,1.89961404027916,46,6.32627029081512,0.300273929654435,0.308724832214765,-0.00845090256033054
4725,150,725,5774,1.81773480567919,41,6.21152944556918,0.29263884549011,0.275167785234899,0.0174710602552104
4726,150,726,5775,1.74049939266595,42,6.35033614290776,0.274079883882964,0.281879194630872,-0.00779931074790868
4727,150,727,5776,2.36222445021374,50,7.16052991744553,0.329895200138546,0.335570469798658,-0.00567526966011161
4728,150,728,5777,1.90552051881544,39,6.49547963776856,0.293361017981739,0.261744966442953,0.0316160515387861
4729,150,729,5778,1.77059606808236,44,6.48477767242915,0.27303882376882,0.295302013422819,-0.0222631896539983
4730,150,730,5779,1.56090788865159,41,6.55430191820409,0.238150135305223,0.275167785234899,-0.0370176499296765
4731,150,731,5780,2.2486256284228,57,6.92568465506391,0.324679181974977,0.38255033557047,-0.0578711535954924
4732,150,732,5781,1.76170851096191,41,6.39442012928664,0.275507157074842,0.275167785234899,0.000339371839942815
4733,150,733,5782,1.89792939897773,48,6.96300989084256,0.27257312982907,0.322147651006711,-0.0495745211776411
4734,150,734,5783,2.07247315475436,50,6.8873040024415,0.300912106394561,0.335570469798658,-0.0346583634040968
4735,150,735,5784,2.29460120246246,51,6.88117281258054,0.333460772597855,0.342281879194631,-0.00882110659677582
4736,150,736,5785,2.57252364800544,65,6.42886208911759,0.400152252816258,0.436241610738255,-0.0360893579219965
4737,150,737,5786,2.33223944715534,62,6.52637612530833,0.357355966370258,0.416107382550336,-0.0587514161800773
4738,150,738,5787,1.72574710864335,41,6.62361822014322,0.260544471508812,0.275167785234899,-0.0146233137260869
4739,150,739,5788,2.05139474686732,55,6.6978817313637,0.306275152226322,0.369127516778524,-0.0628523645522012
4740,150,740,5789,2.30735625467757,55,6.7541120673642,0.341622441508883,0.369127516778524,-0.0275050752696404
4741,150,741,5790,1.89552996407121,46,6.42987130771016,0.294800606941892,0.308724832214765,-0.0139242252728734
4742,150,742,5791,1.6970790897261,38,6.2990679720848,0.269417491166462,0.25503355704698,0.0143839341194826
4743,150,743,5792,1.7015728932281,43,6.49281594579375,0.262070095230472,0.288590604026846,-0.0265205087963735
4744,150,744,5793,2.04326588264595,51,6.07427071641247,0.33638044434291,0.342281879194631,-0.0059014348517209
4745,150,745,5794,1.63973529470292,43,6.15669815123154,0.266333553217144,0.288590604026846,-0.0222570508097012
4746,150,746,5795,2.0060883596566,43,7.14242390049932,0.280869406185253,0.288590604026846,-0.0077211978415927
4747,150,747,5796,1.7083896767677,40,6.29150443676934,0.271539135661002,0.268456375838926,0.00308275982207573
4748,150,748,5797,1.8230712830072,38,6.8096318697494,0.2677195064106,0.25503355704698,0.0126859493636199
4749,150,749,5798,2.07022451355857,48,6.83539505204413,0.302868305020566,0.322147651006711,-0.019279345986145
4750,150,750,5799,1.92223607013574,49,6.04535064643128,0.31796932594315,0.328859060402685,-0.0108897344595345
4751,150,751,5800,2.08893552605011,48,6.40555660261674,0.326113038357472,0.322147651006711,0.00396538735076074
4752,150,752,5801,1.99100513770208,45,6.51995621453006,0.305370936888353,0.302013422818792,0.00335751406956092
4753,150,753,5802,2.06828708369855,50,6.50102931413311,0.318147632283727,0.335570469798658,-0.0174228375149305
4754,150,754,5803,2.26714403344071,53,6.98263281573052,0.324683266794907,0.355704697986577,-0.0310214311916702
4755,150,755,5804,2.01031818232038,54,5.89685034539169,0.340913888698467,0.36241610738255,-0.0215022186840833
4756,150,756,5805,1.9034997916643,47,6.30604860740494,0.301853016075565,0.315436241610738,-0.0135832255351737
4757,150,757,5806,1.71386370548526,47,5.80307721903365,0.295337049774889,0.315436241610738,-0.0200991918358496
4758,150,758,5807,1.85212735044394,45,6.57668365019681,0.281620258622066,0.302013422818792,-0.0203931641967255
4759,150,759,5808,1.87499067794166,48,5.90628397287142,0.317456913103706,0.322147651006711,-0.00469073790300539
4760,150,760,5809,2.07362623091358,49,7.12890478946139,0.290875848696844,0.328859060402685,-0.0379832117058404
4761,150,761,5810,1.95173578998344,46,6.84930973290624,0.284953647315244,0.308724832214765,-0.0237711848995206
4762,150,762,5811,1.72222694371676,49,6.02740684105766,0.285732652387963,0.328859060402685,-0.0431264080147215
4763,150,763,5812,1.87484947203901,53,5.74410212328137,0.326395567453453,0.355704697986577,-0.0293091305331241
4764,150,764,5813,1.92392732283846,51,6.47597515069586,0.29708689086488,0.342281879194631,-0.0451949883297504
4765,150,765,5814,2.0463119148037,52,6.26641861939494,0.326552060928429,0.348993288590604,-0.022441227662175
4766,150,766,5815,1.97175392601951,48,6.26263034588939,0.314844373229487,0.322147651006711,-0.00730327777722445
4767,150,767,5816,1.83833122533981,44,7.15245123822394,0.257021147591394,0.295302013422819,-0.0382808658314243
4768,150,768,5817,2.06810364560863,42,6.56207295780539,0.31516011158466,0.281879194630872,0.0332809169537874
4769,150,769,5818,2.34508728625714,56,6.45795068251036,0.363131804739263,0.375838926174497,-0.0127071214352338
4770,150,770,5819,2.30154521631168,53,7.03170979627523,0.327309471379327,0.355704697986577,-0.0283952266072501
4771,150,771,5820,2.11077853705205,49,6.49249270814367,0.325110651938732,0.328859060402685,-0.00374840846395302
4772,150,772,5821,1.7583029790673,39,7.04676962655414,0.249519009737673,0.261744966442953,-0.01222595670528
4773,150,773,5822,1.78967459092958,45,6.06865802299458,0.294904505106132,0.302013422818792,-0.00710891771265987
4774,150,774,5823,1.75942767495274,53,6.43162931975642,0.27355862526906,0.355704697986577,-0.0821460727175176
4775,150,775,5824,2.47498523541935,58,7.08537574902255,0.349308960186167,0.389261744966443,-0.0399527847802758
4776,150,776,5825,2.2339036956612,63,6.19687114669263,0.36048896980107,0.422818791946309,-0.0623298221452392
4777,150,777,5826,1.78055037402434,46,6.40775822662389,0.277874150529939,0.308724832214765,-0.0308506816848262
4778,150,778,5827,1.86637259433616,45,6.78858437421167,0.274928098621871,0.302013422818792,-0.0270853241969211
4779,150,779,5828,1.91519447281764,44,6.49378064874267,0.294927497002608,0.295302013422819,-0.000374516420211135
4780,150,780,5829,2.21270624511158,48,6.96777383946051,0.317562868154587,0.322147651006711,-0.00458478285212477
4781,150,781,5830,1.8122701796069,50,6.4993997440261,0.278836546601498,0.335570469798658,-0.0567339231971599
4782,150,782,5831,1.65934933169806,41,6.69377654630457,0.24789434188898,0.275167785234899,-0.0272734433459195
4783,150,783,5832,2.25999683841207,54,7.20356431158783,0.313733138298854,0.36241610738255,-0.0486829690836961
4784,150,784,5833,2.53385668809036,56,7.24436787319485,0.349769190693086,0.375838926174497,-0.0260697354814107
4785,150,785,5834,1.83620615880045,43,6.88867654142749,0.266554271746943,0.288590604026846,-0.0220363322799027
4786,150,786,5835,2.14050389401117,48,6.7838698015704,0.315528445654376,0.322147651006711,-0.00661920535233562
4787,150,787,5836,2.68950443926465,62,7.33193991377285,0.366820305525484,0.416107382550336,-0.0492870770248512
4788,150,788,5837,2.48735753174313,53,6.75005939578409,0.368494169591554,0.355704697986577,0.012789471604977
4789,150,789,5838,1.98129016333218,47,6.98161843256395,0.283786658132299,0.315436241610738,-0.0316495834784396
4790,150,790,5839,2.57849586932302,51,7.29361417384868,0.353527868058642,0.342281879194631,0.0112459888640115
4791,150,791,5840,1.9348245387163,41,6.70008461893124,0.288776134744539,0.275167785234899,0.01360834950964
4792,150,792,5841,1.77484387839891,50,5.96134751831129,0.297725283242954,0.335570469798658,-0.0378451865557036
4793,150,793,5842,1.95636103941634,38,7.1696579171366,0.27286672000631,0.25503355704698,0.0178331629593302
4794,150,794,5843,1.80894230718186,40,6.5771999031454,0.275032283315089,0.268456375838926,0.0065759074761631
4795,150,795,5844,1.89078303038054,51,5.73595650439561,0.329636919131376,0.342281879194631,-0.012644960063255
4796,150,796,5845,2.35493266517022,60,6.61573983919765,0.355959079771768,0.402684563758389,-0.0467254839866212
4797,150,797,5846,2.03385138804386,45,6.9102789564801,0.294322617198633,0.302013422818792,-0.00769080562015939
4798,150,798,5847,1.727944844111,45,6.11432211244352,0.282606119261265,0.302013422818792,-0.0194073035575273
4799,150,799,5848,1.81214250305571,40,7.2113426470446,0.251290583702658,0.268456375838926,-0.017165792136268
4800,150,800,5849,1.9935200458887,46,6.96978495694718,0.286023178362432,0.308724832214765,-0.0227016538523331
4801,150,801,5850,2.0725082132529,48,6.7118322324923,0.308784269550092,0.322147651006711,-0.0133633814566191
4802,150,802,5851,1.79653756266501,40,6.81819937619597,0.26349149732071,0.268456375838926,-0.00496487851821625
4803,150,803,5852,1.96868362534299,46,6.47082376137579,0.304240031554255,0.308724832214765,-0.00448480066050971
4804,150,804,5853,1.97532389925728,45,6.22639736777588,0.317249893089121,0.302013422818792,0.0152364702703292
4805,150,805,5854,2.23030618989431,58,6.48706314509092,0.343808305855955,0.389261744966443,-0.0454534391104883
4806,150,806,5855,2.02503598785426,44,6.83744028408907,0.296168727435409,0.295302013422819,0.00086671401258992
4807,150,807,5856,1.62610943725282,35,6.61977536445498,0.245644202065261,0.23489932885906,0.0107448732062009
4808,150,808,5857,2.07979845160617,52,6.15075301650819,0.338137207919768,0.348993288590604,-0.0108560806708362
4809,150,809,5858,2.2591112892145,51,6.83945200307487,0.330305891202811,0.342281879194631,-0.0119759879918196
4810,150,810,5859,1.9220659073782,50,6.46476596164573,0.297314074288453,0.335570469798658,-0.0382563955102049
4811,150,811,5860,1.95422087593425,42,6.72097626722072,0.290764436331266,0.281879194630872,0.00888524170039379
4812,150,812,5861,1.94018346462991,46,6.72129436164954,0.288662177288386,0.308724832214765,-0.020062654926379
4813,150,813,5862,1.73179383909393,45,6.0690106042816,0.285350274041731,0.302013422818792,-0.0166631487770608
4814,150,814,5863,2.15743465225296,47,6.58450396744186,0.32765333014009,0.315436241610738,0.0122170885293513
4815,150,815,5864,2.04868894680197,46,6.84689304937947,0.299214392867965,0.308724832214765,-0.00951043934679968
4816,150,816,5865,2.23884890113833,53,6.88553017203537,0.325152725382151,0.355704697986577,-0.0305519726044261
4817,150,817,5866,1.76449575170001,38,6.76428076122824,0.260854895588281,0.25503355704698,0.00582133854130157
4818,150,818,5867,1.99635546035567,44,6.39701867662237,0.312075915559114,0.295302013422819,0.0167739021362948
4819,150,819,5868,2.3234139921819,57,6.77087389195057,0.343148318704332,0.38255033557047,-0.0394020168661378
4820,150,820,5869,2.29183031543252,50,6.69918940081461,0.342105615815824,0.335570469798658,0.00653514601716593
4821,150,821,5870,2.02621831141607,39,6.48096606838542,0.312641400994228,0.261744966442953,0.0508964345512746
4822,150,822,5871,2.14625864589857,49,6.56470639615921,0.32693901545304,0.328859060402685,-0.00192004494964432
4823,150,823,5872,2.22510515209186,53,6.2935371321295,0.353553988063778,0.355704697986577,-0.00215070992279942
4824,150,824,5873,2.19693918815669,55,6.84493666144252,0.320958293234769,0.369127516778524,-0.0481692235437545
4825,150,825,5874,1.96637920250935,47,6.16772837731825,0.31881741254052,0.315436241610738,0.00338117092978224
4826,150,826,5875,2.6448677304,59,7.1321910697585,0.370835232052969,0.395973154362416,-0.0251379223094474
4827,150,827,5876,2.15830969847773,51,7.09624043116271,0.304148333108845,0.342281879194631,-0.0381335460857863
4828,150,828,5877,2.83286093413856,60,7.50845543958048,0.37728943814533,0.402684563758389,-0.0253951256130595
4829,150,829,5878,2.19025989483938,46,6.35639485098033,0.344575808487035,0.308724832214765,0.03585097627227
4830,150,830,5879,1.85230184641212,43,6.30076249006291,0.293980585577291,0.288590604026846,0.0053899815504454
4831,150,831,5880,1.82749826325937,38,6.39605059547505,0.285722921665481,0.25503355704698,0.030689364618501
4832,150,832,5881,1.91709903436629,46,6.32973722758981,0.302871820019654,0.308724832214765,-0.0058530121951112
4833,150,833,5882,1.86559349717359,45,6.68417342478438,0.279106088159849,0.302013422818792,-0.022907334658943
4834,150,834,5883,2.5131041861349,59,6.74887828940113,0.372373612083306,0.395973154362416,-0.0235995422791105
4835,150,835,5884,2.25368396934368,52,6.89674685034934,0.326774930013493,0.348993288590604,-0.022218358577111
4836,150,836,5885,1.76918124861768,41,6.5311757357927,0.2708825057213,0.275167785234899,-0.00428527951359919
4837,150,837,5886,2.49620775126373,54,7.07111031971075,0.353014963478301,0.36241610738255,-0.00940114390424951
4838,150,838,5887,1.94296396082209,48,5.8603161971599,0.331545926099297,0.322147651006711,0.00939827509258523
4839,150,839,5888,2.20131835646436,48,6.96325936342421,0.316133328025548,0.322147651006711,-0.00601432298116289
4840,150,840,5889,2.06969217570105,42,6.50450222950848,0.31819378373208,0.281879194630872,0.0363145891012076
4841,150,841,5890,2.35027991947811,56,6.6048071993652,0.355843834427748,0.375838926174497,-0.0199950917467485
4842,150,842,5891,2.2287136778038,49,6.85338985621649,0.325198730053597,0.328859060402685,-0.00366033034908791
4843,150,843,5892,1.61660896300492,38,6.70105238634392,0.241247026556516,0.25503355704698,-0.0137865304904634
4844,150,844,5893,1.5012360830805,40,5.72140878489748,0.262389236553634,0.268456375838926,-0.00606713928529262
4845,150,845,5894,1.85799948505631,42,6.64229961395859,0.279722324050512,0.281879194630872,-0.00215687058036096
4846,150,846,5895,1.81932911167151,52,6.29456123891357,0.289031918606852,0.348993288590604,-0.0599613699837516
4847,150,847,5896,2.04526873886431,50,6.69941741732077,0.305290536693003,0.335570469798658,-0.0302799331056551
4848,150,848,5897,1.91082234604404,43,6.22711617601013,0.306855098256469,0.288590604026846,0.0182644942296231
4849,150,849,5898,2.06141953554708,46,6.7767177826407,0.304191439228534,0.308724832214765,-0.00453339298623101
4850,150,850,5899,2.07346570164686,46,6.97978020938388,0.297067477692093,0.308724832214765,-0.0116573545226722
4851,150,851,5900,1.86732619880377,39,6.49889991980902,0.287329582213146,0.261744966442953,0.0255846157701926
4852,150,852,5901,1.96905354742502,47,6.42257010253496,0.306583426259193,0.315436241610738,-0.00885281535154547
4853,150,853,5902,2.03909416304479,47,6.70948877929641,0.303912001363928,0.315436241610738,-0.01152424024681
4854,150,854,5903,1.70940756263062,40,6.32975429323596,0.270059070769511,0.268456375838926,0.00160269493058451
4855,150,855,5904,1.84520096596693,48,6.23645791214185,0.295873233165654,0.322147651006711,-0.0262744178410575
4856,150,856,5905,1.62558447394963,43,6.36956066763185,0.255211396636875,0.288590604026846,-0.0333792073899702
4857,150,857,5906,1.79816446269965,45,6.68995591682839,0.26878569680503,0.302013422818792,-0.0332277260137622
4858,150,858,5907,1.98866822123464,47,7.20439359840929,0.276035476694906,0.315436241610738,-0.0394007649158323
4859,150,859,5908,2.26741717186873,52,6.62037765385512,0.342490608605747,0.348993288590604,-0.0065026799848571
4860,150,860,5909,2.13149375093011,45,6.99123639992617,0.304880800619562,0.302013422818792,0.00286737780076962
4861,150,861,5910,2.24857978034693,52,7.23223311941864,0.310910854672185,0.348993288590604,-0.0380824339184189
4862,150,862,5911,1.7655870964958,42,6.49685116053639,0.27176043484272,0.281879194630872,-0.0101187597881526
4863,150,863,5912,1.82756379703951,43,6.19070025079262,0.295211159158534,0.288590604026846,0.00662055513168808
4864,150,864,5913,1.89067437725231,44,6.5129068340656,0.290296548902432,0.295302013422819,-0.00500546452038658
4865,150,865,5914,2.15016625214724,55,5.83968387381914,0.368199083821474,0.369127516778524,-0.000928432957049918
4866,150,866,5915,1.89363282723983,48,6.58997300993962,0.287350619552413,0.322147651006711,-0.0347970314542986
4867,150,867,5916,2.05534922113884,47,6.39300202638452,0.321499854474662,0.315436241610738,0.00606361286392343
4868,150,868,5917,1.82888520876871,41,6.24657174886637,0.292782230365098,0.275167785234899,0.0176144451301985
4869,150,869,5918,1.84795459306981,43,6.75934357679262,0.273392611586507,0.288590604026846,-0.0151979924403391
4870,150,870,5919,1.90414498883091,45,6.91418131001871,0.275397028722951,0.302013422818792,-0.0266163940958411
4871,150,871,5920,2.25149975749783,54,6.83593135479151,0.329362546322191,0.36241610738255,-0.0330535610603597
4872,150,872,5921,2.1913002424188,48,7.09300819002529,0.308938067419739,0.322147651006711,-0.0132095835869723
4873,150,873,5922,1.76864846299274,46,6.35098687746793,0.278484036751447,0.308724832214765,-0.0302407954633176
4874,150,874,5923,2.41271153046135,54,6.56390056807693,0.367572833475786,0.36241610738255,0.00515672609323525
4875,150,875,5924,1.7866122297305,46,6.07230382970306,0.294223128459279,0.308724832214765,-0.0145017037554857
4876,150,876,5925,2.04394881917167,50,7.23849997368089,0.282371876300814,0.335570469798658,-0.0531985934978435
4877,150,877,5926,2.01272418299953,42,7.01744580336311,0.286817203780175,0.281879194630872,0.00493800914930209
4878,150,878,5927,1.920411564028,41,6.6654831489193,0.288112882610673,0.275167785234899,0.0129450973757735
4879,150,879,5928,2.01175917404519,49,7.02294965791779,0.28645501848032,0.328859060402685,-0.042404041922365
4880,150,880,5929,1.87895919719076,51,6.56258850254835,0.286313730696527,0.342281879194631,-0.0559681484981034
4881,150,881,5930,1.89076674417109,43,6.92087496388535,0.273197645389858,0.288590604026846,-0.015392958636988
4882,150,882,5931,1.82787307615895,47,5.90864576131885,0.309355671332538,0.315436241610738,-0.00608057027820041
4883,150,883,5932,1.98616011686586,43,6.94421586848203,0.286016471043264,0.288590604026846,-0.00257413298358206
4884,150,884,5933,1.86301828598192,44,6.83644140858165,0.272512872507516,0.295302013422819,-0.0227891409153025
4885,150,885,5934,2.00188787274714,47,6.43213975396365,0.311232023762158,0.315436241610738,-0.00420421784857977
4886,150,886,5935,2.166573484489,46,6.98938219748874,0.309980685455638,0.308724832214765,0.00125585324087329
4887,150,887,5936,1.93602151920866,41,6.55955983806466,0.295145035185755,0.275167785234899,0.0199772499508555
4888,150,888,5937,1.87912720540086,42,6.74170341195728,0.278731811617221,0.281879194630872,-0.00314738301365103
4889,150,889,5938,1.95866751544491,49,6.15828500819694,0.318054054470983,0.328859060402685,-0.0108050059317015
4890,150,890,5939,2.12698203602573,47,7.51147163628256,0.283164490131574,0.315436241610738,-0.0322717514791639
4891,150,891,5940,1.63180212973853,40,6.45831291087401,0.25266693519774,0.268456375838926,-0.0157894406411861
4892,150,892,5941,1.99455262649178,49,6.54493957662409,0.304747294171444,0.328859060402685,-0.0241117662312409
4893,150,893,5942,2.13908168654407,51,6.28506939524029,0.340343368072276,0.342281879194631,-0.00193851112235455
4894,150,894,5943,1.91261831224242,42,6.44598653683047,0.296714599280386,0.281879194630872,0.0148354046495133
4895,150,895,5944,1.77604423450236,51,6.64056674347648,0.267453713381783,0.342281879194631,-0.0748281658128476
4896,150,896,5945,2.50966226133165,52,7.12563242705953,0.352202037787022,0.348993288590604,0.00320874919641828
4897,150,897,5946,1.86662726120496,41,6.84301882228511,0.27277833214868,0.275167785234899,-0.00238945308621941
4898,150,898,5947,1.90412588271546,47,6.65831141334714,0.285977294317968,0.315436241610738,-0.0294589472927707
4899,150,899,5948,1.85453959238262,51,6.23325016901085,0.297523690225467,0.342281879194631,-0.0447581889691638
4900,150,900,5949,1.84559950749298,48,6.08297130325269,0.303404276542633,0.322147651006711,-0.0187433744640788
4901,150,901,5950,2.00010262793447,39,6.86103530769786,0.29151615437548,0.261744966442953,0.0297711879325266
4902,150,902,5951,2.03590968771035,43,6.90186570526706,0.29497961488249,0.288590604026846,0.00638901085564475
4903,150,903,5952,1.59716561350849,41,6.49825453453856,0.245783787787854,0.275167785234899,-0.0293839974470449
4904,150,904,5953,2.23346476712514,53,6.29594029844848,0.35474681481264,0.355704697986577,-0.000957883173937635
4905,150,905,5954,2.23591949692065,52,6.58745166108697,0.339421010119671,0.348993288590604,-0.00957227847093295
4906,150,906,5955,1.56473461149231,44,5.54419429122174,0.28222939696933,0.295302013422819,-0.0130726164534884
4907,150,907,5956,1.9896363335862,53,6.43616441053979,0.309133857787721,0.355704697986577,-0.0465708401988565
4908,150,908,5957,1.85294425176319,47,6.44369270400863,0.287559375792467,0.315436241610738,-0.0278768658182717
4909,150,909,5958,1.53007488408297,42,6.27757184094916,0.24373673816079,0.281879194630872,-0.0381424564700824
4910,150,910,5959,2.44505044341899,60,6.58046088763443,0.371562187690161,0.402684563758389,-0.0311223760682281
4911,150,911,5960,1.94167807407789,51,6.62251310800364,0.293193541849131,0.342281879194631,-0.0490883373454996
4912,150,912,5961,1.86857597307707,41,6.58713333510621,0.283670585976827,0.275167785234899,0.00850280074192733
4913,150,913,5962,1.8813715299823,45,6.65135713401094,0.282855286834941,0.302013422818792,-0.0191581359838511
4914,150,914,5963,1.88972177125661,47,6.08658306060721,0.31047333987554,0.315436241610738,-0.0049629017351987
4915,150,915,5964,1.84533892229544,41,6.50123575835921,0.283844332198341,0.275167785234899,0.00867654696344172
4916,150,916,5965,2.43158818144758,59,6.49576943965977,0.374334126855177,0.395973154362416,-0.021639027507239
4917,150,917,5966,1.97895267671257,46,6.40320361224233,0.309056652974301,0.308724832214765,0.000331820759535639
4918,150,918,5967,1.5401453846452,36,5.98260975943626,0.257437046134584,0.241610738255034,0.0158263078795501
4919,150,919,5968,2.33921594049974,58,7.00380705061026,0.333992059403738,0.389261744966443,-0.0552696855627052
4920,150,920,5969,1.95767423899041,47,7.04698140802005,0.277803235973123,0.315436241610738,-0.0376330056376148
4921,150,921,5970,2.03257075004329,50,6.8198722110177,0.298036486190989,0.335570469798658,-0.0375339836076684
4922,150,922,5971,2.4076865520992,48,6.59972076885649,0.364816427304147,0.322147651006711,0.0426687762974352
4923,150,923,5972,1.73839018190814,51,6.31100773595243,0.275453660436021,0.342281879194631,-0.0668282187586103
4924,150,924,5973,2.29690925626882,50,7.33933918515717,0.312958591819004,0.335570469798658,-0.022611877979654
4925,150,925,5974,2.09021047650699,51,6.45324594682758,0.323900637559698,0.342281879194631,-0.0183812416349325
4926,150,926,5975,1.50755168855083,38,5.95775964573938,0.253040031520732,0.25503355704698,-0.00199352552624837
4927,150,927,5976,1.74854774193999,43,6.31635571740287,0.276828573337372,0.288590604026846,-0.0117620306894733
4928,150,928,5977,1.84536609425846,41,7.01187434094707,0.263177291053566,0.275167785234899,-0.0119904941813333
4929,150,929,5978,1.5089271167799,40,6.00311253070264,0.251357459828142,0.268456375838926,-0.0170989160107844
4930,150,930,5979,2.19593073173018,52,6.46456580721344,0.339687273239584,0.348993288590604,-0.00930601535102038
4931,150,931,5980,1.76138186027964,47,6.64488746641171,0.265073241523352,0.315436241610738,-0.0503630000873866
4932,150,932,5981,1.94344155624538,52,6.63762009046536,0.292791923876005,0.348993288590604,-0.0562013647145987
4933,150,933,5982,1.7512444554579,44,6.62116746952675,0.264491792953105,0.295302013422819,-0.0308102204697142
4934,150,934,5983,2.02192783823316,46,6.55513205819354,0.308449596481564,0.308724832214765,-0.000275235733201373
4935,150,935,5984,1.91852438398234,49,6.8684424092078,0.279324520710894,0.328859060402685,-0.0495345396917911
4936,150,936,5985,2.1080332087442,54,6.50885302851232,0.323871686687327,0.36241610738255,-0.0385444206952235
4937,150,937,5986,2.03349203259368,39,7.14646800154687,0.28454504129222,0.261744966442953,0.0228000748492668
4938,150,938,5987,1.58354477612625,40,6.0062337020842,0.26365020987724,0.268456375838926,-0.00480616596168598
4939,150,939,5988,1.8531761107409,51,5.88364859934751,0.314970562814783,0.342281879194631,-0.0273113163798481
4940,150,940,5989,2.19543705330823,54,6.35936917964578,0.345228746954194,0.36241610738255,-0.0171873604283566
4941,150,941,5990,1.89311659774926,48,5.96539197808274,0.317349908389037,0.322147651006711,-0.00479774261767413
4942,150,942,5991,1.7880536928,41,6.75452900102209,0.2647192265411,0.275167785234899,-0.0104485586937989
4943,150,943,5992,1.83314525615103,49,6.53800692908465,0.280382886716774,0.328859060402685,-0.0484761736859105
4944,150,944,5993,1.86693486887884,46,6.27900762875784,0.297329606724522,0.308724832214765,-0.0113952254902428
4945,150,945,5994,1.7345493256494,43,6.60525960357894,0.26260123443287,0.288590604026846,-0.0259893695939754
4946,150,946,5995,1.79196702480146,40,6.74750538160979,0.265574745547507,0.268456375838926,-0.00288163029141908
4947,150,947,5996,2.11733893200666,44,6.81524694651752,0.310676773508345,0.295302013422819,0.0153747600855264
4948,150,948,5997,1.70083575677296,40,6.6047458941135,0.257517213234326,0.268456375838926,-0.0109391626046006
4949,150,949,5998,2.0560980175333,46,6.89860392094617,0.298045523571862,0.308724832214765,-0.0106793086429027
4950,150,950,5999,2.31695811514607,48,7.23814517906421,0.320103846748984,0.322147651006711,-0.00204380425772721
4951,150,951,6000,1.88009535760338,45,6.96305794252726,0.270010011854216,0.302013422818792,-0.0320034109645756
4952,150,952,6001,1.8138951949075,42,6.77595074071151,0.267696042122796,0.281879194630872,-0.0141831525080762
4953,150,953,6002,2.19284698896644,52,6.23182503910832,0.351878779523664,0.348993288590604,0.00288549093305968
4954,150,954,6003,2.01530121474687,43,7.19010123946985,0.280288294646525,0.288590604026846,-0.00830230938032078
4955,150,955,6004,2.11457959241812,45,6.76942972036622,0.312371895383785,0.302013422818792,0.0103584725649932
4956,150,956,6005,1.76029633265201,45,6.5820289853075,0.267439772231537,0.302013422818792,-0.0345736505872549
4957,150,957,6006,1.82692382736601,42,6.94873083856699,0.262914749442615,0.281879194630872,-0.0189644451882575
4958,150,958,6007,2.01711349828811,48,6.18401797428795,0.326181700421135,0.322147651006711,0.00403404941442398
4959,150,959,6008,1.77808662116175,53,6.54733515622834,0.27157409522106,0.355704697986577,-0.0841306027655168
4960,150,960,6009,1.62554398019861,40,6.35301879509624,0.255869537400602,0.268456375838926,-0.012586838438324
4961,150,961,6010,2.03418902835067,53,6.99123898186377,0.290962593844615,0.355704697986577,-0.0647421041419621
4962,150,962,6011,1.61126454485151,38,6.63204349533953,0.242951444148969,0.25503355704698,-0.0120821128980112
4963,150,963,6012,2.67117906145481,59,6.93515461621599,0.385165033697875,0.395973154362416,-0.0108081206645406
4964,150,964,6013,1.93875412010923,45,6.7360009867986,0.287819750013228,0.302013422818792,-0.0141936728055635
4965,150,965,6014,1.86824838487161,49,6.61323318671796,0.282501513574905,0.328859060402685,-0.04635754682778
4966,150,966,6015,1.57915035764272,38,6.48459758329315,0.243523262216182,0.25503355704698,-0.0115102948307983
4967,150,967,6016,2.27691591360504,51,7.14366999371606,0.318731956488463,0.342281879194631,-0.0235499227061678
4968,150,968,6017,1.82749055018327,52,6.47248700276031,0.282347504043486,0.348993288590604,-0.0666457845471184
4969,150,969,6018,2.44615315324025,50,6.34046086139653,0.385800528812265,0.335570469798658,0.0502300590136075
4970,150,970,6019,1.83336975828673,40,6.70311264396562,0.273510211698023,0.268456375838926,0.00505383585909663
4971,150,971,6020,2.18129462574107,50,6.34396095781098,0.343837964994939,0.335570469798658,0.00826749519628089
4972,150,972,6021,2.34103731353985,46,6.99091472890109,0.334868526412114,0.308724832214765,0.0261436941973486
4973,150,973,6022,2.12514489748567,55,7.02672422077291,0.302437498714289,0.369127516778524,-0.0666900180642341
4974,150,974,6023,2.12737502328992,52,6.45448225166149,0.329596540875498,0.348993288590604,-0.0193967477151056
4975,150,975,6024,1.7885033811451,43,6.31817709815978,0.283072689061852,0.288590604026846,-0.00551791496499371
4976,150,976,6025,1.79008005208944,46,6.50114070151186,0.275348609463744,0.308724832214765,-0.0333762227510208
4977,150,977,6026,2.13529119292257,49,6.99983662696696,0.30504871852242,0.328859060402685,-0.0238103418802647
4978,150,978,6027,1.93229984805465,46,6.40797063679178,0.301546301876014,0.308724832214765,-0.00717853033875121
4979,150,979,6028,1.92558073157359,45,6.63436263141696,0.290243515248174,0.302013422818792,-0.0117699075706179
4980,150,980,6029,2.32049364632696,62,6.62899664444257,0.350052017038258,0.416107382550336,-0.066055365512078
4981,150,981,6030,2.12955160929606,49,6.6218786121961,0.321593271941573,0.328859060402685,-0.0072657884611117
4982,150,982,6031,2.0993728394989,43,6.86291828312298,0.305900894181065,0.288590604026846,0.0173102901542195
4983,150,983,6032,2.16979417256745,57,6.87771137271091,0.315482004839091,0.38255033557047,-0.067068330731379
4984,150,984,6033,2.59912272544725,58,6.56797840906796,0.3957264417707,0.389261744966443,0.00646469680425732
4985,150,985,6034,2.03408654812433,45,6.53114897655861,0.311443906030165,0.302013422818792,0.00943048321137341
4986,150,986,6035,2.12068194799246,51,6.89196258928051,0.307703636013766,0.342281879194631,-0.0345782431808648
4987,150,987,6036,1.88943448611492,50,6.54873735897659,0.288518898001766,0.335570469798658,-0.0470515717968912
4988,150,988,6037,2.14638574740982,60,6.4463990299427,0.332958871680164,0.402684563758389,-0.0697256920782255
4989,150,989,6038,2.14579122832261,48,6.2773296962854,0.341831850825421,0.322147651006711,0.0196841998187092
4990,150,990,6039,1.82774781407658,40,6.99473559502329,0.261303345815818,0.268456375838926,-0.00715303002310863
4991,150,991,6040,1.94705872268321,47,6.7211598219499,0.289690882862884,0.315436241610738,-0.0257453587478541
4992,150,992,6041,1.99767456638583,47,6.48370106274387,0.308107136194898,0.315436241610738,-0.00732910541583992
4993,150,993,6042,2.37349601733334,58,6.82258603649008,0.347888030233534,0.389261744966443,-0.0413737147329094
4994,150,994,6043,2.26754485395265,51,6.83425299785877,0.331791178152622,0.342281879194631,-0.0104907010420087
4995,150,995,6044,2.35769078489754,47,7.03154241735932,0.335302078115454,0.315436241610738,0.0198658365047156
4996,150,996,6045,2.20224566149169,52,7.27585098896034,0.302678774597385,0.348993288590604,-0.0463145139932186
4997,150,997,6046,2.49315428254811,45,7.20028707387689,0.346257622365285,0.302013422818792,0.0442441995464927
4998,150,998,6047,1.77396999691573,47,6.03395831864757,0.29399772143493,0.315436241610738,-0.0214385201758084
4999,150,999,6048,1.8646690995398,42,6.79472759151759,0.274428823587809,0.281879194630872,-0.00745037104306323
5000,150,1000,6049,2.16481647504842,49,6.76868314980437,0.31982830738812,0.328859060402685,-0.00903075301456485
5001,175,1,6050,2.26806044181074,61,6.42039580538551,0.35325866357153,0.350574712643678,0.00268395092785201
5002,175,2,6051,1.99349973033568,49,7.632238311307,0.261194638980592,0.281609195402299,-0.0204145564217069
5003,175,3,6052,2.4332438356507,66,6.94890948554284,0.350161970121075,0.379310344827586,-0.0291483747065112
5004,175,4,6053,2.08122782523185,53,7.28011717092807,0.285878341840826,0.304597701149425,-0.0187193593085989
5005,175,5,6054,2.20966299768924,58,7.48772842258581,0.295104586195202,0.333333333333333,-0.0382287471381316
5006,175,6,6055,2.24391484610725,49,7.49214736500998,0.299502230373476,0.281609195402299,0.0178930349711768
5007,175,7,6056,1.8184054236897,50,7.52232813798606,0.241734392641976,0.28735632183908,-0.0456219291971046
5008,175,8,6057,2.04633941140281,54,7.1034767094506,0.288075754324685,0.310344827586207,-0.0222690732615219
5009,175,9,6058,1.98647274986149,48,6.9179770827113,0.287146477374994,0.275862068965517,0.011284408409477
5010,175,10,6059,1.79828123645843,50,6.38221852305453,0.281764284623362,0.28735632183908,-0.00559203721571877
5011,175,11,6060,1.87716522189151,51,6.94659683530559,0.270228036317143,0.293103448275862,-0.0228754119587186
5012,175,12,6061,2.48053950773583,67,7.42148825479633,0.334237476712668,0.385057471264368,-0.0508199945516993
5013,175,13,6062,2.13217892110406,59,6.93002873470319,0.307672450249282,0.339080459770115,-0.0314080095208333
5014,175,14,6063,2.62100750001095,53,7.50390414851498,0.349285844826476,0.304597701149425,0.044688143677051
5015,175,15,6064,1.88430642742917,58,7.33915617476849,0.256747013220305,0.333333333333333,-0.0765863201130281
5016,175,16,6065,1.9744401658119,47,7.31027564174153,0.270091069417121,0.270114942528736,-2.38731116145585e-05
5017,175,17,6066,1.80145965861232,43,7.3030727002265,0.246671467279306,0.247126436781609,-0.00045496950230281
5018,175,18,6067,1.95114601044627,54,7.20598030154036,0.270767602574377,0.310344827586207,-0.0395772250118296
5019,175,19,6068,1.66224163292383,42,7.30566755421312,0.227527685949141,0.241379310344828,-0.0138516243956867
5020,175,20,6069,2.06919332503382,56,6.8889752107338,0.300363009262943,0.32183908045977,-0.0214760711968269
5021,175,21,6070,1.96609882084416,48,7.24761177320886,0.271275405246172,0.275862068965517,-0.00458666371934507
5022,175,22,6071,1.78011241931869,53,6.84534179680119,0.26004726603287,0.304597701149425,-0.0445504351165548
5023,175,23,6072,2.07828846569412,48,7.92477557430726,0.262252027985763,0.275862068965517,-0.0136100409797538
5024,175,24,6073,1.92222820391665,46,7.69279825338313,0.249873731326737,0.264367816091954,-0.0144940847652173
5025,175,25,6074,1.72861370848051,46,6.72281090240538,0.2571266295564,0.264367816091954,-0.007241186535554
5026,175,26,6075,2.24905045804723,51,7.4837782381085,0.300523396938024,0.293103448275862,0.00741994866216161
5027,175,27,6076,2.79346775532522,68,8.06094168663787,0.346543600477321,0.390804597701149,-0.0442609972238285
5028,175,28,6077,1.63254142417687,45,7.3127720877831,0.223245221453603,0.258620689655172,-0.0353754682015691
5029,175,29,6078,2.19368264652971,57,7.12544933235476,0.307865868411804,0.327586206896552,-0.0197203384847477
5030,175,30,6079,1.8458695499369,44,6.73068171912502,0.274247041676613,0.252873563218391,0.0213734784582224
5031,175,31,6080,2.09499356475793,50,7.3534101693215,0.284900952961697,0.28735632183908,-0.00245536887738329
5032,175,32,6081,2.10712013542942,64,6.68191779512502,0.315346611562137,0.367816091954023,-0.0524694803918857
5033,175,33,6082,1.75774561767268,43,6.91591415913129,0.254159548141856,0.247126436781609,0.00703311136024729
5034,175,34,6083,2.55060767675782,66,6.88159010057143,0.370642197440098,0.379310344827586,-0.0086681473874885
5035,175,35,6084,2.49663570392168,62,7.30337422536212,0.341846881575878,0.35632183908046,-0.0144749575045822
5036,175,36,6085,2.01156645401565,50,6.51793378861142,0.308620265141446,0.28735632183908,0.0212639433023653
5037,175,37,6086,1.95248860990797,53,6.88405868834222,0.283624631674684,0.304597701149425,-0.020973069474741
5038,175,38,6087,2.12342570570846,46,6.78575757681038,0.312923897099573,0.264367816091954,0.0485560810076194
5039,175,39,6088,2.68062144568055,61,7.7652933195508,0.345205433377708,0.350574712643678,-0.00536927926597047
5040,175,40,6089,2.01805380746117,49,6.90134229239565,0.292414681370723,0.281609195402299,0.0108054859684242
5041,175,41,6090,2.28388807315897,67,6.80443570039637,0.33564694762652,0.385057471264368,-0.0494105236378475
5042,175,42,6091,1.95409323573291,48,7.03034416053307,0.277951291019691,0.275862068965517,0.00208922205417333
5043,175,43,6092,1.73658139009683,49,6.31484710725953,0.274999752266441,0.281609195402299,-0.00660944313585737
5044,175,44,6093,1.89803726041419,48,7.07309572533113,0.268346044521451,0.275862068965517,-0.00751602444406635
5045,175,45,6094,1.5984430523439,46,6.63610661289207,0.240870610673823,0.264367816091954,-0.0234972054181314
5046,175,46,6095,1.84820535311113,50,7.24457938144603,0.255115618975001,0.28735632183908,-0.0322407028640797
5047,175,47,6096,1.64408058040949,46,7.14241782680138,0.230185438639588,0.264367816091954,-0.0341823774523658
5048,175,48,6097,2.23534909009324,59,7.10488119508188,0.314621600096648,0.339080459770115,-0.024458859673467
5049,175,49,6098,1.97606913287231,58,6.31701246227295,0.312817038857208,0.333333333333333,-0.0205162944761251
5050,175,50,6099,1.70697748570335,54,6.2778491257903,0.27190482783201,0.310344827586207,-0.0384399997541965
5051,175,51,6100,1.9967766261818,50,7.05902248315077,0.282868716022356,0.28735632183908,-0.00448760581672469
5052,175,52,6101,1.85252441070138,51,6.60494050320632,0.280475563678747,0.293103448275862,-0.0126278845971149
5053,175,53,6102,1.85767939273969,43,6.78111221266268,0.27394907125571,0.247126436781609,0.0268226344741009
5054,175,54,6103,1.93214093914011,49,6.95616520124831,0.277759495820108,0.281609195402299,-0.00384969958219078
5055,175,55,6104,1.69445300053195,59,6.28879648159591,0.269439948564204,0.339080459770115,-0.0696405112059114
5056,175,56,6105,1.74128916654177,45,7.0209442141733,0.248013531146793,0.258620689655172,-0.0106071585083795
5057,175,57,6106,1.9643815144807,49,7.11936074936715,0.275921052975903,0.281609195402299,-0.00568814242639576
5058,175,58,6107,1.71258980124285,50,6.92244020240212,0.247396835677767,0.28735632183908,-0.0399594861613132
5059,175,59,6108,2.21412042546043,50,7.35594257290827,0.300997513712923,0.28735632183908,0.013641191873843
5060,175,60,6109,1.7254442484346,57,6.32349222581432,0.272862555502297,0.327586206896552,-0.0547236513942548
5061,175,61,6110,2.23397528118312,55,6.99393538910705,0.319416059327986,0.316091954022989,0.0033241053049976
5062,175,62,6111,1.91183978853511,55,7.14849415065443,0.267446506668832,0.316091954022989,-0.0486454473541562
5063,175,63,6112,2.23427144462518,57,6.84780306809048,0.326275656938279,0.327586206896552,-0.00131054995827257
5064,175,64,6113,1.89653811744711,55,6.97495835093462,0.271906730051368,0.316091954022989,-0.0441852239716209
5065,175,65,6114,2.06691709574483,52,6.91368372717791,0.298960319463228,0.298850574712644,0.000109744750583951
5066,175,66,6115,1.82303588032244,47,6.95863478004439,0.261981830911783,0.270114942528736,-0.00813311161695274
5067,175,67,6116,2.04750288767955,54,7.15901892088159,0.286003279263217,0.310344827586207,-0.0243415483229898
5068,175,68,6117,2.07884663879857,56,7.07431645560575,0.29385830445163,0.32183908045977,-0.02798077600814
5069,175,69,6118,2.06691911514502,51,7.49907245554794,0.275623302401336,0.293103448275862,-0.017480145874526
5070,175,70,6119,2.18258454591897,58,7.23465397722718,0.301684718134299,0.333333333333333,-0.0316486151990343
5071,175,71,6120,1.95154414561159,43,6.9327275040188,0.28149731032704,0.247126436781609,0.0343708735454308
5072,175,72,6121,2.17506823451318,60,6.82456039275902,0.318711845061986,0.344827586206897,-0.0261157411449104
5073,175,73,6122,1.9581903400207,54,7.03405286981791,0.278387208094924,0.310344827586207,-0.0319576194912826
5074,175,74,6123,2.61600358453441,64,7.86827865721475,0.332474699804345,0.367816091954023,-0.0353413921496777
5075,175,75,6124,2.14324221338343,61,6.8287464243286,0.313855879279359,0.350574712643678,-0.0367188333643194
5076,175,76,6125,2.00867308379082,49,7.13461641601557,0.281539043820465,0.281609195402299,-7.01515818341547e-05
5077,175,77,6126,1.76859947697301,43,7.28786880081277,0.242677183866944,0.247126436781609,-0.0044492529146648
5078,175,78,6127,1.88090399919,55,6.74846025827306,0.27871602220435,0.316091954022989,-0.037375931818639
5079,175,79,6128,2.4616456842981,66,7.6770137352891,0.320651462818491,0.379310344827586,-0.0586588820090947
5080,175,80,6129,2.02893137416511,42,7.48192887414866,0.271177581114866,0.241379310344828,0.0297982707700384
5081,175,81,6130,2.16075567676017,62,6.94300433175172,0.311213355705197,0.35632183908046,-0.0451084833752628
5082,175,82,6131,1.80859221201927,40,7.46885138533634,0.242151318684704,0.229885057471264,0.0122662612134393
5083,175,83,6132,1.99630152470901,49,7.02856859008731,0.284026754398396,0.281609195402299,0.00241755899609702
5084,175,84,6133,2.38840392669726,56,7.41194752057149,0.322237026107965,0.32183908045977,0.000397945648195175
5085,175,85,6134,2.00309760604295,49,7.04383779559806,0.284375884875537,0.281609195402299,0.00276668947323783
5086,175,86,6135,1.89909760213598,48,7.21845233793506,0.263089304081939,0.275862068965517,-0.0127727648835787
5087,175,87,6136,1.98798054656593,53,6.89777393484884,0.288206103207047,0.304597701149425,-0.0163915979423781
5088,175,88,6137,1.91342718045532,45,7.47776800784011,0.255882126651853,0.258620689655172,-0.00273856300331959
5089,175,89,6138,1.90928761539151,50,6.88162033049024,0.277447392285226,0.28735632183908,-0.00990892955385492
5090,175,90,6139,2.02385916863691,50,6.99911156072375,0.289159438462735,0.28735632183908,0.00180311662365457
5091,175,91,6140,2.01196891546125,57,6.9916782171803,0.287766234795723,0.327586206896552,-0.0398199721008291
5092,175,92,6141,1.86219799342723,50,6.91554230409866,0.269277218118317,0.28735632183908,-0.018079103720763
5093,175,93,6142,1.92596783524232,51,7.39599892810075,0.260406721791791,0.293103448275862,-0.0326967264840707
5094,175,94,6143,1.97794991642655,50,6.88425954191701,0.287314838202013,0.28735632183908,-4.14836370674077e-05
5095,175,95,6144,1.82728139050488,45,7.42598432331903,0.24606588311355,0.258620689655172,-0.0125548065416221
5096,175,96,6145,1.86149985623501,53,6.46474441523085,0.287946396125011,0.304597701149425,-0.0166513050244146
5097,175,97,6146,1.87596279608735,43,7.07574361570454,0.265125886122226,0.247126436781609,0.0179994493406165
5098,175,98,6147,1.9755728301246,52,6.86272190434631,0.28787015671922,0.298850574712644,-0.0109804179934239
5099,175,99,6148,1.89581252458917,45,7.47192231754429,0.253724870792319,0.258620689655172,-0.00489581886285378
5100,175,100,6149,1.87654046021446,43,7.57970070496371,0.247574479950847,0.247126436781609,0.0004480431692378
5101,175,101,6150,1.97951081066082,56,7.10578668258136,0.278577291873011,0.32183908045977,-0.0432617885867593
5102,175,102,6151,2.04174322375197,47,6.98027008630864,0.292502037672829,0.270114942528736,0.022387095144093
5103,175,103,6152,1.78737634321749,47,7.01690995688759,0.254724138431198,0.270114942528736,-0.0153908040975373
5104,175,104,6153,1.73806261533135,45,7.17029322177237,0.242397704190642,0.258620689655172,-0.0162229854645301
5105,175,105,6154,2.13191582749252,55,7.20550888581441,0.295873041207353,0.316091954022989,-0.0202189128156351
5106,175,106,6155,1.58317062226238,41,6.77240841497623,0.233767741880632,0.235632183908046,-0.00186444202741368
5107,175,107,6156,1.87085227488283,45,7.18697735103413,0.260311419322009,0.258620689655172,0.00169072966683703
5108,175,108,6157,2.21913645581181,52,7.10506149365806,0.312331773312954,0.298850574712644,0.0134811986003107
5109,175,109,6158,2.15399489347673,55,7.34276926680345,0.293349118733024,0.316091954022989,-0.0227428352899641
5110,175,110,6159,2.16614447337141,54,7.32981117042858,0.295525276573359,0.310344827586207,-0.0148195510128475
5111,175,111,6160,1.99561473881175,61,6.38396405721328,0.312598053643002,0.350574712643678,-0.037976659000676
5112,175,112,6161,1.72164838037151,49,6.57674373740176,0.26177823693822,0.281609195402299,-0.0198309584640787
5113,175,113,6162,2.07948198953106,48,7.05234418483155,0.294863939568305,0.275862068965517,0.0190018706027882
5114,175,114,6163,1.80056212977862,45,6.72091494962642,0.267904317086872,0.258620689655172,0.00928362743169964
5115,175,115,6164,2.30524715236558,59,6.55238498399315,0.351818026260221,0.339080459770115,0.0127375664901058
5116,175,116,6165,1.9600906407355,52,7.09297014621501,0.276342716849225,0.298850574712644,-0.0225078578634186
5117,175,117,6166,2.49736323063132,60,7.37961309284349,0.338413843545969,0.344827586206897,-0.0064137426609272
5118,175,118,6167,1.96890068847422,51,7.7925662426229,0.252663965524598,0.293103448275862,-0.0404394827512644
5119,175,119,6168,2.0863119258449,58,7.00402477270596,0.29787329336342,0.333333333333333,-0.0354600399699133
5120,175,120,6169,1.80573336729665,53,6.75093342814994,0.267479065897336,0.304597701149425,-0.037118635252089
5121,175,121,6170,1.9921028520993,55,6.74510894856007,0.29534035214132,0.316091954022989,-0.0207516018816687
5122,175,122,6171,2.25990784336958,61,7.5599558654376,0.29893135404419,0.350574712643678,-0.0516433585994878
5123,175,123,6172,2.15477176443674,48,7.40053721042796,0.29116423621254,0.275862068965517,0.0153021672470231
5124,175,124,6173,2.00235821719058,56,7.06965814368306,0.283232679217982,0.32183908045977,-0.0386064012417884
5125,175,125,6174,1.99548895544521,64,6.03790269533347,0.330493725410227,0.367816091954023,-0.0373223665437964
5126,175,126,6175,2.3065586920962,55,7.14118848778548,0.322993671997513,0.316091954022989,0.00690171797452455
5127,175,127,6176,2.38149095544739,57,7.3963110705189,0.321983612200928,0.327586206896552,-0.00560259469562396
5128,175,128,6177,2.40283994489282,63,6.90469245468227,0.348001009554507,0.362068965517241,-0.0140679559627341
5129,175,129,6178,2.05066975941185,61,6.7207800126214,0.30512377366329,0.350574712643678,-0.0454509389803883
5130,175,130,6179,1.82722308262443,44,7.06543709838822,0.258614301872598,0.252873563218391,0.00574073865420766
5131,175,131,6180,1.90497205195143,44,7.26975029980868,0.262040919342383,0.252873563218391,0.00916735612399189
5132,175,132,6181,1.98230058982432,41,8.28300881335306,0.239321318435476,0.235632183908046,0.00368913452743003
5133,175,133,6182,1.82516068006675,53,6.76830954756141,0.269662707835865,0.304597701149425,-0.0349349933135598
5134,175,134,6183,1.87017376435353,45,6.99326373027693,0.267425030212535,0.258620689655172,0.00880434055736268
5135,175,135,6184,1.93088347466887,46,7.03069215328059,0.274636327771498,0.264367816091954,0.010268511679544
5136,175,136,6185,1.76300725749817,45,7.32132113062455,0.240804525036287,0.258620689655172,-0.0178161646188858
5137,175,137,6186,1.99967118706145,48,7.15762800801524,0.279376238164681,0.275862068965517,0.00351416919916331
5138,175,138,6187,1.84858231194092,44,7.25921238594728,0.254653289318204,0.252873563218391,0.00177972609981308
5139,175,139,6188,2.19448006814091,56,7.34598378379724,0.298731951053472,0.32183908045977,-0.0231071294062985
5140,175,140,6189,1.72695243608407,48,7.30343031202484,0.236457714019768,0.275862068965517,-0.0394043549457496
5141,175,141,6190,2.05808544107333,56,7.22591032025584,0.284820230235084,0.32183908045977,-0.0370188502246866
5142,175,142,6191,1.93395857384943,50,6.95085621574524,0.278233143345504,0.28735632183908,-0.00912317849357641
5143,175,143,6192,1.825959496645,52,6.71060815914138,0.272100449518517,0.298850574712644,-0.0267501251941267
5144,175,144,6193,1.70193033732102,46,6.75683197388151,0.251882885929356,0.264367816091954,-0.0124849301625977
5145,175,145,6194,1.88851241493639,50,7.27377712754009,0.259632977725709,0.28735632183908,-0.0277233441133712
5146,175,146,6195,2.30901407220734,62,7.27002955523243,0.317607246939661,0.35632183908046,-0.0387145921407985
5147,175,147,6196,2.26713170981548,61,6.89102220615571,0.328997881880321,0.350574712643678,-0.0215768307633574
5148,175,148,6197,1.97594524482243,45,7.63808298405233,0.258696488235076,0.258620689655172,7.5798579903863e-05
5149,175,149,6198,1.77125681059597,48,6.8889407144149,0.257115989819693,0.275862068965517,-0.0187460791458239
5150,175,150,6199,2.0914218868824,54,7.04064878980575,0.297049597177833,0.310344827586207,-0.0132952304083737
5151,175,151,6200,1.93689526377213,52,6.76775249146118,0.286194754642091,0.298850574712644,-0.0126558200705529
5152,175,152,6201,1.71212308918542,50,7.11775341897335,0.240542624674455,0.28735632183908,-0.0468136971646259
5153,175,153,6202,2.02774207147072,47,6.87599466917665,0.294901635186045,0.270114942528736,0.024786692657309
5154,175,154,6203,2.13287412626706,55,7.57283932057434,0.281647878157449,0.316091954022989,-0.0344440758655399
5155,175,155,6204,1.96342241159341,56,6.74254559654683,0.291198981672288,0.32183908045977,-0.0306400987874822
5156,175,156,6205,2.05108426123121,52,6.99409706239165,0.293259336113622,0.298850574712644,-0.00559123859902189
5157,175,157,6206,1.85504967894281,46,6.96589898845638,0.266304418427101,0.264367816091954,0.00193660233514692
5158,175,158,6207,1.62227429248857,43,6.92684547209949,0.234201022532248,0.247126436781609,-0.0129254142493613
5159,175,159,6208,2.0777406373886,56,7.23272674118396,0.287269340006682,0.32183908045977,-0.0345697404530879
5160,175,160,6209,1.82564143292286,61,6.67242175259314,0.273610017564216,0.350574712643678,-0.0769646950794624
5161,175,161,6210,2.00020575834368,47,6.65394811325093,0.300604351627027,0.270114942528736,0.0304894090982917
5162,175,162,6211,1.72931135360846,53,6.49805118980377,0.266127690148387,0.304597701149425,-0.0384700110010383
5163,175,163,6212,1.97005800496602,51,7.21116100707255,0.273195675846625,0.293103448275862,-0.0199077724292367
5164,175,164,6213,1.96220963747615,49,7.59626806492652,0.2583123213537,0.281609195402299,-0.0232968740485988
5165,175,165,6214,2.05520454378094,47,7.34382245662713,0.279854878834429,0.270114942528736,0.00973993630569331
5166,175,166,6215,1.96398762967372,47,7.1470743455207,0.274796026279566,0.270114942528736,0.00468108375083015
5167,175,167,6216,2.28159566918557,54,6.43035673802486,0.354816344121895,0.310344827586207,0.044471516535688
5168,175,168,6217,1.84956112920489,54,6.85729109935399,0.269721833652232,0.310344827586207,-0.0406229939339751
5169,175,169,6218,2.14770249058734,57,6.99677392792377,0.306956107587808,0.327586206896552,-0.0206300993087433
5170,175,170,6219,2.02300012562242,52,7.37046336893655,0.274473940695307,0.298850574712644,-0.0243766340173369
5171,175,171,6220,1.74903605876641,47,6.83842312273086,0.255765989816078,0.270114942528736,-0.014348952712658
5172,175,172,6221,2.06731429681157,60,6.58979560977802,0.313714479056689,0.344827586206897,-0.0311131071502073
5173,175,173,6222,2.49439314842856,57,7.09843503182875,0.351400433651069,0.327586206896552,0.023814226754517
5174,175,174,6223,2.02341975535777,51,6.99895605550141,0.289103080418299,0.293103448275862,-0.0040003678575628
5175,175,175,6224,1.8172270448011,48,7.01842245224398,0.258922436938815,0.275862068965517,-0.0169396320267025
5176,175,176,6225,1.98810985452623,50,7.50765082362048,0.264811177455305,0.28735632183908,-0.0225451443837752
5177,175,177,6226,2.23920190826638,51,7.32516633244351,0.305686151910141,0.293103448275862,0.012582703634279
5178,175,178,6227,2.03347410592027,53,7.17276104089767,0.283499491245533,0.304597701149425,-0.0210982099038923
5179,175,179,6228,1.76365529415087,46,7.05545978833388,0.249970285007798,0.264367816091954,-0.0143975310841565
5180,175,180,6229,2.0025155658814,49,6.68244518441051,0.299668087147662,0.281609195402299,0.0180588917453629
5181,175,181,6230,1.76681309014849,45,7.32957573035779,0.241052573183829,0.258620689655172,-0.0175681164713436
5182,175,182,6231,2.00091558055393,52,7.60520179314307,0.263098289168077,0.298850574712644,-0.035752285544567
5183,175,183,6232,1.83561944594781,49,6.59044363093497,0.278527448035755,0.281609195402299,-0.00308174736654354
5184,175,184,6233,2.0311485211924,58,7.14297002305929,0.28435629921942,0.333333333333333,-0.0489770341139132
5185,175,185,6234,2.13290099427818,49,6.71870534716778,0.317457141527614,0.281609195402299,0.0358479461253148
5186,175,186,6235,2.1267995530286,54,7.21897122533006,0.294612554426875,0.310344827586207,-0.0157322731593316
5187,175,187,6236,2.04263769402108,60,7.41702373894721,0.275398564965495,0.344827586206897,-0.0694290212414012
5188,175,188,6237,1.71279432381188,52,6.55749174784807,0.261196565649351,0.298850574712644,-0.0376540090632926
5189,175,189,6238,1.75682372401069,42,7.16994375484903,0.245026151400776,0.241379310344828,0.00364684105594856
5190,175,190,6239,1.87489424403131,44,7.35501103899243,0.254913858604915,0.252873563218391,0.00204029538652467
5191,175,191,6240,1.77327548295997,45,7.02236407466719,0.252518306385875,0.258620689655172,-0.00610238326929746
5192,175,192,6241,1.86299461128391,59,6.66002831288099,0.279727731439331,0.339080459770115,-0.0593527283307843
5193,175,193,6242,1.96962010570365,48,7.78718718727447,0.252930879704847,0.275862068965517,-0.0229311892606698
5194,175,194,6243,1.92185765972591,51,6.94871408175135,0.276577455499726,0.293103448275862,-0.0165259927761358
5195,175,195,6244,2.15184622167676,52,6.53992113501346,0.329032442020775,0.298850574712644,0.0301818673081315
5196,175,196,6245,1.62883690812038,47,6.94893038615805,0.234401097378231,0.270114942528736,-0.0357138451505049
5197,175,197,6246,1.82283961470064,50,7.12834982693359,0.255716913304853,0.28735632183908,-0.0316394085342273
5198,175,198,6247,2.31191863624827,60,7.44956085547679,0.310342942503595,0.344827586206897,-0.0344846437033012
5199,175,199,6248,1.78582335221952,52,6.36854598467712,0.280413041927665,0.298850574712644,-0.0184375327849792
5200,175,200,6249,2.61291276862777,65,7.88085552576217,0.331551918454319,0.373563218390805,-0.0420112999364857
5201,175,201,6250,2.0953040626221,53,6.8996776169425,0.303681444112255,0.304597701149425,-0.000916257037170576
5202,175,202,6251,2.30785119937376,53,8.10043253226156,0.284904687519129,0.304597701149425,-0.0196930136302967
5203,175,203,6252,2.15343995999777,54,7.34765353876775,0.293078592864481,0.310344827586207,-0.0172662347217261
5204,175,204,6253,2.32459627941673,57,7.3834662473827,0.314838072191467,0.327586206896552,-0.0127481347050847
5205,175,205,6254,1.95829154702745,50,7.29899799924837,0.268295942433347,0.28735632183908,-0.0190603794057337
5206,175,206,6255,1.69333308087307,49,6.82746029020423,0.248018005070288,0.281609195402299,-0.0335911903320105
5207,175,207,6256,1.67857839489444,42,6.78306508250476,0.247466060619692,0.241379310344828,0.00608675027486422
5208,175,208,6257,1.85836605207774,51,6.85260492653773,0.271191185249998,0.293103448275862,-0.021912263025864
5209,175,209,6258,1.98446687208055,48,7.15709199031498,0.277272791067369,0.275862068965517,0.00141072210185167
5210,175,210,6259,1.85131152483103,41,6.88382064243585,0.268936629960763,0.235632183908046,0.0333044460527166
5211,175,211,6260,2.05111057042635,59,6.91077915359901,0.296798743649356,0.339080459770115,-0.0422817161207589
5212,175,212,6261,2.38833203292838,56,7.23313907772852,0.330193019553885,0.32183908045977,0.00835393909411464
5213,175,213,6262,2.10882011035391,57,6.98249540671828,0.302015252072331,0.327586206896552,-0.0255709548242212
5214,175,214,6263,1.98433889167742,54,6.92247532367221,0.286651638163555,0.310344827586207,-0.0236931894226523
5215,175,215,6264,1.78643513445912,55,6.8169929648831,0.262056179852571,0.316091954022989,-0.0540357741704171
5216,175,216,6265,1.86927020127866,51,7.21947285515868,0.25892059417371,0.293103448275862,-0.034182854102152
5217,175,217,6266,1.97256427662525,55,6.84837248062575,0.288034023004107,0.316091954022989,-0.0280579310188814
5218,175,218,6267,2.06052001975955,55,7.07354497344032,0.291299486678374,0.316091954022989,-0.0247924673446148
5219,175,219,6268,2.06748295832678,48,7.78372614649322,0.265616096894446,0.275862068965517,-0.0102459720710708
5220,175,220,6269,1.74512446854828,48,6.84839803763217,0.254822289673989,0.275862068965517,-0.0210397792915286
5221,175,221,6270,1.88558091950029,53,7.03378403011316,0.268074895593568,0.304597701149425,-0.0365228055558569
5222,175,222,6271,1.94697794093549,49,6.650031415154,0.292777254630518,0.281609195402299,0.0111680592282187
5223,175,223,6272,1.90823097098316,47,6.99686690030472,0.272726492896422,0.270114942528736,0.0026115503676859
5224,175,224,6273,1.99160556769979,53,6.46780826311607,0.307925882567871,0.304597701149425,0.00332818141844593
5225,175,225,6274,1.74865983062521,48,7.19476743736252,0.243046053378237,0.275862068965517,-0.0328160155872803
5226,175,226,6275,1.89280630668269,47,6.83058160187465,0.277107634020976,0.270114942528736,0.00699269149223991
5227,175,227,6276,2.26046911096148,55,7.36945525391723,0.306734898724018,0.316091954022989,-0.00935705529897074
5228,175,228,6277,1.80087950334043,48,5.88291958762431,0.306120027057463,0.275862068965517,0.0302579580919459
5229,175,229,6278,1.8552053809443,49,6.54730111774723,0.283354216887252,0.281609195402299,0.00174502148495326
5230,175,230,6279,2.11520313776741,54,6.71195823326116,0.315139496441665,0.310344827586207,0.00479466885545826
5231,175,231,6280,1.73138504808924,42,6.62476133228845,0.261350554570266,0.241379310344828,0.0199712442254383
5232,175,232,6281,1.76520428249671,46,6.6169604783972,0.266769657799783,0.264367816091954,0.00240184170782914
5233,175,233,6282,1.91870592433119,50,7.23510447337395,0.265193948669608,0.28735632183908,-0.022162373169472
5234,175,234,6283,1.56412180325786,42,6.54783383482548,0.238876221161704,0.241379310344828,-0.00250308918312403
5235,175,235,6284,2.35672247710916,49,7.6775242849632,0.306963858352739,0.281609195402299,0.0253546629504405
5236,175,236,6285,2.5387676630805,68,6.93122935019433,0.366279563813499,0.390804597701149,-0.0245250338876506
5237,175,237,6286,1.68252041752218,47,7.12391997661401,0.236179017036331,0.270114942528736,-0.0339359254924047
5238,175,238,6287,1.82532676133481,55,6.11109315372183,0.298690711370213,0.316091954022989,-0.0174012426527756
5239,175,239,6288,1.79458952141525,44,6.8886765038822,0.260512962163905,0.252873563218391,0.00763939894551424
5240,175,240,6289,2.14970054163784,46,7.67817024477833,0.279975628711773,0.264367816091954,0.0156078126198188
5241,175,241,6290,1.9528050393341,52,6.91187496556681,0.282528988018804,0.298850574712644,-0.0163215866938393
5242,175,242,6291,1.82702228399449,49,7.22387555092328,0.252914418460736,0.281609195402299,-0.0286947769415628
5243,175,243,6292,2.0599383019646,48,6.86182336131074,0.30020275858152,0.275862068965517,0.024340689616003
5244,175,244,6293,1.94622215181415,51,6.59894557554874,0.294929262490895,0.293103448275862,0.00182581421503342
5245,175,245,6294,1.9744946167217,48,7.98781049105041,0.247188465341527,0.275862068965517,-0.0286736036239905
5246,175,246,6295,2.06630074036642,45,7.72190127571853,0.267589634545561,0.258620689655172,0.00896894489038874
5247,175,247,6296,2.09030458067374,64,6.74610160719721,0.30985370550062,0.367816091954023,-0.0579623864534034
5248,175,248,6297,1.69366855602324,42,7.21496490425956,0.234743838465982,0.241379310344828,-0.00663547187884533
5249,175,249,6298,1.89973809274068,47,6.83688156593412,0.277866169600837,0.270114942528736,0.00775122707210107
5250,175,250,6299,2.42113878084894,59,7.50389073041706,0.322651124307399,0.339080459770115,-0.0164293354627155
5251,175,251,6300,2.00885132362365,53,6.68316549901717,0.30058380626951,0.304597701149425,-0.00401389487991516
5252,175,252,6301,1.66925718602674,46,6.86141800394875,0.243281663508343,0.264367816091954,-0.0210861525836113
5253,175,253,6302,2.35729685661054,54,7.18297411118095,0.328178386852486,0.310344827586207,0.0178335592662792
5254,175,254,6303,2.09955234514692,61,6.48684420456751,0.32366313710272,0.350574712643678,-0.0269115755409584
5255,175,255,6304,2.05188753054341,51,7.0384381722792,0.291525972143187,0.293103448275862,-0.0015774761326755
5256,175,256,6305,1.88285586024889,53,6.94019366030856,0.271297308462308,0.304597701149425,-0.033300392687117
5257,175,257,6306,1.71793964806598,50,7.08655036829081,0.242422555232656,0.28735632183908,-0.0449337666064249
5258,175,258,6307,1.97931378574716,46,7.37964149964271,0.268212729011699,0.264367816091954,0.0038449129197452
5259,175,259,6308,2.27657944166812,62,6.95288319029717,0.327429553950384,0.35632183908046,-0.0288922851300762
5260,175,260,6309,1.56083550435957,43,6.54176782039753,0.238595368593305,0.247126436781609,-0.00853106818830385
5261,175,261,6310,1.83041165097151,56,6.92940807058308,0.26415122797314,0.32183908045977,-0.0576878524866302
5262,175,262,6311,1.92868614381278,48,6.86091325877489,0.281112159718103,0.275862068965517,0.00525009075258537
5263,175,263,6312,2.3794414967656,62,6.73841060184476,0.353116133367442,0.35632183908046,-0.00320570571301826
5264,175,264,6313,1.79488847049471,46,7.07866028092116,0.253563301424763,0.264367816091954,-0.0108045146671911
5265,175,265,6314,1.69514414786783,45,6.76313773692466,0.250644628840378,0.258620689655172,-0.00797606081479485
5266,175,266,6315,1.99122692070757,45,7.31973410602125,0.272035417115709,0.258620689655172,0.0134147274605366
5267,175,267,6316,2.46658865207113,67,6.67796113031563,0.369362535051855,0.385057471264368,-0.0156949362125129
5268,175,268,6317,1.91347279315923,52,6.52687763649609,0.293168173164415,0.298850574712644,-0.00568240154822902
5269,175,269,6318,1.91533611356557,48,7.38689608583019,0.259288352145583,0.275862068965517,-0.0165737168199341
5270,175,270,6319,2.4285719752552,65,6.6423200692204,0.365621040532038,0.373563218390805,-0.00794217785876672
5271,175,271,6320,1.85961212948938,53,7.19249324346166,0.258549026956662,0.304597701149425,-0.0460486741927633
5272,175,272,6321,1.85689772584387,44,8.04935690492902,0.230688954133317,0.252873563218391,-0.0221846090850734
5273,175,273,6322,1.93794269190491,53,7.00879635506342,0.276501498078892,0.304597701149425,-0.0280962030705333
5274,175,274,6323,1.82228671503712,40,6.97224040811318,0.26136314991615,0.229885057471264,0.0314780924448855
5275,175,275,6324,2.05246660990786,67,6.19658625292141,0.331225375736554,0.385057471264368,-0.0538320955278142
5276,175,276,6325,2.28740445616944,54,7.979235318574,0.286669632470274,0.310344827586207,-0.0236751951159332
5277,175,277,6326,1.92195808094091,57,6.69951685320363,0.286880102409453,0.327586206896552,-0.040706104487099
5278,175,278,6327,1.60743933757635,42,6.9222670559747,0.232212846539768,0.241379310344828,-0.00916646380505939
5279,175,279,6328,2.0438564685694,59,6.64361942420365,0.307642015303186,0.339080459770115,-0.0314384444669288
5280,175,280,6329,1.68099188615347,45,7.03267207291328,0.239026058477531,0.258620689655172,-0.0195946311776415
5281,175,281,6330,1.64517671765463,46,7.12466966459307,0.230912701234493,0.264367816091954,-0.0334551148574614
5282,175,282,6331,2.19266954207473,43,8.32469788708578,0.263393287277879,0.247126436781609,0.0162668504962695
5283,175,283,6332,1.94863056835006,56,6.64694540105511,0.29316181355134,0.32183908045977,-0.0286772669084296
5284,175,284,6333,1.79589623812218,45,7.06131641574784,0.254328815249952,0.258620689655172,-0.00429187440522083
5285,175,285,6334,1.79841260010491,45,7.46667670236466,0.240858506641297,0.258620689655172,-0.0177621830138758
5286,175,286,6335,2.22583664395715,63,7.18457619013518,0.309807646972044,0.362068965517241,-0.0522613185451978
5287,175,287,6336,1.98949403240168,57,6.87494869347287,0.289383109766407,0.327586206896552,-0.0382030971301445
5288,175,288,6337,2.13566496055364,61,6.76558566159163,0.31566594044886,0.350574712643678,-0.0349087721948182
5289,175,289,6338,1.98899322650846,54,7.63618497348024,0.260469492739641,0.310344827586207,-0.0498753348465664
5290,175,290,6339,2.19038633987222,49,7.2520740124029,0.302035850175564,0.281609195402299,0.0204266547732653
5291,175,291,6340,2.1932115623106,56,7.19008759257603,0.305032662547137,0.32183908045977,-0.0168064179126327
5292,175,292,6341,2.43643790464185,48,7.46178860294962,0.326521968697791,0.275862068965517,0.0506598997322734
5293,175,293,6342,1.8557582248535,48,7.11303965327037,0.260895245255702,0.275862068965517,-0.0149668237098157
5294,175,294,6343,1.66902249418285,49,6.78039082318662,0.246154320260621,0.281609195402299,-0.0354548751416779
5295,175,295,6344,1.82447809738121,43,7.2547662435688,0.251486820681311,0.247126436781609,0.00436038389970153
5296,175,296,6345,1.96562782941844,57,7.06172727726581,0.278349439484373,0.327586206896552,-0.0492367674121789
5297,175,297,6346,1.91125503339399,50,7.36511026907326,0.259501210921378,0.28735632183908,-0.0278551109177025
5298,175,298,6347,2.03869911454037,54,7.54549742716268,0.270187503768984,0.310344827586207,-0.0401573238172233
5299,175,299,6348,1.99334150233871,45,6.71720450788048,0.296751647206835,0.258620689655172,0.0381309575516623
5300,175,300,6349,2.07860705407253,61,6.34916942744649,0.327382514803752,0.350574712643678,-0.0231921978399264
5301,175,301,6350,1.72767096308799,43,7.37551008598908,0.234244268253387,0.247126436781609,-0.0128821685282217
5302,175,302,6351,1.92748062580629,57,6.75517441818657,0.285333953867578,0.327586206896552,-0.0422522530289733
5303,175,303,6352,2.0525108177434,51,7.398979876251,0.277404568206961,0.293103448275862,-0.0156988800689011
5304,175,304,6353,1.86150631739727,48,7.26446951739552,0.256248073302489,0.275862068965517,-0.019613995663028
5305,175,305,6354,1.89490286259893,44,7.40967837116945,0.25573348365185,0.252873563218391,0.00285992043345873
5306,175,306,6355,1.68265242164086,43,7.12874094125281,0.236037813059475,0.247126436781609,-0.0110886237221338
5307,175,307,6356,1.91571546040519,50,6.67815016117531,0.286863190280231,0.28735632183908,-0.000493131558849336
5308,175,308,6357,1.95021169603525,56,6.64232419377697,0.293603810826089,0.32183908045977,-0.0282352696336813
5309,175,309,6358,1.71736855106425,42,7.63282477454217,0.224997769736862,0.241379310344828,-0.0163815406079658
5310,175,310,6359,2.06212524835864,53,7.3955943387413,0.2788315791682,0.304597701149425,-0.0257661219812254
5311,175,311,6360,1.82842683528764,46,7.03032894439289,0.26007699636102,0.264367816091954,-0.00429081973093415
5312,175,312,6361,2.11378124231887,53,7.30673760147822,0.289292069540206,0.304597701149425,-0.0153056316092195
5313,175,313,6362,1.80349131922788,49,6.70054799076626,0.26915579467727,0.281609195402299,-0.0124534007250287
5314,175,314,6363,1.84688104939267,45,7.26310694448713,0.254282507955427,0.258620689655172,-0.00433818169974531
5315,175,315,6364,1.65535201037526,45,6.88775351685654,0.240332643484422,0.258620689655172,-0.0182880461707499
5316,175,316,6365,1.85907182349233,56,7.14268220882815,0.260276429657555,0.32183908045977,-0.061562650802215
5317,175,317,6366,2.1476117496883,63,6.83076011574617,0.314403040554397,0.362068965517241,-0.0476659249628446
5318,175,318,6367,2.19265117696543,56,7.41007762653647,0.295901242533986,0.32183908045977,-0.0259378379257841
5319,175,319,6368,2.15995977007856,68,7.18204268535198,0.300744490767769,0.390804597701149,-0.0900601069333801
5320,175,320,6369,1.71358527429517,40,7.17436280794452,0.238848427402868,0.229885057471264,0.00896336993160374
5321,175,321,6370,1.90616364722639,59,6.95173954988639,0.274199519925562,0.339080459770115,-0.0648809398445533
5322,175,322,6371,1.94244269927455,53,7.50202214467925,0.258922549389196,0.304597701149425,-0.0456751517602293
5323,175,323,6372,1.91279571994527,48,7.42991319004746,0.25744523132619,0.275862068965517,-0.0184168376393277
5324,175,324,6373,2.77429283096095,70,7.83835431827704,0.353938176090357,0.402298850574713,-0.0483606744843555
5325,175,325,6374,2.23604960643163,55,7.23605018764806,0.309015215268762,0.316091954022989,-0.00707673875422671
5326,175,326,6375,1.93689730256744,49,6.83589568113883,0.283342138750246,0.281609195402299,0.00173294334794671
5327,175,327,6376,1.79265992501244,51,6.43266078546821,0.278680935432219,0.293103448275862,-0.0144225128436429
5328,175,328,6377,1.94388022555898,49,7.07119247251876,0.274901331439302,0.281609195402299,-0.00670786396299689
5329,175,329,6378,2.02882323578591,58,7.29007180396431,0.278299485977991,0.333333333333333,-0.0550338473553424
5330,175,330,6379,1.94773799269776,52,7.63925936743599,0.254964244439771,0.298850574712644,-0.0438863302728727
5331,175,331,6380,1.76112641594456,43,6.26404002996947,0.281148652869184,0.247126436781609,0.0340222160875744
5332,175,332,6381,1.68876891588138,50,6.35434634241864,0.265765953707614,0.28735632183908,-0.0215903681314668
5333,175,333,6382,1.87377538702282,50,7.11332835021386,0.263417530411975,0.28735632183908,-0.0239387914271055
5334,175,334,6383,1.71740243657074,47,6.96890343002464,0.246437973178324,0.270114942528736,-0.0236769693504118
5335,175,335,6384,2.40283681795591,56,7.30378220640429,0.328985277771425,0.32183908045977,0.00714619731165533
5336,175,336,6385,2.21547157418939,50,7.88491049791343,0.280976122021381,0.28735632183908,-0.00638019981769955
5337,175,337,6386,1.9469741833809,54,6.25381331002946,0.311325920180328,0.310344827586207,0.000981092594120714
5338,175,338,6387,1.77673550972409,49,7.29206786120061,0.243653178157829,0.281609195402299,-0.03795601724447
5339,175,339,6388,2.05835847219879,53,7.17571888455129,0.286850489172626,0.304597701149425,-0.0177472119767989
5340,175,340,6389,2.07531435483146,61,6.71196398282899,0.309196288916429,0.350574712643678,-0.0413784237272494
5341,175,341,6390,1.72008538473099,55,6.24418883820514,0.27546978947956,0.316091954022989,-0.0406221645434287
5342,175,342,6391,2.08882609700882,51,7.39463742666047,0.282478501174082,0.293103448275862,-0.0106249471017801
5343,175,343,6392,1.95746813123459,47,7.4947007096659,0.26118029352527,0.270114942528736,-0.00893464900346519
5344,175,344,6393,1.5861830063879,43,6.49917429416819,0.244059158070466,0.247126436781609,-0.00306727871114326
5345,175,345,6394,1.84362997636169,53,7.23229776187448,0.254916215712315,0.304597701149425,-0.0496814854371104
5346,175,346,6395,1.87866039595419,47,7.29434595089247,0.257550218840983,0.270114942528736,-0.0125647236877526
5347,175,347,6396,1.64038480625176,42,7.10442209286609,0.230896304415661,0.241379310344828,-0.0104830059291662
5348,175,348,6397,1.94062349648447,54,6.95999400449298,0.278825455198914,0.310344827586207,-0.0315193723872931
5349,175,349,6398,2.32485667438198,46,7.21703368791572,0.32213465738351,0.264367816091954,0.0577668412915563
5350,175,350,6399,1.74641679377287,53,6.43591903379388,0.271354686813607,0.304597701149425,-0.0332430143358184
5351,175,351,6400,1.58647030664696,49,6.95364548435356,0.228149437617532,0.281609195402299,-0.0534597577847665
5352,175,352,6401,1.76045583934361,51,7.10170524877838,0.247891988990453,0.293103448275862,-0.045211459285409
5353,175,353,6402,1.99452042061895,46,8.01177541838969,0.248948618310102,0.264367816091954,-0.0154191977818524
5354,175,354,6403,2.34483985234399,59,7.29146720639323,0.321586833756587,0.339080459770115,-0.0174936260135276
5355,175,355,6404,1.73224524638422,38,6.95476540788729,0.249073138314588,0.218390804597701,0.0306823337168864
5356,175,356,6405,2.07239104441225,53,7.27764656598329,0.284761155357405,0.304597701149425,-0.0198365457920204
5357,175,357,6406,1.84378053883688,50,6.47095498214637,0.284931751793043,0.28735632183908,-0.00242457004603736
5358,175,358,6407,1.77927649741713,42,7.01670390615335,0.253577252398634,0.241379310344828,0.0121979420538063
5359,175,359,6408,2.13379842369798,62,6.8397296881397,0.311971162749027,0.35632183908046,-0.0443506763314331
5360,175,360,6409,1.83310875886796,45,7.14462362238151,0.25657177421152,0.258620689655172,-0.00204891544365282
5361,175,361,6410,2.05542541060952,47,7.59643891560832,0.270577494724042,0.270114942528736,0.000462552195306498
5362,175,362,6411,1.98266987715582,54,6.92537608651408,0.286290571427119,0.310344827586207,-0.0240542561590881
5363,175,363,6412,2.04750193597666,53,7.13814158842759,0.286839636145083,0.304597701149425,-0.017758065004342
5364,175,364,6413,1.60258404648083,43,6.72037167614248,0.238466579485485,0.247126436781609,-0.0086598572961239
5365,175,365,6414,2.28186801917779,62,7.10765470359904,0.321043735850356,0.35632183908046,-0.0352781032301035
5366,175,366,6415,1.84232082767532,47,6.96422438220499,0.264540704975392,0.270114942528736,-0.00557423755334402
5367,175,367,6416,1.87610307442275,61,6.28174086026221,0.298659737190184,0.350574712643678,-0.0519149754534943
5368,175,368,6417,1.85195521519791,46,7.51546126361797,0.246419368051718,0.264367816091954,-0.0179484480402359
5369,175,369,6418,1.96599123157829,53,6.98849295079506,0.281318339364516,0.304597701149425,-0.0232793617849095
5370,175,370,6419,2.15494769743514,60,7.01206597667561,0.307319940314764,0.344827586206897,-0.0375076458921322
5371,175,371,6420,2.10481222349237,57,7.87245111120304,0.267364280039425,0.327586206896552,-0.060221926857127
5372,175,372,6421,2.46427263253341,59,7.3640890019797,0.334633738385147,0.339080459770115,-0.00444672138496832
5373,175,373,6422,1.76836733598562,56,6.81140852171241,0.259618451947006,0.32183908045977,-0.0622206285127643
5374,175,374,6423,1.93131432434579,46,7.0874780960604,0.272496690384033,0.264367816091954,0.00812887429207904
5375,175,375,6424,1.98465829024485,49,7.66725894297484,0.258848475707646,0.281609195402299,-0.0227607196946529
5376,175,376,6425,2.00490606478875,45,6.64392842556054,0.301765151032553,0.258620689655172,0.0431444613773807
5377,175,377,6426,1.95112349947907,44,6.70880099924389,0.290830432993761,0.252873563218391,0.0379568697753699
5378,175,378,6427,1.66077099474729,48,6.82081340491847,0.243485768654764,0.275862068965517,-0.0323763003107536
5379,175,379,6428,2.03781912377452,50,7.50608487229523,0.271488953088722,0.28735632183908,-0.0158673687503589
5380,175,380,6429,2.01090914309121,44,7.72604985785229,0.260276490585606,0.252873563218391,0.00740292736721476
5381,175,381,6430,2.15064762582389,63,7.37958835151032,0.291431923216114,0.362068965517241,-0.070637042301127
5382,175,382,6431,1.92181664343575,46,6.99087003960483,0.274903786302453,0.264367816091954,0.0105359702104992
5383,175,383,6432,1.7873749879512,42,6.90838547020015,0.258725428055683,0.241379310344828,0.0173461177108556
5384,175,384,6433,1.81951454788898,41,7.14853971017362,0.254529543327499,0.235632183908046,0.0188973594194529
5385,175,385,6434,1.91752922260282,46,6.39415325572742,0.29988790476444,0.264367816091954,0.0355200886724861
5386,175,386,6435,1.87938031584676,49,6.98425404848122,0.269088195074382,0.281609195402299,-0.012521000327917
5387,175,387,6436,1.98929037141563,57,6.82716985374433,0.291378479521,0.327586206896552,-0.0362077273755519
5388,175,388,6437,1.86649586904832,56,6.56475077825887,0.284320902970113,0.32183908045977,-0.037518177489657
5389,175,389,6438,1.88263952850345,60,6.77264097813675,0.277977163499576,0.344827586206897,-0.0668504227073206
5390,175,390,6439,1.67824356357156,39,6.48741965017525,0.258691999911895,0.224137931034483,0.0345540688774121
5391,175,391,6440,1.98340951900411,60,6.17905456418325,0.320989157548616,0.344827586206897,-0.0238384286582804
5392,175,392,6441,1.56573004804224,45,7.11448463311302,0.220076383432589,0.258620689655172,-0.0385443062225835
5393,175,393,6442,1.88003261606983,44,7.3348153876502,0.256316282920397,0.252873563218391,0.00344271970200577
5394,175,394,6443,2.01351707687976,58,6.85681867298569,0.293651789978429,0.333333333333333,-0.0396815433549048
5395,175,395,6444,2.03108878202605,52,7.00638093983434,0.289891286167217,0.298850574712644,-0.00895928854542688
5396,175,396,6445,1.78198727609289,53,7.02611051265982,0.253623576355945,0.304597701149425,-0.05097412479348
5397,175,397,6446,1.62601892778375,47,6.40131329512082,0.254013333330072,0.270114942528736,-0.0161016091986639
5398,175,398,6447,1.92666133843907,47,6.96762074430935,0.276516390478432,0.270114942528736,0.00640144794969671
5399,175,399,6448,2.41002965635089,63,6.909646895362,0.348792013954952,0.362068965517241,-0.0132769515622895
5400,175,400,6449,1.9012135399639,42,7.55596129096852,0.251617691879441,0.241379310344828,0.0102383815346138
5401,175,401,6450,2.09329313657414,51,6.84647538200266,0.305747559112938,0.293103448275862,0.0126441108370764
5402,175,402,6451,1.9204857037911,51,7.21108897798123,0.266323950467845,0.293103448275862,-0.0267794978080169
5403,175,403,6452,1.88785946746655,49,7.32441628914867,0.257748794298252,0.281609195402299,-0.0238604011040469
5404,175,404,6453,1.84728195243075,43,6.77760326770615,0.272556813886209,0.247126436781609,0.0254303771046001
5405,175,405,6454,1.74964653417116,45,7.73979508154984,0.2260585087507,0.258620689655172,-0.0325621809044724
5406,175,406,6455,1.93044652075046,53,6.4836579207029,0.297740341079127,0.304597701149425,-0.00685736007029863
5407,175,407,6456,2.25887789348715,57,7.89220367588556,0.286216370769687,0.327586206896552,-0.0413698361268644
5408,175,408,6457,2.06940922609474,61,6.63908273286171,0.311701075187949,0.350574712643678,-0.0388736374557289
5409,175,409,6458,2.402357565649,59,6.9078771591094,0.347770742055107,0.339080459770115,0.00869028228499164
5410,175,410,6459,2.0036241498622,49,6.89242693992732,0.290699367193196,0.281609195402299,0.00909017179089666
5411,175,411,6460,1.89736103598874,47,7.10459603454893,0.26706107240469,0.270114942528736,-0.00305387012404607
5412,175,412,6461,2.38368954311718,61,7.45007338764648,0.319955176155681,0.350574712643678,-0.0306195364879975
5413,175,413,6462,1.75238203847857,46,7.70985766580848,0.227291101137963,0.264367816091954,-0.0370767149539911
5414,175,414,6463,1.8509449987425,49,7.28032183200997,0.254239447300847,0.281609195402299,-0.0273697481014519
5415,175,415,6464,2.00249010933942,48,7.18113917148496,0.278854101211539,0.275862068965517,0.00299203224602201
5416,175,416,6465,1.84207393552179,52,7.41546225158434,0.248409859429629,0.298850574712644,-0.0504407152830146
5417,175,417,6466,2.00059051588992,50,7.26862183086636,0.275236566496604,0.28735632183908,-0.0121197553424759
5418,175,418,6467,2.07865569613795,48,7.01188895920092,0.296447320862143,0.275862068965517,0.0205852518966258
5419,175,419,6468,2.16886861867355,51,7.29190793407898,0.297434997572757,0.293103448275862,0.00433154929689455
5420,175,420,6469,2.44569857426032,56,7.76400468275617,0.315004778357774,0.32183908045977,-0.00683430210199626
5421,175,421,6470,2.02205564103321,53,7.46447539280419,0.27089052272615,0.304597701149425,-0.033707178423275
5422,175,422,6471,1.88169323264653,46,7.28380603297474,0.258339283628348,0.264367816091954,-0.00602853246360613
5423,175,423,6472,1.75130581791234,40,7.36895513429709,0.237659991952088,0.229885057471264,0.00777493448082334
5424,175,424,6473,2.03445480854223,51,7.26415648865178,0.280067591016314,0.293103448275862,-0.0130358572595481
5425,175,425,6474,2.0082165049223,49,6.69758145941911,0.29984204254777,0.281609195402299,0.0182328471454707
5426,175,426,6475,1.62636326428668,38,6.84012538025878,0.237768048664797,0.218390804597701,0.0193772440670955
5427,175,427,6476,2.07587614338069,60,7.11166050136681,0.291897531242066,0.344827586206897,-0.0529300549648302
5428,175,428,6477,1.59798871746153,48,6.62951828286043,0.241041452678828,0.275862068965517,-0.0348206162866895
5429,175,429,6478,1.7407788661669,44,7.17003763557046,0.242785178355399,0.252873563218391,-0.010088384862992
5430,175,430,6479,2.04636305576711,49,7.30838233232214,0.280002189638717,0.281609195402299,-0.00160700576358175
5431,175,431,6480,1.70303379714173,43,7.0175749536037,0.242681240799171,0.247126436781609,-0.00444519598243778
5432,175,432,6481,1.51659686876966,44,6.55159502690777,0.231485136450117,0.252873563218391,-0.0213884267682734
5433,175,433,6482,2.54357208777617,62,7.23529445344523,0.351550597441822,0.35632183908046,-0.00477124163863757
5434,175,434,6483,1.9125476773658,49,7.15403827572672,0.267338194688583,0.281609195402299,-0.014271000713716
5435,175,435,6484,1.76763114304548,47,7.05094004621102,0.250694394146119,0.270114942528736,-0.0194205483826168
5436,175,436,6485,1.84401138978784,45,7.39328809551819,0.249416953047681,0.258620689655172,-0.0092037366074916
5437,175,437,6486,2.0633163485777,55,7.56484493778949,0.272750646648498,0.316091954022989,-0.0433413073744902
5438,175,438,6487,2.31489345654658,57,7.55048973192911,0.30658851792851,0.327586206896552,-0.0209976889680412
5439,175,439,6488,2.46949683245882,52,7.09360834127158,0.34812985347541,0.298850574712644,0.0492792787627661
5440,175,440,6489,1.8807723322822,45,7.34781513169093,0.255963480105873,0.258620689655172,-0.0026572095492996
5441,175,441,6490,1.68284264263941,41,7.60926653155608,0.221157011081234,0.235632183908046,-0.0144751728268121
5442,175,442,6491,2.12349795862171,52,6.86975013592875,0.309108470701988,0.298850574712644,0.0102578959893438
5443,175,443,6492,2.05449166080499,55,7.50527274865799,0.273739773304355,0.316091954022989,-0.0423521807186333
5444,175,444,6493,1.59661112565464,47,6.5162139407073,0.245021286928669,0.270114942528736,-0.0250936556000662
5445,175,445,6494,1.83138534420112,45,7.10492231769272,0.257762894837089,0.258620689655172,-0.000857794818083069
5446,175,446,6495,1.61664134756046,42,7.01479226724356,0.230461756524076,0.241379310344828,-0.0109175538207512
5447,175,447,6496,1.72640573934465,42,6.70717286214262,0.257396935315179,0.241379310344828,0.0160176249703513
5448,175,448,6497,1.93381756645318,44,7.37202899729337,0.26231822571007,0.252873563218391,0.00944466249167941
5449,175,449,6498,2.20405156423385,71,7.0054480983392,0.314619640784488,0.408045977011494,-0.0934263362270065
5450,175,450,6499,1.97562104913442,55,7.20334186825349,0.274264512953544,0.316091954022989,-0.0418274410694442
5451,175,451,6500,1.94635460521323,53,7.05017118133957,0.276071964091433,0.304597701149425,-0.0285257370579922
5452,175,452,6501,1.82249354727793,53,6.16551900689503,0.295594506357015,0.304597701149425,-0.00900319479240996
5453,175,453,6502,1.73328448115972,47,7.26867722421176,0.238459409834048,0.270114942528736,-0.0316555326946878
5454,175,454,6503,2.09521310065486,56,6.75914518739937,0.309981964074514,0.32183908045977,-0.0118571163852558
5455,175,455,6504,1.94526535644882,59,6.64957557980893,0.292539776877717,0.339080459770115,-0.0465406828923983
5456,175,456,6505,1.97030603367887,51,7.52219762933501,0.261932234536764,0.293103448275862,-0.0311712137390981
5457,175,457,6506,1.64618938359941,43,6.59042744355655,0.249784918762574,0.247126436781609,0.00265848198096486
5458,175,458,6507,2.44770636780403,63,7.59611287687989,0.322231436983257,0.362068965517241,-0.0398375285339846
5459,175,459,6508,2.07350665260911,54,7.26198072139756,0.28552907700505,0.310344827586207,-0.0248157505811573
5460,175,460,6509,1.74823200735383,47,7.17962244159818,0.243499156337903,0.270114942528736,-0.0266157861908326
5461,175,461,6510,2.19702067304578,65,6.62653353428725,0.331549016039513,0.373563218390805,-0.0420142023512912
5462,175,462,6511,1.88182842831504,47,7.56505319138575,0.248752835004235,0.270114942528736,-0.0213621075245007
5463,175,463,6512,1.68170397008996,41,7.26981173403615,0.231327031787698,0.235632183908046,-0.00430515212034779
5464,175,464,6513,1.56227252748134,43,6.67189599254533,0.234157206471279,0.247126436781609,-0.0129692303103304
5465,175,465,6514,2.19832994257808,56,7.24309623187064,0.303506935736283,0.32183908045977,-0.0183321447234871
5466,175,466,6515,1.93688010433866,46,7.0630453062381,0.274227336844067,0.264367816091954,0.00985952075211255
5467,175,467,6516,2.19758562995517,50,7.87131739862537,0.279189050404568,0.28735632183908,-0.00816727143451212
5468,175,468,6517,2.07792087190834,62,6.90419041727786,0.300965174237997,0.35632183908046,-0.0553566648424632
5469,175,469,6518,1.77249564701299,47,6.6722988233719,0.265649919755429,0.270114942528736,-0.00446502277330629
5470,175,470,6519,1.71548386816666,46,7.25835743465155,0.236346016796707,0.264367816091954,-0.0280217992952473
5471,175,471,6520,2.10057123869804,55,7.27674074736238,0.288669242402162,0.316091954022989,-0.0274227116208268
5472,175,472,6521,1.72096854538546,46,6.71906077958566,0.256132308047314,0.264367816091954,-0.0082355080446404
5473,175,473,6522,2.18871989585578,65,6.68682291470868,0.327318357876856,0.373563218390805,-0.0462448605139484
5474,175,474,6523,1.76431554635359,47,6.94409551272336,0.254074204930061,0.270114942528736,-0.0160407375986746
5475,175,475,6524,1.951793174808,47,6.94448654416855,0.281056513306512,0.270114942528736,0.0109415707777766
5476,175,476,6525,2.24491410630018,61,6.46921859210136,0.34701472431943,0.350574712643678,-0.00355998832424803
5477,175,477,6526,1.86191143942042,46,7.3828202217501,0.252195148127154,0.264367816091954,-0.0121726679647999
5478,175,478,6527,2.06232129626674,55,7.5842298450653,0.271922309634193,0.316091954022989,-0.0441696443887955
5479,175,479,6528,2.14339332492952,56,7.07537542599215,0.302937045157426,0.32183908045977,-0.0189020353023444
5480,175,480,6529,2.04557416345636,55,6.59642865445858,0.310103280215688,0.316091954022989,-0.00598867380730028
5481,175,481,6530,1.60775306938078,43,6.878570169475,0.233733614656648,0.247126436781609,-0.0133928221249615
5482,175,482,6531,2.51165537457176,51,7.49906282914286,0.334929234731968,0.293103448275862,0.0418257864561056
5483,175,483,6532,2.03912527718056,53,7.58145450283045,0.26896227846771,0.304597701149425,-0.035635422681715
5484,175,484,6533,2.2201079106923,51,7.06685299621711,0.314157930252791,0.293103448275862,0.0210544819769294
5485,175,485,6534,1.77297729341145,48,7.23025325093163,0.245216485768739,0.275862068965517,-0.0306455831967785
5486,175,486,6535,1.89764278381865,49,6.89202608918749,0.275338885729953,0.281609195402299,-0.00627030967234604
5487,175,487,6536,1.88392493277438,49,7.26928509144857,0.259162339772667,0.281609195402299,-0.022446855629632
5488,175,488,6537,1.89095883598873,52,6.929016445347,0.27290436541806,0.298850574712644,-0.0259462092945835
5489,175,489,6538,2.14891932303136,55,7.26621673747966,0.295741153982799,0.316091954022989,-0.0203508000401899
5490,175,490,6539,1.82658721055971,43,7.38614334575078,0.247299182408982,0.247126436781609,0.000172745627372878
5491,175,491,6540,1.86590034799978,46,7.09974644533142,0.262812251446915,0.264367816091954,-0.00155556464503892
5492,175,492,6541,2.16492099888542,59,6.98447826983974,0.309961734469695,0.339080459770115,-0.0291187253004203
5493,175,493,6542,1.89557950911676,43,7.57521360046391,0.250234463223674,0.247126436781609,0.00310802644206495
5494,175,494,6543,2.16720852006069,54,7.33700207117975,0.295380660797908,0.310344827586207,-0.0149641667882994
5495,175,495,6544,1.93245309781083,53,7.60017017895965,0.254264450967249,0.304597701149425,-0.0503332501821768
5496,175,496,6545,2.47792395352666,69,7.16047250594354,0.346055927380472,0.396551724137931,-0.0504957967574588
5497,175,497,6546,2.134397225441,51,7.35705980852142,0.290115519105717,0.293103448275862,-0.00298792917014479
5498,175,498,6547,1.67603823622793,47,6.65798110742438,0.251733702632313,0.270114942528736,-0.0183812398964223
5499,175,499,6548,2.54469646166546,68,6.84744261725131,0.371627278081075,0.390804597701149,-0.019177319620074
5500,175,500,6549,1.98775803208857,49,7.03380884555693,0.282600519254115,0.281609195402299,0.000991323851815828
5501,175,501,6550,1.8304570859984,61,6.61911473595858,0.276541072185133,0.350574712643678,-0.0740336404585457
5502,175,502,6551,2.45131883976331,63,7.27245918642264,0.337068765451419,0.362068965517241,-0.0250002000658219
5503,175,503,6552,1.89179705262658,45,7.67539921033615,0.246475395062055,0.258620689655172,-0.0121452945931178
5504,175,504,6553,2.10192716153407,47,7.61834410994733,0.275903415650333,0.270114942528736,0.0057884731215978
5505,175,505,6554,2.13370433284479,52,7.43864221507437,0.286840564602079,0.298850574712644,-0.0120100101105652
5506,175,506,6555,1.82094394927303,52,6.77551860218158,0.268753442531576,0.298850574712644,-0.0300971321810676
5507,175,507,6556,2.04797392302359,56,7.00516048985444,0.292352177511089,0.32183908045977,-0.0294869029486816
5508,175,508,6557,2.19926096658511,58,7.33128990489315,0.299982812726754,0.333333333333333,-0.0333505206065791
5509,175,509,6558,1.81999701332681,53,6.86165037083859,0.265241875491301,0.304597701149425,-0.0393558256581242
5510,175,510,6559,1.7006209252039,44,7.06039450478683,0.240867691465528,0.252873563218391,-0.0120058717528631
5511,175,511,6560,1.82701799286593,45,7.85917889327524,0.232469322517805,0.258620689655172,-0.0261513671373671
5512,175,512,6561,2.02336583208674,40,7.59241920149817,0.266498171187318,0.229885057471264,0.0366131137160541
5513,175,513,6562,1.845252958927,48,7.07874654640288,0.260675099303377,0.275862068965517,-0.0151869696621407
5514,175,514,6563,1.71621192399809,49,6.28368041861874,0.273122089231798,0.281609195402299,-0.00848710617050125
5515,175,515,6564,2.01987741098068,61,7.16230513491778,0.282014989997193,0.350574712643678,-0.0685597226464851
5516,175,516,6565,1.77885278706383,48,6.29486202930645,0.282588050187944,0.275862068965517,0.00672598122242662
5517,175,517,6566,1.95521606659762,48,7.40097787073837,0.264183476933239,0.275862068965517,-0.0116785920322786
5518,175,518,6567,1.8501581909954,49,7.1997857327059,0.25697406279618,0.281609195402299,-0.0246351326061193
5519,175,519,6568,2.0153912378175,51,7.4273273473132,0.271348109969403,0.293103448275862,-0.0217553383064591
5520,175,520,6569,1.76851400648348,44,6.70084884610052,0.263923876974579,0.252873563218391,0.011050313756188
5521,175,521,6570,2.00131241532548,53,7.70939711062737,0.259593893868391,0.304597701149425,-0.0450038072810348
5522,175,522,6571,2.22380174924759,58,7.51962591379428,0.295733029108292,0.333333333333333,-0.0376003042250416
5523,175,523,6572,2.0090523842201,55,7.24157922527714,0.277432908171107,0.316091954022989,-0.0386590458518819
5524,175,524,6573,1.94863982854921,56,6.98269943819411,0.27906683450966,0.32183908045977,-0.0427722459501104
5525,175,525,6574,1.69482316958601,43,6.49824363162432,0.260812500371331,0.247126436781609,0.0136860635897217
5526,175,526,6575,1.98988031135569,46,7.60152953799446,0.261773673496858,0.264367816091954,-0.00259414259509566
5527,175,527,6576,2.16919868153515,55,7.95548744474536,0.272666973155481,0.316091954022989,-0.0434249808675076
5528,175,528,6577,1.86555024576501,47,7.64096929675142,0.244150993586397,0.270114942528736,-0.0259639489423387
5529,175,529,6578,1.68067727299596,43,6.9505953656894,0.241803354183495,0.247126436781609,-0.00532308259811379
5530,175,530,6579,1.72920400222145,44,6.51033006787904,0.265609267762487,0.252873563218391,0.0127357045440961
5531,175,531,6580,2.09208864656316,56,7.22992924584684,0.289365023560215,0.32183908045977,-0.0324740568995548
5532,175,532,6581,2.24300168494777,57,7.19766599717071,0.311629031665189,0.327586206896552,-0.0159571752313623
5533,175,533,6582,1.80054924752159,43,6.59117274653278,0.273175854550125,0.247126436781609,0.0260494177685154
5534,175,534,6583,1.96534296578367,48,7.41480163669463,0.265056715213731,0.275862068965517,-0.0108053537517863
5535,175,535,6584,2.36247470348333,50,7.35513816154043,0.321200588159793,0.28735632183908,0.0338442663207129
5536,175,536,6585,1.93927295896236,49,6.53838576949557,0.296598124878149,0.281609195402299,0.0149889294758506
5537,175,537,6586,1.87865854532503,45,6.57240225077198,0.285840469533703,0.258620689655172,0.0272197798785306
5538,175,538,6587,2.72104210303067,73,7.41741458294589,0.366845087678783,0.419540229885057,-0.0526951422062742
5539,175,539,6588,1.75721846301007,45,6.63773589256172,0.264731602982158,0.258620689655172,0.0061109133269851
5540,175,540,6589,1.89621324215216,51,6.82409658539171,0.277870223321775,0.293103448275862,-0.015233224954087
5541,175,541,6590,1.92731974721619,45,6.66854631198286,0.289016474812951,0.258620689655172,0.0303957851577784
5542,175,542,6591,1.72258382429631,46,6.86379922536693,0.250966522728413,0.264367816091954,-0.013401293363541
5543,175,543,6592,1.72608740859567,51,6.86350873740284,0.251487610001764,0.293103448275862,-0.0416158382740979
5544,175,544,6593,2.56280488957446,66,7.67281570693673,0.334011005537056,0.379310344827586,-0.0452993392905298
5545,175,545,6594,1.9780497903216,50,6.63678029044189,0.298043584954942,0.28735632183908,0.0106872631158616
5546,175,546,6595,2.28839896299822,48,6.96895323533746,0.328370543712997,0.275862068965517,0.0525084747474802
5547,175,547,6596,1.85323837534205,49,7.15030615314879,0.25918308050711,0.281609195402299,-0.0224261148951884
5548,175,548,6597,2.19780177798407,55,7.02395752262585,0.31290077864287,0.316091954022989,-0.0031911753801182
5549,175,549,6598,2.09676464724517,49,7.25768650790638,0.288902619996192,0.281609195402299,0.0072934245938932
5550,175,550,6599,1.83389982471636,53,6.65294551087367,0.275652313959134,0.304597701149425,-0.028945387190291
5551,175,551,6600,1.85224106627629,47,6.73349266847112,0.275078797508642,0.270114942528736,0.00496385497990626
5552,175,552,6601,2.04492628912993,49,7.46933520866917,0.27377621059991,0.281609195402299,-0.00783298480238881
5553,175,553,6602,1.81656777115606,45,6.63930900434541,0.273607956786937,0.258620689655172,0.0149872671317646
5554,175,554,6603,2.40765088766567,61,7.079398798263,0.340092563828501,0.350574712643678,-0.0104821488151772
5555,175,555,6604,1.58832770480288,46,6.58011455220212,0.241382986907321,0.264367816091954,-0.0229848291846331
5556,175,556,6605,1.94802364052415,50,6.88779269283625,0.282822629454313,0.28735632183908,-0.00453369238476764
5557,175,557,6606,2.01448159205473,48,7.18481541966336,0.280380423767257,0.275862068965517,0.00451835480173951
5558,175,558,6607,1.80902699123593,45,6.9520603540325,0.260214511829808,0.258620689655172,0.00159382217463594
5559,175,559,6608,1.87499224334789,46,6.97124075851277,0.268961051310456,0.264367816091954,0.00459323521850163
5560,175,560,6609,2.60067653095069,63,7.6652584236226,0.339280998398696,0.362068965517241,-0.0227879671185456
5561,175,561,6610,2.58103831139977,63,7.02969383776956,0.367162264952737,0.362068965517241,0.00509329943549569
5562,175,562,6611,1.42743707670652,41,6.57922871186653,0.216961157488254,0.235632183908046,-0.018671026419792
5563,175,563,6612,1.70503273011898,46,7.18016800405108,0.237464183171897,0.264367816091954,-0.0269036329200574
5564,175,564,6613,2.31642586487557,60,7.01162953319,0.33036911803606,0.344827586206897,-0.0144584681708371
5565,175,565,6614,1.90450304225944,48,7.43189732096561,0.256260677456721,0.275862068965517,-0.0196013915087959
5566,175,566,6615,1.83741460422316,53,7.32029981527654,0.251002643414783,0.304597701149425,-0.0535950577346421
5567,175,567,6616,2.22122938230189,52,7.21029968060066,0.308063392743316,0.298850574712644,0.0092128180306722
5568,175,568,6617,2.18667241091843,64,6.91739697419928,0.316112031602979,0.367816091954023,-0.051704060351044
5569,175,569,6618,2.17045115328641,59,7.28930844210636,0.297758171508959,0.339080459770115,-0.0413222882611561
5570,175,570,6619,1.9298891537292,54,7.0342725804165,0.274355184799355,0.310344827586207,-0.0359896427868522
5571,175,571,6620,1.82550379592483,51,6.80233952348716,0.268364110556629,0.293103448275862,-0.0247393377192331
5572,175,572,6621,2.2188154368918,57,8.01904811325766,0.276693119377037,0.327586206896552,-0.050893087519515
5573,175,573,6622,2.58105541308035,63,7.6190815127564,0.338762015967274,0.362068965517241,-0.0233069495499671
5574,175,574,6623,1.89795905013276,49,7.53416667214237,0.251913600099992,0.281609195402299,-0.0296955953023065
5575,175,575,6624,2.16386366587421,53,6.98624063292477,0.309732197839901,0.304597701149425,0.00513449669047544
5576,175,576,6625,2.20807212892433,48,7.7649169978635,0.284365194055761,0.275862068965517,0.00850312509024331
5577,175,577,6626,2.04791172678693,50,7.35951457861105,0.278267228757013,0.28735632183908,-0.00908909308206762
5578,175,578,6627,2.54873055075883,71,7.09138587139846,0.359412193466805,0.408045977011494,-0.0486337835446894
5579,175,579,6628,1.62206445813267,46,6.92346830720439,0.23428495461513,0.264367816091954,-0.0300828614768239
5580,175,580,6629,1.86232606238875,43,7.56748667763252,0.246095717339457,0.247126436781609,-0.00103071944215263
5581,175,581,6630,2.43400913247907,69,7.44057285454597,0.327126577490867,0.396551724137931,-0.0694251466470639
5582,175,582,6631,2.26067414255534,59,7.61155725696738,0.297005470265101,0.339080459770115,-0.0420749895050143
5583,175,583,6632,2.10948269535573,51,6.81997346890655,0.309309516374694,0.293103448275862,0.0162060680988322
5584,175,584,6633,2.17780638028083,51,7.21965422013894,0.301649679316487,0.293103448275862,0.00854623104062463
5585,175,585,6634,1.66491246010885,52,6.26476848554783,0.265758018664158,0.298850574712644,-0.0330925560484858
5586,175,586,6635,2.03654163788363,47,7.66670442012124,0.265634557729751,0.270114942528736,-0.00448038479898505
5587,175,587,6636,1.75798818883886,39,7.23528477009886,0.242974291226804,0.224137931034483,0.0188363601923209
5588,175,588,6637,2.1538019272737,61,7.28567075132195,0.295621638801466,0.350574712643678,-0.0549530738422127
5589,175,589,6638,2.12367428383622,63,7.0002958008005,0.303369220996829,0.362068965517241,-0.0586997445204127
5590,175,590,6639,1.79486303920279,52,7.00577645959389,0.256197589168701,0.298850574712644,-0.0426529855439427
5591,175,591,6640,2.16649364865589,52,6.94487059179909,0.311955942161717,0.298850574712644,0.0131053674490734
5592,175,592,6641,1.99804825123171,63,6.13312939171571,0.325779569224573,0.362068965517241,-0.0362893962926682
5593,175,593,6642,2.72669737031077,60,7.69526422268619,0.354334470059165,0.344827586206897,0.00950688385226883
5594,175,594,6643,2.4318164874579,56,7.11591262755208,0.341743443847549,0.32183908045977,0.0199043633877784
5595,175,595,6644,2.06783332853652,51,7.53411161597926,0.27446279454512,0.293103448275862,-0.0186406537307421
5596,175,596,6645,2.18464576914165,55,7.491800502673,0.291604904370076,0.316091954022989,-0.0244870496529126
5597,175,597,6646,1.98367199911262,52,6.7438984460849,0.294143219233115,0.298850574712644,-0.00470735547952844
5598,175,598,6647,1.92301938738083,48,7.09968451103977,0.270859836713956,0.275862068965517,-0.00500223225156149
5599,175,599,6648,2.26033123510861,55,7.03675876826045,0.321217667046355,0.316091954022989,0.00512571302336656
5600,175,600,6649,2.31491179909891,59,7.29457376819288,0.317347095616855,0.339080459770115,-0.0217333641532596
5601,175,601,6650,1.83970790736087,49,7.23641471448987,0.254229197737538,0.281609195402299,-0.0273799976647608
5602,175,602,6651,1.80530482326974,52,6.67764298035531,0.270350605532626,0.298850574712644,-0.0284999691800182
5603,175,603,6652,2.25234230698213,63,6.86073844614814,0.328294443034289,0.362068965517241,-0.0337745224829528
5604,175,604,6653,1.96222460460843,50,7.18167263743822,0.273226684599812,0.28735632183908,-0.0141296372392688
5605,175,605,6654,1.55322635264159,41,6.78292212321444,0.228990739452204,0.235632183908046,-0.00664144445584236
5606,175,606,6655,1.92333505556093,47,7.42648752719793,0.258983139541691,0.270114942528736,-0.0111318029870449
5607,175,607,6656,1.96642579190863,51,7.10751039241367,0.276668718487916,0.293103448275862,-0.0164347297879464
5608,175,608,6657,1.80631562626551,49,6.97127700239877,0.259108284700775,0.281609195402299,-0.0225009107015238
5609,175,609,6658,2.19163793626358,57,7.33710986268586,0.298705890640882,0.327586206896552,-0.0288803162556693
5610,175,610,6659,2.03329475586055,55,6.92589907612588,0.293578455809366,0.316091954022989,-0.0225134982136228
5611,175,611,6660,1.83828757347188,45,6.73845633528704,0.272805444155717,0.258620689655172,0.0141847545005441
5612,175,612,6661,1.94499797123529,57,6.46069295895692,0.301050983786313,0.327586206896552,-0.0265352231102385
5613,175,613,6662,2.14322701202949,55,6.4801826788188,0.330735585438798,0.316091954022989,0.0146436314158091
5614,175,614,6663,1.86868501608837,53,6.9832883976611,0.267593848295631,0.304597701149425,-0.037003852853794
5615,175,615,6664,1.83316177832314,50,6.69108468405203,0.273970793209719,0.28735632183908,-0.0133855286293615
5616,175,616,6665,2.1351987764102,55,7.17178978860144,0.29772188524039,0.316091954022989,-0.0183700687825984
5617,175,617,6666,2.17648388073703,47,7.39250508027939,0.294417637472192,0.270114942528736,0.024302694943456
5618,175,618,6667,1.84251560761345,41,7.5728980732232,0.24330389631525,0.235632183908046,0.00767171240720388
5619,175,619,6668,1.7411053082174,45,6.71212924840827,0.259396868531739,0.258620689655172,0.000776178876566225
5620,175,620,6669,2.7097029334718,64,7.4814614964416,0.362188983363827,0.367816091954023,-0.00562710859019577
5621,175,621,6670,2.27789170814391,67,7.22003644798131,0.315495873816649,0.385057471264368,-0.0695615974477191
5622,175,622,6671,2.59231247192918,73,7.26752693207288,0.356698020682778,0.419540229885057,-0.0628422092022793
5623,175,623,6672,2.02924228989304,57,7.00516063575626,0.289678195177314,0.327586206896552,-0.0379080117192374
5624,175,624,6673,1.97588827597991,55,7.05755610142432,0.279967774621181,0.316091954022989,-0.0361241794018072
5625,175,625,6674,2.25983084239942,52,7.22295315878357,0.312867990795611,0.298850574712644,0.0140174160829669
5626,175,626,6675,1.91639369499787,52,6.50331911015686,0.294679326438842,0.298850574712644,-0.00417124827380139
5627,175,627,6676,2.04254424198304,58,6.44293049079493,0.317020996098163,0.333333333333333,-0.0163123372351699
5628,175,628,6677,2.03530237175699,50,7.39700813333159,0.275152106780271,0.28735632183908,-0.0122042150588096
5629,175,629,6678,1.63934034088905,49,6.11654507589239,0.268017372642328,0.281609195402299,-0.0135918227599703
5630,175,630,6679,1.83188668436515,54,6.74685431372246,0.271517154392866,0.310344827586207,-0.0388276731933414
5631,175,631,6680,2.11117156160895,59,6.76488192803202,0.312078109280928,0.339080459770115,-0.0270023504891873
5632,175,632,6681,1.85173652412766,40,7.34624929987184,0.252065570951964,0.229885057471264,0.0221805134806998
5633,175,633,6682,1.83866451873156,45,7.51204813790434,0.244762078860227,0.258620689655172,-0.0138586107949455
5634,175,634,6683,1.96040611394406,53,6.43829135506169,0.304491674239442,0.304597701149425,-0.000106026909983625
5635,175,635,6684,2.21961621514893,60,6.72883937675071,0.329866131567664,0.344827586206897,-0.0149614546392327
5636,175,636,6685,1.85692558218794,55,6.55726140807762,0.283186145347274,0.316091954022989,-0.0329058086757148
5637,175,637,6686,2.07949447786105,54,6.98940052254797,0.297521149510971,0.310344827586207,-0.0128236780752363
5638,175,638,6687,2.30876453095173,61,7.04460689530869,0.327735041182956,0.350574712643678,-0.0228396714607224
5639,175,639,6688,2.00035498347604,48,6.75117019960635,0.296297519442285,0.275862068965517,0.0204354504767675
5640,175,640,6689,1.99666328969907,52,6.81529479282496,0.292968000709393,0.298850574712644,-0.00588257400325043
5641,175,641,6690,2.19646365342226,55,7.36820159592682,0.29810037426724,0.316091954022989,-0.0179915797557488
5642,175,642,6691,2.14584082218383,65,6.84960892243204,0.313279319517985,0.373563218390805,-0.0602838988728194
5643,175,643,6692,2.10542366184641,54,7.08545997502283,0.297147068682669,0.310344827586207,-0.013197758903538
5644,175,644,6693,1.74996668119607,43,7.07442286749854,0.247365292402268,0.247126436781609,0.000238855620659034
5645,175,645,6694,2.56253295840206,68,6.55075020868636,0.39118160161322,0.390804597701149,0.000377003912070295
5646,175,646,6695,1.74700045427824,43,7.23124957560124,0.241590396792934,0.247126436781609,-0.00553603998867544
5647,175,647,6696,1.81776683943988,43,7.5525811339898,0.240681537502346,0.247126436781609,-0.00644489927926306
5648,175,648,6697,2.21296864908486,56,6.99105239275446,0.316542993066164,0.32183908045977,-0.00529608739360654
5649,175,649,6698,1.9014777432173,56,6.33899196377745,0.29996531847379,0.32183908045977,-0.0218737619859806
5650,175,650,6699,2.37563779562166,66,6.64814958352425,0.357338198513022,0.379310344827586,-0.0219721463145637
5651,175,651,6700,2.18848613719995,56,7.24792135528451,0.301946727885549,0.32183908045977,-0.0198923525742215
5652,175,652,6701,1.84350659187043,54,6.83886966658533,0.269563053800805,0.310344827586207,-0.0407817737854023
5653,175,653,6702,1.81581416192248,43,6.98902547762455,0.259809349348608,0.247126436781609,0.012682912566999
5654,175,654,6703,2.03430855550169,51,6.83603037852785,0.297586236873889,0.293103448275862,0.00448278859802664
5655,175,655,6704,1.89850517253417,48,7.30848474828741,0.259767275696791,0.275862068965517,-0.0160947932687264
5656,175,656,6705,2.17138442089738,62,7.27556221559653,0.298449021058827,0.35632183908046,-0.0578728180216327
5657,175,657,6706,1.98152794510625,53,7.10270799972976,0.27898203687687,0.304597701149425,-0.0256156642725556
5658,175,658,6707,1.9875211864065,51,7.15160317114243,0.277912677597435,0.293103448275862,-0.0151907706784274
5659,175,659,6708,2.53687072235658,64,7.62070033898364,0.332892071530386,0.367816091954023,-0.0349240204236367
5660,175,660,6709,2.0538876152966,44,6.87154816896139,0.29889736123425,0.252873563218391,0.0460237980158592
5661,175,661,6710,1.77658457683302,47,7.60322807330321,0.2336618814673,0.270114942528736,-0.0364530610614356
5662,175,662,6711,2.11041187792979,50,7.61047137093508,0.277303701054523,0.28735632183908,-0.0100526207845572
5663,175,663,6712,1.8132357165142,40,7.32659783947862,0.247486726614605,0.229885057471264,0.0176016691433411
5664,175,664,6713,1.94222580287148,45,6.6728317684696,0.291064703901104,0.258620689655172,0.0324440142459316
5665,175,665,6714,1.95401332467803,49,6.29737087587322,0.310290335950252,0.281609195402299,0.028681140547953
5666,175,666,6715,1.90297170211591,48,7.20990574591994,0.263938499222794,0.275862068965517,-0.0119235697427237
5667,175,667,6716,2.25490654254594,51,7.21604718459529,0.312485005275421,0.293103448275862,0.0193815569995585
5668,175,668,6717,2.14478502801396,50,7.15756251333321,0.299652992763755,0.28735632183908,0.0122966709246747
5669,175,669,6718,2.03660649716455,50,7.12374719462822,0.285889777040416,0.28735632183908,-0.00146654479866432
5670,175,670,6719,2.2918634921188,53,7.12799939092617,0.321529698085596,0.304597701149425,0.0169319969361702
5671,175,671,6720,1.77758962905237,51,7.5022007781592,0.236942422845758,0.293103448275862,-0.056161025430104
5672,175,672,6721,2.06500032177026,46,7.25612512926488,0.284587198399025,0.264367816091954,0.0202193823070711
5673,175,673,6722,1.85037337591217,47,7.26234718429876,0.254789991300979,0.270114942528736,-0.0153249512277567
5674,175,674,6723,1.83960576475946,48,6.30065329312247,0.291970638468157,0.275862068965517,0.0161085695026398
5675,175,675,6724,2.39101105794263,58,7.28184104703503,0.328352547453118,0.333333333333333,-0.0049807858802155
5676,175,676,6725,2.04581183301333,51,7.44344484074194,0.274847449908611,0.293103448275862,-0.0182559983672512
5677,175,677,6726,2.31097894720708,53,8.06433912927775,0.286567679032374,0.304597701149425,-0.0180300221170513
5678,175,678,6727,1.68668044299446,47,5.84742775409011,0.288448273997858,0.270114942528736,0.0183333314691226
5679,175,679,6728,2.24165616648904,51,7.5801053883839,0.295728891833648,0.293103448275862,0.00262544355778616
5680,175,680,6729,2.04775691277317,50,7.36084502234026,0.278195900954062,0.28735632183908,-0.00916042088501867
5681,175,681,6730,2.05379344516709,50,7.71318542097158,0.26627046195246,0.28735632183908,-0.02108585988662
5682,175,682,6731,1.67267054685999,49,7.14961157429863,0.233952646165128,0.281609195402299,-0.0476565492371708
5683,175,683,6732,2.04682978511347,45,7.25919602056191,0.281963702222087,0.258620689655172,0.0233430125669141
5684,175,684,6733,1.64579380905895,46,6.72771576625823,0.244628915108626,0.264367816091954,-0.019738900983328
5685,175,685,6734,2.22609224146682,53,7.39521742371338,0.301017821914021,0.304597701149425,-0.00357987923540443
5686,175,686,6735,1.84284119477571,42,7.14600942832857,0.257883957929055,0.241379310344828,0.016504647584227
5687,175,687,6736,1.87862986957362,47,6.93977165782091,0.270704853445209,0.270114942528736,0.000589910916473257
5688,175,688,6737,2.68751103167485,71,6.68747902283241,0.401872069056088,0.408045977011494,-0.00617390795540623
5689,175,689,6738,1.84939028961576,51,6.70724157988031,0.275730382988347,0.293103448275862,-0.0173730652875153
5690,175,690,6739,2.04186951245716,52,7.07605929920831,0.288560260184027,0.298850574712644,-0.0102903145286165
5691,175,691,6740,1.96895292405057,55,7.28909548900826,0.270123080019969,0.316091954022989,-0.04596887400302
5692,175,692,6741,2.50306276942295,63,7.60484040017251,0.3291407363876,0.362068965517241,-0.0329282291296413
5693,175,693,6742,2.57617082575078,65,7.65631356634146,0.336476661180139,0.373563218390805,-0.0370865572106657
5694,175,694,6743,1.87756594438442,59,6.71571335404916,0.279578035184061,0.339080459770115,-0.0595024245860541
5695,175,695,6744,2.09330959585852,53,6.94379494754968,0.301464777066495,0.304597701149425,-0.00313292408293003
5696,175,696,6745,1.77119015219797,50,6.67087268536359,0.265511011188102,0.28735632183908,-0.0218453106509788
5697,175,697,6746,1.96504336056868,43,7.53557776968954,0.2607687719013,0.247126436781609,0.0136423351196905
5698,175,698,6747,2.34321436412141,60,7.53170761482975,0.311113293817683,0.344827586206897,-0.0337142923892133
5699,175,699,6748,1.54571665538433,43,6.97548119467005,0.221592835282161,0.247126436781609,-0.0255336014994484
5700,175,700,6749,1.93915234922588,49,7.21891078649357,0.268621182139276,0.281609195402299,-0.0129880132630225
5701,175,701,6750,1.71719688242523,42,6.79241705448615,0.252810872573127,0.241379310344828,0.0114315622282991
5702,175,702,6751,2.35191335886096,56,7.78187573211838,0.302229621729095,0.32183908045977,-0.0196094587306756
5703,175,703,6752,2.19090115205496,61,7.02551488366137,0.311849193736697,0.350574712643678,-0.0387255189069816
5704,175,704,6753,1.81569092948423,43,6.82415022253005,0.266068429075563,0.247126436781609,0.0189419922939541
5705,175,705,6754,1.68661408127688,49,6.70731508669886,0.251458901136398,0.281609195402299,-0.0301502942659005
5706,175,706,6755,1.8107593966874,46,7.22500061906217,0.250624116475501,0.264367816091954,-0.0137436996164529
5707,175,707,6756,2.1883152311292,51,7.3933841230996,0.295982894259764,0.293103448275862,0.00287944598390155
5708,175,708,6757,1.96461292973651,59,7.02790930173258,0.279544434253325,0.339080459770115,-0.0595360255167903
5709,175,709,6758,1.81528259156204,46,7.25981340636299,0.250045351023899,0.264367816091954,-0.014322465068055
5710,175,710,6759,1.99293148175865,45,7.48099636200883,0.266399204774309,0.258620689655172,0.00777851511913663
5711,175,711,6760,2.01024560094109,48,6.82849408143486,0.294390765660397,0.275862068965517,0.0185286966948793
5712,175,712,6761,2.00801918890618,56,7.32495882685328,0.274133853359665,0.32183908045977,-0.0477052271001051
5713,175,713,6762,1.78947193814228,49,7.12662327840088,0.25109674922284,0.281609195402299,-0.0305124461794584
5714,175,714,6763,2.15229349245564,49,7.93261310166998,0.271322131165396,0.281609195402299,-0.0102870642369023
5715,175,715,6764,1.89320668180773,55,6.52045605407406,0.290348813964451,0.316091954022989,-0.0257431400585375
5716,175,716,6765,2.07929888172587,55,7.50378959394609,0.277099838114251,0.316091954022989,-0.0389921159087373
5717,175,717,6766,2.1875084209816,60,7.15924281188593,0.305550248603085,0.344827586206897,-0.0392773376038115
5718,175,718,6767,1.78089926243747,51,6.97371639839884,0.255373055154116,0.293103448275862,-0.0377303931217459
5719,175,719,6768,2.02265252275165,50,7.31269404512854,0.276594714652266,0.28735632183908,-0.0107616071868149
5720,175,720,6769,1.85917187015249,59,6.81724637126697,0.272715957279826,0.339080459770115,-0.0663645024902889
5721,175,721,6770,1.87818904343059,60,6.3788332738178,0.294440842518913,0.344827586206897,-0.0503867436879832
5722,175,722,6771,2.24860763695956,52,7.05615585991614,0.318673181488693,0.298850574712644,0.019822606776049
5723,175,723,6772,2.12556511027318,56,7.13053859985211,0.298093205794758,0.32183908045977,-0.0237458746650121
5724,175,724,6773,1.94479335362404,54,7.17365014487411,0.271102341813209,0.310344827586207,-0.0392424857729982
5725,175,725,6774,1.87167750531506,50,7.74475887823821,0.241670210104828,0.28735632183908,-0.0456861117342528
5726,175,726,6775,1.92755739347884,52,6.97012827626776,0.276545469047088,0.298850574712644,-0.0223051056655559
5727,175,727,6776,2.1860403944435,51,6.93113251442485,0.315394401981781,0.293103448275862,0.0222909537059185
5728,175,728,6777,1.92724573204799,55,6.9499947666504,0.277301752987771,0.316091954022989,-0.0387902010352175
5729,175,729,6778,1.97130119339558,42,6.64589026072782,0.296619582337144,0.241379310344828,0.0552402719923162
5730,175,730,6779,2.30631062895422,56,7.6503106371138,0.301466272201505,0.32183908045977,-0.0203728082582648
5731,175,731,6780,1.86323531408337,52,7.30014731278851,0.255232563707219,0.298850574712644,-0.043618011005425
5732,175,732,6781,2.35846182844446,67,6.42469736220279,0.367093062207031,0.385057471264368,-0.0179644090573366
5733,175,733,6782,1.9629657692067,58,6.61077550445114,0.296934265561582,0.333333333333333,-0.0363990677717508
5734,175,734,6783,1.70888581491509,49,6.45216894047643,0.264854474623987,0.281609195402299,-0.0167547207783122
5735,175,735,6784,1.90707942826741,51,6.77522556771315,0.281478366913045,0.293103448275862,-0.0116250813628169
5736,175,736,6785,1.83770677795022,56,6.5916287044243,0.278794037157578,0.32183908045977,-0.0430450433021926
5737,175,737,6786,2.19171995062003,51,7.16942203290382,0.305703854587051,0.293103448275862,0.0126004063111894
5738,175,738,6787,1.94907752887497,59,6.39253558059207,0.30489897229394,0.339080459770115,-0.034181487476175
5739,175,739,6788,2.25048667632626,61,7.00754629005116,0.321151881582481,0.350574712643678,-0.0294228310611971
5740,175,740,6789,2.04248921915745,45,6.94039182162468,0.294290188746047,0.258620689655172,0.0356694990908745
5741,175,741,6790,2.05697618963947,56,7.06269772331461,0.291245112026981,0.32183908045977,-0.0305939684327893
5742,175,742,6791,2.015896514542,61,6.70943261943611,0.300457077205349,0.350574712643678,-0.0501176354383291
5743,175,743,6792,2.03196134253985,53,7.54037377655274,0.269477535564399,0.304597701149425,-0.0351201655850262
5744,175,744,6793,1.84885454960803,52,6.57946952517795,0.281003588896178,0.298850574712644,-0.017846985816466
5745,175,745,6794,1.57190143246014,44,6.43755062337706,0.244176943129892,0.252873563218391,-0.00869662008849847
5746,175,746,6795,1.75343388386707,51,6.73963135354066,0.260167625184114,0.293103448275862,-0.0329358230917483
5747,175,747,6796,1.85181185638705,45,7.35459733439054,0.25178969999185,0.258620689655172,-0.00683098966332291
5748,175,748,6797,1.85327915154256,51,7.02319792301637,0.263879670181159,0.293103448275862,-0.029223778094703
5749,175,749,6798,1.79059586995247,53,6.32534353718911,0.283082785847895,0.304597701149425,-0.0215149153015303
5750,175,750,6799,2.11733665952485,52,7.45665391156992,0.283952652843327,0.298850574712644,-0.0148979218693164
5751,175,751,6800,1.91733541929547,51,7.21241287619195,0.265838278008814,0.293103448275862,-0.0272651702670482
5752,175,752,6801,1.9664447982274,55,6.2687001461281,0.313692592146393,0.316091954022989,-0.00239936187659578
5753,175,753,6802,2.30965016093962,62,7.19804508926471,0.320871866221604,0.35632183908046,-0.0354499728588557
5754,175,754,6803,1.98791416735493,49,7.47871559048466,0.265809568943121,0.281609195402299,-0.0157996264591776
5755,175,755,6804,1.7230152734387,44,7.25096422504688,0.237625675697987,0.252873563218391,-0.0152478875204036
5756,175,756,6805,2.26801068042251,57,7.25969509879696,0.31241128581259,0.327586206896552,-0.0151749210839618
5757,175,757,6806,1.87853991207158,50,7.41833429261453,0.253229342056181,0.28735632183908,-0.0341269797828994
5758,175,758,6807,2.08593220253156,52,6.67833213037106,0.31234328598983,0.298850574712644,0.0134927112771862
5759,175,759,6808,1.83192644738967,55,6.60332499155297,0.277424850319057,0.316091954022989,-0.0386671037039312
5760,175,760,6809,2.2867815495903,64,6.53079804935926,0.35015346245696,0.367816091954023,-0.0176626294970634
5761,175,761,6810,1.94157132061338,52,7.23741887925895,0.268268474300631,0.298850574712644,-0.0305821004120129
5762,175,762,6811,1.92785947540654,51,6.96285851923604,0.276877588433043,0.293103448275862,-0.0162258598428191
5763,175,763,6812,1.97434754745258,50,7.42779075926463,0.265805487989816,0.28735632183908,-0.0215508338492647
5764,175,764,6813,1.87549723794481,45,7.04732061307591,0.266129120685234,0.258620689655172,0.0075084310300611
5765,175,765,6814,1.79630856123209,51,6.71909100431843,0.267343984488018,0.293103448275862,-0.025759463787844
5766,175,766,6815,2.06404146339446,55,6.57494383786459,0.313925337507495,0.316091954022989,-0.00216661651549388
5767,175,767,6816,2.21272668883284,59,7.00995453103378,0.315654927437386,0.339080459770115,-0.0234255323327293
5768,175,768,6817,1.86175871860199,52,7.22139652752019,0.257811451220961,0.298850574712644,-0.0410391234916824
5769,175,769,6818,2.14342029830061,55,7.25970320552897,0.295249025699589,0.316091954022989,-0.0208429283233996
5770,175,770,6819,2.43199362709957,66,7.18008175330739,0.338713918679173,0.379310344827586,-0.0405964261484135
5771,175,771,6820,1.95986461844012,45,6.86841386990249,0.285344572351454,0.258620689655172,0.0267238826962813
5772,175,772,6821,1.80008914032577,47,6.98712926040359,0.257629288544433,0.270114942528736,-0.0124856539843028
5773,175,773,6822,1.8815624394785,51,6.85352246262367,0.274539472182338,0.293103448275862,-0.0185639760935241
5774,175,774,6823,2.11005681958854,59,6.67168434513877,0.316270481400398,0.339080459770115,-0.0228099783697165
5775,175,775,6824,1.90213733459049,56,6.54935546175119,0.290431225744142,0.32183908045977,-0.0314078547156277
5776,175,776,6825,1.89076049293584,53,6.82675061029329,0.276963463420646,0.304597701149425,-0.0276342377287793
5777,175,777,6826,1.91071231264641,50,6.90826675116895,0.276583458842711,0.28735632183908,-0.010772862996369
5778,175,778,6827,2.07494724502364,50,7.14097547149898,0.290569160096566,0.28735632183908,0.00321283825748508
5779,175,779,6828,1.88882990759253,52,6.84748731323564,0.275842775778726,0.298850574712644,-0.0230077989339176
5780,175,780,6829,1.67093566849821,42,6.76309438277967,0.247066738082612,0.241379310344828,0.00568742773778486
5781,175,781,6830,1.91795149759526,53,6.68404886089183,0.286944565713327,0.304597701149425,-0.0176531354360981
5782,175,782,6831,1.81583345779796,48,6.5418844052138,0.277570397965265,0.275862068965517,0.00170832899974777
5783,175,783,6832,2.06040982485223,54,7.52421512324642,0.273837176516457,0.310344827586207,-0.0365076510697496
5784,175,784,6833,2.18973862068558,52,6.64944418034077,0.329311527594982,0.298850574712644,0.0304609528823381
5785,175,785,6834,2.10970427802227,48,6.68932299951321,0.31538382556438,0.275862068965517,0.0395217565988633
5786,175,786,6835,2.1551388591573,62,7.05875913805176,0.305314123489434,0.35632183908046,-0.0510077155910258
5787,175,787,6836,2.10453309093778,48,8.30592830419336,0.253377228151039,0.275862068965517,-0.0224848408144778
5788,175,788,6837,1.53830415344777,40,7.08761978684725,0.217041009494112,0.229885057471264,-0.0128440479771528
5789,175,789,6838,2.49070422877212,65,7.3616121253445,0.338336791773795,0.373563218390805,-0.03522642661701
5790,175,790,6839,1.7425098081144,40,7.55680374916805,0.230588204478148,0.229885057471264,0.000703147006883509
5791,175,791,6840,2.02324891518221,55,6.80857005402123,0.297162091177611,0.316091954022989,-0.0189298628453774
5792,175,792,6841,2.33252849406175,51,6.89178676077679,0.338450473734455,0.293103448275862,0.0453470254585927
5793,175,793,6842,1.5595173229033,42,6.68394526137944,0.233322874727052,0.241379310344828,-0.00805643561777591
5794,175,794,6843,2.21811014125475,55,7.20253097605294,0.307962596569115,0.316091954022989,-0.00812935745387333
5795,175,795,6844,1.82690941286608,53,6.3589668494182,0.287296577593139,0.304597701149425,-0.0173011235562862
5796,175,796,6845,2.17183830150391,57,7.4876921216243,0.290054434160252,0.327586206896552,-0.0375317727363001
5797,175,797,6846,1.89995403614763,52,6.35963960006018,0.298751840612108,0.298850574712644,-9.87341005361797e-05
5798,175,798,6847,2.04615764818066,55,6.85509848788428,0.298486980427348,0.316091954022989,-0.0176049735956401
5799,175,799,6848,1.97574676978908,62,6.74084472466151,0.293100768596668,0.35632183908046,-0.0632210704837916
5800,175,800,6849,1.80230243235937,47,6.77704334554552,0.26594229082864,0.270114942528736,-0.00417265170009512
5801,175,801,6850,2.00117307974579,56,6.9434431412505,0.288210479878054,0.32183908045977,-0.0336286005817165
5802,175,802,6851,1.81757215739224,47,6.48374886294651,0.280327353173617,0.270114942528736,0.0102124106448809
5803,175,803,6852,1.90980646503712,46,7.2002973919445,0.265239942335404,0.264367816091954,0.000872126243450011
5804,175,804,6853,1.89558410619173,51,6.89417394387834,0.274954493696074,0.293103448275862,-0.0181489545797881
5805,175,805,6854,1.81364835277763,46,7.12099299250763,0.254690371790264,0.264367816091954,-0.00967744430168993
5806,175,806,6855,1.86643041256858,44,6.86338438116346,0.27194024243943,0.252873563218391,0.0190666792210387
5807,175,807,6856,2.1129066650349,52,6.88763916099191,0.306767909242594,0.298850574712644,0.00791733452995053
5808,175,808,6857,2.2782481602516,60,6.99034941751229,0.325913344838544,0.344827586206897,-0.0189142413683529
5809,175,809,6858,2.03011481695205,54,7.40856371372845,0.274022724970313,0.310344827586207,-0.0363221026158942
5810,175,810,6859,2.05779339702341,57,6.73472383018741,0.305549781833615,0.327586206896552,-0.0220364250629366
5811,175,811,6860,2.02190090061237,44,7.46360564079626,0.270901357590574,0.252873563218391,0.018027794372183
5812,175,812,6861,2.23713734975635,57,7.65367301575517,0.292295914020782,0.327586206896552,-0.0352902928757701
5813,175,813,6862,2.04557534787414,53,7.14965587028995,0.286108224645389,0.304597701149425,-0.018489476504036
5814,175,814,6863,2.02362426644211,44,7.55198418272198,0.2679592829487,0.252873563218391,0.0150857197303093
5815,175,815,6864,2.2641055685764,56,7.23258244226835,0.313042483324437,0.32183908045977,-0.0087965971353336
5816,175,816,6865,1.50113711062605,46,6.64661819132496,0.225849758089806,0.264367816091954,-0.0385180580021482
5817,175,817,6866,1.7502307150126,41,6.88798385235014,0.254099131550001,0.235632183908046,0.0184669476419548
5818,175,818,6867,1.6863393558053,45,6.86925314806635,0.245490931758716,0.258620689655172,-0.0131297578964565
5819,175,819,6868,1.79730329680606,48,7.07916452542445,0.253886357684037,0.275862068965517,-0.0219757112814806
5820,175,820,6869,1.82808892732144,46,7.03804703743839,0.259743778010725,0.264367816091954,-0.00462403808122935
5821,175,821,6870,1.88725393347736,55,7.50742201440559,0.251385086632403,0.316091954022989,-0.0647068673905857
5822,175,822,6871,2.14950433788719,66,6.3927873392251,0.336238986818501,0.379310344827586,-0.043071358009085
5823,175,823,6872,2.0810581529859,49,7.17811923765642,0.289916910556273,0.281609195402299,0.00830771515397377
5824,175,824,6873,2.13543799752819,54,7.70171276709579,0.277267935341795,0.310344827586207,-0.0330768922444117
5825,175,825,6874,1.84956568417726,44,6.87279634469138,0.269113995441737,0.252873563218391,0.016240432223346
5826,175,826,6875,2.4008562993842,71,6.75549092633211,0.35539331272372,0.408045977011494,-0.0526526642877743
5827,175,827,6876,2.16425858973309,62,7.21693204383752,0.299886236504213,0.35632183908046,-0.056435602576247
5828,175,828,6877,2.02928825370144,50,7.0991299338945,0.285850276385658,0.28735632183908,-0.00150604545342276
5829,175,829,6878,2.07465191178496,50,7.13302149465653,0.290851767843279,0.28735632183908,0.00349544600419854
5830,175,830,6879,1.55426219706275,48,7.02656188607652,0.221198108301387,0.275862068965517,-0.0546639606641306
5831,175,831,6880,2.07384700385963,48,7.44546177188286,0.278538399282544,0.275862068965517,0.00267633031702708
5832,175,832,6881,2.29389846740574,60,6.73095871363767,0.340798178238421,0.344827586206897,-0.00402940796847578
5833,175,833,6882,2.21829365051606,56,7.25851588798813,0.305612563883346,0.32183908045977,-0.0162265165764239
5834,175,834,6883,2.47004457365434,69,6.92627559653002,0.356619447093875,0.396551724137931,-0.0399322770440559
5835,175,835,6884,1.87492900792229,55,6.81119154343535,0.275271807578125,0.316091954022989,-0.0408201464448636
5836,175,836,6885,1.68657794334629,42,6.88364512108734,0.24501233193728,0.241379310344828,0.00363302159245285
5837,175,837,6886,2.11890628053639,58,7.23326557703586,0.292939096175796,0.333333333333333,-0.0403942371575371
5838,175,838,6887,2.06506564335911,49,7.77733796188938,0.265523454616268,0.281609195402299,-0.0160857407860308
5839,175,839,6888,2.52796156141081,51,7.78875272843907,0.324565646073275,0.293103448275862,0.031462197797413
5840,175,840,6889,1.52383177962099,52,6.80286051473535,0.223998680602121,0.298850574712644,-0.0748518941105223
5841,175,841,6890,2.27116504142119,57,7.13636794311677,0.318252234123073,0.327586206896552,-0.00933397277347903
5842,175,842,6891,2.15468657230234,56,7.38008526875275,0.29195957686631,0.32183908045977,-0.0298795035934605
5843,175,843,6892,1.55277705170609,44,6.53636565186565,0.237559698218977,0.252873563218391,-0.015313864999414
5844,175,844,6893,2.6744281026206,69,7.63244779171322,0.350402410288913,0.396551724137931,-0.0461493138490181
5845,175,845,6894,1.80096463834772,43,6.24377392387751,0.288441679712401,0.247126436781609,0.0413152429307914
5846,175,846,6895,2.43157396206998,64,6.8558904694444,0.35466931289336,0.367816091954023,-0.0131467790606629
5847,175,847,6896,1.50588971127798,46,6.16247481261532,0.244364440759294,0.264367816091954,-0.0200033753326596
5848,175,848,6897,2.28056170702418,65,6.93116588968106,0.329030028038922,0.373563218390805,-0.0445331903518829
5849,175,849,6898,2.13794498543448,49,7.75030396469415,0.275853049786654,0.281609195402299,-0.00575614561564464
5850,175,850,6899,1.84999650789122,48,7.23399710476376,0.255736418068643,0.275862068965517,-0.0201256508968743
5851,175,851,6900,2.11976101432725,66,6.83535309898356,0.310117265872112,0.379310344827586,-0.0691930789554743
5852,175,852,6901,1.86202350312328,46,6.59378672224516,0.28239061734306,0.264367816091954,0.0180228012511063
5853,175,853,6902,2.07866456019127,46,7.70694063298444,0.269713321949689,0.264367816091954,0.0053455058577353
5854,175,854,6903,2.13726013063454,54,6.43724519757323,0.332014715151796,0.310344827586207,0.0216698875655889
5855,175,855,6904,1.62488419813695,47,6.83940256085383,0.237576920451675,0.270114942528736,-0.032538022077061
5856,175,856,6905,2.16190007493425,49,6.72075950857145,0.321674964291912,0.281609195402299,0.0400657688896127
5857,175,857,6906,2.6993210801195,62,7.35680252640833,0.366914983843849,0.35632183908046,0.0105931447633887
5858,175,858,6907,1.8643690998043,59,7.04179290174334,0.264757729433187,0.339080459770115,-0.0743227303369277
5859,175,859,6908,1.81217354907924,42,7.31331754536351,0.247790901713015,0.241379310344828,0.00641159136818698
5860,175,860,6909,1.64465173803646,49,6.85581439680065,0.239891520226096,0.281609195402299,-0.041717675176203
5861,175,861,6910,2.10858068914909,58,7.11533862179324,0.296342985376805,0.333333333333333,-0.0369903479565279
5862,175,862,6911,1.90040844608872,48,7.41608392160366,0.256254981224347,0.275862068965517,-0.0196070877411707
5863,175,863,6912,1.86373918863306,48,6.43856799447628,0.289464860856014,0.275862068965517,0.0136027918904963
5864,175,864,6913,1.81369966130934,43,7.40161872997848,0.245040946781464,0.247126436781609,-0.00208549000014568
5865,175,865,6914,1.9787987340213,49,7.05462920277632,0.280496490622435,0.281609195402299,-0.00111270477986419
5866,175,866,6915,2.21197753564996,51,7.65339417502049,0.289019157391568,0.293103448275862,-0.00408429088429418
5867,175,867,6916,2.04414831538415,45,7.26300188779628,0.2814467553449,0.258620689655172,0.0228260656897276
5868,175,868,6917,1.74354551969007,48,7.17515954577918,0.242997456511712,0.275862068965517,-0.0328646124538051
5869,175,869,6918,1.96530537490297,50,6.80721013984651,0.288709373521306,0.28735632183908,0.00135305168222566
5870,175,870,6919,1.69038650529211,43,6.79698187270456,0.248696632851177,0.247126436781609,0.00157019606956824
5871,175,871,6920,2.09804974880695,58,6.81253388691461,0.30796907342169,0.333333333333333,-0.0253642599116435
5872,175,872,6921,1.74303484082729,43,7.26754770072264,0.239838101187003,0.247126436781609,-0.0072883355946059
5873,175,873,6922,1.90556140656282,43,6.63016784582968,0.287407717402117,0.247126436781609,0.0402812806205077
5874,175,874,6923,2.62350516081416,66,7.44917720316457,0.352187240182665,0.379310344827586,-0.0271231046449209
5875,175,875,6924,1.68243129821704,52,6.55406124223799,0.256700576334948,0.298850574712644,-0.0421499983776959
5876,175,876,6925,2.32220079551412,59,7.2010390199532,0.322481351521577,0.339080459770115,-0.0165991082485375
5877,175,877,6926,2.21544078921945,52,7.08009399253866,0.312911211567839,0.298850574712644,0.0140606368551951
5878,175,878,6927,1.97812434791767,48,7.00691311985857,0.282310386054508,0.275862068965517,0.00644831708899068
5879,175,879,6928,2.22525738939924,60,7.08441339804917,0.314106089575745,0.344827586206897,-0.0307214966311514
5880,175,880,6929,2.35962261099319,52,7.14962170888065,0.330034609811911,0.298850574712644,0.0311840350992675
5881,175,881,6930,1.7204783165907,49,6.92663531078733,0.248385866931854,0.281609195402299,-0.0332233284704449
5882,175,882,6931,1.76566518221107,48,6.89286757130973,0.256158291733374,0.275862068965517,-0.0197037772321429
5883,175,883,6932,2.04608439074005,44,6.99677597909019,0.292432457013739,0.252873563218391,0.0395588937953478
5884,175,884,6933,1.94490043009646,52,6.85755160969707,0.283614406539242,0.298850574712644,-0.0152361681734018
5885,175,885,6934,1.64964456938502,47,6.64446886655422,0.24827335374972,0.270114942528736,-0.0218415887790152
5886,175,886,6935,2.26066733139582,54,7.798481882927,0.289885565592585,0.310344827586207,-0.0204592619936219
5887,175,887,6936,1.90960740338202,49,6.54767826425006,0.291646493049049,0.281609195402299,0.0100372976467505
5888,175,888,6937,1.86501897829275,52,7.26460947720505,0.2567266670211,0.298850574712644,-0.0421239076915432
5889,175,889,6938,1.86606047976873,46,6.88642607380172,0.270976622673385,0.264367816091954,0.00660880658143126
5890,175,890,6939,1.96173834847778,50,6.8737078639439,0.285397399381504,0.28735632183908,-0.00195892245757623
5891,175,891,6940,2.43538550697684,68,7.24124920008416,0.336321184326667,0.390804597701149,-0.0544834133744823
5892,175,892,6941,2.56984424763501,56,7.80166254276596,0.32939700141451,0.32183908045977,0.0075579209547395
5893,175,893,6942,1.79904107031771,47,7.04721842173547,0.25528385281333,0.270114942528736,-0.0148310897154053
5894,175,894,6943,2.37824859243119,68,6.50364012246704,0.365679611363404,0.390804597701149,-0.025124986337745
5895,175,895,6944,1.81278389361999,52,6.51048832500346,0.278440541342807,0.298850574712644,-0.0204100333698364
5896,175,896,6945,1.78972395025975,47,6.38266962042597,0.280403664405914,0.270114942528736,0.0102887218771788
5897,175,897,6946,1.89126248098755,46,7.14648238671804,0.264642432268849,0.264367816091954,0.000274616176895004
5898,175,898,6947,1.8682055260937,51,6.74665313156582,0.276908489240815,0.293103448275862,-0.0161949590350473
5899,175,899,6948,2.14126775555417,52,6.81113902965612,0.314377337803701,0.298850574712644,0.0155267630910573
5900,175,900,6949,1.8567675867957,47,6.62148096623599,0.280415755367064,0.270114942528736,0.0103008128383282
5901,175,901,6950,2.39265189135458,59,6.53048877517504,0.366381747787393,0.339080459770115,0.0273012880172784
5902,175,902,6951,1.70843247386581,52,6.60820594624269,0.258531965826095,0.298850574712644,-0.0403186088865484
5903,175,903,6952,2.12391727110596,54,6.60162861028608,0.321726258244315,0.310344827586207,0.0113814306581084
5904,175,904,6953,2.21975786421781,50,7.26941961187497,0.305355583077324,0.28735632183908,0.0179992612382431
5905,175,905,6954,1.97772793905271,54,6.73418798182982,0.293684694337167,0.310344827586207,-0.0166601332490396
5906,175,906,6955,2.05950715675042,52,7.17513217158577,0.287034037492196,0.298850574712644,-0.0118165372204472
5907,175,907,6956,1.90900118415346,58,6.87483132092618,0.277679712423297,0.333333333333333,-0.0556536209100366
5908,175,908,6957,2.00823325340036,46,6.76766687544831,0.296739377153124,0.264367816091954,0.03237156106117
5909,175,909,6958,1.8598914669038,54,7.69944087080993,0.241561887169627,0.310344827586207,-0.0687829404165802
5910,175,910,6959,1.9823721240811,52,7.17352282311088,0.276345691365824,0.298850574712644,-0.0225048833468193
5911,175,911,6960,1.98326269397469,58,6.66210184651343,0.297693241512455,0.333333333333333,-0.0356400918208786
5912,175,912,6961,2.06640689562214,50,7.0684634251216,0.292341739829628,0.28735632183908,0.0049854179905478
5913,175,913,6962,2.07498265956241,58,6.98063142635156,0.297248562892097,0.333333333333333,-0.0360847704412359
5914,175,914,6963,1.91380235837957,52,7.14926792074289,0.267692074153055,0.298850574712644,-0.0311585005595882
5915,175,915,6964,1.9916998839274,62,6.5553108038012,0.303829969857796,0.35632183908046,-0.052491869222664
5916,175,916,6965,1.85565296010575,53,6.95932539467732,0.266642649232209,0.304597701149425,-0.0379550519172166
5917,175,917,6966,1.67841788721757,45,6.50516155934665,0.258013251770206,0.258620689655172,-0.000607437884966533
5918,175,918,6967,2.15216723809907,52,6.72594149786771,0.319980071010335,0.298850574712644,0.0211294962976911
5919,175,919,6968,1.82990262041441,47,7.45431496371706,0.245482331954207,0.270114942528736,-0.0246326105745282
5920,175,920,6969,1.63771138262082,48,6.67416643205258,0.245380662782957,0.275862068965517,-0.0304814061825604
5921,175,921,6970,2.25127598139373,68,6.33366409243043,0.355446065427483,0.390804597701149,-0.0353585322736661
5922,175,922,6971,1.89026203183377,49,7.08778636216791,0.266692862234578,0.281609195402299,-0.014916333167721
5923,175,923,6972,1.79218885539083,49,7.02534009968692,0.255103501034876,0.281609195402299,-0.0265056943674233
5924,175,924,6973,1.99776360844986,45,7.27753264059122,0.274511116213636,0.258620689655172,0.0158904265584632
5925,175,925,6974,2.10703676098902,48,6.97560034389034,0.302058125052203,0.275862068965517,0.0261960560866858
5926,175,926,6975,1.9525760202779,54,7.52345117547768,0.259531958769431,0.310344827586207,-0.0508128688167757
5927,175,927,6976,1.95820100756672,56,7.04676834515282,0.277886388717983,0.32183908045977,-0.0439526917417867
5928,175,928,6977,1.88802951998761,52,6.92528590797314,0.272628386044525,0.298850574712644,-0.026222188668119
5929,175,929,6978,2.02903985401329,45,6.93595192451088,0.292539492213447,0.258620689655172,0.0339188025582741
5930,175,930,6979,1.88592214032076,50,6.70562294871967,0.28124488280106,0.28735632183908,-0.0061114390380202
5931,175,931,6980,1.7491581853752,42,7.54728667313259,0.231759870948322,0.241379310344828,-0.00961943939650597
5932,175,932,6981,2.17106569112781,59,6.99952627140614,0.310173232722458,0.339080459770115,-0.0289072270476573
5933,175,933,6982,1.7561141271491,45,6.80094869316588,0.258216052844771,0.258620689655172,-0.000404636810401704
5934,175,934,6983,1.92756497058776,47,6.90698531219954,0.279074716893226,0.270114942528736,0.00895977436449036
5935,175,935,6984,1.78536488595716,47,7.25650636677534,0.246036425204784,0.270114942528736,-0.0240785173239511
5936,175,936,6985,2.02264176766428,63,7.21172495755606,0.280465738719703,0.362068965517241,-0.0816032267975382
5937,175,937,6986,2.0953517059133,47,7.15803261937786,0.292727320107605,0.270114942528736,0.0226123775788691
5938,175,938,6987,1.97306909084561,52,6.73637752322516,0.292897641802737,0.298850574712644,-0.00595293290990662
5939,175,939,6988,1.73560198336207,41,7.39589805599344,0.234670890569615,0.235632183908046,-0.000961293338430674
5940,175,940,6989,1.8952647345915,60,6.42502391804421,0.294981739954117,0.344827586206897,-0.0498458462527794
5941,175,941,6990,1.64566736990508,48,6.07937233957421,0.270696920337066,0.275862068965517,-0.00516514862845124
5942,175,942,6991,1.92465444845887,50,7.00686966935538,0.274681068619895,0.28735632183908,-0.0126752532191851
5943,175,943,6992,1.99414010237092,51,7.62234581731703,0.261617637163677,0.293103448275862,-0.0314858111121849
5944,175,944,6993,1.84817289154982,46,6.92450466392917,0.266903263301597,0.264367816091954,0.00253544720964294
5945,175,945,6994,2.10289938403885,54,7.22429153330213,0.29108728161717,0.310344827586207,-0.0192575459690369
5946,175,946,6995,1.71937352042102,47,6.20986494486476,0.276877763958918,0.270114942528736,0.00676282143018242
5947,175,947,6996,2.0814310698792,58,6.52223356871374,0.319128569676428,0.333333333333333,-0.0142047636569053
5948,175,948,6997,2.12356625921586,54,6.87918528632695,0.308694441395066,0.310344827586207,-0.00165038619114077
5949,175,949,6998,2.10481449736183,52,7.27188870430534,0.28944536735218,0.298850574712644,-0.0094052073604638
5950,175,950,6999,2.550051174943,62,7.63597491961131,0.333952272210031,0.35632183908046,-0.022369566870429
5951,175,951,7000,2.23045728149921,51,7.88359249189965,0.282923969470897,0.293103448275862,-0.0101794788049646
5952,175,952,7001,2.10517960975674,58,7.13241201495349,0.295156758378949,0.333333333333333,-0.0381765749543841
5953,175,953,7002,1.83888093847938,46,6.79580107749032,0.27059075413056,0.264367816091954,0.00622293803860569
5954,175,954,7003,1.8110288790388,48,7.05452115576828,0.256718895450186,0.275862068965517,-0.019143173515331
5955,175,955,7004,1.90936000111243,54,7.87094892959154,0.242583202888538,0.310344827586207,-0.0677616246976684
5956,175,956,7005,2.15425540765324,54,7.29925927464939,0.295133427460927,0.310344827586207,-0.0152114001252795
5957,175,957,7006,1.82055097866533,45,6.81271790542193,0.267228293309553,0.258620689655172,0.00860760365438029
5958,175,958,7007,1.60382858258534,47,6.75030181383366,0.23759361089582,0.270114942528736,-0.032521331632916
5959,175,959,7008,1.80303981706742,43,7.29274120574486,0.247237597797529,0.247126436781609,0.000111161015920208
5960,175,960,7009,1.85651848925293,51,7.10725667177442,0.261214498784864,0.293103448275862,-0.0318889494909985
5961,175,961,7010,1.6051905604541,42,6.00735003499303,0.267204433086769,0.241379310344828,0.0258251227419417
5962,175,962,7011,2.05637488243967,54,7.17098720892586,0.286763150250786,0.310344827586207,-0.0235816773354213
5963,175,963,7012,2.43101759714549,64,7.16716318321291,0.339188258311109,0.367816091954023,-0.0286278336429141
5964,175,964,7013,1.83546343929908,47,7.15173069971564,0.256646050636675,0.270114942528736,-0.0134688918920606
5965,175,965,7014,1.97212414311276,55,7.09722289387676,0.277872651402036,0.316091954022989,-0.0382193026209529
5966,175,966,7015,1.85928259476079,47,7.41180424626411,0.250854249921394,0.270114942528736,-0.0192606926073413
5967,175,967,7016,1.84708168871587,45,7.2509550423727,0.254736331686241,0.258620689655172,-0.00388435796893177
5968,175,968,7017,1.62094326158088,41,7.29809953907822,0.222104844268212,0.235632183908046,-0.013527339639834
5969,175,969,7018,2.05744182873262,53,7.1928050070997,0.28604165227638,0.304597701149425,-0.0185560488730451
5970,175,970,7019,2.05939157183765,49,7.49596286244217,0.274733427796987,0.281609195402299,-0.00687576760531167
5971,175,971,7020,2.50356469768012,63,7.31984614004632,0.342024224250194,0.362068965517241,-0.0200447412670474
5972,175,972,7021,2.18030154099152,46,7.62489920117311,0.285944965758509,0.264367816091954,0.0215771496665546
5973,175,973,7022,1.72219580798784,47,6.53660156257902,0.263469601367036,0.270114942528736,-0.00664534116169979
5974,175,974,7023,2.19828204880621,46,7.37330875452003,0.298140512216935,0.264367816091954,0.0337726961249811
5975,175,975,7024,2.18781500411572,59,6.92142783708698,0.316093016587241,0.339080459770115,-0.0229874431828744
5976,175,976,7025,1.79517419009761,42,6.81614407980135,0.263370927767996,0.241379310344828,0.0219916174231679
5977,175,977,7026,1.64045820100682,47,6.73611317191367,0.243531864613964,0.270114942528736,-0.0265830779147718
5978,175,978,7027,2.33953955552894,56,7.1648388854146,0.326530657973554,0.32183908045977,0.00469157751378435
5979,175,979,7028,1.85116635673829,53,6.71061279456041,0.275856529561478,0.304597701149425,-0.0287411715879474
5980,175,980,7029,2.08158655638997,60,7.227939452148,0.28799169807259,0.344827586206897,-0.0568358881343067
5981,175,981,7030,1.68757208201427,47,7.08596491282162,0.238156991006364,0.270114942528736,-0.0319579515223717
5982,175,982,7031,2.43583626853365,63,7.2365207292624,0.336603232363286,0.362068965517241,-0.0254657331539554
5983,175,983,7032,1.88998085209559,51,7.05212382035363,0.268001654571178,0.293103448275862,-0.0251017937046839
5984,175,984,7033,1.88842509254132,55,6.54431320606943,0.288559705667805,0.316091954022989,-0.0275322483551839
5985,175,985,7034,1.80535180547854,48,6.64749333772504,0.271583845783346,0.275862068965517,-0.0042782231821708
5986,175,986,7035,2.17587656813557,54,7.25383358277561,0.299962294875669,0.310344827586207,-0.0103825327105379
5987,175,987,7036,1.82514899348718,55,7.2942013872567,0.250219166785798,0.316091954022989,-0.0658727872371902
5988,175,988,7037,2.65730479762459,62,7.62192265916178,0.348639695842417,0.35632183908046,-0.00768214323804256
5989,175,989,7038,2.02742375524702,51,7.42465835561569,0.273066268929878,0.293103448275862,-0.0200371793459844
5990,175,990,7039,1.96699197690292,54,6.95602843251634,0.282775149064674,0.310344827586207,-0.0275696785215328
5991,175,991,7040,1.93423318104691,54,6.77175729197328,0.285632384276323,0.310344827586207,-0.0247124433098836
5992,175,992,7041,1.8084316544369,48,7.25087784352266,0.249408650023308,0.275862068965517,-0.0264534189422095
5993,175,993,7042,1.65208017956234,44,6.50683519274206,0.253899189179575,0.252873563218391,0.00102562596118461
5994,175,994,7043,1.84674525172731,55,6.66058587996558,0.277264685871275,0.316091954022989,-0.0388272681517133
5995,175,995,7044,2.06964642117438,50,7.28101178137916,0.284252585123869,0.28735632183908,-0.00310373671521114
5996,175,996,7045,2.14234696794646,59,6.9657337847013,0.307555102471996,0.339080459770115,-0.0315253572981186
5997,175,997,7046,2.07792322627188,51,6.89410110150888,0.301405969491381,0.293103448275862,0.00830252121551939
5998,175,998,7047,1.89292530821917,47,7.2497705573055,0.261101409107589,0.270114942528736,-0.00901353342114714
5999,175,999,7048,2.04086653973681,58,6.92874928029749,0.294550496370274,0.333333333333333,-0.0387828369630591
6000,175,1000,7049,1.64581585194049,48,6.44411509539867,0.255398270759573,0.275862068965517,-0.0204637982059437
6001,200,1,7050,1.92740544119056,54,6.9787681181183,0.276181327215418,0.271356783919598,0.00482454329582033
6002,200,2,7051,2.11179518985698,56,7.09839213968655,0.297503314595724,0.281407035175879,0.0160962794198444
6003,200,3,7052,1.85342885898518,58,6.83471359198663,0.271178716421743,0.291457286432161,-0.0202785700104174
6004,200,4,7053,2.06017129245453,56,7.56393496767702,0.272367663294074,0.281407035175879,-0.00903937188180526
6005,200,5,7054,1.83336317640352,62,6.91662737627879,0.26506606134244,0.311557788944724,-0.0464917276022834
6006,200,6,7055,1.79842524568605,56,7.38576938828543,0.243498700154182,0.281407035175879,-0.0379083350216972
6007,200,7,7056,2.43249649280816,69,7.32821751985787,0.331935629123539,0.346733668341709,-0.01479803921817
6008,200,8,7057,2.03750777492289,62,6.89405256715636,0.295545726562877,0.311557788944724,-0.0160120623818471
6009,200,9,7058,1.87645817297614,50,7.41971813218735,0.252901544175366,0.251256281407035,0.00164526276833077
6010,200,10,7059,1.7141180327641,58,6.86342933213803,0.249746584369673,0.291457286432161,-0.0417107020624878
6011,200,11,7060,2.60227559065782,62,7.92718881001993,0.328272184884577,0.311557788944724,0.0167143959398539
6012,200,12,7061,2.07792740425898,55,7.57490807732973,0.27431717758765,0.276381909547739,-0.00206473196008872
6013,200,13,7062,2.49154387873898,78,7.16787569695678,0.347598644853286,0.391959798994975,-0.0443611541416886
6014,200,14,7063,2.02927111953756,60,6.7891720882749,0.298898170962873,0.301507537688442,-0.002609366725569
6015,200,15,7064,2.55315867498153,73,8.13256747791076,0.313942513470227,0.366834170854271,-0.0528916573840444
6016,200,16,7065,1.96839301086996,51,8.13364966336624,0.242006121770348,0.256281407035176,-0.0142752852648279
6017,200,17,7066,1.95707300562003,63,6.87802066831865,0.284540146067698,0.316582914572864,-0.0320427685051665
6018,200,18,7067,2.20836264435674,60,7.92449395114499,0.278675541677669,0.301507537688442,-0.0228319960107733
6019,200,19,7068,2.16390290163389,60,8.3540414302797,0.259024679215822,0.301507537688442,-0.0424828584726201
6020,200,20,7069,1.99605421178462,56,7.82413525556582,0.255114993106069,0.281407035175879,-0.0262920420698106
6021,200,21,7070,2.44061970652615,64,7.75387696342727,0.314761211460774,0.321608040201005,-0.00684682874023101
6022,200,22,7071,1.96655243083857,49,7.34951815047662,0.267575695518357,0.246231155778894,0.0213445397394629
6023,200,23,7072,2.02190199778656,52,7.8994030056396,0.255956304083115,0.261306532663317,-0.00535022858020207
6024,200,24,7073,1.69960773159471,45,7.66605014751319,0.221705793582116,0.226130653266332,-0.00442485968421541
6025,200,25,7074,1.8273289967055,55,7.45626200012493,0.245073066997228,0.276381909547739,-0.031308842550511
6026,200,26,7075,2.24193765471547,68,8.23614589771425,0.272207132141463,0.341708542713568,-0.0695014105721052
6027,200,27,7076,2.02238409570355,51,7.96314301389618,0.253968074185578,0.256281407035176,-0.00231333284959812
6028,200,28,7077,2.09647655495642,64,7.21180087371587,0.290700837650307,0.321608040201005,-0.0309072025506984
6029,200,29,7078,1.93592244395826,57,7.96645409022682,0.243009301507584,0.28643216080402,-0.043422859296436
6030,200,30,7079,1.94920539086022,70,7.20345252594892,0.270593216771905,0.351758793969849,-0.0811655771979444
6031,200,31,7080,2.02287785120973,60,6.99731582384694,0.289093404118725,0.301507537688442,-0.0124141335697169
6032,200,32,7081,2.35481277755242,51,8.36417286087572,0.281535642163411,0.256281407035176,0.0252542351282349
6033,200,33,7082,1.78692822251703,50,6.9817686880736,0.255942054564125,0.251256281407035,0.0046857731570894
6034,200,34,7083,2.237500699237,54,7.86144657725083,0.284616918432264,0.271356783919598,0.0132601345126658
6035,200,35,7084,1.77002245271084,48,7.58052034288488,0.233496168158456,0.241206030150754,-0.00770986199229806
6036,200,36,7085,1.94369958301582,47,7.54730891492665,0.257535448055091,0.236180904522613,0.0213545435324783
6037,200,37,7086,2.32502340359783,68,7.55781858024188,0.307631544593575,0.341708542713568,-0.0340769981199925
6038,200,38,7087,2.2269731529331,69,7.66941463720021,0.290370681242249,0.346733668341709,-0.0563629870994597
6039,200,39,7088,2.39275490816513,59,8.13635956284102,0.294081756058682,0.296482412060302,-0.00240065600161998
6040,200,40,7089,1.75387741086047,57,7.5465542763977,0.232407711734854,0.28643216080402,-0.0540244490691662
6041,200,41,7090,1.87706128011774,59,7.1716426454597,0.261733799760099,0.296482412060302,-0.0347486123002024
6042,200,42,7091,2.1649607222057,59,7.68268612862674,0.281797366957211,0.296482412060302,-0.0146850451030908
6043,200,43,7092,1.94329641700082,45,7.10171283075121,0.273637707312823,0.226130653266332,0.0475070540464914
6044,200,44,7093,1.95691956415873,59,7.51926339445626,0.260254158087016,0.296482412060302,-0.036228253973286
6045,200,45,7094,1.93338828257708,57,7.22248740706605,0.267690087030899,0.28643216080402,-0.0187420737731211
6046,200,46,7095,1.82066538813742,59,7.36982727613152,0.247043155819128,0.296482412060302,-0.0494392562411735
6047,200,47,7096,1.98997521288739,61,7.4351085370828,0.267645751633932,0.306532663316583,-0.0388869116826508
6048,200,48,7097,1.88390510727593,52,7.87110069508337,0.23934455678514,0.261306532663317,-0.0219619758781768
6049,200,49,7098,1.62076827752602,47,7.40145751959118,0.218979609520956,0.236180904522613,-0.0172012950016568
6050,200,50,7099,2.06634042055329,61,7.35048899778111,0.281116048357742,0.306532663316583,-0.0254166149588405
6051,200,51,7100,1.68743223119979,54,7.25920074447414,0.232454272942417,0.271356783919598,-0.038902510977181
6052,200,52,7101,2.09207199102578,54,7.21892808948237,0.289803689009429,0.271356783919598,0.018446905089831
6053,200,53,7102,2.2384524913657,68,7.29116385564209,0.307008940641696,0.341708542713568,-0.0346996020718717
6054,200,54,7103,2.01974944051652,52,8.00176488881177,0.252412994955723,0.261306532663317,-0.0088935377075941
6055,200,55,7104,1.82523999729062,54,7.89645689594273,0.231146705584937,0.271356783919598,-0.0402100783346613
6056,200,56,7105,1.82477475918728,57,6.81556770360565,0.267736282367486,0.28643216080402,-0.0186958784365338
6057,200,57,7106,2.11697634403752,63,7.27572963966969,0.290964129905963,0.316582914572864,-0.0256187846669014
6058,200,58,7107,2.15093059131648,52,8.13984651150913,0.264247070049198,0.261306532663317,0.00294053738588163
6059,200,59,7108,1.90680546078271,59,7.24731510642463,0.263105085508474,0.296482412060302,-0.0333773265518273
6060,200,60,7109,1.90978223143568,45,7.63095160577214,0.250267899745439,0.226130653266332,0.0241372464791069
6061,200,61,7110,1.49717743518076,49,6.87481611173868,0.217777088266309,0.246231155778894,-0.0284540675125857
6062,200,62,7111,2.16996501570867,67,7.436724826684,0.291790413963218,0.336683417085427,-0.0448930031222091
6063,200,63,7112,2.21557340503417,65,7.19231398688332,0.30804736960521,0.326633165829146,-0.0185857962239359
6064,200,64,7113,1.668502603363,49,7.0658660311169,0.236135612537117,0.246231155778894,-0.0100955432417772
6065,200,65,7114,1.79025787083074,58,7.87131880705573,0.227440650634806,0.291457286432161,-0.064016635797355
6066,200,66,7115,1.65920747392218,51,7.26363408455195,0.228426632537965,0.256281407035176,-0.0278547744972113
6067,200,67,7116,2.07139626606626,54,8.06493122264309,0.256839917028754,0.271356783919598,-0.0145168668908439
6068,200,68,7117,1.58134842324031,54,6.78955371022014,0.23290903802115,0.271356783919598,-0.0384477458984475
6069,200,69,7118,1.56971824344581,56,6.75691664086745,0.232312802847348,0.281407035175879,-0.0490942323285311
6070,200,70,7119,1.92594653273724,56,8.0933468265061,0.237966637785702,0.281407035175879,-0.0434403973901772
6071,200,71,7120,1.96045290722587,48,7.5800496590888,0.258633253790786,0.241206030150754,0.0174272236400319
6072,200,72,7121,2.27116963177425,55,8.18420880988647,0.277506315458459,0.276381909547739,0.00112440591072005
6073,200,73,7122,2.16252079963278,70,7.31020670425764,0.295822113808802,0.351758793969849,-0.0559366801610468
6074,200,74,7123,2.05358159202765,50,7.68862951824243,0.267093321008018,0.251256281407035,0.0158370396009829
6075,200,75,7124,1.72727585922183,58,7.69438925024623,0.224485115458196,0.291457286432161,-0.0669721709739647
6076,200,76,7125,1.89383426475452,51,7.09389887694429,0.266966628310649,0.256281407035176,0.0106852212754729
6077,200,77,7126,1.46631329770367,46,7.51301461543443,0.195169765102192,0.231155778894472,-0.0359860137922806
6078,200,78,7127,2.15449490544462,66,7.62824975416524,0.282436335316395,0.331658291457286,-0.0492219561408911
6079,200,79,7128,2.15919318974222,68,7.54044179349269,0.286348366432001,0.341708542713568,-0.0553601762815673
6080,200,80,7129,2.06940937830188,61,7.23150347219529,0.286165855587104,0.306532663316583,-0.0203668077294785
6081,200,81,7130,1.86761106514739,58,6.58994792648154,0.283403008033256,0.291457286432161,-0.00805427839890455
6082,200,82,7131,1.81357222727935,49,7.11621899475052,0.254850536305471,0.246231155778894,0.00861938052657663
6083,200,83,7132,1.91107091425102,48,7.83905414904506,0.243788456861702,0.241206030150754,0.00258242671094872
6084,200,84,7133,1.97071527472177,55,7.57052850668121,0.260314094713805,0.276381909547739,-0.016067814833934
6085,200,85,7134,1.97154188641606,63,6.85019799046682,0.287808015061724,0.316582914572864,-0.0287748995111405
6086,200,86,7135,1.78636227492849,59,7.2970640348133,0.24480561858934,0.296482412060302,-0.0516767934709618
6087,200,87,7136,2.01446633535079,59,6.86392783673447,0.293485943218944,0.296482412060302,-0.00299646884135712
6088,200,88,7137,2.26095098346134,67,7.85492241539263,0.287838741606249,0.336683417085427,-0.0488446754791778
6089,200,89,7138,1.71314144607734,49,6.37313993408662,0.268806501001906,0.246231155778894,0.0225753452230111
6090,200,90,7139,1.42338750526662,46,7.59918598192912,0.187307891746752,0.231155778894472,-0.0438478871477201
6091,200,91,7140,1.82791230173703,50,7.25040763882647,0.25211165948083,0.251256281407035,0.000855378073794655
6092,200,92,7141,2.22349584611838,62,7.91420971185821,0.280949826586832,0.311557788944724,-0.0306079623578919
6093,200,93,7142,1.69270787513912,48,6.64466489565284,0.254746913760324,0.241206030150754,0.01354088360957
6094,200,94,7143,1.71431561297731,47,7.10222122982771,0.241377388496092,0.236180904522613,0.00519648397347847
6095,200,95,7144,1.81393110525398,54,7.14702882999086,0.253802125107183,0.271356783919598,-0.0175546588124149
6096,200,96,7145,1.81299258583845,54,7.60675353923217,0.238339861609537,0.271356783919598,-0.0330169223100612
6097,200,97,7146,2.00550622082338,65,7.10593124775409,0.282229893718328,0.326633165829146,-0.0444032721108182
6098,200,98,7147,2.02112141862058,51,7.56611966304906,0.26712786852833,0.256281407035176,0.0108464614931538
6099,200,99,7148,1.55050969458945,49,6.76767011831744,0.229105388927398,0.246231155778894,-0.0171257668514962
6100,200,100,7149,2.20328557336866,68,7.63614411648022,0.288533786130825,0.341708542713568,-0.0531747565827431
6101,200,101,7150,1.92030315280556,56,7.55982347010278,0.254014284910207,0.281407035175879,-0.0273927502656722
6102,200,102,7151,2.36953759793488,64,8.14941671818679,0.290761618883331,0.321608040201005,-0.0308464213176736
6103,200,103,7152,1.98239903762397,63,7.34084120011818,0.270050663620411,0.316582914572864,-0.0465322509524535
6104,200,104,7153,2.58933968590986,83,6.83975976544633,0.378571729812924,0.417085427135678,-0.0385136973227544
6105,200,105,7154,1.98489648209218,59,8.30318171851961,0.239052516177626,0.296482412060302,-0.0574298958826752
6106,200,106,7155,1.90466653341948,63,6.83016055160684,0.278861165711749,0.316582914572864,-0.0377217488611158
6107,200,107,7156,1.72518905033875,51,6.67352088029974,0.258512572491009,0.256281407035176,0.00223116545583357
6108,200,108,7157,2.1590813918066,50,7.86729385563298,0.274437618757649,0.251256281407035,0.0231813373506137
6109,200,109,7158,2.04045642602974,64,7.5308491881767,0.270946393300934,0.321608040201005,-0.0506616469000713
6110,200,110,7159,1.95221728920913,55,7.57949051784832,0.257565767067326,0.276381909547739,-0.0188161424804126
6111,200,111,7160,2.22646811659465,66,6.90432201334242,0.322474547434499,0.331658291457286,-0.00918374402278721
6112,200,112,7161,2.09475084189698,55,7.81157532428357,0.268159846757811,0.276381909547739,-0.00822206278992799
6113,200,113,7162,1.92293972100928,51,7.09960690965653,0.270851576077232,0.256281407035176,0.0145701690420566
6114,200,114,7163,1.96785418841477,60,7.03626315159915,0.279673193855396,0.301507537688442,-0.0218343438330461
6115,200,115,7164,1.93056604201939,49,7.42322245846523,0.260071155461308,0.246231155778894,0.0138399996824138
6116,200,116,7165,1.58627264525424,45,6.63732119933696,0.238992900541366,0.226130653266332,0.0128622472750344
6117,200,117,7166,1.7861957460145,53,7.41531788229756,0.240879187428856,0.266331658291457,-0.0254524708626014
6118,200,118,7167,1.9317511289354,48,7.95950822194277,0.242697296751318,0.241206030150754,0.00149126660056467
6119,200,119,7168,2.1336228286868,56,7.36472168916079,0.289708548230277,0.281407035175879,0.00830151305439714
6120,200,120,7169,1.71576947661329,43,7.29101387172455,0.235326596108567,0.21608040201005,0.0192461940985172
6121,200,121,7170,1.81067198767619,50,7.61411994639795,0.237804500115968,0.251256281407035,-0.0134517812910668
6122,200,122,7171,2.37480866517134,65,7.78098034351109,0.305206871156255,0.326633165829146,-0.0214262946728908
6123,200,123,7172,2.0924322876506,56,7.44598586170899,0.281014808047238,0.281407035175879,-0.000392227128641176
6124,200,124,7173,2.25181175782707,58,7.43041581423893,0.303053262983199,0.291457286432161,0.0115959765510378
6125,200,125,7174,1.87235972836885,55,7.62039552292553,0.2457037463129,0.276381909547739,-0.0306781632348386
6126,200,126,7175,2.01648294843767,64,7.14199289189887,0.28234177476219,0.321608040201005,-0.0392662654388154
6127,200,127,7176,2.57469436367985,76,6.9982455783443,0.367905689341212,0.381909547738693,-0.0140038583974819
6128,200,128,7177,1.848396778132,50,7.21010741931849,0.256361891804756,0.251256281407035,0.00510561039772084
6129,200,129,7178,2.1782298769008,64,7.24906263734657,0.300484350304651,0.321608040201005,-0.0211236898963543
6130,200,130,7179,1.90948889706504,53,7.79104995218656,0.245087492543819,0.266331658291457,-0.0212441657476385
6131,200,131,7180,2.03390682001836,61,7.67148536178217,0.265125555756241,0.306532663316583,-0.0414071075603422
6132,200,132,7181,2.14040421069486,47,7.72229251427168,0.277172123011288,0.236180904522613,0.0409912184886751
6133,200,133,7182,2.13698833806727,52,7.6655500353548,0.278778212680254,0.261306532663317,0.0174716800169376
6134,200,134,7183,1.75270077562979,47,7.89510272828385,0.221998476264383,0.236180904522613,-0.0141824282582302
6135,200,135,7184,2.37124917157194,72,7.30976291462846,0.32439481269995,0.361809045226131,-0.037414232526181
6136,200,136,7185,1.77508065280697,51,7.54439562959572,0.23528467221994,0.256281407035176,-0.0209967348152361
6137,200,137,7186,2.47758629128654,75,7.46128475679574,0.332058937843105,0.376884422110553,-0.0448254842674482
6138,200,138,7187,2.46498756916459,64,8.21627143109386,0.300012918248542,0.321608040201005,-0.0215951219524633
6139,200,139,7188,2.3502570855297,61,7.50792936482121,0.313036653826547,0.306532663316583,0.0065039905099637
6140,200,140,7189,1.86376244604176,49,7.38556467259307,0.252352058192376,0.246231155778894,0.00612090241348173
6141,200,141,7190,1.76990001054638,56,6.69744393713757,0.264264998282735,0.281407035175879,-0.0171420368931442
6142,200,142,7191,1.98640061189465,62,7.50074798713835,0.26482700329364,0.311557788944724,-0.046730785651084
6143,200,143,7192,1.89898325149886,61,7.43384567286766,0.255450991998643,0.306532663316583,-0.0510816713179404
6144,200,144,7193,2.00911999082141,55,7.74962174178384,0.259253942678103,0.276381909547739,-0.0171279668696354
6145,200,145,7194,1.77533698318343,51,6.74020160585675,0.263395234593694,0.256281407035176,0.00711382755851847
6146,200,146,7195,2.0027759186558,51,7.3128372014723,0.273871257280633,0.256281407035176,0.0175898502454567
6147,200,147,7196,1.93862549375173,57,8.12541049384277,0.238588006750031,0.28643216080402,-0.0478441540539893
6148,200,148,7197,2.24702056099698,52,7.66141738406949,0.29329045114671,0.261306532663317,0.0319839184833929
6149,200,149,7198,2.27151692916418,58,8.18149694803821,0.2776407476029,0.291457286432161,-0.0138165388292605
6150,200,150,7199,2.14343546711506,63,6.88834620069093,0.31116837113966,0.316582914572864,-0.00541454343320391
6151,200,151,7200,2.35266616341633,54,8.38862969595618,0.280458936523381,0.271356783919598,0.00910215260378344
6152,200,152,7201,1.65804472797636,58,7.65140440499189,0.216698090992893,0.291457286432161,-0.0747591954392674
6153,200,153,7202,2.08615403379224,67,7.22718673621363,0.288653678109497,0.336683417085427,-0.0480297389759299
6154,200,154,7203,1.83006643506917,51,8.3126463749853,0.220154491423605,0.256281407035176,-0.0361269156115704
6155,200,155,7204,1.69772482400127,52,7.50656403221257,0.226165368964536,0.261306532663317,-0.035141163698781
6156,200,156,7205,1.79095549559318,54,7.2117308740449,0.248339202734096,0.271356783919598,-0.0230175811855017
6157,200,157,7206,1.71667184369593,51,6.48609966999694,0.264669359250956,0.256281407035176,0.00838795221578037
6158,200,158,7207,2.08959044473756,59,7.65624362096317,0.272926326301342,0.296482412060302,-0.0235560857589595
6159,200,159,7208,1.90716915644225,55,7.83807365625119,0.243321157733853,0.276381909547739,-0.0330607518138856
6160,200,160,7209,1.9675488060446,51,7.77092689845224,0.253193580605742,0.256281407035176,-0.00308782642943356
6161,200,161,7210,2.31127406161903,71,7.53198245210024,0.306861317895735,0.35678391959799,-0.0499226017022553
6162,200,162,7211,1.9375800426108,54,7.27455168615078,0.26635044002774,0.271356783919598,-0.00500634389185833
6163,200,163,7212,2.2634852229969,61,7.92102324276404,0.285756669766703,0.306532663316583,-0.0207759935498797
6164,200,164,7213,1.90162767856985,57,7.75369135316653,0.24525449775522,0.28643216080402,-0.0411776630488004
6165,200,165,7214,2.20785723663112,55,7.7501663713147,0.284878689159881,0.276381909547739,0.0084967796121419
6166,200,166,7215,2.26075191776179,55,7.08168493702053,0.319239268319236,0.276381909547739,0.042857358771497
6167,200,167,7216,2.14541116016614,48,8.3374168634173,0.257323244754585,0.241206030150754,0.0161172146038316
6168,200,168,7217,2.10342339717999,58,6.99159777474901,0.300850172585265,0.291457286432161,0.00939288615310385
6169,200,169,7218,1.9904722167582,54,8.47677963164236,0.234814670577032,0.271356783919598,-0.0365421133425657
6170,200,170,7219,1.90587585767458,47,7.39919668991416,0.257578753146605,0.236180904522613,0.0213978486239919
6171,200,171,7220,2.18908280351863,55,7.98071081916594,0.274296720319883,0.276381909547739,-0.00208518922785522
6172,200,172,7221,2.36319810521944,66,7.45733002399631,0.316896006696111,0.331658291457286,-0.0147622847611753
6173,200,173,7222,2.161109418775,60,7.98461041808654,0.270659344115239,0.301507537688442,-0.0308481935732036
6174,200,174,7223,1.73167175228259,53,6.86887513476696,0.252104124519268,0.266331658291457,-0.0142275337721892
6175,200,175,7224,3.03260751749176,89,7.52230778720381,0.40314855537426,0.447236180904523,-0.0440876255302628
6176,200,176,7225,2.14414478064846,59,8.09469129087966,0.264882835379316,0.296482412060302,-0.0315995766809853
6177,200,177,7226,1.88222684018343,50,7.95819662598693,0.236514241686006,0.251256281407035,-0.0147420397210294
6178,200,178,7227,2.06865322622115,61,7.62673904888634,0.271236922223427,0.306532663316583,-0.0352957410931564
6179,200,179,7228,2.00367196150489,52,7.93310449923983,0.252570977943993,0.261306532663317,-0.00873555471932402
6180,200,180,7229,1.8331938401558,49,6.90218959400228,0.265595984461043,0.246231155778894,0.0193648286821483
6181,200,181,7230,2.41481622028791,56,7.89372401233283,0.3059159677378,0.281407035175879,0.0245089325619207
6182,200,182,7231,1.89336626851767,55,7.57381585845187,0.249988421147683,0.276381909547739,-0.0263934884000558
6183,200,183,7232,2.19929135827371,62,7.63408547734511,0.288088385282077,0.311557788944724,-0.0234694036626462
6184,200,184,7233,1.86743338950623,56,7.0421474595884,0.265179535109504,0.281407035175879,-0.0162275000663749
6185,200,185,7234,1.73081363353228,52,6.3909593445586,0.270822194324539,0.261306532663317,0.00951566166122247
6186,200,186,7235,1.46254454771658,50,6.63926704477583,0.22028704943679,0.251256281407035,-0.0309692319702456
6187,200,187,7236,2.06587503947359,50,7.83909997502677,0.263534722870598,0.251256281407035,0.0122784414635626
6188,200,188,7237,2.24113525565294,72,7.07903292067979,0.316587771347408,0.361809045226131,-0.045221273878723
6189,200,189,7238,2.00687681044519,57,7.15625931327472,0.280436569245398,0.28643216080402,-0.00599559155862256
6190,200,190,7239,1.76408389880151,59,6.80568297422831,0.25920747491203,0.296482412060302,-0.0372749371482717
6191,200,191,7240,1.98746842333515,58,7.53710845901522,0.263691100392475,0.291457286432161,-0.0277661860396858
6192,200,192,7241,1.53357465509388,53,6.55069132547269,0.234108825908267,0.266331658291457,-0.0322228323831904
6193,200,193,7242,1.79318094754154,50,7.70651028736495,0.23268391018455,0.251256281407035,-0.0185723712224855
6194,200,194,7243,1.51019788282943,40,7.1383805700216,0.211560292704436,0.201005025125628,0.0105552675788082
6195,200,195,7244,1.80459613544256,64,7.41375148359647,0.243412008000993,0.321608040201005,-0.0781960322000122
6196,200,196,7245,1.91437994365912,48,7.71344411011422,0.24818743953157,0.241206030150754,0.00698140938081637
6197,200,197,7246,1.99691758682676,53,7.52333164618467,0.265429955867952,0.266331658291457,-0.000901702423505624
6198,200,198,7247,2.09371766173354,63,7.1846099561533,0.291417025351579,0.316582914572864,-0.025165889221285
6199,200,199,7248,2.09280748865281,63,6.93401283068883,0.301817654474243,0.316582914572864,-0.0147652600986211
6200,200,200,7249,1.88356049269289,62,7.2422921868015,0.260077948266921,0.311557788944724,-0.0514798406778026
6201,200,201,7250,1.83125518053489,58,7.38060881717431,0.24811708978176,0.291457286432161,-0.043340196650401
6202,200,202,7251,1.87982369731047,49,7.35364089750997,0.255631696395047,0.246231155778894,0.0094005406161527
6203,200,203,7252,1.76351745876833,53,6.80038672726069,0.259326054457891,0.266331658291457,-0.00700560383356613
6204,200,204,7253,1.94355181653845,52,7.67776027231125,0.253140466438839,0.261306532663317,-0.0081660662244778
6205,200,205,7254,2.03774255972364,63,6.94771427118204,0.293296828307384,0.316582914572864,-0.0232860862654801
6206,200,206,7255,2.35916419009783,65,7.86084943080276,0.300115682263731,0.326633165829146,-0.0265174835654146
6207,200,207,7256,2.13534367263741,59,7.80700297798841,0.273516441412657,0.296482412060302,-0.0229659706476444
6208,200,208,7257,1.68519211509858,54,6.58484708099289,0.255919703885436,0.271356783919598,-0.0154370800341623
6209,200,209,7258,2.12665028943367,60,7.55005335170082,0.281673544592184,0.301507537688442,-0.0198339930962579
6210,200,210,7259,1.79342277546649,54,6.85340161082857,0.261683595578702,0.271356783919598,-0.00967318834089564
6211,200,211,7260,1.80474325443908,57,7.2285108669612,0.249670130910072,0.28643216080402,-0.0367620298939481
6212,200,212,7261,1.65528238970423,50,7.46709793877631,0.221676801787803,0.251256281407035,-0.0295794796192321
6213,200,213,7262,2.19249834115791,57,7.49793550546689,0.29241360365921,0.28643216080402,0.00598144285518987
6214,200,214,7263,1.91965295832643,52,7.41369337497088,0.258933417020901,0.261306532663317,-0.00237311564241521
6215,200,215,7264,1.83652057071354,58,7.54935858104296,0.243268424859986,0.291457286432161,-0.0481888615721753
6216,200,216,7265,2.03709508115602,64,6.88530207565042,0.295861395589326,0.321608040201005,-0.0257466446116789
6217,200,217,7266,1.58815983407472,55,6.6026472474481,0.24053380024028,0.276381909547739,-0.0358481093074588
6218,200,218,7267,1.98297505942428,61,7.13919267918463,0.277759005609407,0.306532663316583,-0.028773657707176
6219,200,219,7268,2.13768083894837,54,7.57184563092072,0.282319654037695,0.271356783919598,0.0109628701180965
6220,200,220,7269,1.74736895135825,61,6.94835762747551,0.251479420755306,0.306532663316583,-0.0550532425612774
6221,200,221,7270,1.98390051060461,60,7.42211458640856,0.267295861241155,0.301507537688442,-0.0342116764472877
6222,200,222,7271,2.08992837728601,53,7.75899208330042,0.269355652750843,0.266331658291457,0.00302399445938539
6223,200,223,7272,2.06110695357137,52,7.7703702040925,0.265252092170052,0.261306532663317,0.00394555950673586
6224,200,224,7273,2.07976631438716,64,7.21422616816209,0.288286819113824,0.321608040201005,-0.0333212210871807
6225,200,225,7274,1.74771104401333,42,7.5103058929678,0.232708370194319,0.21105527638191,0.0216530938124095
6226,200,226,7275,1.66413754738794,48,7.57230919801485,0.219766190718177,0.241206030150754,-0.0214398394325766
6227,200,227,7276,1.75821705260006,44,6.91466349027434,0.254273697494179,0.221105527638191,0.0331681698559878
6228,200,228,7277,1.95365988052072,57,7.216467890541,0.270722451780252,0.28643216080402,-0.0157097090237682
6229,200,229,7278,1.8873140336382,49,7.6509076924414,0.246678447774601,0.246231155778894,0.000447291995706978
6230,200,230,7279,1.99519373891489,62,7.23400152293944,0.275807757655015,0.311557788944724,-0.0357500312897082
6231,200,231,7280,1.95314959146177,56,7.7374415934577,0.252428347002093,0.281407035175879,-0.0289786881737862
6232,200,232,7281,2.54414725451903,70,7.91963310762958,0.321245595590541,0.351758793969849,-0.0305131983793084
6233,200,233,7282,1.73643521702324,49,7.53369020427417,0.230489331249391,0.246231155778894,-0.015741824529503
6234,200,234,7283,1.89328437896046,53,7.34252493277432,0.257851950969827,0.266331658291457,-0.00847970732162995
6235,200,235,7284,1.91315203993487,58,6.75351221464751,0.283282531981728,0.291457286432161,-0.00817475445043309
6236,200,236,7285,1.85935620898357,55,6.82580092149721,0.272401177586018,0.276381909547739,-0.00398073196172083
6237,200,237,7286,1.8480762737286,51,7.37226685719011,0.250679514120705,0.256281407035176,-0.00560189291447055
6238,200,238,7287,1.99617741516724,53,7.74958611941149,0.257585035433974,0.266331658291457,-0.00874662285748351
6239,200,239,7288,2.28354600401909,68,7.333516354171,0.311384865559112,0.341708542713568,-0.0303236771544557
6240,200,240,7289,1.99049715946807,56,7.76372865596724,0.256384174109198,0.281407035175879,-0.0250228610666817
6241,200,241,7290,1.85926117023879,57,7.46014443718272,0.249225894470876,0.28643216080402,-0.0372062663331443
6242,200,242,7291,2.56443726071448,64,8.38424324213756,0.305863890950363,0.321608040201005,-0.0157441492506419
6243,200,243,7292,1.77277050919474,55,7.67744117380916,0.230906426902022,0.276381909547739,-0.0454754826457167
6244,200,244,7293,2.29099360615889,61,7.78250346555839,0.294377460453147,0.306532663316583,-0.0121552028634361
6245,200,245,7294,2.13822147840892,59,6.94662797230189,0.30780710971346,0.296482412060302,0.0113246976531584
6246,200,246,7295,1.68680994111074,52,7.1169435124187,0.237013254098104,0.261306532663317,-0.0242932785652129
6247,200,247,7296,1.77454476112661,48,7.40311791114548,0.239702350067261,0.241206030150754,-0.00150368008349233
6248,200,248,7297,1.6950835076808,48,7.52166432833402,0.225360164145512,0.241206030150754,-0.0158458660052418
6249,200,249,7298,1.99877667486959,56,7.42704000365006,0.269121571162574,0.281407035175879,-0.0122854640133055
6250,200,250,7299,1.9861444452038,59,7.33722684965015,0.27069415814757,0.296482412060302,-0.0257882539127315
6251,200,251,7300,2.22683732058614,70,7.67897686997918,0.289991408789356,0.351758793969849,-0.0617673851804934
6252,200,252,7301,2.13710231540998,55,7.75621211499552,0.275534279326658,0.276381909547739,-0.00084763022108103
6253,200,253,7302,2.02904999811985,56,7.10774277277888,0.28547037547429,0.281407035175879,0.00406334029841016
6254,200,254,7303,2.1760199716243,59,6.68819361714936,0.325352418931879,0.296482412060302,0.0288700068715777
6255,200,255,7304,1.80299621941501,49,7.58968119721816,0.237558887200145,0.246231155778894,-0.00867226857874903
6256,200,256,7305,2.1543638283289,60,7.52362401983544,0.286346556214012,0.301507537688442,-0.0151609814744305
6257,200,257,7306,1.8733276567638,54,7.60404875180488,0.246359238072896,0.271356783919598,-0.0249975458467023
6258,200,258,7307,2.23558626444285,72,7.23601772638865,0.308952568798997,0.361809045226131,-0.052856476427134
6259,200,259,7308,2.1790978100421,53,8.13364020342656,0.267911753598848,0.266331658291457,0.00158009530739078
6260,200,260,7309,1.70829304393723,56,7.16526908963592,0.238412964337677,0.281407035175879,-0.0429940708382025
6261,200,261,7310,2.09208401481298,59,7.90020308737505,0.264813953726866,0.296482412060302,-0.031668458333436
6262,200,262,7311,1.65288860482807,54,7.24490705372953,0.228144901317567,0.271356783919598,-0.0432118826020307
6263,200,263,7312,1.66341624000288,50,7.20929911501199,0.230732032818438,0.251256281407035,-0.0205242485885973
6264,200,264,7313,2.15985607747628,58,7.4446279160853,0.29012277065044,0.291457286432161,-0.00133451578172128
6265,200,265,7314,2.08967323416569,53,7.88237563188423,0.265107035208136,0.266331658291457,-0.00122462308332077
6266,200,266,7315,1.83392583011681,47,7.64409605741688,0.239914022055937,0.236180904522613,0.00373311753332395
6267,200,267,7316,1.91040170906719,52,7.9429400815771,0.240515689335009,0.261306532663317,-0.0207908433283072
6268,200,268,7317,1.679392182567,57,6.99995827792953,0.239914598900115,0.28643216080402,-0.0465175619039052
6269,200,269,7318,1.77201861976263,55,7.36829619812298,0.240492316285282,0.276381909547739,-0.0358895932624567
6270,200,270,7319,1.8508372329183,49,7.55490819948278,0.244984741580978,0.246231155778894,-0.00124641419791696
6271,200,271,7320,2.08862352990765,67,6.58299088454185,0.317275774270346,0.336683417085427,-0.0194076428150811
6272,200,272,7321,1.78217139513953,55,7.16120811728514,0.248864628139751,0.276381909547739,-0.0275172814079875
6273,200,273,7322,2.02314590386691,58,7.1768370145015,0.281899379877088,0.291457286432161,-0.00955790655507249
6274,200,274,7323,1.8598331090369,53,6.8852171051748,0.27011974795088,0.266331658291457,0.0037880896594229
6275,200,275,7324,1.65701877218629,43,7.81046438084266,0.212153681444421,0.21608040201005,-0.00392672056562884
6276,200,276,7325,2.06145965684368,56,8.28526439843313,0.248810364728196,0.281407035175879,-0.0325966704476838
6277,200,277,7326,1.82509882547407,53,7.80024932365552,0.233979549850947,0.266331658291457,-0.03235210844051
6278,200,278,7327,2.1374101595749,57,7.53733100581232,0.283576528339628,0.28643216080402,-0.00285563246439174
6279,200,279,7328,1.96940354615019,61,7.5867771390634,0.259583682247627,0.306532663316583,-0.0469489810689557
6280,200,280,7329,1.81636600752601,66,7.33944593095622,0.247479990262611,0.331658291457286,-0.0841783011946752
6281,200,281,7330,2.14780587273571,59,7.47040587465986,0.28750859173813,0.296482412060302,-0.00897382032217187
6282,200,282,7331,2.40911327926982,67,8.17588134728733,0.294660988453451,0.336683417085427,-0.0420224286319763
6283,200,283,7332,2.40719144882379,68,7.76891658436843,0.309849053298786,0.341708542713568,-0.0318594894147823
6284,200,284,7333,2.04815300112189,56,7.58691742748903,0.269958520136385,0.281407035175879,-0.0114485150394943
6285,200,285,7334,2.0590064763291,50,7.44615962237811,0.276519250291267,0.251256281407035,0.0252629688842316
6286,200,286,7335,1.80625555913959,55,7.53802878115883,0.239619084986023,0.276381909547739,-0.0367628245617157
6287,200,287,7336,2.35932344653147,70,7.73937135546799,0.304846910448943,0.351758793969849,-0.046911883520906
6288,200,288,7337,1.62907646297734,56,6.47901888239799,0.251438758328543,0.281407035175879,-0.0299682768473363
6289,200,289,7338,1.8252865665686,52,7.4873565611962,0.243782508773295,0.261306532663317,-0.0175240238900221
6290,200,290,7339,2.68227496045266,68,7.9410966421643,0.337771353418717,0.341708542713568,-0.00393718929485087
6291,200,291,7340,1.88524429960443,66,6.85563709521213,0.274991845895848,0.331658291457286,-0.0566664455614386
6292,200,292,7341,1.98575602145793,53,6.98623841901577,0.284238226976755,0.266331658291457,0.0179065686852976
6293,200,293,7342,1.74040407846658,54,7.22175865856341,0.240994494658561,0.271356783919598,-0.0303622892610368
6294,200,294,7343,2.11508410616821,63,7.78640262126116,0.271638163224808,0.316582914572864,-0.044944751348056
6295,200,295,7344,1.88651759282839,57,8.08939777418689,0.233208657243711,0.28643216080402,-0.0532235035603089
6296,200,296,7345,2.38565039799283,65,7.63559850933955,0.312437904517217,0.326633165829146,-0.0141952613119288
6297,200,297,7346,2.19518673729564,56,7.46320222275011,0.29413469872276,0.281407035175879,0.012727663546881
6298,200,298,7347,1.98041850899477,55,8.00537482730395,0.247386106424418,0.276381909547739,-0.028995803123321
6299,200,299,7348,1.78932665808873,45,6.86904446186284,0.260491348982109,0.226130653266332,0.0343606957157769
6300,200,300,7349,1.74036939699401,55,7.03867470122974,0.247258109071292,0.276381909547739,-0.0291238004764462
6301,200,301,7350,2.13919582583928,64,6.99303115878002,0.305903945981056,0.321608040201005,-0.0157040942199491
6302,200,302,7351,1.91638051932128,48,7.35241473652251,0.260646411824652,0.241206030150754,0.0194403816738978
6303,200,303,7352,1.79156635480264,52,7.34670132428986,0.243859968674555,0.261306532663317,-0.0174465639887616
6304,200,304,7353,2.19984020529268,65,7.47031412791789,0.294477603970024,0.326633165829146,-0.0321555618591222
6305,200,305,7354,1.82182883618297,51,7.09844986902168,0.256651645049098,0.256281407035176,0.000370238013922608
6306,200,306,7355,1.87399764053005,62,6.82283438431723,0.274665561989541,0.311557788944724,-0.036892226955183
6307,200,307,7356,2.05843181684011,65,7.51847563073095,0.27378313343552,0.326633165829146,-0.0528500323936262
6308,200,308,7357,2.06963450696179,54,7.50569272419148,0.275741971196234,0.271356783919598,0.00438518727663612
6309,200,309,7358,1.74970786578226,50,7.45957354377305,0.234558699034859,0.251256281407035,-0.016697582372176
6310,200,310,7359,2.17970367866766,67,6.91296907479847,0.315306441426718,0.336683417085427,-0.0213769756587087
6311,200,311,7360,2.17544848037242,61,7.81895094969609,0.278227666904213,0.306532663316583,-0.0283049964123697
6312,200,312,7361,2.14118064855287,63,7.89527495555065,0.271197730364989,0.316582914572864,-0.0453851842078754
6313,200,313,7362,2.12622358889023,57,7.83426219072542,0.271400616564423,0.28643216080402,-0.0150315442395968
6314,200,314,7363,1.87705821043605,65,6.8784204851789,0.272890878724352,0.326633165829146,-0.0537422871047942
6315,200,315,7364,1.93020121624919,56,7.45728138433812,0.258834435334976,0.281407035175879,-0.0225725998409033
6316,200,316,7365,1.78802020523243,52,7.42496078744275,0.240812073816789,0.261306532663317,-0.0204944588465273
6317,200,317,7366,2.49146071614126,76,8.15233396663732,0.305613181002807,0.381909547738693,-0.0762963667358862
6318,200,318,7367,1.96196236824247,55,7.51783225707268,0.26097448056209,0.276381909547739,-0.0154074289856485
6319,200,319,7368,1.86511774091126,56,7.4019267371259,0.251977330653163,0.281407035175879,-0.0294297045227163
6320,200,320,7369,1.54648182870197,45,7.10815359691216,0.217564492328046,0.226130653266332,-0.0085661609382858
6321,200,321,7370,1.89697474085321,55,7.46579000013682,0.254088949838992,0.276381909547739,-0.0222929597087464
6322,200,322,7371,2.00235337560543,56,7.02590372289843,0.284995846026109,0.281407035175879,0.0035888108502295
6323,200,323,7372,1.96801615017505,60,7.37856306330152,0.266720787406873,0.301507537688442,-0.0347867502815694
6324,200,324,7373,2.04529007050182,59,7.35162613264002,0.278209206181075,0.296482412060302,-0.018273205879227
6325,200,325,7374,2.07604786765385,52,8.08977115441292,0.256626278794225,0.261306532663317,-0.00468025386909154
6326,200,326,7375,2.12940362134092,56,7.16717864267318,0.297104861969326,0.281407035175879,0.0156978267934468
6327,200,327,7376,2.13645301022585,56,7.5810325652415,0.281815569559922,0.281407035175879,0.000408534384043091
6328,200,328,7377,1.6898004994187,52,7.0618595898576,0.239285485348028,0.261306532663317,-0.022021047315289
6329,200,329,7378,1.46564080537066,40,6.66346531282476,0.21995174230889,0.201005025125628,0.018946717183262
6330,200,330,7379,2.24902930386727,55,7.88956588639645,0.285063758418591,0.276381909547739,0.00868184887085188
6331,200,331,7380,1.7653415255482,51,7.27678770524734,0.242599014435339,0.256281407035176,-0.0136823925998365
6332,200,332,7381,1.83926874831227,60,6.99835598772505,0.26281440263089,0.301507537688442,-0.0386931350575521
6333,200,333,7382,2.00931985019933,55,7.7042076682856,0.260808111192369,0.276381909547739,-0.0155737983553697
6334,200,334,7383,1.8810078407157,53,7.09475623434316,0.26512649322755,0.266331658291457,-0.00120516506390705
6335,200,335,7384,2.41986212900787,68,8.02324222884844,0.301606515170014,0.341708542713568,-0.0401020275435541
6336,200,336,7385,1.8658742497112,56,7.4196239958104,0.25147827582163,0.281407035175879,-0.029928759354249
6337,200,337,7386,1.75365097395825,51,7.16826271828795,0.244641001994007,0.256281407035176,-0.0116404050411684
6338,200,338,7387,1.9835872707453,57,7.6472450848276,0.259385863633533,0.28643216080402,-0.027046297170487
6339,200,339,7388,2.25756021607516,66,7.28068294540306,0.310075336751281,0.331658291457286,-0.0215829547060054
6340,200,340,7389,1.90726104492452,62,7.26606604819688,0.262488812002724,0.311557788944724,-0.0490689769420001
6341,200,341,7390,1.96736861780361,55,7.48820873035504,0.262728869967055,0.276381909547739,-0.0136530395806838
6342,200,342,7391,2.0532362125337,60,7.11367749982952,0.288632175493323,0.301507537688442,-0.0128753621951192
6343,200,343,7392,1.88948690607656,56,6.60604364649405,0.286023981552006,0.281407035175879,0.00461694637612697
6344,200,344,7393,2.11937286963618,63,7.69817663426138,0.275308423062643,0.316582914572864,-0.0412744915102214
6345,200,345,7394,2.00723773857872,54,7.17229161204336,0.279860029004992,0.271356783919598,0.00850324508539446
6346,200,346,7395,2.15368309496567,50,7.27967251110691,0.295848898653023,0.251256281407035,0.0445926172459881
6347,200,347,7396,2.22052616404411,65,7.5054873268627,0.295853695748267,0.326633165829146,-0.0307794700808791
6348,200,348,7397,2.04457398495635,53,7.6596148169048,0.266929086361362,0.266331658291457,0.000597428069904926
6349,200,349,7398,2.26011649801182,54,7.7385863350418,0.292058058172406,0.271356783919598,0.0207012742528078
6350,200,350,7399,1.87149849260991,56,6.94120825501859,0.269621429562611,0.281407035175879,-0.0117856056132686
6351,200,351,7400,1.61884813978467,48,7.20771237139434,0.224599436876739,0.241206030150754,-0.0166065932740151
6352,200,352,7401,2.19807022914938,53,7.43143578876208,0.295780020393008,0.266331658291457,0.0294483621015511
6353,200,353,7402,2.00427977645573,53,7.1867497377511,0.278885427988051,0.266331658291457,0.0125537696965941
6354,200,354,7403,2.15226506775239,51,8.42375359141059,0.255499528137549,0.256281407035176,-0.00078187889762682
6355,200,355,7404,2.03014407943704,53,7.6806439291128,0.26431951515705,0.266331658291457,-0.00201214313440712
6356,200,356,7405,1.71659832791888,47,7.21165153251173,0.23803123600469,0.236180904522613,0.00185033148207656
6357,200,357,7406,2.17048688993514,62,7.32091156978447,0.296477681671961,0.311557788944724,-0.0150801072727623
6358,200,358,7407,1.64960683985793,45,6.92528166827514,0.238200685383645,0.226130653266332,0.0120700321173128
6359,200,359,7408,1.93979185445684,52,7.08605966748,0.273747603814164,0.261306532663317,0.0124410711508471
6360,200,360,7409,1.77081745793429,50,7.75622604515321,0.228309160618244,0.251256281407035,-0.0229471207887915
6361,200,361,7410,1.98716540038861,62,7.32538046298907,0.271271288969715,0.311557788944724,-0.040286499975009
6362,200,362,7411,2.55022982935309,74,7.32399310766163,0.348202106673926,0.371859296482412,-0.0236571898084864
6363,200,363,7412,2.19191880055792,57,7.25557538850565,0.302101305987444,0.28643216080402,0.0156691451834242
6364,200,364,7413,2.00780454422558,63,7.29176856088631,0.275352203990074,0.316582914572864,-0.0412307105827902
6365,200,365,7414,2.11346064884347,56,7.37012979319357,0.286760302484127,0.281407035175879,0.00535326730824781
6366,200,366,7415,1.97838175473498,54,7.57287919335769,0.261245650989686,0.271356783919598,-0.0101111329299123
6367,200,367,7416,2.15107316034148,56,7.85951830262197,0.273690203078206,0.281407035175879,-0.00771683209767343
6368,200,368,7417,2.23942869371954,65,7.81237174302255,0.28665157872443,0.326633165829146,-0.0399815871047154
6369,200,369,7418,2.09386695119666,53,7.68146810786498,0.27258681827407,0.266331658291457,0.00625515998261272
6370,200,370,7419,2.12281867537593,59,7.4210643469664,0.286053128786533,0.296482412060302,-0.0104292832737683
6371,200,371,7420,1.7935941899375,51,7.05320785818346,0.254294815352207,0.256281407035176,-0.00198659168296872
6372,200,372,7421,1.7506637046376,51,6.76431206346902,0.258808832030701,0.256281407035176,0.00252742499552527
6373,200,373,7422,1.83510303824154,59,7.12996174788394,0.257379086049959,0.296482412060302,-0.0391033260103423
6374,200,374,7423,2.32908388524907,75,7.84541020265082,0.296872161568061,0.376884422110553,-0.0800122605424922
6375,200,375,7424,1.98307975198454,60,6.82558536506416,0.290536217177015,0.301507537688442,-0.0109713205114267
6376,200,376,7425,1.78694911033882,49,7.63013758564727,0.234196184574728,0.246231155778894,-0.0120349712041665
6377,200,377,7426,1.70619036263135,50,7.46692392226193,0.228499765150211,0.251256281407035,-0.0227565162568238
6378,200,378,7427,1.94769393635444,48,8.03677917633678,0.242347574024326,0.241206030150754,0.00114154387357254
6379,200,379,7428,1.93868222965307,54,7.18290431114679,0.269902277083731,0.271356783919598,-0.00145450683586706
6380,200,380,7429,1.86029787228879,51,7.29913569116254,0.254865500656626,0.256281407035176,-0.00141590637854938
6381,200,381,7430,1.97253771135879,57,7.5060247098495,0.262793927226272,0.28643216080402,-0.023638233577748
6382,200,382,7431,2.21720953460567,63,7.61068799876149,0.291328396981518,0.316582914572864,-0.025254517591346
6383,200,383,7432,1.99559701635318,50,8.2904504408205,0.240710324559359,0.251256281407035,-0.0105459568476764
6384,200,384,7433,2.11119067117117,60,7.65051047764841,0.275954222576283,0.301507537688442,-0.0255533151121592
6385,200,385,7434,2.23728405172847,58,7.48878794327857,0.298751155550679,0.291457286432161,0.00729386911851826
6386,200,386,7435,2.30882198828495,59,7.47640761351984,0.308814354117054,0.296482412060302,0.0123319420567521
6387,200,387,7436,1.97516740387523,54,7.00870088378026,0.281816478778002,0.271356783919598,0.0104596948584042
6388,200,388,7437,1.96862304943157,50,7.51701971579265,0.261888770265648,0.251256281407035,0.0106324888586131
6389,200,389,7438,1.84084543212314,51,7.61230804057949,0.241824873916034,0.256281407035176,-0.0144565331191423
6390,200,390,7439,2.04794826447119,62,7.43125071548455,0.275585946818329,0.311557788944724,-0.0359718421263948
6391,200,391,7440,1.6652078685073,47,7.33834482002033,0.226918727498919,0.236180904522613,-0.0092621770236937
6392,200,392,7441,1.8038319415057,46,7.33919961739354,0.245780471378747,0.231155778894472,0.0146246924842743
6393,200,393,7442,2.61897318478521,67,7.69011113636176,0.34056376277863,0.336683417085427,0.00388034569320317
6394,200,394,7443,1.94022878458814,59,6.87716030048011,0.282126444610094,0.296482412060302,-0.0143559674502073
6395,200,395,7444,2.01356149443814,53,7.68996900021924,0.261842602275865,0.266331658291457,-0.00448905601559274
6396,200,396,7445,1.86746356649364,60,6.82808580799929,0.273497378182602,0.301507537688442,-0.0280101595058406
6397,200,397,7446,2.09994155090022,61,7.7336211561082,0.271534059984518,0.306532663316583,-0.0349986033320652
6398,200,398,7447,1.77923087863122,49,7.45338826398085,0.238714369306307,0.246231155778894,-0.00751678647258724
6399,200,399,7448,1.89921284334967,50,7.39623389835209,0.256781068507423,0.251256281407035,0.00552478710038745
6400,200,400,7449,2.13406663614819,50,7.06165679096373,0.302204808208606,0.251256281407035,0.0509485268015705
6401,200,401,7450,1.88659670460048,59,7.25238008420253,0.260134836108487,0.296482412060302,-0.0363475759518147
6402,200,402,7451,2.16397866251973,60,7.83649035119514,0.276141303764855,0.301507537688442,-0.0253662339235871
6403,200,403,7452,1.92677983749443,53,7.47762220215169,0.257672798304787,0.266331658291457,-0.0086588599866706
6404,200,404,7453,1.94735946448856,72,6.56503316652904,0.296625990317447,0.361809045226131,-0.0651830549086838
6405,200,405,7454,2.54239262770171,70,7.23833219236328,0.351240114453994,0.351758793969849,-0.000518679515855047
6406,200,406,7455,2.05756256031309,62,7.50716452134896,0.274079854579152,0.311557788944724,-0.0374779343655716
6407,200,407,7456,2.04765822613844,54,7.88700651177822,0.259624259607308,0.271356783919598,-0.0117325243122895
6408,200,408,7457,2.36434521807744,68,7.92408378814884,0.298374585792937,0.341708542713568,-0.0433339569206311
6409,200,409,7458,1.82469834655183,53,7.90001909199736,0.230973916050434,0.266331658291457,-0.035357742241023
6410,200,410,7459,2.1650081635557,54,7.63786580883095,0.283457214062664,0.271356783919598,0.0121004301430663
6411,200,411,7460,2.02392791492643,59,8.07500787089667,0.250640983548873,0.296482412060302,-0.0458414285114286
6412,200,412,7461,1.91826078458046,50,8.13168319428692,0.235899596522424,0.251256281407035,-0.0153566848846108
6413,200,413,7462,1.91229403930647,54,7.56033767732908,0.252937649205907,0.271356783919598,-0.0184191347136908
6414,200,414,7463,1.89730171620954,54,6.59736310419154,0.287584855683343,0.271356783919598,0.0162280717637455
6415,200,415,7464,2.03696008129436,55,7.71642569263699,0.26397715243186,0.276381909547739,-0.0124047571158784
6416,200,416,7465,2.19306912087354,57,8.17382492645016,0.268303901858341,0.28643216080402,-0.0181282589456793
6417,200,417,7466,2.16216121503072,57,7.21982805865285,0.299475444216349,0.28643216080402,0.0130432834123292
6418,200,418,7467,1.99302262126365,57,7.53783671970919,0.264402466566103,0.28643216080402,-0.0220296942379171
6419,200,419,7468,1.81610854748022,51,7.42327625360761,0.244650540466902,0.256281407035176,-0.0116308665682739
6420,200,420,7469,1.87865138517606,47,7.38692661642827,0.254321111163878,0.236180904522613,0.0181402066412646
6421,200,421,7470,1.74315874032542,54,7.45424362332122,0.233847835999323,0.271356783919598,-0.037508947920275
6422,200,422,7471,2.14525000374695,51,7.60106519385994,0.282230180775171,0.256281407035176,0.0259487737399947
6423,200,423,7472,1.82506422160443,51,7.49051484469171,0.243650037339929,0.256281407035176,-0.0126313696952469
6424,200,424,7473,1.93409283048514,50,7.96695184794234,0.24276446844406,0.251256281407035,-0.00849181296297521
6425,200,425,7474,2.27685894304107,55,7.66180937626317,0.297169876099363,0.276381909547739,0.0207879665516247
6426,200,426,7475,2.24691818465701,60,8.24782468413595,0.272425551064244,0.301507537688442,-0.0290819866241984
6427,200,427,7476,2.29829544064899,65,7.82810352350942,0.293595432628954,0.326633165829146,-0.0330377332001915
6428,200,428,7477,2.38326037769803,61,8.78279608000188,0.27135554053505,0.306532663316583,-0.0351771227815325
6429,200,429,7478,2.08578063550071,49,8.42293526702747,0.247631089326513,0.246231155778894,0.00139993354761819
6430,200,430,7479,2.10453070401574,62,7.19184502827402,0.292627371104631,0.311557788944724,-0.0189304178400925
6431,200,431,7480,1.95867083008133,61,7.40044248841564,0.26466942120655,0.306532663316583,-0.0418632421100331
6432,200,432,7481,2.14846231365525,70,7.71672841592266,0.278416214470127,0.351758793969849,-0.0733425794997222
6433,200,433,7482,1.99586701968401,63,7.28363682654247,0.274020666765101,0.316582914572864,-0.042562247807763
6434,200,434,7483,1.66357523140769,51,6.93286372745557,0.239954987838516,0.256281407035176,-0.0163264191966603
6435,200,435,7484,1.94176720272008,70,6.59980533496409,0.294215829735627,0.351758793969849,-0.0575429642342222
6436,200,436,7485,1.95400532982209,49,6.72929128593016,0.290373123527524,0.246231155778894,0.0441419677486295
6437,200,437,7486,2.57262800794036,63,8.14855862910528,0.315715714279991,0.316582914572864,-0.000867200292873294
6438,200,438,7487,2.19100300631642,61,7.16535275964606,0.305777409683965,0.306532663316583,-0.000755253632618025
6439,200,439,7488,1.73623930342121,53,7.64039958399173,0.227244568079791,0.266331658291457,-0.0390870902116663
6440,200,440,7489,2.05006603981323,62,6.7651761649978,0.30303217385824,0.311557788944724,-0.00852561508648397
6441,200,441,7490,1.67840952224802,56,6.68200271630847,0.25118360370486,0.281407035175879,-0.0302234314710195
6442,200,442,7491,2.12249477784263,57,7.56579702403885,0.280538160235969,0.28643216080402,-0.0058940005680509
6443,200,443,7492,1.85127139324507,51,7.02316184662598,0.263595148976161,0.256281407035176,0.00731374194098555
6444,200,444,7493,1.75920005518782,48,7.7386587990227,0.227326220327738,0.241206030150754,-0.0138798098230162
6445,200,445,7494,2.49578720990915,63,7.47300919951789,0.333973523018032,0.316582914572864,0.0173906084451676
6446,200,446,7495,2.35545969677941,65,7.30697873813092,0.322357540810625,0.326633165829146,-0.0042756250185203
6447,200,447,7496,1.72995916521039,50,7.77741090639159,0.222433813261517,0.251256281407035,-0.0288224681455181
6448,200,448,7497,1.83413491459542,55,6.682090825094,0.274485181749923,0.276381909547739,-0.00189672779781563
6449,200,449,7498,1.8795273312802,49,7.58631491410885,0.247752347821035,0.246231155778894,0.00152119204214066
6450,200,450,7499,2.05653148409704,60,7.35398758641124,0.279648484571434,0.301507537688442,-0.0218590531170085
6451,200,451,7500,2.04549407879953,53,7.09471518479958,0.288312360048222,0.266331658291457,0.021980701756765
6452,200,452,7501,1.8535719041426,47,7.78896018098526,0.237974243168892,0.236180904522613,0.0017933386462789
6453,200,453,7502,1.65684152636696,51,7.40479831107213,0.223752417927378,0.256281407035176,-0.0325289891077978
6454,200,454,7503,2.29274143639901,69,7.25350385393542,0.316087436164396,0.346733668341709,-0.030646232177313
6455,200,455,7504,1.63272118164097,55,6.61894946689269,0.246673764440668,0.276381909547739,-0.0297081451070709
6456,200,456,7505,1.86164806750938,56,7.18528436042323,0.259091773425614,0.281407035175879,-0.0223152617502654
6457,200,457,7506,1.73002652044358,52,7.73204967568654,0.223747465808925,0.261306532663317,-0.0375590668543918
6458,200,458,7507,1.98905392009343,46,7.82097980973002,0.254322855765318,0.231155778894472,0.0231670768708452
6459,200,459,7508,1.98269020543012,59,7.28897516927884,0.272012204649379,0.296482412060302,-0.0244702074109225
6460,200,460,7509,2.06960257804461,60,7.8515282782953,0.263592323008732,0.301507537688442,-0.0379152146797097
6461,200,461,7510,2.03658238730195,53,7.4435436954059,0.273603873455988,0.266331658291457,0.00727221516453036
6462,200,462,7511,1.78709557537299,47,7.5777954420022,0.235833177215035,0.236180904522613,-0.000347727307578372
6463,200,463,7512,1.70908252178594,54,6.65441491904021,0.256834378766458,0.271356783919598,-0.01452240515314
6464,200,464,7513,1.67053543680904,55,7.14791933230058,0.233709329826945,0.276381909547739,-0.0426725797207932
6465,200,465,7514,1.69341086834436,56,6.75890381824543,0.250545193996259,0.281407035175879,-0.0308618411796205
6466,200,466,7515,2.22424573701275,59,6.9635057373841,0.319414648439467,0.296482412060302,0.0229322363791653
6467,200,467,7516,2.40147567945984,65,7.35985918573581,0.326293699221061,0.326633165829146,-0.000339466608084871
6468,200,468,7517,2.03173146064024,54,7.8463415171463,0.258939973005302,0.271356783919598,-0.0124168109142964
6469,200,469,7518,1.52784595991333,48,7.07882384394719,0.215833307000531,0.241206030150754,-0.0253727231502226
6470,200,470,7519,1.94815430508246,48,7.435058198792,0.26202273781784,0.241206030150754,0.0208167076670863
6471,200,471,7520,2.0472764493993,48,7.58579336919025,0.269882970674409,0.241206030150754,0.028676940523655
6472,200,472,7521,2.0916583109253,54,6.97830558598642,0.299737276499569,0.271356783919598,0.0283804925799706
6473,200,473,7522,2.57014505248469,62,7.76407412842251,0.331030462869485,0.311557788944724,0.0194726739247609
6474,200,474,7523,1.77984277915479,47,7.32643258046669,0.24293443768255,0.236180904522613,0.00675353315993685
6475,200,475,7524,2.01993314447708,58,7.30089615844834,0.276669206168572,0.291457286432161,-0.0147880802635885
6476,200,476,7525,2.27003930054264,65,7.81263982770229,0.290559830045341,0.326633165829146,-0.0360733357838046
6477,200,477,7526,2.09285123978863,56,6.75891573660368,0.309643043551284,0.281407035175879,0.0282360083754049
6478,200,478,7527,1.76893541002413,49,7.04169567703221,0.25120872743675,0.246231155778894,0.00497757165785556
6479,200,479,7528,1.70173008832064,58,7.1526655132247,0.237915513478756,0.291457286432161,-0.0535417729534049
6480,200,480,7529,2.16697151920625,56,7.50162397740525,0.288866987432739,0.281407035175879,0.0074599522568593
6481,200,481,7530,1.75235731242065,49,7.07938682761233,0.247529532584063,0.246231155778894,0.00129837680516803
6482,200,482,7531,1.95879474671037,49,7.88043412560322,0.248564319616139,0.246231155778894,0.00233316383724427
6483,200,483,7532,2.07226332709513,49,7.85297717275384,0.263882509971494,0.246231155778894,0.0176513541925999
6484,200,484,7533,1.81291151847195,50,7.70930572241792,0.235158856549194,0.251256281407035,-0.0160974248578415
6485,200,485,7534,2.2343903536218,64,7.62580484025672,0.293003873089752,0.321608040201005,-0.0286041671112531
6486,200,486,7535,2.00049123152968,59,7.41085468752018,0.26994069049802,0.296482412060302,-0.0265417215622817
6487,200,487,7536,2.19014184022265,63,7.38901219868341,0.296405227293154,0.316582914572864,-0.02017768727971
6488,200,488,7537,2.20338065285613,59,7.71069327920678,0.285756490768207,0.296482412060302,-0.0107259212920948
6489,200,489,7538,2.10847426052101,58,8.06331437407185,0.26148977488723,0.291457286432161,-0.0299675115449312
6490,200,490,7539,2.2322288498342,62,7.55423491466505,0.295493703207557,0.311557788944724,-0.0160640857371666
6491,200,491,7540,2.33461676583404,60,7.96386062535379,0.293151384191925,0.301507537688442,-0.00835615349651669
6492,200,492,7541,1.98626016852851,53,7.83648377337014,0.253463189099964,0.266331658291457,-0.0128684691914938
6493,200,493,7542,1.88465750790925,50,8.00386192241479,0.235468518345035,0.251256281407035,-0.0157877630620005
6494,200,494,7543,1.85763769357056,52,6.93813974576279,0.267742905395505,0.261306532663317,0.00643637273218844
6495,200,495,7544,1.93606049596745,55,7.53735911528303,0.256861914943369,0.276381909547739,-0.01951999460437
6496,200,496,7545,2.30656472667503,60,6.99641811474577,0.329677942176394,0.301507537688442,0.0281704044879517
6497,200,497,7546,2.23050615811342,66,7.85763592031693,0.28386478843416,0.331658291457286,-0.047793503023126
6498,200,498,7547,2.40645945290974,73,7.60599746289819,0.316389725956177,0.366834170854271,-0.0504444448980942
6499,200,499,7548,1.91684804742827,59,7.21380713629685,0.265719336712441,0.296482412060302,-0.0307630753478601
6500,200,500,7549,1.99078589985281,60,7.3930022635343,0.269279763334077,0.301507537688442,-0.032227774354365
6501,200,501,7550,1.98502193486832,52,7.28831676305064,0.272356704490634,0.261306532663317,0.0110501718273174
6502,200,502,7551,1.83209385962961,59,7.57945401346325,0.24171844784272,0.296482412060302,-0.0547639642175815
6503,200,503,7552,1.90141407121631,54,7.1904815010002,0.264434874208608,0.271356783919598,-0.00692190971098977
6504,200,504,7553,1.64611283896456,52,7.18126107661606,0.229223366397959,0.261306532663317,-0.032083166265358
6505,200,505,7554,2.15498248248431,63,7.69512492528576,0.280045158903549,0.316582914572864,-0.036537755669315
6506,200,506,7555,2.06419514831133,65,7.33717437915448,0.281333799858414,0.326633165829146,-0.0452993659707321
6507,200,507,7556,1.7295043671528,53,7.56146448319323,0.228726111323666,0.266331658291457,-0.037605546967791
6508,200,508,7557,1.72712719660033,52,6.82645335939846,0.253005053381413,0.261306532663317,-0.00830147928190389
6509,200,509,7558,2.6566928663921,70,7.96599889750779,0.333504046457157,0.351758793969849,-0.0182547475126921
6510,200,510,7559,2.53110371054526,60,8.64955519383287,0.292628193453224,0.301507537688442,-0.0088793442352183
6511,200,511,7560,1.94924564049263,53,7.90165135949636,0.246688388516406,0.266331658291457,-0.0196432697750509
6512,200,512,7561,1.88164074195069,56,7.28944423449777,0.258132263780235,0.281407035175879,-0.0232747713956444
6513,200,513,7562,1.54030794292159,45,7.38271676133929,0.208637008937908,0.226130653266332,-0.0174936443284236
6514,200,514,7563,1.70810183649872,53,7.62952026402851,0.223880634350241,0.266331658291457,-0.0424510239412161
6515,200,515,7564,2.16246538032691,62,7.6644932233302,0.282140686581144,0.311557788944724,-0.0294171023635798
6516,200,516,7565,1.69454613828507,51,6.60495547840366,0.256556784345596,0.256281407035176,0.000275377310419989
6517,200,517,7566,2.07641599491674,52,8.16736503355421,0.254233279201572,0.261306532663317,-0.00707325346174481
6518,200,518,7567,2.33966581189888,71,7.12523952268659,0.32836311038379,0.35678391959799,-0.0284208092142001
6519,200,519,7568,2.08805754234483,53,7.49612950616957,0.278551423187965,0.266331658291457,0.0122197648965081
6520,200,520,7569,1.63044468507579,55,7.30721370961877,0.22312809640829,0.276381909547739,-0.0532538131394491
6521,200,521,7570,1.64695835699339,52,7.45598990320573,0.220890636706104,0.261306532663317,-0.0404158959572127
6522,200,522,7571,2.12248283096273,57,8.06278007116919,0.263244540000822,0.28643216080402,-0.0231876208031985
6523,200,523,7572,2.44766873836073,68,7.57703626410371,0.323037748935766,0.341708542713568,-0.0186707937778015
6524,200,524,7573,1.72182760760872,53,6.92829513073499,0.248521111632562,0.266331658291457,-0.0178105466588956
6525,200,525,7574,1.71126792845521,53,6.62620147509926,0.258257756708126,0.266331658291457,-0.0080739015833311
6526,200,526,7575,2.05944520301065,63,7.06653362355641,0.291436411785469,0.316582914572864,-0.0251465027873956
6527,200,527,7576,2.18708951811015,51,8.36724134255058,0.261387167953191,0.256281407035176,0.00510576091801485
6528,200,528,7577,2.09791417010389,62,7.51246334693968,0.279257824393713,0.311557788944724,-0.0322999645510107
6529,200,529,7578,2.53766929025127,72,7.48707642824902,0.33893994733065,0.361809045226131,-0.022869097895481
6530,200,530,7579,1.98474342213058,51,7.39291509420147,0.268465604817683,0.256281407035176,0.0121841977825076
6531,200,531,7580,2.30324344087589,69,7.67083127338698,0.300259953424698,0.346733668341709,-0.0464737149170107
6532,200,532,7581,2.08473567340332,57,7.56928028874502,0.275420594016471,0.28643216080402,-0.0110115667875489
6533,200,533,7582,2.04103977908142,58,7.78727957093667,0.26209920428424,0.291457286432161,-0.0293580821479205
6534,200,534,7583,2.21694452402788,52,7.97813497813394,0.277877540315371,0.261306532663317,0.0165710076520543
6535,200,535,7584,2.519493405532,62,7.97766120790379,0.315818551311234,0.311557788944724,0.00426076236651013
6536,200,536,7585,2.07432609523161,58,7.48744764750589,0.277040480666677,0.291457286432161,-0.0144168057654842
6537,200,537,7586,1.76189602693714,51,6.90448589944175,0.255181349139926,0.256281407035176,-0.00110005789524958
6538,200,538,7587,2.29408540525923,62,7.6581469327664,0.299561424637034,0.311557788944724,-0.01199636430769
6539,200,539,7588,1.80887571498824,53,7.68134717501199,0.235489384059172,0.266331658291457,-0.0308422742322848
6540,200,540,7589,1.98362157478105,54,8.19035575464505,0.242189916311763,0.271356783919598,-0.0291668676078347
6541,200,541,7590,1.94806088469398,51,7.83530027819942,0.248626193703664,0.256281407035176,-0.00765521333151234
6542,200,542,7591,1.83268550044762,47,7.4373220123187,0.246417392901918,0.236180904522613,0.0102364883793049
6543,200,543,7592,1.90772640881753,47,7.81080073684882,0.244242104374459,0.236180904522613,0.00806119985184561
6544,200,544,7593,1.58853052066286,45,7.37624151030163,0.2153577155038,0.226130653266332,-0.0107729377625318
6545,200,545,7594,2.05319065529108,65,6.99598620924492,0.293481232506987,0.326633165829146,-0.0331519333221592
6546,200,546,7595,2.2085886327278,66,7.68291573340503,0.287467507046177,0.331658291457286,-0.044190784411109
6547,200,547,7596,2.65314050144521,70,7.91137668398397,0.335357625786712,0.351758793969849,-0.0164011681831374
6548,200,548,7597,2.73207022508883,77,7.73817242270142,0.353064015099195,0.386934673366834,-0.0338706582676392
6549,200,549,7598,2.42155235500484,63,7.66974155580079,0.315728025173595,0.316582914572864,-0.000854889399269088
6550,200,550,7599,2.06282798348276,60,7.13636335655682,0.289058709656011,0.301507537688442,-0.0124488280324311
6551,200,551,7600,1.90184740591886,58,7.1421848672181,0.266283699074796,0.291457286432161,-0.0251735873573651
6552,200,552,7601,1.97455180743826,61,6.92885415797055,0.284975230019361,0.306532663316583,-0.0215574332972222
6553,200,553,7602,1.74539158825725,49,7.92414829235785,0.220262358030393,0.246231155778894,-0.0259687977485014
6554,200,554,7603,1.62722624942974,47,7.16951270322426,0.226964692969711,0.236180904522613,-0.00921621155290211
6555,200,555,7604,2.20906253245768,57,7.70544957354628,0.286688338087586,0.28643216080402,0.000256177283565417
6556,200,556,7605,2.18673590386579,57,7.66571253714213,0.285261923568169,0.28643216080402,-0.00117023723585152
6557,200,557,7606,2.32138055911201,54,8.21387670989186,0.28261692269089,0.271356783919598,0.0112601387712922
6558,200,558,7607,2.09275553083755,64,7.59903964799895,0.275397369638496,0.321608040201005,-0.0462106705625092
6559,200,559,7608,2.62916793647358,70,7.15789279854421,0.36731032588366,0.351758793969849,0.0155515319138105
6560,200,560,7609,1.8230922155728,52,7.11312051836499,0.256299919404691,0.261306532663317,-0.00500661325862545
6561,200,561,7610,1.79721335100501,58,7.31469009196818,0.24569917910513,0.291457286432161,-0.0457581073270304
6562,200,562,7611,1.59026174056209,51,6.90783337817285,0.230211363462667,0.256281407035176,-0.0260700435725091
6563,200,563,7612,2.38787546132053,60,8.1813567537996,0.291867905676103,0.301507537688442,-0.00963963201233875
6564,200,564,7613,1.84822175064981,52,7.16718697683823,0.257872685144478,0.261306532663317,-0.00343384751883852
6565,200,565,7614,1.58786065803007,51,6.17549765315848,0.257122704470295,0.256281407035176,0.00084129743511957
6566,200,566,7615,1.84426097184265,53,7.86053654363746,0.234622784539491,0.266331658291457,-0.0317088737519664
6567,200,567,7616,2.08170665370021,50,7.8964957985243,0.263624107048754,0.251256281407035,0.0123678256417186
6568,200,568,7617,1.84561243695821,59,7.30082007828202,0.252795222614568,0.296482412060302,-0.0436871894457335
6569,200,569,7618,2.0107585547175,56,7.8839672451288,0.255044001604632,0.281407035175879,-0.026363033571247
6570,200,570,7619,2.0871505156244,61,7.45366271400103,0.280016764335724,0.306532663316583,-0.0265158989808586
6571,200,571,7620,2.02536664672017,61,7.7486963517779,0.261381599532605,0.306532663316583,-0.0451510637839778
6572,200,572,7621,1.99786448660231,59,7.46653721659158,0.267575775576769,0.296482412060302,-0.0289066364835322
6573,200,573,7622,2.212703701366,56,7.65378688912906,0.289099204540014,0.281407035175879,0.00769216936413486
6574,200,574,7623,2.07109454269867,55,7.38574909004978,0.280417668871109,0.276381909547739,0.0040357593233703
6575,200,575,7624,1.97844003583424,56,8.28569591781402,0.238777775030417,0.281407035175879,-0.0426292601454626
6576,200,576,7625,1.86794999809707,50,7.06403151278425,0.264431153048584,0.251256281407035,0.0131748716415487
6577,200,577,7626,1.84218890595441,48,7.51645682854624,0.245087405938139,0.241206030150754,0.00388137578738501
6578,200,578,7627,2.12435548379718,59,7.77872551490542,0.273098141813404,0.296482412060302,-0.0233842702468977
6579,200,579,7628,2.04674187567504,49,7.92642995811481,0.25821736727512,0.246231155778894,0.0119862114962251
6580,200,580,7629,2.35968507449576,53,8.21605266896776,0.287204229277686,0.266331658291457,0.0208725709862287
6581,200,581,7630,1.88833842708716,56,7.74628300223072,0.243773488077233,0.281407035175879,-0.0376335470986465
6582,200,582,7631,1.97100531916094,61,7.17935306330498,0.274538012238891,0.306532663316583,-0.0319946510776919
6583,200,583,7632,1.97509803732082,55,7.13015485063776,0.277006331376401,0.276381909547739,0.000624421828662791
6584,200,584,7633,1.79441151040845,56,7.91580400248839,0.226687208253813,0.281407035175879,-0.0547198269220666
6585,200,585,7634,2.24297924807123,64,7.88710280703364,0.284385699406753,0.321608040201005,-0.0372223407942519
6586,200,586,7635,1.65462215943189,50,7.4725964304124,0.221425333863584,0.251256281407035,-0.0298309475434511
6587,200,587,7636,1.74470584173393,49,7.00178660150516,0.249180093743342,0.246231155778894,0.00294893796444787
6588,200,588,7637,1.77010607432531,52,7.10207548249785,0.249237857114798,0.261306532663317,-0.0120686755485191
6589,200,589,7638,1.75134298267474,49,7.65406470401582,0.22881214758426,0.246231155778894,-0.017419008194635
6590,200,590,7639,1.88562902153618,53,7.40772976979168,0.254548840216293,0.266331658291457,-0.0117828180751638
6591,200,591,7640,1.71027877471807,47,6.94014412096553,0.246432746194921,0.236180904522613,0.010251841672308
6592,200,592,7641,2.64466532501354,75,7.79006433353851,0.339492103245859,0.376884422110553,-0.0373923188646935
6593,200,593,7642,1.87799676182204,60,6.9655499557945,0.269612130232412,0.301507537688442,-0.0318954074560298
6594,200,594,7643,1.93934570733485,47,7.80935245949204,0.24833630155566,0.236180904522613,0.0121553970330471
6595,200,595,7644,1.74679940488985,42,7.5989713450392,0.229873140136291,0.21105527638191,0.0188178637543814
6596,200,596,7645,2.08864545968672,57,7.64212695847304,0.273306825578314,0.28643216080402,-0.0131253352257062
6597,200,597,7646,2.58857571686163,75,7.62695645694902,0.339398255578494,0.376884422110553,-0.037486166532059
6598,200,598,7647,1.88656897469576,54,7.28834756702553,0.258847284291313,0.271356783919598,-0.0125094996282852
6599,200,599,7648,1.78525672845767,55,6.98020532986687,0.25575991594673,0.276381909547739,-0.0206219936010082
6600,200,600,7649,2.20287568060082,58,7.86298888095409,0.280157547460951,0.291457286432161,-0.01129973897121
6601,200,601,7650,2.03468504785011,59,7.18533219073981,0.28317202236973,0.296482412060302,-0.013310389690572
6602,200,602,7651,2.24709035964676,74,7.25692646442567,0.309647668425781,0.371859296482412,-0.062211628056631
6603,200,603,7652,2.1449638828497,52,8.26220512970957,0.259611550327739,0.261306532663317,-0.00169498233557747
6604,200,604,7653,1.92354655953628,47,7.59411194801804,0.253294469808059,0.236180904522613,0.0171135652854463
6605,200,605,7654,1.77737160632382,53,7.51223224152741,0.236596999291178,0.266331658291457,-0.0297346590002793
6606,200,606,7655,2.42459855684176,69,7.40518114991786,0.327419209301673,0.346733668341709,-0.0193144590400359
6607,200,607,7656,1.64101840579857,49,7.47438086255371,0.219552419922832,0.246231155778894,-0.026678735856063
6608,200,608,7657,2.13993882721394,82,6.82390968334439,0.313594248241158,0.412060301507538,-0.0984660532663799
6609,200,609,7658,1.74810587338586,51,7.37388268346932,0.237067220679377,0.256281407035176,-0.0192141863557985
6610,200,610,7659,2.00889301049326,55,8.07578552132699,0.248755121738691,0.276381909547739,-0.0276267878090473
6611,200,611,7660,1.58886393419467,45,7.19456464924931,0.220842262409923,0.226130653266332,-0.00528839085640886
6612,200,612,7661,2.38992319497713,65,7.85411961602402,0.304289126193239,0.326633165829146,-0.0223440396359068
6613,200,613,7662,1.90483912796658,49,7.55915529389817,0.251991003479475,0.246231155778894,0.00575984770058019
6614,200,614,7663,2.03532225845006,60,7.68450742981093,0.264860471154511,0.301507537688442,-0.0366470665339313
6615,200,615,7664,1.83466972770714,41,7.55049457897787,0.242986695575577,0.206030150753769,0.0369565448218082
6616,200,616,7665,1.89674785666298,58,6.69640222513061,0.283248794336871,0.291457286432161,-0.00820849209529001
6617,200,617,7666,1.75033046254782,58,6.96434686954038,0.251327295342389,0.291457286432161,-0.0401299910897718
6618,200,618,7667,1.84487606142113,51,7.1983162442706,0.256292721633275,0.256281407035176,1.13145980993323e-05
6619,200,619,7668,2.26542584801328,65,7.42302727953766,0.305188942826353,0.326633165829146,-0.021444223002793
6620,200,620,7669,1.82608854485405,64,6.61642785511136,0.275993116654835,0.321608040201005,-0.0456149235461702
6621,200,621,7670,2.04363347808667,60,7.31549721027856,0.279356743546466,0.301507537688442,-0.0221507941419763
6622,200,622,7671,1.90698539448291,54,7.19673245874749,0.264979336860717,0.271356783919598,-0.00637744705888055
6623,200,623,7672,2.09985088266648,65,7.45884436193517,0.281524962953065,0.326633165829146,-0.0451082028760807
6624,200,624,7673,2.62079819658521,72,7.51038220509201,0.348956700873135,0.361809045226131,-0.012852344352996
6625,200,625,7674,2.17068443492674,60,7.42059895596118,0.292521459225736,0.301507537688442,-0.00898607846270622
6626,200,626,7675,2.48838830187373,58,8.47838019326234,0.293498079249999,0.291457286432161,0.00204079281783837
6627,200,627,7676,2.47520361852062,72,7.75305492385926,0.31925526683726,0.361809045226131,-0.042553778388871
6628,200,628,7677,1.44433039136079,43,6.55767347876254,0.220250428149304,0.21608040201005,0.00417002613925388
6629,200,629,7678,1.9629477818663,60,8.00457258834193,0.245228306721235,0.301507537688442,-0.0562792309672071
6630,200,630,7679,2.11776766019871,49,7.95240663395139,0.266305252947866,0.246231155778894,0.0200740971689717
6631,200,631,7680,1.89161134974851,54,7.47142467108277,0.253179471522982,0.271356783919598,-0.0181773123966159
6632,200,632,7681,1.61403365692037,46,7.84091102160906,0.205847720050921,0.231155778894472,-0.025308058843551
6633,200,633,7682,1.75959464020608,52,7.11625515523487,0.247264130054652,0.261306532663317,-0.0140424026086647
6634,200,634,7683,1.71147031342158,49,6.84612096452397,0.249991246472313,0.246231155778894,0.00376009069341812
6635,200,635,7684,2.49526376701049,60,8.10603972084531,0.307827725121273,0.301507537688442,0.00632018743283075
6636,200,636,7685,2.79372649562237,79,8.19555347451046,0.340883200178161,0.396984924623116,-0.0561017244449545
6637,200,637,7686,2.50405922895867,56,8.06985270063878,0.310298009375123,0.281407035175879,0.0288909741992436
6638,200,638,7687,2.03706200668692,64,7.08652259498523,0.287455797873056,0.321608040201005,-0.0341522423279488
6639,200,639,7688,2.10465802313264,59,7.4247214439626,0.283466260521335,0.296482412060302,-0.0130161515389669
6640,200,640,7689,2.10173874836242,56,7.49694796664625,0.280345916460006,0.281407035175879,-0.00106111871587306
6641,200,641,7690,1.94579127707305,58,7.73754797319446,0.251473888603204,0.291457286432161,-0.0399833978289564
6642,200,642,7691,2.14020529159964,62,7.31667768997065,0.292510533098012,0.311557788944724,-0.019047255846712
6643,200,643,7692,1.94242269644724,55,7.52213156210075,0.258227695223236,0.276381909547739,-0.0181542143245028
6644,200,644,7693,1.70716133083292,50,7.74561849013933,0.220403487856554,0.251256281407035,-0.0308527935504814
6645,200,645,7694,1.79370192335835,49,6.96531788571888,0.257519032553562,0.246231155778894,0.0112878767746676
6646,200,646,7695,2.03847977264704,57,7.25548889600102,0.280956914394918,0.28643216080402,-0.00547524640910213
6647,200,647,7696,1.85144380052881,56,7.24020441290358,0.255717061969846,0.281407035175879,-0.0256899732060339
6648,200,648,7697,2.37675789061085,63,7.1724603498008,0.331372747243818,0.316582914572864,0.0147898326709541
6649,200,649,7698,2.31890430797191,74,7.56733500550864,0.306436057909933,0.371859296482412,-0.0654232385724795
6650,200,650,7699,1.96863414586176,58,7.26453609003604,0.270992410453011,0.291457286432161,-0.0204648759791499
6651,200,651,7700,2.34268686009851,59,8.03735812051259,0.291474738959262,0.296482412060302,-0.00500767310103939
6652,200,652,7701,1.75741720912031,55,7.91635013274539,0.221998418418973,0.276381909547739,-0.0543834911287653
6653,200,653,7702,2.02330974530686,55,7.57485227431237,0.267108805826915,0.276381909547739,-0.00927310372082413
6654,200,654,7703,1.75660506196092,44,7.67531872513985,0.228864119506505,0.221105527638191,0.00775859186831387
6655,200,655,7704,1.90733675993677,54,6.98957089244919,0.272883241229768,0.271356783919598,0.00152645731016965
6656,200,656,7705,2.22501993067282,57,8.38848107937658,0.265247058390955,0.28643216080402,-0.0211851024130656
6657,200,657,7706,1.82504338676592,47,7.99609606044791,0.228241803621314,0.236180904522613,-0.00793910090129896
6658,200,658,7707,1.55604475734594,48,6.93769622705202,0.224288395804717,0.241206030150754,-0.0169176343460364
6659,200,659,7708,1.87498155092412,55,7.31368214932427,0.256366288914723,0.276381909547739,-0.0200156206330159
6660,200,660,7709,1.80585785451401,49,6.83307056466906,0.26428204383712,0.246231155778894,0.0180508880582259
6661,200,661,7710,1.95520722622035,53,7.77881169894516,0.25135037353912,0.266331658291457,-0.0149812847523368
6662,200,662,7711,2.00848996914618,69,6.97802618452482,0.287830672461564,0.346733668341709,-0.0589029958801441
6663,200,663,7712,1.83130711661332,56,7.04889014021933,0.259800774332445,0.281407035175879,-0.0216062608434348
6664,200,664,7713,1.85486270869758,47,7.2617729375289,0.255428354019669,0.236180904522613,0.019247449497056
6665,200,665,7714,2.00469593159203,54,7.73052885837958,0.259321964682794,0.271356783919598,-0.0120348192368036
6666,200,666,7715,1.86130884498875,50,7.53688495679515,0.246959964980043,0.251256281407035,-0.00429631642699169
6667,200,667,7716,2.19197179772858,62,7.30426170868439,0.300094915153771,0.311557788944724,-0.0114628737909527
6668,200,668,7717,2.23459179063537,72,7.59281252850116,0.294303564357394,0.361809045226131,-0.0675054808687368
6669,200,669,7718,1.79509656318904,55,7.05616766867165,0.254401064073208,0.276381909547739,-0.0219808454745303
6670,200,670,7719,1.98529279413277,56,7.26090923879217,0.273422064488306,0.281407035175879,-0.0079849706875737
6671,200,671,7720,1.89972100120447,56,7.74244442678321,0.245364499438035,0.281407035175879,-0.0360425357378444
6672,200,672,7721,1.98445564944273,56,7.27360043959768,0.272829895719773,0.281407035175879,-0.00857713945610689
6673,200,673,7722,1.86425349317239,59,6.57675716545189,0.283460898171128,0.296482412060302,-0.0130215138891739
6674,200,674,7723,2.46850207620721,67,7.41643801603734,0.332842001897583,0.336683417085427,-0.00384141518784409
6675,200,675,7724,1.83911120793467,53,7.39129035328393,0.248821399245608,0.266331658291457,-0.0175102590458492
6676,200,676,7725,1.85272299479601,54,7.13610236620686,0.259626740161354,0.271356783919598,-0.0117300437582444
6677,200,677,7726,2.05221040021945,58,7.549630995715,0.271829232631931,0.291457286432161,-0.0196280538002295
6678,200,678,7727,2.19269081987205,63,7.42923490937374,0.295143557394511,0.316582914572864,-0.0214393571783537
6679,200,679,7728,1.85465328923211,63,7.27538714929835,0.254921594022797,0.316582914572864,-0.0616613205500668
6680,200,680,7729,2.20605190578085,60,7.40276781784055,0.298003660261274,0.301507537688442,-0.00350387742716773
6681,200,681,7730,1.83550416321819,55,7.70099083481518,0.238346493664181,0.276381909547739,-0.0380354158835572
6682,200,682,7731,1.51003823382642,47,6.96857180308478,0.216692641834869,0.236180904522613,-0.0194882626877437
6683,200,683,7732,1.84180883988844,48,7.60506484660201,0.242181871823403,0.241206030150754,0.00097584167264958
6684,200,684,7733,1.92988550516954,61,8.20614496062824,0.235175653663056,0.306532663316583,-0.0713570096535274
6685,200,685,7734,1.750495821007,56,6.7854574092355,0.257977571066093,0.281407035175879,-0.0234294641097868
6686,200,686,7735,1.98640561123413,60,6.90448831573996,0.287697729418381,0.301507537688442,-0.0138098082700607
6687,200,687,7736,1.65767130345119,48,7.330135493919,0.226144701530602,0.241206030150754,-0.0150613286201516
6688,200,688,7737,2.19066776019245,51,8.13152329440287,0.269404351543866,0.256281407035176,0.0131229445086902
6689,200,689,7738,2.13708462329604,61,7.22154417752216,0.295931807763213,0.306532663316583,-0.0106008555533699
6690,200,690,7739,2.31386744946485,58,8.0384027391252,0.287851644730687,0.291457286432161,-0.00360564170147393
6691,200,691,7740,2.2219615178401,64,7.81219050317919,0.284422341843285,0.321608040201005,-0.03718569835772
6692,200,692,7741,1.93265478509219,56,7.41960556213177,0.260479451219899,0.281407035175879,-0.0209275839559804
6693,200,693,7742,1.96052216189348,56,7.68314544297638,0.255171814258145,0.281407035175879,-0.0262352209177341
6694,200,694,7743,1.58023044288431,43,7.61380125620834,0.207548160203917,0.21608040201005,-0.00853224180613299
6695,200,695,7744,2.15570185078835,62,7.4795482577973,0.288212840734207,0.311557788944724,-0.0233449482105168
6696,200,696,7745,2.17569220337841,58,7.93931768386727,0.274040199676029,0.291457286432161,-0.0174170867561322
6697,200,697,7746,2.18777869491931,60,7.91453510995133,0.276425420384896,0.301507537688442,-0.0250821173035465
6698,200,698,7747,2.24155557804178,64,7.83269287231127,0.286179429550433,0.321608040201005,-0.0354286106505722
6699,200,699,7748,1.97179431954633,55,7.84281557082531,0.2514140874205,0.276381909547739,-0.0249678221272388
6700,200,700,7749,2.19573156130544,59,7.86848244916328,0.279054007617305,0.296482412060302,-0.0174284044429968
6701,200,701,7750,1.80566296375019,49,7.14651750964097,0.252663337256821,0.246231155778894,0.00643218147792662
6702,200,702,7751,2.05947504122947,55,7.30066938208651,0.282094001720274,0.276381909547739,0.00571209217253582
6703,200,703,7752,1.97256948018285,51,7.66119265376602,0.257475509275072,0.256281407035176,0.00119410223989613
6704,200,704,7753,2.11317955513904,63,7.56872094642854,0.279199031130377,0.316582914572864,-0.037383883442487
6705,200,705,7754,2.03283953123311,62,8.33343077775088,0.243937891301684,0.311557788944724,-0.0676198976430393
6706,200,706,7755,2.04312221425335,51,7.98557594792812,0.255851578843658,0.256281407035176,-0.00042982819151749
6707,200,707,7756,2.09750346849883,57,7.60621629184863,0.275761743818233,0.28643216080402,-0.0106704169857867
6708,200,708,7757,2.11348554785913,64,7.46821202769238,0.282997528728731,0.321608040201005,-0.0386105114722742
6709,200,709,7758,1.97328439555769,51,7.54029260051513,0.26169865018539,0.256281407035176,0.0054172431502143
6710,200,710,7759,2.16922193661478,50,7.6999865157547,0.281717627969401,0.251256281407035,0.0304613465623657
6711,200,711,7760,1.78542098479787,50,7.55401934472674,0.236353774503401,0.251256281407035,-0.0149025069036343
6712,200,712,7761,2.04026190968236,51,7.29579048608105,0.279649191348735,0.256281407035176,0.0233677843135588
6713,200,713,7762,1.85122189886271,52,7.77681360129044,0.238043753363913,0.261306532663317,-0.0232627792994034
6714,200,714,7763,1.89064335484367,55,7.31752230448918,0.258372065867676,0.276381909547739,-0.0180098436800625
6715,200,715,7764,2.40106307083267,60,7.42843095549773,0.323226140919524,0.301507537688442,0.0217186032310822
6716,200,716,7765,2.05663929072574,53,7.58061631103225,0.27130238576152,0.266331658291457,0.00497072747006322
6717,200,717,7766,2.07365875412611,58,7.35367729848321,0.281989359874933,0.291457286432161,-0.00946792655722783
6718,200,718,7767,1.89903986182383,57,6.94658659851172,0.273377411321799,0.28643216080402,-0.0130547494822215
6719,200,719,7768,1.88143533880199,47,7.94887675013418,0.236691975224076,0.236180904522613,0.000511070701463112
6720,200,720,7769,1.86632557460682,50,7.52549686580032,0.248000312522666,0.251256281407035,-0.00325596888436913
6721,200,721,7770,2.05286716279296,60,7.14912621969467,0.28714938017707,0.301507537688442,-0.0143581575113727
6722,200,722,7771,1.96021988850292,57,7.89998274681395,0.248129641712632,0.28643216080402,-0.0383025190913885
6723,200,723,7772,1.71884507199897,49,7.33291098320814,0.234401464293649,0.246231155778894,-0.0118296914852455
6724,200,724,7773,1.91455414528814,55,6.99576064462835,0.273673477773746,0.276381909547739,-0.00270843177399266
6725,200,725,7774,1.71164339605594,59,7.03094967140755,0.243444125765344,0.296482412060302,-0.0530382862949577
6726,200,726,7775,2.14366291135976,54,7.41276789386634,0.289185219617294,0.271356783919598,0.0178284356976958
6727,200,727,7776,2.03433710952704,55,7.57275024780691,0.268639139408591,0.276381909547739,-0.00774277013914748
6728,200,728,7777,2.18887902519086,50,7.53313046232405,0.290566987541003,0.251256281407035,0.0393107061339676
6729,200,729,7778,1.71073433354382,53,7.0372773206851,0.243096052007977,0.266331658291457,-0.02323560628348
6730,200,730,7779,2.26653137023854,58,7.63001268884628,0.297054731449111,0.291457286432161,0.0055974450169507
6731,200,731,7780,1.55976203604733,44,7.47828566457247,0.20857213885751,0.221105527638191,-0.0125333887806811
6732,200,732,7781,1.56679009223175,49,6.69397706067529,0.234059674544761,0.246231155778894,-0.0121714812341336
6733,200,733,7782,2.16516903473018,67,7.28559417069528,0.29718496309321,0.336683417085427,-0.0394984539922171
6734,200,734,7783,2.16889071070737,59,7.13593977971312,0.30393904344223,0.296482412060302,0.00745663138192859
6735,200,735,7784,1.8418329957437,53,7.4578726835685,0.246964928725816,0.266331658291457,-0.0193667295656414
6736,200,736,7785,1.79593831200276,46,8.09498393660325,0.221858168721253,0.231155778894472,-0.00929761017321912
6737,200,737,7786,2.00039237008596,51,7.72699193266064,0.258883714066098,0.256281407035176,0.00260230703092224
6738,200,738,7787,1.85387982268029,55,7.07225359620013,0.262134240163046,0.276381909547739,-0.0142476693846929
6739,200,739,7788,1.87638382534485,50,6.61361990918574,0.283715098706945,0.251256281407035,0.0324588172999103
6740,200,740,7789,2.07423207071848,57,7.94627124969289,0.261032125073587,0.28643216080402,-0.0254000357304334
6741,200,741,7790,1.95810282641791,50,7.80810665281813,0.250778186503278,0.251256281407035,-0.000478094903756998
6742,200,742,7791,2.08259297176086,60,8.2759297172582,0.251644593769076,0.301507537688442,-0.0498629439193665
6743,200,743,7792,1.84831862957855,49,7.1971390246569,0.256812967381392,0.246231155778894,0.0105818116024975
6744,200,744,7793,1.65661205682658,58,6.50557395615797,0.254645027170659,0.291457286432161,-0.0368122592615015
6745,200,745,7794,1.80985759232962,56,7.09463039823118,0.255102449421586,0.281407035175879,-0.0263045857542934
6746,200,746,7795,1.77956581110748,65,6.74022499759589,0.264021722085274,0.326633165829146,-0.0626114437438715
6747,200,747,7796,1.78830981891639,49,6.88792781619968,0.259629581876638,0.246231155778894,0.013398426097744
6748,200,748,7797,2.69623250611851,67,7.90286304561522,0.341171609650312,0.336683417085427,0.00448819256488492
6749,200,749,7798,2.71299248004755,59,7.51874076977704,0.360830698001043,0.296482412060302,0.0643482859407419
6750,200,750,7799,1.94360182722895,53,7.53357950334635,0.257991812041755,0.266331658291457,-0.00833984624970208
6751,200,751,7800,2.13153848969937,51,7.80576299252286,0.273072407110127,0.256281407035176,0.016791000074951
6752,200,752,7801,2.21109738262345,56,8.04483165819533,0.274846942306243,0.281407035175879,-0.00656009286963621
6753,200,753,7802,1.93369091951212,59,7.38164472048197,0.261959359022885,0.296482412060302,-0.0345230530374167
6754,200,754,7803,2.08609660208822,59,7.71859462032998,0.270268967953526,0.296482412060302,-0.026213444106776
6755,200,755,7804,1.91444846534913,52,7.17071938308862,0.266981367289892,0.261306532663317,0.00567483462657564
6756,200,756,7805,1.91632068567713,48,8.47268574474748,0.226176296797639,0.241206030150754,-0.0150297333531152
6757,200,757,7806,2.75409744810247,77,7.77047674896587,0.35443094897221,0.386934673366834,-0.0325037243946241
6758,200,758,7807,1.97059223646206,54,7.65457944155986,0.257439647926692,0.271356783919598,-0.0139171359929062
6759,200,759,7808,2.12029962241019,62,7.81873345640219,0.271181980333916,0.311557788944724,-0.0403758086108078
6760,200,760,7809,2.36531175756686,61,7.2792714037097,0.324937981617424,0.306532663316583,0.0184053183008413
6761,200,761,7810,1.95530235449421,54,7.5180277171684,0.26008182305966,0.271356783919598,-0.011274960859938
6762,200,762,7811,1.95390548269524,55,7.4550415066831,0.262091831540261,0.276381909547739,-0.0142900780074775
6763,200,763,7812,1.98258758248028,57,7.53479013709914,0.263124459527889,0.28643216080402,-0.0233077012761311
6764,200,764,7813,1.67202236069816,50,7.63652046885736,0.218950812417366,0.251256281407035,-0.0323054689896696
6765,200,765,7814,1.70174036136651,44,7.36666039580057,0.231005675561833,0.221105527638191,0.00990014792364233
6766,200,766,7815,1.63972373697585,55,6.8295568962786,0.240092258089148,0.276381909547739,-0.0362896514585903
6767,200,767,7816,1.98296845258782,55,8.00475250248996,0.247723893021177,0.276381909547739,-0.0286580165265616
6768,200,768,7817,2.28230973242569,62,7.46988293107747,0.305534872967077,0.311557788944724,-0.00602291597764687
6769,200,769,7818,1.92576981571338,54,8.21923240484719,0.234300445693405,0.271356783919598,-0.0370563382261928
6770,200,770,7819,2.23420575086274,65,8.04912097143461,0.277571396776328,0.326633165829146,-0.049061769052818
6771,200,771,7820,2.23645582476823,61,8.17765315152035,0.273483820275801,0.306532663316583,-0.0330488430407823
6772,200,772,7821,2.4020023087779,66,7.91742110115794,0.30338190656887,0.331658291457286,-0.0282763848884164
6773,200,773,7822,2.33142538754873,62,8.06673816326391,0.289017114521714,0.311557788944724,-0.0225406744230097
6774,200,774,7823,2.04262987281893,67,6.82357900593927,0.29934875393705,0.336683417085427,-0.0373346631483776
6775,200,775,7824,2.13651520853531,54,7.25426066573315,0.294518670748562,0.271356783919598,0.0231618868289644
6776,200,776,7825,2.04750955739133,59,7.38271888850485,0.277338144430689,0.296482412060302,-0.0191442676296129
6777,200,777,7826,2.18269079152558,49,8.11335940160337,0.269024294806197,0.246231155778894,0.0227931390273028
6778,200,778,7827,1.95459692285458,51,7.49661001072291,0.260730772983894,0.256281407035176,0.00444936594871764
6779,200,779,7828,2.26263947360062,60,7.62692147837756,0.296664844395637,0.301507537688442,-0.0048426932928054
6780,200,780,7829,2.20244287495865,68,6.91170399162318,0.31865410868694,0.341708542713568,-0.0230544340266278
6781,200,781,7830,2.37603040988123,73,7.88999116651229,0.301144875797312,0.366834170854271,-0.0656892950569589
6782,200,782,7831,2.13537106758667,68,7.36397147507434,0.289975467017288,0.341708542713568,-0.0517330756962793
6783,200,783,7832,1.86880968659096,56,7.69262460548732,0.242935250637071,0.281407035175879,-0.0384717845388079
6784,200,784,7833,2.17243118695857,52,7.88902209021384,0.275373951564089,0.261306532663317,0.0140674189007722
6785,200,785,7834,2.01929015958423,55,7.37892993516325,0.273656231638897,0.276381909547739,-0.00272567790884148
6786,200,786,7835,2.14890839885601,64,7.51156825549188,0.286079860525116,0.321608040201005,-0.0355281796758889
6787,200,787,7836,2.15259039427131,57,7.99488863022834,0.269245826156034,0.28643216080402,-0.0171863346479863
6788,200,788,7837,2.20391163111227,54,7.74465863950477,0.284571823459116,0.271356783919598,0.013215039539518
6789,200,789,7838,2.01151341939541,67,7.33635012816997,0.27418449014199,0.336683417085427,-0.0624989269434371
6790,200,790,7839,1.8647288318829,50,7.34535682088943,0.253864975841583,0.251256281407035,0.00260869443454742
6791,200,791,7840,1.86042423870125,52,7.11870137108099,0.261343205975607,0.261306532663317,3.66733122902918e-05
6792,200,792,7841,2.13056331439985,57,7.58473540423948,0.280901468653603,0.28643216080402,-0.00553069215041707
6793,200,793,7842,1.96962264193778,48,8.34351810768795,0.236066203310916,0.241206030150754,-0.00513982683983755
6794,200,794,7843,1.95182846166376,55,7.29644376167415,0.267504078071029,0.276381909547739,-0.00887783147670962
6795,200,795,7844,1.7257173465674,55,6.95653092200157,0.248071541105272,0.276381909547739,-0.0283103684424671
6796,200,796,7845,2.05277693872515,72,7.68613313641683,0.267075381377291,0.361809045226131,-0.0947336638488401
6797,200,797,7846,2.04426602685592,59,7.41943765845692,0.27552843233689,0.296482412060302,-0.0209539797234115
6798,200,798,7847,1.68593495648272,57,6.63944860423928,0.253926953422947,0.28643216080402,-0.0325052073810732
6799,200,799,7848,2.66625960956877,73,7.8232579927901,0.340811924140299,0.366834170854271,-0.026022246713972
6800,200,800,7849,2.04953917709389,49,8.32362181701762,0.246231655179674,0.246231155778894,4.99400779369052e-07
6801,200,801,7850,2.16355601176034,60,7.5026722691418,0.288371387440041,0.301507537688442,-0.013136150248401
6802,200,802,7851,1.65003300968012,54,7.48626950428012,0.220407909271332,0.271356783919598,-0.0509488746482656
6803,200,803,7852,2.12260041502353,65,7.07708424449703,0.299925836925569,0.326633165829146,-0.0267073289035765
6804,200,804,7853,2.19267674739751,59,7.48171961375138,0.293071227016765,0.296482412060302,-0.00341118504353677
6805,200,805,7854,2.3839868944039,69,7.10799147914363,0.335395294352706,0.346733668341709,-0.0113383739890025
6806,200,806,7855,2.14624381874739,62,7.87982574323857,0.272371990026431,0.311557788944724,-0.0391857989182927
6807,200,807,7856,2.05606355293407,60,7.64207527256409,0.269045184665423,0.301507537688442,-0.0324623530230188
6808,200,808,7857,2.16844256582161,48,8.15414147605329,0.265931437685965,0.241206030150754,0.024725407535211
6809,200,809,7858,1.84598613885405,59,7.53380307045197,0.245027129272083,0.296482412060302,-0.051455282788219
6810,200,810,7859,1.90870097690301,64,6.9605326881557,0.274217658678756,0.321608040201005,-0.0473903815222487
6811,200,811,7860,2.23127628922456,57,8.05716814861461,0.276930585047827,0.28643216080402,-0.0095015757561932
6812,200,812,7861,1.78449960959026,60,6.92477961481888,0.257697675428034,0.301507537688442,-0.0438098622604087
6813,200,813,7862,2.20229280500238,66,7.86783295402773,0.279910976487493,0.331658291457286,-0.0517473149697933
6814,200,814,7863,1.75722763470606,51,7.17177037942898,0.245020063629808,0.256281407035176,-0.0112613434053679
6815,200,815,7864,2.69536897447443,88,7.41048044025091,0.363723917255649,0.442211055276382,-0.0784871380207328
6816,200,816,7865,2.1421937922951,60,7.77145678654269,0.275648935731663,0.301507537688442,-0.0258586019567792
6817,200,817,7866,2.01910748419552,57,7.47424610822772,0.270141958795398,0.28643216080402,-0.016290202008622
6818,200,818,7867,1.65583262660815,52,7.25155651665654,0.228341683996362,0.261306532663317,-0.0329648486669546
6819,200,819,7868,2.12698127608678,57,7.41405654274198,0.286884954791584,0.28643216080402,0.000452793987563538
6820,200,820,7869,1.69776193229402,49,7.23235855847953,0.234745265816985,0.246231155778894,-0.01148588996191
6821,200,821,7870,1.83260413005287,49,7.62782599935438,0.240252482189288,0.246231155778894,-0.0059786735896066
6822,200,822,7871,2.05600752941218,61,6.73524758986092,0.305260868584437,0.306532663316583,-0.00127179473214561
6823,200,823,7872,1.95438984931193,52,7.2142701799168,0.270906107003393,0.261306532663317,0.00959957434007619
6824,200,824,7873,2.08679729054804,64,7.41064960899185,0.281594381147907,0.321608040201005,-0.0400136590530978
6825,200,825,7874,1.98477040254798,49,7.26341815096865,0.273255698803916,0.246231155778894,0.0270245430250215
6826,200,826,7875,1.85979734728122,60,7.07092347897462,0.263020431887196,0.301507537688442,-0.0384871058012464
6827,200,827,7876,2.3118575841352,69,6.8284511362633,0.338562514104818,0.346733668341709,-0.0081711542368908
6828,200,828,7877,1.89068180531017,51,7.45422136699219,0.253639074053024,0.256281407035176,-0.00264233298215155
6829,200,829,7878,1.75106609887492,46,6.77427752890297,0.25848750533232,0.231155778894472,0.0273317264378477
6830,200,830,7879,2.21189833670187,68,7.14975538631904,0.30936699469947,0.341708542713568,-0.0323415480140979
6831,200,831,7880,2.1187892192901,64,7.02104340642793,0.301776971974037,0.321608040201005,-0.019831068226968
6832,200,832,7881,2.16677764914477,64,7.06051276856969,0.306886726243215,0.321608040201005,-0.01472131395779
6833,200,833,7882,1.72202619143081,51,7.69023215024576,0.223923824117036,0.256281407035176,-0.0323575829181401
6834,200,834,7883,1.75238344958543,51,7.49576518287426,0.233783130451998,0.256281407035176,-0.0224982765831783
6835,200,835,7884,2.01270511508767,56,7.73251683959516,0.260291074282749,0.281407035175879,-0.0211159608931305
6836,200,836,7885,1.5121813268097,48,6.52951684546327,0.231591611232364,0.241206030150754,-0.00961441891839024
6837,200,837,7886,2.05757759095015,51,8.59792513156486,0.239310945311251,0.256281407035176,-0.0169704617239249
6838,200,838,7887,2.16541112832773,55,8.51678183392374,0.254252271638865,0.276381909547739,-0.0221296379088741
6839,200,839,7888,2.05780953883515,56,7.02283132298615,0.293017081600666,0.281407035175879,0.0116100464247867
6840,200,840,7889,1.93150697950978,61,7.14405881734892,0.270365492347184,0.306532663316583,-0.0361671709693989
6841,200,841,7890,1.66798688947699,52,6.90313819634566,0.241627335573258,0.261306532663317,-0.0196791970900589
6842,200,842,7891,1.91183659521735,53,7.67754156525435,0.24901676910088,0.266331658291457,-0.0173148891905769
6843,200,843,7892,2.22888745777382,56,8.42464907810721,0.264567394690176,0.281407035175879,-0.0168396404857034
6844,200,844,7893,2.59515252661551,76,8.11166625706828,0.319928414751305,0.381909547738693,-0.0619811329873882
6845,200,845,7894,1.88044817449754,45,7.82738747886736,0.240239566467667,0.226130653266332,0.0141089132013356
6846,200,846,7895,2.1493941168004,54,7.37566620508135,0.291416945539049,0.271356783919598,0.0200601616194512
6847,200,847,7896,2.07758438776545,54,7.37477603152048,0.2817149129527,0.271356783919598,0.0103581290331017
6848,200,848,7897,1.94945707832261,58,6.77762439093476,0.287631324174597,0.291457286432161,-0.0038259622575636
6849,200,849,7898,1.68709021690576,46,7.54628291028121,0.223565725929415,0.231155778894472,-0.00759005296505744
6850,200,850,7899,1.80903380332812,48,7.51305691349385,0.240785318700169,0.241206030150754,-0.000420711450584921
6851,200,851,7900,1.98673010207595,58,6.88868890352329,0.288404677566411,0.291457286432161,-0.00305260886575021
6852,200,852,7901,1.89128063938075,64,6.17965136038114,0.306049731463185,0.321608040201005,-0.0155583087378205
6853,200,853,7902,1.88644015831678,53,7.70650210442395,0.24478552432158,0.266331658291457,-0.021546133969877
6854,200,854,7903,1.97649201972931,47,7.86820430776048,0.251199885313079,0.236180904522613,0.0150189807904661
6855,200,855,7904,2.30923590091419,76,6.68125524254964,0.345629049794087,0.381909547738693,-0.0362804979446065
6856,200,856,7905,2.05038696495322,57,7.54981903429828,0.271580941958802,0.28643216080402,-0.0148512188452179
6857,200,857,7906,1.63655602002744,40,7.07822274717922,0.231210019588552,0.201005025125628,0.0302049944629241
6858,200,858,7907,1.66250158650375,46,7.00971098425216,0.237171202955255,0.231155778894472,0.00601542406078295
6859,200,859,7908,2.24522671108508,68,6.90240607377465,0.325281747710513,0.341708542713568,-0.0164267950030543
6860,200,860,7909,1.94927197419311,57,7.21006901623423,0.270354135279998,0.28643216080402,-0.0160780255240225
6861,200,861,7910,2.11677990239604,56,7.63774692380431,0.277147164407706,0.281407035175879,-0.00425987076817352
6862,200,862,7911,1.82706998992599,51,7.40057614846975,0.246882128265619,0.256281407035176,-0.00939927876955668
6863,200,863,7912,1.76280509444577,47,7.30672883120676,0.241257768718184,0.236180904522613,0.00507686419557091
6864,200,864,7913,2.05027145914425,53,7.78788133261728,0.263264342582788,0.266331658291457,-0.00306731570866975
6865,200,865,7914,2.03957534969681,63,6.96918389243685,0.292656268104823,0.316582914572864,-0.0239266464680412
6866,200,866,7915,1.90013529108398,50,7.53633178935222,0.252129994298898,0.251256281407035,0.000873712891862888
6867,200,867,7916,1.62370441125953,46,7.4326125705798,0.218456753374523,0.231155778894472,-0.0126990255199496
6868,200,868,7917,2.09397550328577,59,7.63891451015225,0.274119510108778,0.296482412060302,-0.0223629019515234
6869,200,869,7918,1.80625794144281,51,7.87961865130209,0.229231644496441,0.256281407035176,-0.027049762538735
6870,200,870,7919,2.06968681824748,61,7.39104911347702,0.280026121660261,0.306532663316583,-0.0265065416563215
6871,200,871,7920,2.38613375950571,58,8.01850908948014,0.297578232172386,0.291457286432161,0.00612094574022509
6872,200,872,7921,2.18483260121971,55,7.48123099976943,0.292041857989286,0.276381909547739,0.0156599484415474
6873,200,873,7922,2.29074271414303,58,8.01014410151962,0.285980212729063,0.291457286432161,-0.00547707370309769
6874,200,874,7923,1.76081131456698,54,7.45952983109072,0.236048565316819,0.271356783919598,-0.0353082186027791
6875,200,875,7924,1.81450287969382,47,7.54611439460493,0.240455257475435,0.236180904522613,0.00427435295282214
6876,200,876,7925,2.32154854543362,59,7.59358340773,0.305725033989929,0.296482412060302,0.00924262192962771
6877,200,877,7926,2.03707158694598,47,7.4560103718581,0.273212010894551,0.236180904522613,0.0370311063719381
6878,200,878,7927,2.27981112575102,55,7.82530779963519,0.291338204723053,0.276381909547739,0.0149562951753145
6879,200,879,7928,2.03185172057205,61,7.50840847039547,0.270610173725009,0.306532663316583,-0.0359224895915739
6880,200,880,7929,2.12030932887686,58,7.62302444162403,0.278145419198622,0.291457286432161,-0.0133118672335386
6881,200,881,7930,1.71983864898251,53,7.26347633460724,0.23677899806574,0.266331658291457,-0.0295526602257176
6882,200,882,7931,2.04557103770354,61,7.26630720345068,0.2815145273148,0.306532663316583,-0.0250181360017827
6883,200,883,7932,1.79565817558867,53,7.52672495759643,0.23857098348949,0.266331658291457,-0.0277606748019669
6884,200,884,7933,2.26785389566468,58,7.5737803275024,0.299434865760431,0.291457286432161,0.00797757932827053
6885,200,885,7934,1.73964241136478,55,7.05091333690268,0.246725825186354,0.276381909547739,-0.0296560843613845
6886,200,886,7935,2.06414335264655,56,7.47924391075352,0.275982890420082,0.281407035175879,-0.00542414475579744
6887,200,887,7936,1.99615330179324,48,7.98757641139067,0.249907255841287,0.241206030150754,0.00870122569053339
6888,200,888,7937,1.75859866255638,44,8.25562738128348,0.213018173100126,0.221105527638191,-0.008087354538065
6889,200,889,7938,1.71916473801067,56,7.05621864176792,0.24363824667144,0.281407035175879,-0.0377687885044396
6890,200,890,7939,2.3338953289795,69,7.51934823619309,0.310385322725938,0.346733668341709,-0.0363483456157705
6891,200,891,7940,2.41272910433983,64,8.25918703663906,0.2921267061318,0.321608040201005,-0.0294813340692054
6892,200,892,7941,1.95669598051985,49,7.93128208539831,0.246706138988825,0.246231155778894,0.000474983209930335
6893,200,893,7942,2.27965521065875,59,7.60940202770834,0.299584014927556,0.296482412060302,0.00310160286725453
6894,200,894,7943,2.16005296205596,55,7.8648834755083,0.274645259371291,0.276381909547739,-0.0017366501764477
6895,200,895,7944,2.26985772407892,63,7.29690640597332,0.311071240028623,0.316582914572864,-0.00551167454424129
6896,200,896,7945,2.2887812468651,57,8.26663104784372,0.276869892174771,0.28643216080402,-0.00956226862924936
6897,200,897,7946,1.98445512444955,62,7.33552428629854,0.270526692707727,0.311557788944724,-0.0410310962369965
6898,200,898,7947,2.24127595426534,64,7.74704387946846,0.289307249208341,0.321608040201005,-0.0323007909926638
6899,200,899,7948,1.93554132651683,55,6.82233662545385,0.28370651182696,0.276381909547739,0.00732460227922166
6900,200,900,7949,2.17389212829557,56,8.11145216019703,0.268002829254529,0.281407035175879,-0.0134042059213503
6901,200,901,7950,2.00686607212121,54,7.99399517307071,0.251046695509865,0.271356783919598,-0.020310088409733
6902,200,902,7951,1.98782308479086,54,7.02252666218527,0.28306380031205,0.271356783919598,0.0117070163924518
6903,200,903,7952,1.67075133823809,47,6.84400221158995,0.244119052943724,0.236180904522613,0.00793814842111143
6904,200,904,7953,1.77055724682179,52,7.03447780300639,0.251697040832951,0.261306532663317,-0.00960949183036558
6905,200,905,7954,1.70727155527164,50,7.87714726853105,0.216737290426464,0.251256281407035,-0.0345189909805716
6906,200,906,7955,2.18465208055597,64,7.31996084112115,0.298451334368253,0.321608040201005,-0.0231567058327521
6907,200,907,7956,2.22125990874405,51,8.13403028168154,0.273082325959186,0.256281407035176,0.0168009189240104
6908,200,908,7957,2.0306778376896,58,7.26804986647448,0.279397895583595,0.291457286432161,-0.0120593908485658
6909,200,909,7958,2.20559818759738,61,7.70818539068245,0.286137148473813,0.306532663316583,-0.0203955148427694
6910,200,910,7959,1.93740129432766,57,7.32820991087472,0.264375791344711,0.28643216080402,-0.0220563694593093
6911,200,911,7960,1.88758428624719,59,7.58515719130396,0.248852362402089,0.296482412060302,-0.0476300496582124
6912,200,912,7961,1.86786343906604,46,7.48347919429062,0.249598267139046,0.231155778894472,0.0184424882445735
6913,200,913,7962,2.03540581514647,41,8.77248024609239,0.232021704016161,0.206030150753769,0.0259915532623921
6914,200,914,7963,1.85214538201148,51,7.16604815975333,0.258461196564891,0.256281407035176,0.0021797895297152
6915,200,915,7964,1.93623864652865,60,7.3995868686509,0.261668479727121,0.301507537688442,-0.039839057961321
6916,200,916,7965,1.6544795513353,46,6.52474031439939,0.253570176223572,0.231155778894472,0.0224143973290994
6917,200,917,7966,2.27935462647768,66,7.74925083126841,0.294138707871016,0.331658291457286,-0.0375195835862708
6918,200,918,7967,2.08760272016282,53,6.89015184203327,0.302983557985969,0.266331658291457,0.0366518996945117
6919,200,919,7968,2.20748471291929,63,6.8093388793477,0.3241848807987,0.316582914572864,0.00760196622583553
6920,200,920,7969,2.08612959909604,57,7.41664911691829,0.281276566574697,0.28643216080402,-0.00515559422932282
6921,200,921,7970,1.8982302683556,55,7.67840855718801,0.247216627536524,0.276381909547739,-0.0291652820112152
6922,200,922,7971,1.81967207833417,54,7.0907024512783,0.256627899821987,0.271356783919598,-0.0147288840976111
6923,200,923,7972,1.94431816959918,58,7.80799894721577,0.249016192592149,0.291457286432161,-0.042441093840012
6924,200,924,7973,2.1404812281952,58,7.61731475720222,0.281002071782758,0.291457286432161,-0.010455214649403
6925,200,925,7974,1.96652491308656,53,7.21209514245036,0.272670406344421,0.266331658291457,0.00633874805296342
6926,200,926,7975,1.9340487107435,59,6.83680188071206,0.282887926912118,0.296482412060302,-0.0135944851481835
6927,200,927,7976,1.69479962668889,57,7.17654063653214,0.236158298618351,0.28643216080402,-0.0502738621856693
6928,200,928,7977,1.69008090324531,46,7.06185901249645,0.239325211711901,0.231155778894472,0.00816943281742896
6929,200,929,7978,1.87971740853976,47,7.33284337597325,0.2563422279956,0.236180904522613,0.0201613234729867
6930,200,930,7979,1.63140393839268,50,7.40200933178277,0.220400146131639,0.251256281407035,-0.0308561352753958
6931,200,931,7980,2.04392277473602,61,7.31875132595414,0.279272062091761,0.306532663316583,-0.027260601224822
6932,200,932,7981,2.0525594267354,53,7.78286884024518,0.263727870643486,0.266331658291457,-0.00260378764797092
6933,200,933,7982,2.20497713025348,65,7.69937543530219,0.286383895522681,0.326633165829146,-0.040249270306465
6934,200,934,7983,1.78713223796496,45,7.48300006748304,0.238825634350965,0.226130653266332,0.0126949810846338
6935,200,935,7984,2.44771327227802,71,7.33048573492749,0.333908742310954,0.35678391959799,-0.0228751772870362
6936,200,936,7985,1.8101833789708,52,7.21187532794554,0.251000370452392,0.261306532663317,-0.0103061622109245
6937,200,937,7986,2.24366939105278,73,6.98778056278004,0.321084695046599,0.366834170854271,-0.0457494758076724
6938,200,938,7987,1.73568835431787,54,7.38941431653859,0.234888487770018,0.271356783919598,-0.0364682961495804
6939,200,939,7988,1.50438728850654,48,7.00133880061008,0.214871374082832,0.241206030150754,-0.0263346560679215
6940,200,940,7989,2.19069074285134,60,7.47304280882141,0.293145750518836,0.301507537688442,-0.00836178716960612
6941,200,941,7990,1.83666785332589,58,7.34616863503103,0.250017110220903,0.291457286432161,-0.0414401762112577
6942,200,942,7991,2.02222269520293,52,7.5624862061048,0.26740183586325,0.261306532663317,0.00609530319993384
6943,200,943,7992,1.72381644821142,56,7.13330903462618,0.241657334603582,0.281407035175879,-0.0397497005722969
6944,200,944,7993,2.1011935780835,65,7.55662545137958,0.278059775703174,0.326633165829146,-0.0485733901259718
6945,200,945,7994,2.16175431601138,55,7.19622670852732,0.300401085675881,0.276381909547739,0.0240191761281428
6946,200,946,7995,1.91452507688882,55,6.36591614987149,0.300746197690252,0.276381909547739,0.0243642881425132
6947,200,947,7996,1.93933427444239,55,7.90007968133753,0.245482875194753,0.276381909547739,-0.0308990343529857
6948,200,948,7997,1.95924025184923,52,7.90387635125216,0.247883464363513,0.261306532663317,-0.013423068299804
6949,200,949,7998,2.19367683653547,51,8.64926174370355,0.253625904908291,0.256281407035176,-0.00265550212688498
6950,200,950,7999,1.81698866461281,51,7.52613865183108,0.241423756413356,0.256281407035176,-0.0148576506218198
6951,200,951,8000,1.92725683665758,48,7.92595531779618,0.243157671142847,0.241206030150754,0.00195164099209333
6952,200,952,8001,2.25860789173398,61,7.37472750395484,0.306263233525951,0.306532663316583,-0.000269429790631992
6953,200,953,8002,2.2769458026805,56,7.40421770573888,0.307520104509579,0.281407035175879,0.0261130693337
6954,200,954,8003,1.82086851786473,50,7.06786183965718,0.257626501362546,0.251256281407035,0.00637021995551107
6955,200,955,8004,2.20263510797629,63,7.54574240436594,0.291904360093428,0.316582914572864,-0.0246785544794361
6956,200,956,8005,1.87825906861527,59,6.4640449672066,0.290570235532712,0.296482412060302,-0.00591217652758924
6957,200,957,8006,1.98356367142192,58,7.71619395929425,0.257065035156703,0.291457286432161,-0.0343922512754579
6958,200,958,8007,2.38627230380923,62,7.39570353062529,0.322656565927471,0.311557788944724,0.0110987769827476
6959,200,959,8008,1.9084498429342,49,8.07831149246757,0.23624365620386,0.246231155778894,-0.0099874995750342
6960,200,960,8009,2.37024934176724,62,8.59540592714982,0.275757696827379,0.311557788944724,-0.0358000921173443
6961,200,961,8010,1.9415409561624,50,7.30241169114032,0.265876677224044,0.251256281407035,0.0146203958170089
6962,200,962,8011,1.65838633301819,54,6.86360234044678,0.241620398554477,0.271356783919598,-0.0297363853651212
6963,200,963,8012,2.15719150996348,61,7.73473286983612,0.27889670480749,0.306532663316583,-0.0276359585090928
6964,200,964,8013,1.76930789189276,51,7.36506143805252,0.240229889020532,0.256281407035176,-0.0160515180146436
6965,200,965,8014,2.51470499948294,61,8.23515141039674,0.305362327195122,0.306532663316583,-0.001170336121461
6966,200,966,8015,1.95553141424685,58,7.91235227425547,0.247149184776516,0.291457286432161,-0.0443081016556444
6967,200,967,8016,1.72378955425866,57,7.21774691411716,0.238826544456292,0.28643216080402,-0.0476056163477284
6968,200,968,8017,1.98274057002605,53,7.48066051387459,0.265048863846796,0.266331658291457,-0.00128279444466145
6969,200,969,8018,2.46281449161141,63,7.44815932891393,0.330660822741897,0.316582914572864,0.0140779081690326
6970,200,970,8019,1.99301443022397,56,7.21194516255267,0.276349082709683,0.281407035175879,-0.00505795246619628
6971,200,971,8020,2.29017379095936,53,8.05543010372912,0.284301863645886,0.266331658291457,0.0179702053544287
6972,200,972,8021,2.47291940808122,74,7.9020377107316,0.312947052217025,0.371859296482412,-0.0589122442653873
6973,200,973,8022,1.8598085677464,47,7.5084814222945,0.247694368960437,0.236180904522613,0.0115134644378243
6974,200,974,8023,1.73268103708472,60,6.67634579237266,0.259525358776984,0.301507537688442,-0.0419821789114582
6975,200,975,8024,2.29125189064696,60,7.52651569924822,0.304423983447722,0.301507537688442,0.00291644575927941
6976,200,976,8025,1.72181828548842,51,7.58282368045244,0.227068221291634,0.256281407035176,-0.0292131857435421
6977,200,977,8026,2.17626699650609,62,7.62103873366467,0.285560416704456,0.311557788944724,-0.0259973722402675
6978,200,978,8027,1.87980034228512,50,7.30794477846587,0.257226949473438,0.251256281407035,0.00597066806640328
6979,200,979,8028,1.87808496309528,53,7.50449969178448,0.250261181988095,0.266331658291457,-0.0160704763033626
6980,200,980,8029,1.89390452775138,53,7.21156518813538,0.262620454553649,0.266331658291457,-0.00371120373780848
6981,200,981,8030,2.17634236734775,56,7.94273174698439,0.274004264109013,0.281407035175879,-0.00740277106686626
6982,200,982,8031,2.10528294225579,65,7.1146346378664,0.295908792146654,0.326633165829146,-0.030724373682492
6983,200,983,8032,2.19429164072266,65,7.10015931041422,0.309048226214328,0.326633165829146,-0.0175849396148177
6984,200,984,8033,2.06822714056955,66,6.89772653948664,0.299841857854149,0.331658291457286,-0.031816433603137
6985,200,985,8034,2.36951249552627,68,7.47498178808836,0.31699241051024,0.341708542713568,-0.0247161322033281
6986,200,986,8035,2.11638887313207,63,7.79090005360929,0.271648828578107,0.316582914572864,-0.0449340859947572
6987,200,987,8036,2.19151761330551,61,7.25625274782651,0.302017816835548,0.306532663316583,-0.00451484648103523
6988,200,988,8037,2.02925777204448,63,7.23566657549594,0.280452084251186,0.316582914572864,-0.0361308303216779
6989,200,989,8038,1.95091281253559,57,7.50333304852261,0.260006159918454,0.28643216080402,-0.0264260008855665
6990,200,990,8039,2.0827652280653,63,7.66809980104394,0.271614256739558,0.316582914572864,-0.0449686578333062
6991,200,991,8040,2.24012771674774,67,7.91839618998256,0.28290169663166,0.336683417085427,-0.0537817204537676
6992,200,992,8041,2.07424376600892,63,7.54389884571181,0.274956465937767,0.316582914572864,-0.0416264486350972
6993,200,993,8042,2.16459425021563,56,8.82332685182691,0.245326313596491,0.281407035175879,-0.0360807215793888
6994,200,994,8043,2.280208236086,58,7.8816380049584,0.289306389693551,0.291457286432161,-0.0021508967386098
6995,200,995,8044,1.77211995846291,55,7.44676158106284,0.237971894114271,0.276381909547739,-0.0384100154334673
6996,200,996,8045,1.95979426955512,57,7.87787722246758,0.24877187270269,0.28643216080402,-0.0376602881013303
6997,200,997,8046,2.26972095268657,57,7.79500826364976,0.29117620866047,0.28643216080402,0.00474404785645022
6998,200,998,8047,1.83672975911146,49,7.35073571974516,0.249870193833488,0.246231155778894,0.00363903805459315
6999,200,999,8048,2.03980383648391,60,7.48889012030698,0.272377322101809,0.301507537688442,-0.0291302155866336
7000,200,1000,8049,2.10493134312235,62,6.93476027599918,0.303533396879976,0.311557788944724,-0.00802439206474792
